lotId,collectorId,status,itemCount,totalWeightKg,estimatedValueInr,locality,district,state,lat,lon,collectedAt,recyclerId,quotedPriceInr,updatedAt
LOT_00001,COL_0030,paid,4,38.43,7084.59,Ambad,Nashik,Maharashtra,20.054039723090828,73.84068575078174,2026-08-02T16:13:00.000Z,REC_012,6858.02,2026-08-03T02:44:00.000Z
LOT_00002,COL_0053,paid,2,1.75,302.55,Panchavati,Nashik,Maharashtra,20.017365649938583,73.80767908494472,2026-01-04T15:06:00.000Z,REC_013,309.01,2026-01-07T02:50:00.000Z
LOT_00003,COL_0059,paid,1,70.7,1248.01,Kothrud,Pune,Maharashtra,18.56345156227201,73.89544640604481,2026-03-25T16:34:00.000Z,REC_003,1233.3,2026-03-27T05:38:00.000Z
LOT_00004,COL_0004,paid,2,87.98,2112.78,Hadapsar,Pune,Maharashtra,18.456629016445575,73.79930611480103,2026-07-16T09:49:00.000Z,REC_001,2324.23,2026-07-18T16:33:00.000Z
LOT_00005,COL_0059,paid,2,115.1,1879.53,Kothrud,Pune,Maharashtra,18.533945736707746,73.86889116303698,2025-12-04T08:02:00.000Z,REC_001,1800.17,2025-12-06T16:02:00.000Z
LOT_00006,COL_0041,paid,3,41.78,906.4,Bommanahalli,Bengaluru Urban,Karnataka,12.9798801829651,77.60205216466859,2026-04-30T19:50:00.000Z,REC_021,884.72,2026-05-02T19:02:00.000Z
LOT_00007,COL_0025,paid,1,5.33,2134.61,Bhosari,Pune,Maharashtra,18.569998142057656,73.90133832785189,2025-09-30T11:36:00.000Z,REC_002,2102.88,2025-10-02T17:34:00.000Z
LOT_00008,COL_0040,paid,2,58.24,841.68,Andheri East,Mumbai Suburban,Maharashtra,19.07979278483093,72.83927350634782,2026-01-25T15:54:00.000Z,REC_007,829.39,2026-01-27T18:59:00.000Z
LOT_00009,COL_0045,ready,1,0.4,12.76,Bommanahalli,Bengaluru Urban,Karnataka,12.948727887308598,77.57401509857773,2026-01-24T11:06:00.000Z,,,2026-01-24T11:06:00.000Z
LOT_00010,COL_0026,ready,3,185.38,2013.32,Mundka,New Delhi,Delhi,28.571267649264634,77.17063088433818,2026-02-12T11:06:00.000Z,,,2026-02-12T11:06:00.000Z
LOT_00011,COL_0031,paid,2,37.67,686.73,Govandi,Mumbai Suburban,Maharashtra,19.123828991433978,72.87890609229058,2026-01-24T06:42:00.000Z,REC_007,665.34,2026-01-24T20:27:00.000Z
LOT_00012,COL_0009,paid,2,50.02,8987.69,Ambad,Nashik,Maharashtra,19.993204295262693,73.78593386573642,2025-12-22T11:33:00.000Z,REC_013,8883.88,2025-12-22T22:40:00.000Z
LOT_00013,COL_0045,paid,4,52.23,918.46,Bommanahalli,Bengaluru Urban,Karnataka,12.920440065039696,77.54855605853572,2026-03-31T07:39:00.000Z,REC_021,960.69,2026-04-02T18:42:00.000Z
LOT_00014,COL_0030,paid,2,7.78,1247.9,Ambad,Nashik,Maharashtra,20.015787149854003,73.80625843486861,2026-03-19T07:33:00.000Z,REC_013,1219.07,2026-03-19T17:36:00.000Z
LOT_00015,COL_0019,paid,4,5.05,1240.59,Wagle Estate,Thane,Maharashtra,19.163545157144963,72.92882064143046,2025-11-14T15:06:00.000Z,REC_011,1099.88,2025-11-16T23:13:00.000Z
LOT_00016,COL_0020,confirmed,3,182.29,3909.1,Bhiwandi,Thane,Maharashtra,19.24302437150776,73.00035193435698,2025-10-08T16:30:00.000Z,REC_010,3800.95,2025-10-08T23:10:00.000Z
LOT_00017,COL_0031,paid,1,33.74,1177.19,Bhandup,Mumbai Suburban,Maharashtra,19.070498469328882,72.83090862239598,2026-01-09T12:27:00.000Z,REC_007,1049.69,2026-01-10T04:58:00.000Z
LOT_00018,COL_0014,paid,1,25.22,309.7,Bhosari,Pune,Maharashtra,18.590660165780783,73.9199341492027,2025-10-31T14:20:00.000Z,REC_004,286.26,2025-11-02T05:15:00.000Z
LOT_00019,COL_0022,paid,1,0.57,66.67,Govandi,Mumbai Suburban,Maharashtra,19.075814605733754,72.83569314516038,2026-07-08T16:36:00.000Z,REC_008,64.56,2026-07-10T01:06:00.000Z
LOT_00020,COL_0046,paid,1,2.91,97.16,Katraj,Pune,Maharashtra,18.450853246459364,73.79410792181343,2025-11-11T19:20:00.000Z,REC_003,91.82,2025-11-12T08:12:00.000Z
LOT_00021,COL_0028,paid,1,5.37,154.87,Bhandup,Mumbai Suburban,Maharashtra,19.137314924231173,72.89104343180804,2026-05-05T12:51:00.000Z,REC_007,143.09,2026-05-06T14:56:00.000Z
LOT_00022,COL_0025,handed_over,2,91.31,1278.04,Pimpri,Pune,Maharashtra,18.55357468587309,73.88655721728578,2026-01-13T18:33:00.000Z,REC_005,1196.67,2026-01-14T09:33:00.000Z
LOT_00023,COL_0047,confirmed,3,42.33,1956.6,Seelampur,New Delhi,Delhi,28.595671643944087,77.19259447954968,2026-05-02T14:11:00.000Z,REC_019,1913.28,2026-05-03T02:07:00.000Z
LOT_00024,COL_0027,paid,2,47.59,15337.7,Ambad,Nashik,Maharashtra,19.918156711570916,73.71839104041382,2025-12-13T17:33:00.000Z,REC_012,13815.4,2025-12-15T05:03:00.000Z
LOT_00025,COL_0043,ready,4,54.43,12985.3,Pimpri,Pune,Maharashtra,18.461974567258356,73.80411711053253,2026-06-23T17:55:00.000Z,,,2026-06-23T17:55:00.000Z
LOT_00026,COL_0060,ready,2,18.64,4234.07,Butibori,Nagpur,Maharashtra,21.180852598901094,79.11974733901098,2026-08-10T16:50:00.000Z,,,2026-08-10T16:50:00.000Z
LOT_00027,COL_0002,paid,2,19.8,6191.13,Kurla,Mumbai Suburban,Maharashtra,19.106549041835965,72.86335413765237,2025-12-07T13:09:00.000Z,REC_007,6178.53,2025-12-09T15:51:00.000Z
LOT_00028,COL_0052,paid,2,2.21,496.76,Peenya,Bengaluru Urban,Karnataka,12.98656029701084,77.60806426730976,2026-06-11T06:11:00.000Z,REC_020,497.47,2026-06-13T00:55:00.000Z
LOT_00029,COL_0036,confirmed,2,16.9,2565.5,Govandi,Mumbai Suburban,Maharashtra,19.161921389034394,72.91318925013094,2026-01-02T09:13:00.000Z,REC_008,2568.27,2026-01-03T21:02:00.000Z
LOT_00030,COL_0006,ready,1,0.29,57.23,Andheri East,Mumbai Suburban,Maharashtra,19.122799501834812,72.87797955165132,2026-02-24T18:14:00.000Z,,,2026-02-24T18:14:00.000Z
LOT_00031,COL_0044,ready,2,35.67,5885.28,Katraj,Pune,Maharashtra,18.49885660444349,73.83731094399914,2025-10-22T18:32:00.000Z,,,2025-10-22T18:32:00.000Z
LOT_00032,COL_0059,paid,1,39.14,3547.9,Pimpri,Pune,Maharashtra,18.46566821564883,73.80744139408395,2026-07-08T15:31:00.000Z,REC_002,3450.4,2026-07-08T21:19:00.000Z
LOT_00033,COL_0022,paid,2,18.76,2712.59,Andheri East,Mumbai Suburban,Maharashtra,19.181317343941334,72.9306456095472,2026-02-05T10:30:00.000Z,REC_007,2705.75,2026-02-08T02:38:00.000Z
LOT_00034,COL_0012,confirmed,2,34.5,4174.82,Hadapsar,Pune,Maharashtra,18.531611586222052,73.86679042759985,2025-09-24T12:04:00.000Z,REC_003,4536.25,2025-09-26T10:58:00.000Z
LOT_00035,COL_0016,paid,2,5.85,1514.77,Andheri East,Mumbai Suburban,Maharashtra,19.138689805014433,72.89228082451298,2025-12-04T10:56:00.000Z,REC_007,1354.86,2025-12-05T13:29:00.000Z
LOT_00036,COL_0043,paid,2,30.5,2339.8,Wagholi,Pune,Maharashtra,18.527620636717973,73.86319857304618,2026-08-23T12:40:00.000Z,REC_004,2063.75,2026-08-24T02:41:00.000Z
LOT_00037,COL_0015,ready,3,62.64,14241.35,Waluj,Chhatrapati Sambhajinagar,Maharashtra,19.91838175902963,75.38126358312667,2025-12-16T12:28:00.000Z,,,2025-12-16T12:28:00.000Z
LOT_00038,COL_0014,handed_over,1,34.22,14351.2,Katraj,Pune,Maharashtra,18.51135649059862,73.84856084153876,2025-12-30T09:04:00.000Z,REC_004,14213.33,2026-01-01T05:04:00.000Z
LOT_00039,COL_0032,paid,1,24.55,530.85,Andheri East,Mumbai Suburban,Maharashtra,19.18579933304936,72.93467939974441,2025-12-28T06:26:00.000Z,REC_007,537.61,2025-12-30T13:31:00.000Z
LOT_00040,COL_0020,ready,1,29.63,13374.21,Wagle Estate,Thane,Maharashtra,19.222028156015277,72.98145534041375,2026-09-01T16:12:00.000Z,,,2026-09-01T16:12:00.000Z
LOT_00041,COL_0057,confirmed,2,141.87,1511.13,Kamptee,Nagpur,Maharashtra,21.13446665132344,79.07799998619109,2026-05-10T06:45:00.000Z,REC_014,1384.62,2026-05-11T09:54:00.000Z
LOT_00042,COL_0049,ready,2,36.94,5654.92,Mayapuri,New Delhi,Delhi,28.630230310925842,77.22369727983326,2026-08-01T06:47:00.000Z,,,2026-08-01T06:47:00.000Z
LOT_00043,COL_0012,paid,2,97.05,1256.38,Pimpri,Pune,Maharashtra,18.448908015908298,73.79235721431748,2026-08-29T17:49:00.000Z,REC_003,1296.55,2026-08-30T15:28:00.000Z
LOT_00044,COL_0048,paid,2,5.32,854.43,Ulhasnagar,Thane,Maharashtra,19.151452234330772,72.91793701089769,2026-06-05T19:42:00.000Z,REC_011,823.83,2026-06-06T06:53:00.000Z
LOT_00045,COL_0019,paid,3,47.34,1825.24,Bhiwandi,Thane,Maharashtra,19.287639014701544,73.04050511323139,2026-02-02T18:20:00.000Z,REC_010,1797.35,2026-02-04T04:52:00.000Z
LOT_00046,COL_0041,paid,1,2.85,692.4,Peenya,Bengaluru Urban,Karnataka,12.971836975960434,77.59481327836438,2025-09-17T09:05:00.000Z,REC_020,677.11,2025-09-19T14:35:00.000Z
LOT_00047,COL_0007,paid,1,30.23,4741.23,Ulhasnagar,Thane,Maharashtra,19.215782157237825,72.97583394151404,2026-02-18T13:23:00.000Z,REC_010,4768.25,2026-02-18T15:56:00.000Z
LOT_00048,COL_0024,paid,1,36.73,1367.18,Malad,Mumbai Suburban,Maharashtra,19.059756151592733,72.82124053643345,2026-04-09T15:59:00.000Z,REC_007,1337.8,2026-04-11T22:46:00.000Z
LOT_00049,COL_0007,paid,1,10.94,1127.37,Ulhasnagar,Thane,Maharashtra,19.142477450835703,72.90985970575213,2025-10-20T15:45:00.000Z,REC_010,1101.46,2025-10-21T20:06:00.000Z
LOT_00050,COL_0025,ready,1,7.31,944.23,Pimpri,Pune,Maharashtra,18.567343998821077,73.89894959893897,2025-12-16T17:09:00.000Z,,,2025-12-16T17:09:00.000Z
LOT_00051,COL_0029,paid,3,12.97,1390.17,Malad,Mumbai Suburban,Maharashtra,19.188348861640694,72.93697397547662,2026-03-18T13:16:00.000Z,REC_008,1483.36,2026-03-20T04:04:00.000Z
LOT_00052,COL_0051,paid,3,16.34,2685.51,Malad,Mumbai Suburban,Maharashtra,19.057171091629566,72.8189139824666,2026-03-03T15:18:00.000Z,REC_008,2487.59,2026-03-04T10:19:00.000Z
LOT_00053,COL_0008,paid,3,49.23,5587.2,Ambad,Nashik,Maharashtra,19.968912064246833,73.76407085782215,2026-08-24T12:00:00.000Z,REC_012,5426.61,2026-08-24T18:53:00.000Z
LOT_00054,COL_0053,confirmed,1,2.88,108.02,Ambad,Nashik,Maharashtra,20.041184313856064,73.82911588247046,2026-02-07T16:41:00.000Z,REC_013,96.28,2026-02-10T06:34:00.000Z
LOT_00055,COL_0051,confirmed,3,74.19,5561.38,Kurla,Mumbai Suburban,Maharashtra,19.05046782449484,72.81288104204535,2026-03-07T10:06:00.000Z,REC_007,6022.03,2026-03-08T00:45:00.000Z
LOT_00056,COL_0010,handed_over,1,0.82,270.41,Wagholi,Pune,Maharashtra,18.564340206505356,73.89624618585482,2026-02-06T09:26:00.000Z,REC_005,254.92,2026-02-08T11:26:00.000Z
LOT_00057,COL_0017,handed_over,1,36.33,974.15,Wagle Estate,Thane,Maharashtra,19.28807297283709,73.04089567555337,2025-11-26T09:14:00.000Z,REC_010,988,2025-11-27T18:14:00.000Z
LOT_00058,COL_0034,confirmed,2,28.95,2339.23,Bhosari,Pune,Maharashtra,18.523526435168087,73.85951379165128,2026-01-25T12:06:00.000Z,REC_003,2309.93,2026-01-27T05:56:00.000Z
LOT_00059,COL_0016,ready,1,0.2,695.86,Andheri East,Mumbai Suburban,Maharashtra,19.10199857336134,72.8592587160252,2026-02-04T19:10:00.000Z,,,2026-02-04T19:10:00.000Z
LOT_00060,COL_0048,confirmed,2,34.11,6416.82,Bhiwandi,Thane,Maharashtra,19.1413023496598,72.90880211469381,2025-11-17T09:23:00.000Z,REC_011,5859.31,2025-11-20T02:11:00.000Z
LOT_00061,COL_0015,ready,1,4.01,947.68,Waluj,Chhatrapati Sambhajinagar,Maharashtra,19.82712073842883,75.29912866458595,2026-04-14T19:34:00.000Z,,,2026-04-14T19:34:00.000Z
LOT_00062,COL_0021,paid,1,15.33,185.95,Kothrud,Pune,Maharashtra,18.542408490636944,73.87650764157326,2026-02-16T14:03:00.000Z,REC_003,180.47,2026-02-18T14:43:00.000Z
LOT_00063,COL_0028,paid,3,60.39,7979.09,Andheri East,Mumbai Suburban,Maharashtra,19.15981033269912,72.9112892994292,2025-10-27T11:44:00.000Z,REC_007,7594.04,2025-10-30T03:36:00.000Z
LOT_00064,COL_0021,paid,2,95.71,16761.29,Hadapsar,Pune,Maharashtra,18.577664814451335,73.90823833300621,2025-09-21T10:28:00.000Z,REC_004,16465.37,2025-09-22T16:42:00.000Z
LOT_00065,COL_0005,ready,2,50.9,17275.81,Butibori,Nagpur,Maharashtra,21.093345372098685,79.04099083488882,2026-01-20T07:13:00.000Z,,,2026-01-20T07:13:00.000Z
LOT_00066,COL_0052,paid,3,91.49,9177.48,Peenya,Bengaluru Urban,Karnataka,12.929968013426661,77.557131212084,2026-03-17T14:42:00.000Z,REC_021,8263.85,2026-03-18T19:14:00.000Z
LOT_00067,COL_0042,paid,1,41.47,1363.95,Pimpri,Pune,Maharashtra,18.50865425762683,73.84612883186415,2026-08-21T18:11:00.000Z,REC_003,1326.33,2026-08-22T16:44:00.000Z
LOT_00068,COL_0050,handed_over,3,75.14,6904.51,Pimpri,Pune,Maharashtra,18.58054036204666,73.910826325842,2026-06-11T19:21:00.000Z,REC_003,7326.31,2026-06-13T09:21:00.000Z
LOT_00069,COL_0048,paid,2,67.77,1235.64,Wagle Estate,Thane,Maharashtra,19.21219336731285,72.97260403058156,2026-07-19T08:37:00.000Z,REC_010,1150.93,2026-07-19T16:00:00.000Z
LOT_00070,COL_0014,paid,1,16.94,213.78,Katraj,Pune,Maharashtra,18.49070558168888,73.82997502351999,2026-06-16T19:54:00.000Z,REC_004,190.07,2026-06-19T13:18:00.000Z
LOT_00071,COL_0003,paid,3,16.66,1772.79,Hadapsar,Pune,Maharashtra,18.596415675924717,73.92511410833225,2026-07-06T12:44:00.000Z,REC_001,1657.4,2026-07-09T10:08:00.000Z
LOT_00072,COL_0055,ready,1,4.83,688.37,Andheri East,Mumbai Suburban,Maharashtra,19.05494332239628,72.81690899015665,2025-11-04T16:49:00.000Z,,,2025-11-04T16:49:00.000Z
LOT_00073,COL_0007,paid,4,55.6,7788.64,Ulhasnagar,Thane,Maharashtra,19.182790810856222,72.9461417297706,2025-10-29T13:00:00.000Z,REC_010,7939.16,2025-10-29T21:27:00.000Z
LOT_00074,COL_0057,ready,1,26.5,6942.34,Butibori,Nagpur,Maharashtra,21.205546182076635,79.14197156386896,2026-02-12T10:14:00.000Z,,,2026-02-12T10:14:00.000Z
LOT_00075,COL_0027,paid,1,2.35,559.01,Satpur,Nashik,Maharashtra,19.93865279316902,73.73683751385212,2025-10-12T10:01:00.000Z,REC_013,553.6,2025-10-14T14:23:00.000Z
LOT_00076,COL_0043,paid,1,59.37,1275.61,Katraj,Pune,Maharashtra,18.563529329420625,73.89551639647857,2025-11-22T11:42:00.000Z,REC_002,1230.59,2025-11-24T15:05:00.000Z
LOT_00077,COL_0055,paid,4,94.14,9487.6,Malad,Mumbai Suburban,Maharashtra,19.09090927858502,72.84927835072651,2026-05-08T12:25:00.000Z,REC_008,9038.33,2026-05-08T20:35:00.000Z
LOT_00078,COL_0008,paid,1,35.22,374.99,Panchavati,Nashik,Maharashtra,19.96746302090585,73.76276671881527,2026-03-11T10:51:00.000Z,REC_012,364.57,2026-03-12T12:39:00.000Z
LOT_00079,COL_0046,paid,3,12.27,2036.87,Wagholi,Pune,Maharashtra,18.543326384173334,73.877333745756,2025-10-09T14:07:00.000Z,REC_001,2076.79,2025-10-10T01:17:00.000Z
LOT_00080,COL_0038,ready,2,0.53,930.62,Satpur,Nashik,Maharashtra,20.074298288226128,73.85891845940351,2026-06-10T13:25:00.000Z,,,2026-06-10T13:25:00.000Z
LOT_00081,COL_0042,confirmed,1,4.63,1255.12,Kothrud,Pune,Maharashtra,18.580278394678235,73.91059055521042,2026-01-14T06:17:00.000Z,REC_003,1191.38,2026-01-15T12:09:00.000Z
LOT_00082,COL_0057,ready,2,0.21,405.34,Hingna,Nagpur,Maharashtra,21.135258966590467,79.07871306993142,2026-01-01T17:10:00.000Z,,,2026-01-01T17:10:00.000Z
LOT_00083,COL_0024,paid,2,0.26,288.71,Malad,Mumbai Suburban,Maharashtra,19.120423701485993,72.87584133133738,2026-08-02T14:41:00.000Z,REC_008,287.32,2026-08-04T20:00:00.000Z
LOT_00084,COL_0025,handed_over,3,141.23,18300.58,Pimpri,Pune,Maharashtra,18.51601688173562,73.85275519356206,2026-01-01T14:21:00.000Z,REC_002,16827.64,2026-01-02T15:21:00.000Z
LOT_00085,COL_0033,ready,1,32.3,855,Dombivli,Thane,Maharashtra,19.144962445776162,72.91209620119855,2026-03-24T06:07:00.000Z,,,2026-03-24T06:07:00.000Z
LOT_00086,COL_0045,paid,1,40.1,5798.86,Bommanahalli,Bengaluru Urban,Karnataka,13.011729270330072,77.63071634329707,2025-11-02T14:13:00.000Z,REC_020,6258.41,2025-11-04T05:16:00.000Z
LOT_00087,COL_0030,ready,2,34.06,11312.85,Ambad,Nashik,Maharashtra,20.012876393422484,73.80363875408024,2026-06-03T06:04:00.000Z,,,2026-06-03T06:04:00.000Z
LOT_00088,COL_0019,ready,1,20.36,663.74,Dombivli,Thane,Maharashtra,19.17718578496873,72.94109720647185,2026-07-10T17:00:00.000Z,,,2026-07-10T17:00:00.000Z
LOT_00089,COL_0046,paid,2,83.05,1900.08,Hadapsar,Pune,Maharashtra,18.54930089996159,73.88271080996543,2026-03-04T12:28:00.000Z,REC_001,1921.53,2026-03-04T17:48:00.000Z
LOT_00090,COL_0019,paid,1,23.61,9871.58,Bhiwandi,Thane,Maharashtra,19.196631579118968,72.95859842120707,2025-11-27T15:51:00.000Z,REC_010,9233.09,2025-11-28T00:58:00.000Z
LOT_00091,COL_0029,ready,1,23.12,3702.9,Govandi,Mumbai Suburban,Maharashtra,19.046733047595623,72.80951974283606,2025-11-01T17:30:00.000Z,,,2025-11-01T17:30:00.000Z
LOT_00092,COL_0021,paid,2,41,5694.29,Wagholi,Pune,Maharashtra,18.498277088487146,73.83678937963843,2025-09-07T17:11:00.000Z,REC_001,5548.29,2025-09-09T13:34:00.000Z
LOT_00093,COL_0031,paid,3,74.23,4523.72,Govandi,Mumbai Suburban,Maharashtra,19.064061326912046,72.82511519422084,2025-12-31T09:56:00.000Z,REC_007,4301.56,2026-01-02T01:51:00.000Z
LOT_00094,COL_0037,confirmed,1,3.59,483.9,Wagholi,Pune,Maharashtra,18.529582003103194,73.86496380279289,2025-10-08T13:26:00.000Z,REC_003,441.95,2025-10-11T02:05:00.000Z
LOT_00095,COL_0004,paid,3,116.63,4802.24,Kothrud,Pune,Maharashtra,18.481714629390833,73.82188316645176,2026-02-23T18:01:00.000Z,REC_003,4729.63,2026-02-26T19:50:00.000Z
LOT_00096,COL_0026,ready,2,36.33,7531.21,Mundka,New Delhi,Delhi,28.598384767094256,77.19503629038483,2026-05-06T12:23:00.000Z,,,2026-05-06T12:23:00.000Z
LOT_00097,COL_0009,paid,2,20.51,295.88,Satpur,Nashik,Maharashtra,20.072953136526046,73.85770782287344,2026-03-05T19:02:00.000Z,REC_012,291.86,2026-03-08T19:23:00.000Z
LOT_00098,COL_0028,confirmed,2,27.67,711.18,Malad,Mumbai Suburban,Maharashtra,19.18135069255382,72.93067562329843,2026-07-28T11:20:00.000Z,REC_007,690.16,2026-07-31T02:04:00.000Z
LOT_00099,COL_0053,confirmed,1,45.74,2730.17,Ambad,Nashik,Maharashtra,20.053073822446166,73.83981644020155,2026-02-03T12:48:00.000Z,REC_012,2506.12,2026-02-04T05:04:00.000Z
LOT_00100,COL_0032,handed_over,2,0.36,739.4,Andheri East,Mumbai Suburban,Maharashtra,19.056512795692683,72.8183215161234,2026-04-30T09:46:00.000Z,REC_008,740.91,2026-05-03T07:46:00.000Z
LOT_00101,COL_0004,paid,1,9.68,1445.12,Wagholi,Pune,Maharashtra,18.573069173702596,73.90410225633234,2026-01-08T06:59:00.000Z,REC_001,1377.6,2026-01-10T17:17:00.000Z
LOT_00102,COL_0008,paid,1,32.94,4557.18,Satpur,Nashik,Maharashtra,20.020843262448906,73.81080893620401,2026-04-12T11:41:00.000Z,REC_012,4349.84,2026-04-13T20:17:00.000Z
LOT_00103,COL_0048,confirmed,2,20.9,2973.91,Bhiwandi,Thane,Maharashtra,19.22816535616219,72.98697882054597,2026-05-06T09:17:00.000Z,REC_011,3298.95,2026-05-08T18:58:00.000Z
LOT_00104,COL_0060,ready,3,44.97,8407.69,Kamptee,Nagpur,Maharashtra,21.173552793692053,79.11317751432284,2025-10-19T18:59:00.000Z,,,2025-10-19T18:59:00.000Z
LOT_00105,COL_0050,paid,2,27.8,2973.4,Bhosari,Pune,Maharashtra,18.561785400146245,73.89394686013162,2026-03-24T17:13:00.000Z,REC_002,3034.08,2026-03-26T03:46:00.000Z
LOT_00106,COL_0040,paid,2,44.72,6553.81,Kurla,Mumbai Suburban,Maharashtra,19.04985774934888,72.81233197441398,2026-02-04T15:02:00.000Z,REC_007,6791.24,2026-02-05T10:12:00.000Z
LOT_00107,COL_0046,paid,2,50.34,6420.45,Katraj,Pune,Maharashtra,18.54317687881142,73.87719919093028,2026-03-10T19:54:00.000Z,REC_001,5932.76,2026-03-13T03:37:00.000Z
LOT_00108,COL_0058,ready,3,29.83,4696.83,Seelampur,New Delhi,Delhi,28.64760001912117,77.23933001720906,2026-05-20T12:27:00.000Z,,,2026-05-20T12:27:00.000Z
LOT_00109,COL_0049,ready,1,17.91,2741.3,Mundka,New Delhi,Delhi,28.667588405640423,77.25731956507639,2026-02-04T15:44:00.000Z,,,2026-02-04T15:44:00.000Z
LOT_00110,COL_0059,paid,1,18.97,3557.82,Hadapsar,Pune,Maharashtra,18.493739637443422,73.83270567369908,2026-02-12T18:19:00.000Z,REC_001,3537.81,2026-02-14T09:03:00.000Z
LOT_00111,COL_0022,confirmed,1,9.78,121.48,Malad,Mumbai Suburban,Maharashtra,19.11305067789406,72.86920561010464,2026-05-01T09:19:00.000Z,REC_007,122.04,2026-05-03T08:23:00.000Z
LOT_00112,COL_0014,paid,1,38.7,4948.96,Hadapsar,Pune,Maharashtra,18.457876380132138,73.80042874211892,2026-04-26T10:38:00.000Z,REC_001,4967.54,2026-04-27T19:48:00.000Z
LOT_00113,COL_0036,paid,1,129.33,1136.28,Malad,Mumbai Suburban,Maharashtra,19.118203309445086,72.87384297850058,2025-11-28T19:21:00.000Z,REC_007,1116.05,2025-11-29T01:32:00.000Z
LOT_00114,COL_0054,paid,1,6.66,593.41,Hadapsar,Pune,Maharashtra,18.597402116106448,73.9260019044958,2026-04-09T15:44:00.000Z,REC_004,604.42,2026-04-09T21:12:00.000Z
LOT_00115,COL_0032,confirmed,1,11.68,1695.7,Andheri East,Mumbai Suburban,Maharashtra,19.159051035387815,72.91060593184903,2025-12-12T16:14:00.000Z,REC_007,1687.95,2025-12-15T03:24:00.000Z
LOT_00116,COL_0060,paid,1,9.86,230.98,Kamptee,Nagpur,Maharashtra,21.07767312383205,79.02688581144885,2025-12-03T14:00:00.000Z,REC_014,242.24,2025-12-05T00:20:00.000Z
LOT_00117,COL_0003,paid,4,63.98,1206.66,Bhosari,Pune,Maharashtra,18.501601465278863,73.83978131875098,2026-07-15T10:47:00.000Z,REC_003,1166.15,2026-07-18T03:41:00.000Z
LOT_00118,COL_0039,paid,2,26.42,4563.9,Wagle Estate,Thane,Maharashtra,19.26503572961241,73.02016215665117,2026-06-18T10:27:00.000Z,REC_010,4540.47,2026-06-19T15:44:00.000Z
LOT_00119,COL_0009,confirmed,1,3.06,649.39,Satpur,Nashik,Maharashtra,19.948658241592348,73.74584241743311,2026-07-16T15:23:00.000Z,REC_013,701.85,2026-07-17T10:15:00.000Z
LOT_00120,COL_0020,confirmed,1,0.33,493.79,Dombivli,Thane,Maharashtra,19.283852791990338,73.0370975127913,2026-04-28T16:31:00.000Z,REC_011,440.45,2026-04-30T22:32:00.000Z
LOT_00121,COL_0030,paid,1,165.08,1475.88,Panchavati,Nashik,Maharashtra,20.005800069123506,73.79727006221115,2026-08-27T11:13:00.000Z,REC_013,1334.18,2026-08-29T22:33:00.000Z
LOT_00122,COL_0017,paid,4,26.68,8778.01,Bhiwandi,Thane,Maharashtra,19.180221332813797,72.94382919953242,2025-09-09T15:07:00.000Z,REC_010,9074.02,2025-09-12T06:05:00.000Z
LOT_00123,COL_0039,paid,2,58.74,5227.76,Dombivli,Thane,Maharashtra,19.155225745010377,72.92133317050934,2026-02-14T19:45:00.000Z,REC_011,4998.98,2026-02-17T19:22:00.000Z
LOT_00124,COL_0022,ready,1,3.62,235.78,Govandi,Mumbai Suburban,Maharashtra,19.10969569642693,72.86618612678423,2026-07-26T15:24:00.000Z,,,2026-07-26T15:24:00.000Z
LOT_00125,COL_0059,paid,1,3.41,244.86,Katraj,Pune,Maharashtra,18.544837422007323,73.87869367980659,2026-03-01T12:27:00.000Z,REC_001,258.33,2026-03-01T16:33:00.000Z
LOT_00126,COL_0025,paid,1,20.85,1970.12,Wagholi,Pune,Maharashtra,18.50942588404715,73.84682329564244,2025-11-23T13:25:00.000Z,REC_003,1780.55,2025-11-24T05:49:00.000Z
LOT_00127,COL_0024,paid,2,30.24,4781.1,Govandi,Mumbai Suburban,Maharashtra,19.072319798363747,72.83254781852736,2025-09-29T13:19:00.000Z,REC_008,4637.85,2025-10-02T05:12:00.000Z
LOT_00128,COL_0017,paid,2,51.2,856.11,Bhiwandi,Thane,Maharashtra,19.22589701967239,72.98493731770515,2026-05-18T06:00:00.000Z,REC_010,761.17,2026-05-20T08:34:00.000Z
LOT_00129,COL_0010,handed_over,3,66.41,4413.44,Pimpri,Pune,Maharashtra,18.488646547132728,73.82812189241946,2026-06-04T17:52:00.000Z,REC_005,3870.58,2026-06-06T10:52:00.000Z
LOT_00130,COL_0041,paid,1,4.72,115.03,Yelahanka,Bengaluru Urban,Karnataka,12.998809063470365,77.61908815712333,2026-06-05T14:27:00.000Z,REC_021,114.08,2026-06-07T09:29:00.000Z
LOT_00131,COL_0020,paid,1,26.86,4239.31,Ulhasnagar,Thane,Maharashtra,19.17249185694307,72.93687267124876,2026-06-20T17:06:00.000Z,REC_010,4106.22,2026-06-21T05:18:00.000Z
LOT_00132,COL_0015,confirmed,3,40.6,4386.65,Chikalthana,Chhatrapati Sambhajinagar,Maharashtra,19.941041540791094,75.40165738671199,2026-07-16T07:27:00.000Z,REC_016,4075.69,2026-07-17T15:21:00.000Z
LOT_00133,COL_0047,paid,2,57.44,7563.04,Seelampur,New Delhi,Delhi,28.67424871060401,77.26331383954361,2026-08-25T07:43:00.000Z,REC_019,7245.68,2026-08-27T22:26:00.000Z
LOT_00134,COL_0043,paid,2,18.62,2178.3,Hadapsar,Pune,Maharashtra,18.440901946434376,73.78515175179095,2026-05-31T11:18:00.000Z,REC_001,2398.64,2026-06-03T09:03:00.000Z
LOT_00135,COL_0004,paid,1,4.13,195.43,Katraj,Pune,Maharashtra,18.481544951060414,73.82173045595438,2026-05-28T16:30:00.000Z,REC_003,201.93,2026-05-28T20:39:00.000Z
LOT_00136,COL_0043,ready,1,0.26,352.61,Pimpri,Pune,Maharashtra,18.513696849764884,73.8506671647884,2026-02-11T14:32:00.000Z,,,2026-02-11T14:32:00.000Z
LOT_00137,COL_0032,ready,4,75.32,6247.05,Andheri East,Mumbai Suburban,Maharashtra,19.13344095297754,72.88755685767978,2026-04-29T07:09:00.000Z,,,2026-04-29T07:09:00.000Z
LOT_00138,COL_0020,ready,1,6.51,211.51,Wagle Estate,Thane,Maharashtra,19.280357553008198,73.03395179770737,2026-03-07T14:23:00.000Z,,,2026-03-07T14:23:00.000Z
LOT_00139,COL_0048,paid,3,57.7,3480.33,Dombivli,Thane,Maharashtra,19.256649743932485,73.01261476953924,2026-01-28T18:36:00.000Z,REC_010,3579.57,2026-01-31T11:27:00.000Z
LOT_00140,COL_0055,ready,1,44.92,6753.27,Malad,Mumbai Suburban,Maharashtra,19.10342381921262,72.86054143729135,2026-08-16T18:06:00.000Z,,,2026-08-16T18:06:00.000Z
LOT_00141,COL_0049,ready,4,24.55,5128.72,Mundka,New Delhi,Delhi,28.62773862152696,77.22145475937427,2026-03-03T06:21:00.000Z,,,2026-03-03T06:21:00.000Z
LOT_00142,COL_0040,paid,1,0.21,339.37,Andheri East,Mumbai Suburban,Maharashtra,19.188884577906133,72.93745612011551,2026-07-09T12:40:00.000Z,REC_008,335.7,2026-07-11T11:35:00.000Z
LOT_00143,COL_0007,handed_over,1,36.6,3794.19,Bhiwandi,Thane,Maharashtra,19.231273332405088,72.98977599916458,2026-06-07T17:02:00.000Z,REC_010,3525.45,2026-06-08T09:02:00.000Z
LOT_00144,COL_0019,handed_over,2,58.11,8359.38,Dombivli,Thane,Maharashtra,19.15551817512065,72.92159635760858,2025-10-11T10:40:00.000Z,REC_010,7959.54,2025-10-13T00:40:00.000Z
LOT_00145,COL_0012,paid,3,49.16,13558.62,Hadapsar,Pune,Maharashtra,18.47484791279733,73.8157031215176,2025-10-16T11:19:00.000Z,REC_005,13612.73,2025-10-17T09:28:00.000Z
LOT_00146,COL_0019,paid,1,6.25,1839.8,Bhiwandi,Thane,Maharashtra,19.177567526492474,72.94144077384323,2025-10-04T08:52:00.000Z,REC_010,1675.44,2025-10-05T19:59:00.000Z
LOT_00147,COL_0040,paid,3,30.33,3255.7,Andheri East,Mumbai Suburban,Maharashtra,19.11743633516729,72.87315270165055,2026-04-05T14:46:00.000Z,REC_007,3357.68,2026-04-06T20:37:00.000Z
LOT_00148,COL_0055,confirmed,1,75.41,1668.63,Andheri East,Mumbai Suburban,Maharashtra,19.056282984732093,72.81811468625888,2026-05-23T17:21:00.000Z,REC_007,1641.16,2026-05-25T11:50:00.000Z
LOT_00149,COL_0048,ready,2,69.78,3642.08,Dombivli,Thane,Maharashtra,19.147881749178467,72.91472357426062,2026-05-24T08:35:00.000Z,,,2026-05-24T08:35:00.000Z
LOT_00150,COL_0051,ready,2,17.28,3447.88,Govandi,Mumbai Suburban,Maharashtra,19.060144536314905,72.82159008268341,2026-01-05T13:43:00.000Z,,,2026-01-05T13:43:00.000Z
LOT_00151,COL_0041,ready,3,57.19,22052.4,Bommanahalli,Bengaluru Urban,Karnataka,13.013468348121643,77.63228151330948,2026-02-22T18:52:00.000Z,,,2026-02-22T18:52:00.000Z
LOT_00152,COL_0051,paid,2,10.34,1060.04,Kurla,Mumbai Suburban,Maharashtra,19.105293142689767,72.86222382842078,2026-07-25T08:16:00.000Z,REC_007,997.16,2026-07-26T10:17:00.000Z
LOT_00153,COL_0040,paid,3,14.93,2520.75,Andheri East,Mumbai Suburban,Maharashtra,19.03606611453593,72.79991950308234,2025-11-14T15:18:00.000Z,REC_008,2354.69,2025-11-16T18:38:00.000Z
LOT_00154,COL_0057,confirmed,1,27.34,599.02,Kamptee,Nagpur,Maharashtra,21.17381396150142,79.11341256535128,2025-10-24T19:37:00.000Z,REC_014,606.41,2025-10-25T12:58:00.000Z
LOT_00155,COL_0042,paid,3,78.71,993.72,Pimpri,Pune,Maharashtra,18.550586129920184,73.88386751692816,2025-11-24T17:17:00.000Z,REC_005,984.91,2025-11-27T10:16:00.000Z
LOT_00156,COL_0014,paid,3,60.59,4906.22,Wagholi,Pune,Maharashtra,18.446575238862632,73.79025771497638,2025-09-02T14:15:00.000Z,REC_004,4440.14,2025-09-04T06:53:00.000Z
LOT_00157,COL_0009,paid,3,94.24,17260.57,Satpur,Nashik,Maharashtra,19.97113311372697,73.76606980235428,2026-01-24T16:35:00.000Z,REC_013,17269.61,2026-01-27T13:57:00.000Z
LOT_00158,COL_0017,paid,4,34.14,6015.12,Dombivli,Thane,Maharashtra,19.234676384720206,72.99283874624818,2026-06-10T09:12:00.000Z,REC_011,6126.72,2026-06-11T02:43:00.000Z
LOT_00159,COL_0054,handed_over,2,5.06,696.99,Wagholi,Pune,Maharashtra,18.5830117619127,73.91305058572144,2026-05-11T08:42:00.000Z,REC_004,671.54,2026-05-11T20:42:00.000Z
LOT_00160,COL_0019,paid,4,36.96,2061.03,Wagle Estate,Thane,Maharashtra,19.171444527375698,72.93593007463812,2026-04-30T08:17:00.000Z,REC_010,1926.34,2026-05-01T08:19:00.000Z
LOT_00161,COL_0050,confirmed,4,83.53,2085.35,Wagholi,Pune,Maharashtra,18.55522817608863,73.88804535847977,2026-08-26T09:45:00.000Z,REC_001,1732.76,2026-08-28T20:06:00.000Z
LOT_00162,COL_0017,ready,2,35.97,1322.02,Dombivli,Thane,Maharashtra,19.1818547696799,72.94529929271191,2026-05-10T16:10:00.000Z,,,2026-05-10T16:10:00.000Z
LOT_00163,COL_0054,handed_over,1,0.06,62.07,Pimpri,Pune,Maharashtra,18.56215788152963,73.89428209337667,2026-03-31T06:04:00.000Z,REC_005,59.98,2026-04-02T09:04:00.000Z
LOT_00164,COL_0028,ready,1,41.85,6110.52,Kurla,Mumbai Suburban,Maharashtra,19.175062012156847,72.92501581094115,2025-10-04T14:13:00.000Z,,,2025-10-04T14:13:00.000Z
LOT_00165,COL_0025,confirmed,1,20.89,2184.22,Katraj,Pune,Maharashtra,18.475477595449984,73.81626983590499,2026-07-14T06:23:00.000Z,REC_004,1947.53,2026-07-17T03:15:00.000Z
LOT_00166,COL_0021,paid,1,181.96,1143.25,Wagholi,Pune,Maharashtra,18.466636622482536,73.80831296023429,2026-01-12T12:37:00.000Z,REC_005,1242.99,2026-01-14T20:10:00.000Z
LOT_00167,COL_0026,paid,1,5.77,320.7,Seelampur,New Delhi,Delhi,28.590644557172062,77.18807010145485,2026-05-02T07:56:00.000Z,REC_019,298.92,2026-05-02T11:26:00.000Z
LOT_00168,COL_0054,paid,1,3.62,790.17,Bhosari,Pune,Maharashtra,18.535106975482403,73.86993627793417,2025-11-15T19:28:00.000Z,REC_005,762.13,2025-11-16T02:07:00.000Z
LOT_00169,COL_0046,ready,1,5.01,287.5,Katraj,Pune,Maharashtra,18.571183405490217,73.9024050649412,2026-08-24T07:36:00.000Z,,,2026-08-24T07:36:00.000Z
LOT_00170,COL_0035,paid,3,27.85,3825.01,Malad,Mumbai Suburban,Maharashtra,19.1475284349978,72.90023559149802,2026-02-04T15:20:00.000Z,REC_008,3362.2,2026-02-07T18:30:00.000Z
LOT_00171,COL_0034,confirmed,2,5.08,1193.64,Kothrud,Pune,Maharashtra,18.545515379989144,73.87930384199024,2026-06-21T14:46:00.000Z,REC_005,1155.16,2026-06-22T17:22:00.000Z
LOT_00172,COL_0058,ready,1,80.86,1863.1,Mayapuri,New Delhi,Delhi,28.5430422720626,77.14522804485634,2026-02-20T07:05:00.000Z,,,2026-02-20T07:05:00.000Z
LOT_00173,COL_0056,handed_over,1,2.84,353.3,Kurla,Mumbai Suburban,Maharashtra,19.064964126056434,72.82592771345078,2025-11-16T08:32:00.000Z,REC_008,333.22,2025-11-18T17:32:00.000Z
LOT_00174,COL_0032,ready,1,0.29,384.3,Bhandup,Mumbai Suburban,Maharashtra,19.12953225795776,72.88403903216198,2026-07-07T15:55:00.000Z,,,2026-07-07T15:55:00.000Z
LOT_00175,COL_0006,ready,1,12.24,1221.11,Bhandup,Mumbai Suburban,Maharashtra,19.07484768186361,72.83482291367724,2025-10-25T13:34:00.000Z,,,2025-10-25T13:34:00.000Z
LOT_00176,COL_0060,ready,3,4.21,1281.03,Butibori,Nagpur,Maharashtra,21.209298241864147,79.14534841767772,2026-05-13T19:10:00.000Z,,,2026-05-13T19:10:00.000Z
LOT_00177,COL_0017,paid,1,0.31,354.45,Bhiwandi,Thane,Maharashtra,19.156390432807804,72.92238138952702,2026-07-19T07:26:00.000Z,REC_011,370.85,2026-07-19T20:14:00.000Z
LOT_00178,COL_0003,confirmed,4,10.05,1317.42,Kothrud,Pune,Maharashtra,18.464356546485423,73.80626089183689,2026-07-11T19:38:00.000Z,REC_003,1268.33,2026-07-12T13:51:00.000Z
LOT_00179,COL_0030,ready,1,41.38,5650.85,Satpur,Nashik,Maharashtra,20.00739689413458,73.79870720472113,2026-07-26T08:40:00.000Z,,,2026-07-26T08:40:00.000Z
LOT_00180,COL_0013,paid,1,3.09,193.61,Yelahanka,Bengaluru Urban,Karnataka,12.915381518675387,77.54400336680784,2025-11-22T18:56:00.000Z,REC_020,189.19,2025-11-24T22:38:00.000Z
LOT_00181,COL_0045,paid,1,20.73,553.28,Yelahanka,Bengaluru Urban,Karnataka,12.982396467512846,77.60431682076157,2025-10-17T07:35:00.000Z,REC_020,531.86,2025-10-20T08:05:00.000Z
LOT_00182,COL_0055,confirmed,1,32.79,395.59,Govandi,Mumbai Suburban,Maharashtra,19.09936576102525,72.85688918492272,2025-12-11T17:15:00.000Z,REC_007,407.53,2025-12-14T14:16:00.000Z
LOT_00183,COL_0021,confirmed,2,28.47,10198.37,Katraj,Pune,Maharashtra,18.527063310341536,73.86269697930739,2025-11-14T11:23:00.000Z,REC_005,8739.27,2025-11-16T05:16:00.000Z
LOT_00184,COL_0026,ready,2,6.45,1189.98,Mayapuri,New Delhi,Delhi,28.562151026235522,77.16242592361198,2026-07-01T11:16:00.000Z,,,2026-07-01T11:16:00.000Z
LOT_00185,COL_0022,paid,4,31.44,2751.81,Andheri East,Mumbai Suburban,Maharashtra,19.04433723230511,72.80736350907459,2025-11-18T08:14:00.000Z,REC_007,2713.32,2025-11-19T13:02:00.000Z
LOT_00186,COL_0019,paid,3,58.82,3144.47,Wagle Estate,Thane,Maharashtra,19.156839780043065,72.92278580203876,2026-03-06T06:25:00.000Z,REC_010,3103.09,2026-03-08T23:07:00.000Z
LOT_00187,COL_0054,paid,3,16.65,2430.82,Hadapsar,Pune,Maharashtra,18.519065674589573,73.85549910713063,2026-04-24T14:13:00.000Z,REC_005,2436.23,2026-04-26T21:20:00.000Z
LOT_00188,COL_0043,paid,3,54.14,7741.08,Pimpri,Pune,Maharashtra,18.50431590695828,73.84222431626246,2026-01-14T15:37:00.000Z,REC_003,7911.97,2026-01-14T19:02:00.000Z
LOT_00189,COL_0042,ready,1,18.61,232.63,Bhosari,Pune,Maharashtra,18.514870073170957,73.85172306585386,2026-05-04T10:39:00.000Z,,,2026-05-04T10:39:00.000Z
LOT_00190,COL_0005,confirmed,1,0.19,31.72,Hingna,Nagpur,Maharashtra,21.2198390124172,79.15483511117547,2026-07-31T19:45:00.000Z,REC_014,34.49,2026-08-01T07:23:00.000Z
LOT_00191,COL_0023,paid,3,34.97,10634.93,Seelampur,New Delhi,Delhi,28.557709295929968,77.15842836633698,2026-06-15T17:05:00.000Z,REC_019,9430.88,2026-06-16T05:47:00.000Z
LOT_00192,COL_0059,ready,2,21.53,5997.14,Hadapsar,Pune,Maharashtra,18.51321517904252,73.85023366113828,2026-05-29T07:06:00.000Z,,,2026-05-29T07:06:00.000Z
LOT_00193,COL_0032,ready,1,43.46,6330.82,Kurla,Mumbai Suburban,Maharashtra,19.075291006831826,72.83522190614863,2026-01-21T06:14:00.000Z,,,2026-01-21T06:14:00.000Z
LOT_00194,COL_0007,paid,1,0.1,112.52,Bhiwandi,Thane,Maharashtra,19.194430308583378,72.95661727772504,2026-05-26T11:05:00.000Z,REC_011,111.04,2026-05-27T23:55:00.000Z
LOT_00195,COL_0034,paid,1,3.68,533.82,Hadapsar,Pune,Maharashtra,18.589959835307297,73.91930385177658,2026-08-29T09:12:00.000Z,REC_003,521.17,2026-08-31T00:35:00.000Z
LOT_00196,COL_0045,handed_over,3,50.67,4482.8,Peenya,Bengaluru Urban,Karnataka,12.928765093496443,77.5560485841468,2025-12-14T09:28:00.000Z,REC_020,3884.75,2025-12-15T10:28:00.000Z
LOT_00197,COL_0042,paid,2,17.12,2625.9,Pimpri,Pune,Maharashtra,18.57523877699822,73.9060548992984,2025-10-11T16:23:00.000Z,REC_001,2611.47,2025-10-13T17:38:00.000Z
LOT_00198,COL_0053,ready,2,58.51,7253.91,Ambad,Nashik,Maharashtra,19.950622270591555,73.7476100435324,2025-09-10T18:24:00.000Z,,,2025-09-10T18:24:00.000Z
LOT_00199,COL_0057,ready,1,2.91,203.59,Hingna,Nagpur,Maharashtra,21.145675640943647,79.08808807684929,2025-09-22T09:25:00.000Z,,,2025-09-22T09:25:00.000Z
LOT_00200,COL_0024,paid,1,7.73,2755.13,Bhandup,Mumbai Suburban,Maharashtra,19.156131348392368,72.90797821355312,2025-12-24T18:27:00.000Z,REC_008,2923.95,2025-12-26T20:11:00.000Z
LOT_00201,COL_0036,handed_over,4,31.68,5728.67,Kurla,Mumbai Suburban,Maharashtra,19.085439644387368,72.84435567994862,2026-02-14T13:17:00.000Z,REC_008,5657.45,2026-02-16T04:17:00.000Z
LOT_00202,COL_0034,paid,1,9.14,306.92,Bhosari,Pune,Maharashtra,18.599454153859615,73.92784873847366,2026-01-17T07:34:00.000Z,REC_004,315.92,2026-01-18T21:11:00.000Z
LOT_00203,COL_0027,paid,1,0.43,27.66,Ambad,Nashik,Maharashtra,20.061969088464974,73.84782217961848,2026-06-01T17:10:00.000Z,REC_013,27.64,2026-06-04T03:41:00.000Z
LOT_00204,COL_0046,confirmed,1,16.03,6693.21,Kothrud,Pune,Maharashtra,18.459731102855503,73.80209799256995,2026-02-27T13:42:00.000Z,REC_004,7022.98,2026-03-01T20:21:00.000Z
LOT_00205,COL_0005,ready,1,0.24,257.02,Butibori,Nagpur,Maharashtra,21.181347066740692,79.12019236006662,2026-04-14T14:31:00.000Z,,,2026-04-14T14:31:00.000Z
LOT_00206,COL_0048,paid,1,10.65,1408.78,Wagle Estate,Thane,Maharashtra,19.17214677927941,72.93656210135147,2026-08-06T14:19:00.000Z,REC_010,1168.35,2026-08-07T14:30:00.000Z
LOT_00207,COL_0040,paid,2,152,1453.7,Kurla,Mumbai Suburban,Maharashtra,19.167625331437588,72.91832279829383,2026-05-12T09:12:00.000Z,REC_008,1425.1,2026-05-13T16:18:00.000Z
LOT_00208,COL_0005,confirmed,1,20.66,2046.17,Butibori,Nagpur,Maharashtra,21.181142632047834,79.12000836884305,2025-10-01T15:20:00.000Z,REC_014,1748.88,2025-10-02T01:23:00.000Z
LOT_00209,COL_0021,paid,3,53.82,11590.96,Katraj,Pune,Maharashtra,18.554046532744167,73.88698187946976,2026-06-19T12:43:00.000Z,REC_001,10710.62,2026-06-21T18:59:00.000Z
LOT_00210,COL_0047,ready,2,13.31,2525.05,Mundka,New Delhi,Delhi,28.69081259354353,77.27822133418918,2026-04-16T08:13:00.000Z,,,2026-04-16T08:13:00.000Z
LOT_00211,COL_0003,paid,1,0.03,6.11,Katraj,Pune,Maharashtra,18.52454970818907,73.86043473737017,2025-12-12T08:12:00.000Z,REC_003,6.18,2025-12-14T19:15:00.000Z
LOT_00212,COL_0039,paid,1,26.86,626.38,Dombivli,Thane,Maharashtra,19.14872887419462,72.91548598677515,2025-10-17T11:30:00.000Z,REC_011,660.54,2025-10-19T11:41:00.000Z
LOT_00213,COL_0014,confirmed,1,0.13,23.4,Wagholi,Pune,Maharashtra,18.57520604339391,73.90602543905452,2026-06-15T14:40:00.000Z,REC_004,25.36,2026-06-16T12:16:00.000Z
LOT_00214,COL_0044,paid,1,2.19,42.06,Kothrud,Pune,Maharashtra,18.50975919240117,73.84712327316106,2025-10-13T18:11:00.000Z,REC_003,44.06,2025-10-14T23:01:00.000Z
LOT_00215,COL_0036,ready,1,0.28,452.09,Malad,Mumbai Suburban,Maharashtra,19.060665209783615,72.82205868880524,2025-12-02T12:49:00.000Z,,,2025-12-02T12:49:00.000Z
LOT_00216,COL_0042,paid,3,26.16,3811.04,Katraj,Pune,Maharashtra,18.581733127617834,73.91189981485606,2025-12-24T10:34:00.000Z,REC_001,3686.99,2025-12-25T18:27:00.000Z
LOT_00217,COL_0044,ready,1,16.16,2171.58,Kothrud,Pune,Maharashtra,18.593780389139056,73.92274235022515,2026-06-20T18:21:00.000Z,,,2026-06-20T18:21:00.000Z
LOT_00218,COL_0034,paid,2,73.92,8839.53,Katraj,Pune,Maharashtra,18.59088944301903,73.92014049871713,2026-07-01T08:22:00.000Z,REC_002,9131.39,2026-07-03T07:31:00.000Z
LOT_00219,COL_0033,paid,2,36.24,2219.09,Dombivli,Thane,Maharashtra,19.149279494713245,72.91598154524192,2026-03-30T16:18:00.000Z,REC_011,2245.83,2026-04-02T05:21:00.000Z
LOT_00220,COL_0039,ready,3,116.72,3105.61,Bhiwandi,Thane,Maharashtra,19.258411688897013,73.01420052000731,2026-05-15T08:05:00.000Z,,,2026-05-15T08:05:00.000Z
LOT_00221,COL_0060,handed_over,1,11.99,361.62,Kamptee,Nagpur,Maharashtra,21.129868769663574,79.07386189269721,2026-04-12T08:10:00.000Z,REC_014,380.51,2026-04-14T06:10:00.000Z
LOT_00222,COL_0006,paid,3,36.21,2681.85,Govandi,Mumbai Suburban,Maharashtra,19.17844237842262,72.92805814058035,2026-05-07T18:14:00.000Z,REC_006,2720.48,2026-05-10T13:12:00.000Z
LOT_00223,COL_0037,paid,3,63.95,15547.41,Hadapsar,Pune,Maharashtra,18.528251302735505,73.86376617246196,2025-09-06T17:40:00.000Z,REC_003,15640.69,2025-09-09T17:32:00.000Z
LOT_00224,COL_0027,paid,2,30.65,6668.41,Ambad,Nashik,Maharashtra,19.96034436021,73.756359924189,2025-09-05T06:51:00.000Z,REC_013,6301.95,2025-09-06T06:54:00.000Z
LOT_00225,COL_0044,paid,1,4.4,875.67,Katraj,Pune,Maharashtra,18.56660648253709,73.89828583428339,2026-06-21T16:09:00.000Z,REC_001,860.79,2026-06-24T19:32:00.000Z
LOT_00226,COL_0030,paid,1,16.61,5573.49,Satpur,Nashik,Maharashtra,19.933693400099873,73.73237406008988,2026-08-11T09:43:00.000Z,REC_013,5345.8,2026-08-11T15:58:00.000Z
LOT_00227,COL_0051,paid,2,47.48,2107.79,Kurla,Mumbai Suburban,Maharashtra,19.11357804615647,72.86968024154082,2026-05-31T16:56:00.000Z,REC_007,2009.81,2026-06-03T19:54:00.000Z
LOT_00228,COL_0015,confirmed,3,50.85,6202.16,Chikalthana,Chhatrapati Sambhajinagar,Maharashtra,19.908143242922424,75.37204891863018,2026-01-22T18:28:00.000Z,REC_016,5442.83,2026-01-23T21:39:00.000Z
LOT_00229,COL_0033,paid,1,0.18,734.98,Ulhasnagar,Thane,Maharashtra,19.265202954429387,73.02031265898644,2026-08-26T09:39:00.000Z,REC_011,719.01,2026-08-27T11:29:00.000Z
LOT_00230,COL_0010,paid,2,32.89,6757.57,Katraj,Pune,Maharashtra,18.573615283304452,73.90459375497402,2026-01-08T06:53:00.000Z,REC_005,6778.69,2026-01-09T21:50:00.000Z
LOT_00231,COL_0005,ready,2,7.32,1904.35,Butibori,Nagpur,Maharashtra,21.183299221339823,79.12194929920584,2026-07-07T12:19:00.000Z,,,2026-07-07T12:19:00.000Z
LOT_00232,COL_0055,ready,1,0.33,526.81,Malad,Mumbai Suburban,Maharashtra,19.17737718664706,72.92709946798234,2026-04-17T19:46:00.000Z,,,2026-04-17T19:46:00.000Z
LOT_00233,COL_0006,paid,2,63.54,4244.67,Bhandup,Mumbai Suburban,Maharashtra,19.03449223690331,72.79850301321298,2025-11-06T17:47:00.000Z,REC_007,3966.87,2025-11-07T13:20:00.000Z
LOT_00234,COL_0005,ready,3,55.66,4551.83,Kamptee,Nagpur,Maharashtra,21.074123272429407,79.02369094518647,2025-10-07T18:38:00.000Z,,,2025-10-07T18:38:00.000Z
LOT_00235,COL_0027,ready,2,43.32,1820.74,Panchavati,Nashik,Maharashtra,20.038962106369436,73.82711589573249,2025-10-31T10:22:00.000Z,,,2025-10-31T10:22:00.000Z
LOT_00236,COL_0021,paid,4,77.3,5564.97,Kothrud,Pune,Maharashtra,18.549551955991983,73.8829367603928,2026-06-22T10:47:00.000Z,REC_005,5305.97,2026-06-24T21:38:00.000Z
LOT_00237,COL_0031,handed_over,2,0.43,220.64,Andheri East,Mumbai Suburban,Maharashtra,19.0478934248969,72.8105640824072,2026-02-21T08:35:00.000Z,REC_008,202.68,2026-02-23T09:35:00.000Z
LOT_00238,COL_0001,paid,2,44.58,2911.6,Satpur,Nashik,Maharashtra,19.933690556697545,73.7323715010278,2025-10-31T15:42:00.000Z,REC_013,2775.83,2025-11-03T09:30:00.000Z
LOT_00239,COL_0002,confirmed,1,19.64,526.35,Malad,Mumbai Suburban,Maharashtra,19.098246244458856,72.85588162001297,2026-03-09T13:57:00.000Z,REC_007,556.41,2026-03-10T10:43:00.000Z
LOT_00240,COL_0022,confirmed,2,20.95,2154.74,Bhandup,Mumbai Suburban,Maharashtra,19.16233023092747,72.91355720783471,2026-04-14T17:56:00.000Z,REC_008,2085.56,2026-04-15T17:25:00.000Z
LOT_00241,COL_0015,confirmed,2,62.68,1454.89,Chikalthana,Chhatrapati Sambhajinagar,Maharashtra,19.902994030070307,75.36741462706327,2026-05-02T16:30:00.000Z,REC_016,1502.49,2026-05-03T22:02:00.000Z
LOT_00242,COL_0035,paid,1,1.81,132.21,Govandi,Mumbai Suburban,Maharashtra,19.087845276190343,72.84652074857131,2025-12-20T07:28:00.000Z,REC_007,140.55,2025-12-20T13:38:00.000Z
LOT_00243,COL_0018,ready,2,8.9,1614.08,Malad,Mumbai Suburban,Maharashtra,19.115498404173554,72.87140856375619,2026-06-08T13:06:00.000Z,,,2026-06-08T13:06:00.000Z
LOT_00244,COL_0045,ready,1,14.63,2456.96,Peenya,Bengaluru Urban,Karnataka,13.005216014793517,77.62485441331417,2025-11-30T06:10:00.000Z,,,2025-11-30T06:10:00.000Z
LOT_00245,COL_0012,paid,2,10.99,1395.31,Katraj,Pune,Maharashtra,18.504101346106825,73.84203121149615,2025-09-10T06:18:00.000Z,REC_001,1335.83,2025-09-10T21:25:00.000Z
LOT_00246,COL_0059,paid,1,14.16,267.52,Katraj,Pune,Maharashtra,18.46182335113138,73.80398101601824,2026-02-28T06:49:00.000Z,REC_003,246.82,2026-02-28T17:46:00.000Z
LOT_00247,COL_0008,ready,1,34.76,4662.01,Panchavati,Nashik,Maharashtra,19.986760570071635,73.78013451306447,2025-11-20T13:58:00.000Z,,,2025-11-20T13:58:00.000Z
LOT_00248,COL_0019,paid,3,37.58,5852.74,Ulhasnagar,Thane,Maharashtra,19.217812888714672,72.9776615998432,2026-03-13T09:08:00.000Z,REC_010,6178.34,2026-03-14T02:34:00.000Z
LOT_00249,COL_0051,paid,1,15.49,2475.46,Govandi,Mumbai Suburban,Maharashtra,19.09533331618309,72.85325998456477,2026-02-13T08:26:00.000Z,REC_007,2342.9,2026-02-13T17:00:00.000Z
LOT_00250,COL_0037,paid,1,24.89,1592.49,Hadapsar,Pune,Maharashtra,18.498133833752572,73.83666045037732,2026-01-13T15:29:00.000Z,REC_001,1536.06,2026-01-14T22:45:00.000Z
LOT_00251,COL_0027,paid,2,70.27,3546.74,Panchavati,Nashik,Maharashtra,19.970609890185294,73.76559890116677,2026-03-25T16:20:00.000Z,REC_013,3436.82,2026-03-25T23:51:00.000Z
LOT_00252,COL_0037,paid,2,65.72,5370.63,Katraj,Pune,Maharashtra,18.554770800182222,73.887633720164,2026-03-19T15:12:00.000Z,REC_002,4592.8,2026-03-20T02:39:00.000Z
LOT_00253,COL_0017,paid,1,1.29,66.05,Ulhasnagar,Thane,Maharashtra,19.170179337728023,72.93479140395522,2026-06-06T16:01:00.000Z,REC_010,65.63,2026-06-08T10:39:00.000Z
LOT_00254,COL_0036,ready,1,32.65,4773.43,Kurla,Mumbai Suburban,Maharashtra,19.09234267615378,72.8505684085384,2025-11-12T19:35:00.000Z,,,2025-11-12T19:35:00.000Z
LOT_00255,COL_0003,ready,2,18.72,4829.21,Katraj,Pune,Maharashtra,18.549076570951936,73.88250891385675,2025-12-10T12:45:00.000Z,,,2025-12-10T12:45:00.000Z
LOT_00256,COL_0057,paid,1,0.25,35.26,Hingna,Nagpur,Maharashtra,21.139590161572396,79.08261114541516,2025-10-15T16:35:00.000Z,REC_014,34.91,2025-10-16T09:57:00.000Z
LOT_00257,COL_0029,ready,1,12.25,4609.55,Malad,Mumbai Suburban,Maharashtra,19.09018396907151,72.84862557216435,2026-05-26T11:36:00.000Z,,,2026-05-26T11:36:00.000Z
LOT_00258,COL_0054,paid,1,8.47,936.17,Bhosari,Pune,Maharashtra,18.554234324255585,73.88715089183003,2025-10-14T18:57:00.000Z,REC_002,1023.11,2025-10-16T16:30:00.000Z
LOT_00259,COL_0005,ready,1,27.99,3289.38,Hingna,Nagpur,Maharashtra,21.079074179883303,79.02814676189497,2026-07-18T15:55:00.000Z,,,2026-07-18T15:55:00.000Z
LOT_00260,COL_0037,confirmed,1,41.84,5994.08,Pimpri,Pune,Maharashtra,18.551147888348996,73.88437309951411,2026-06-24T10:10:00.000Z,REC_001,5170.76,2026-06-26T17:37:00.000Z
LOT_00261,COL_0016,ready,1,41.52,4838.67,Andheri East,Mumbai Suburban,Maharashtra,19.12517983019948,72.88012184717952,2026-03-11T13:03:00.000Z,,,2026-03-11T13:03:00.000Z
LOT_00262,COL_0046,paid,1,1.2,86.25,Kothrud,Pune,Maharashtra,18.54842745912224,73.88192471321003,2025-09-21T09:08:00.000Z,REC_001,83.15,2025-09-21T23:57:00.000Z
LOT_00263,COL_0043,paid,1,8.39,628.83,Kothrud,Pune,Maharashtra,18.543153544524312,73.87717819007189,2026-05-16T10:47:00.000Z,REC_005,602.66,2026-05-18T23:58:00.000Z
LOT_00264,COL_0047,paid,1,35.48,2985.88,Mayapuri,New Delhi,Delhi,28.634370837615432,77.22742375385388,2026-03-28T17:43:00.000Z,REC_019,2928.22,2026-03-31T08:05:00.000Z
LOT_00265,COL_0031,paid,2,94.17,7040.14,Kurla,Mumbai Suburban,Maharashtra,19.109629255390168,72.86612632985114,2026-05-21T08:08:00.000Z,REC_007,7112.79,2026-05-22T09:33:00.000Z
LOT_00266,COL_0016,confirmed,1,0.55,63,Kurla,Mumbai Suburban,Maharashtra,19.037750006733837,72.80143500606044,2026-05-27T13:42:00.000Z,REC_007,58.99,2026-05-29T13:52:00.000Z
LOT_00267,COL_0011,confirmed,2,39.24,4875.89,Kamptee,Nagpur,Maharashtra,21.18777465259582,79.12597718733623,2026-02-11T14:00:00.000Z,REC_014,5139.99,2026-02-14T07:16:00.000Z
LOT_00268,COL_0055,ready,1,40,4924.92,Bhandup,Mumbai Suburban,Maharashtra,19.108033965794743,72.86469056921526,2026-07-26T16:55:00.000Z,,,2026-07-26T16:55:00.000Z
LOT_00269,COL_0013,ready,1,197.84,1508.45,Bommanahalli,Bengaluru Urban,Karnataka,13.036621653994919,77.65311948859542,2026-05-09T09:26:00.000Z,,,2026-05-09T09:26:00.000Z
LOT_00270,COL_0051,ready,3,9.73,664.4,Kurla,Mumbai Suburban,Maharashtra,19.07879509058446,72.83837558152601,2026-06-08T19:20:00.000Z,,,2026-06-08T19:20:00.000Z
LOT_00271,COL_0012,paid,1,4.92,165.02,Hadapsar,Pune,Maharashtra,18.450776658812163,73.79403899293095,2025-10-25T07:08:00.000Z,REC_004,163.72,2025-10-28T00:34:00.000Z
LOT_00272,COL_0050,ready,3,214.7,5149.56,Hadapsar,Pune,Maharashtra,18.460441621923444,73.8027374597311,2026-08-21T13:48:00.000Z,,,2026-08-21T13:48:00.000Z
LOT_00273,COL_0050,paid,4,49.7,6785.2,Hadapsar,Pune,Maharashtra,18.5942770019263,73.92318930173367,2025-12-28T09:54:00.000Z,REC_002,7147.6,2025-12-31T07:14:00.000Z
LOT_00274,COL_0006,paid,3,23.94,7088.81,Malad,Mumbai Suburban,Maharashtra,19.162776643751563,72.9139589793764,2025-10-17T12:53:00.000Z,REC_008,7050.86,2025-10-20T14:37:00.000Z
LOT_00275,COL_0018,ready,1,0.24,244.19,Govandi,Mumbai Suburban,Maharashtra,19.115209447672964,72.87114850290565,2026-04-01T17:52:00.000Z,,,2026-04-01T17:52:00.000Z
LOT_00276,COL_0036,paid,2,13.27,2444.61,Andheri East,Mumbai Suburban,Maharashtra,19.135399099594355,72.88931918963492,2026-07-08T19:14:00.000Z,REC_008,2382.75,2026-07-11T12:54:00.000Z
LOT_00277,COL_0004,paid,4,101.52,7558.89,Bhosari,Pune,Maharashtra,18.521450920896232,73.85764582880661,2025-11-08T09:34:00.000Z,REC_001,7448.82,2025-11-11T12:06:00.000Z
LOT_00278,COL_0030,paid,2,75.41,6908.19,Satpur,Nashik,Maharashtra,20.04216380037367,73.82999742033631,2026-06-27T13:37:00.000Z,REC_012,5939.06,2026-06-28T03:31:00.000Z
LOT_00279,COL_0059,paid,4,92.85,2722.89,Pimpri,Pune,Maharashtra,18.57945318170786,73.90984786353708,2026-02-09T16:13:00.000Z,REC_002,2811.06,2026-02-11T02:26:00.000Z
LOT_00280,COL_0047,ready,1,4.45,399.25,Seelampur,New Delhi,Delhi,28.628877089464666,77.2224793805182,2025-10-18T18:21:00.000Z,,,2025-10-18T18:21:00.000Z
LOT_00281,COL_0046,paid,1,17.13,2212.68,Bhosari,Pune,Maharashtra,18.525882226237652,73.86163400361389,2025-12-30T13:11:00.000Z,REC_001,2016.16,2025-12-30T20:51:00.000Z
LOT_00282,COL_0056,paid,1,78.14,1756.08,Bhandup,Mumbai Suburban,Maharashtra,19.161309625102582,72.91263866259231,2025-12-28T10:40:00.000Z,REC_006,1869.49,2025-12-29T01:35:00.000Z
LOT_00283,COL_0046,paid,2,2.53,442.97,Hadapsar,Pune,Maharashtra,18.474070096173882,73.8150030865565,2025-12-01T07:01:00.000Z,REC_003,448.25,2025-12-03T00:54:00.000Z
LOT_00284,COL_0024,paid,4,33.39,5059.92,Kurla,Mumbai Suburban,Maharashtra,19.10399980184287,72.86105982165857,2026-05-31T18:00:00.000Z,REC_007,4538.86,2026-06-01T23:52:00.000Z
LOT_00285,COL_0026,ready,1,31.37,11809.1,Mundka,New Delhi,Delhi,28.576453963921963,77.17529856752977,2026-07-21T15:07:00.000Z,,,2026-07-21T15:07:00.000Z
LOT_00286,COL_0055,paid,3,58.38,8807.97,Bhandup,Mumbai Suburban,Maharashtra,19.16313368648887,72.91428031783998,2026-02-22T08:07:00.000Z,REC_008,8129.3,2026-02-22T17:10:00.000Z
LOT_00287,COL_0039,paid,1,7.03,1038.95,Bhiwandi,Thane,Maharashtra,19.234355227220057,72.99254970449805,2025-09-09T15:02:00.000Z,REC_010,1015.01,2025-09-11T03:50:00.000Z
LOT_00288,COL_0055,ready,1,34.42,3439.42,Andheri East,Mumbai Suburban,Maharashtra,19.042907067506018,72.80607636075541,2025-09-15T16:52:00.000Z,,,2025-09-15T16:52:00.000Z
LOT_00289,COL_0058,paid,2,24.1,2571.01,Seelampur,New Delhi,Delhi,28.621044507505,77.2154300567545,2025-10-13T10:54:00.000Z,REC_019,2478.02,2025-10-13T21:11:00.000Z
LOT_00290,COL_0017,ready,2,44.6,9701.64,Bhiwandi,Thane,Maharashtra,19.194135802666842,72.95635222240016,2026-01-15T13:27:00.000Z,,,2026-01-15T13:27:00.000Z
LOT_00291,COL_0049,ready,2,3.03,347.54,Seelampur,New Delhi,Delhi,28.62762492313385,77.22135243082047,2025-10-31T17:34:00.000Z,,,2025-10-31T17:34:00.000Z
LOT_00292,COL_0054,paid,3,16.65,1763.28,Wagholi,Pune,Maharashtra,18.47904821381867,73.81948339243681,2026-05-11T07:49:00.000Z,REC_003,1856.46,2026-05-11T12:50:00.000Z
LOT_00293,COL_0036,paid,1,0.12,156.43,Bhandup,Mumbai Suburban,Maharashtra,19.191701285584273,72.93999115702584,2026-07-31T13:28:00.000Z,REC_008,152.3,2026-08-03T10:06:00.000Z
LOT_00294,COL_0058,ready,1,0.03,30.96,Seelampur,New Delhi,Delhi,28.56723082240075,77.16699774016068,2025-12-10T10:21:00.000Z,,,2025-12-10T10:21:00.000Z
LOT_00295,COL_0037,paid,3,49.64,5671.26,Kothrud,Pune,Maharashtra,18.440656485678254,73.78493083711044,2025-12-18T16:50:00.000Z,REC_004,5054.79,2025-12-20T15:24:00.000Z
LOT_00296,COL_0034,ready,2,74.95,2513.82,Kothrud,Pune,Maharashtra,18.542535645262895,73.87662208073661,2025-10-21T18:07:00.000Z,,,2025-10-21T18:07:00.000Z
LOT_00297,COL_0025,paid,2,41.57,531.09,Wagholi,Pune,Maharashtra,18.595958525174854,73.92470267265738,2026-04-27T07:24:00.000Z,REC_003,486.4,2026-04-29T15:05:00.000Z
LOT_00298,COL_0027,confirmed,3,18.05,2786.4,Ambad,Nashik,Maharashtra,19.933882444798947,73.73254420031905,2026-01-26T07:29:00.000Z,REC_013,2749.29,2026-01-27T16:44:00.000Z
LOT_00299,COL_0050,paid,2,0.75,217.42,Hadapsar,Pune,Maharashtra,18.464530417369303,73.80641737563238,2026-06-25T18:22:00.000Z,REC_004,219.15,2026-06-28T18:01:00.000Z
LOT_00300,COL_0025,handed_over,1,0.68,210.85,Pimpri,Pune,Maharashtra,18.465958561831712,73.80770270564855,2026-05-14T15:23:00.000Z,REC_001,204.25,2026-05-15T03:23:00.000Z
LOT_00301,COL_0019,paid,2,35.96,2994.16,Bhiwandi,Thane,Maharashtra,19.157162326815723,72.92307609413415,2026-07-09T16:00:00.000Z,REC_010,3372.98,2026-07-10T18:56:00.000Z
LOT_00302,COL_0006,paid,4,75.35,21141.11,Bhandup,Mumbai Suburban,Maharashtra,19.05208834063858,72.81433950657471,2026-05-09T06:21:00.000Z,REC_008,20116.31,2026-05-11T13:49:00.000Z
LOT_00303,COL_0048,paid,4,61.39,4442.57,Wagle Estate,Thane,Maharashtra,19.144858300517498,72.91200247046575,2025-10-14T17:54:00.000Z,REC_011,4048.12,2025-10-17T14:43:00.000Z
LOT_00304,COL_0052,paid,4,76.16,6193.03,Yelahanka,Bengaluru Urban,Karnataka,12.911254835239053,77.54028935171515,2026-06-15T10:59:00.000Z,REC_020,5691.87,2026-06-16T19:36:00.000Z
LOT_00305,COL_0059,paid,3,66.36,3010.7,Wagholi,Pune,Maharashtra,18.581843094573912,73.91199878511652,2025-10-20T10:30:00.000Z,REC_003,3294.21,2025-10-20T15:16:00.000Z
LOT_00306,COL_0030,paid,2,30.04,3254.98,Ambad,Nashik,Maharashtra,20.001933675445613,73.79379030790105,2026-05-04T08:41:00.000Z,REC_013,3593.5,2026-05-04T17:00:00.000Z
LOT_00307,COL_0042,paid,1,43.92,3336.37,Katraj,Pune,Maharashtra,18.451809580856562,73.79496862277091,2026-03-11T07:28:00.000Z,REC_002,3020.95,2026-03-14T02:47:00.000Z
LOT_00308,COL_0002,paid,3,144.23,5712.8,Malad,Mumbai Suburban,Maharashtra,19.062325076913837,72.82355256922244,2026-03-12T13:28:00.000Z,REC_007,5534.35,2026-03-13T21:53:00.000Z
LOT_00309,COL_0052,ready,4,207.64,6469.3,Bommanahalli,Bengaluru Urban,Karnataka,13.044311676917971,77.66004050922618,2025-12-26T17:31:00.000Z,,,2025-12-26T17:31:00.000Z
LOT_00310,COL_0014,paid,1,8.15,2793.17,Pimpri,Pune,Maharashtra,18.525378170990944,73.86118035389185,2025-10-06T17:47:00.000Z,REC_005,2690.77,2025-10-08T11:02:00.000Z
LOT_00311,COL_0055,paid,2,48.47,7092.95,Andheri East,Mumbai Suburban,Maharashtra,19.12217765182853,72.87741988664567,2025-11-04T17:48:00.000Z,REC_007,6359.62,2025-11-05T08:50:00.000Z
LOT_00312,COL_0019,paid,1,38.3,5777.55,Dombivli,Thane,Maharashtra,19.19685473604053,72.95879926243647,2026-04-26T11:20:00.000Z,REC_010,5421.15,2026-04-28T14:38:00.000Z
LOT_00313,COL_0038,ready,3,51.91,5060.22,Panchavati,Nashik,Maharashtra,19.956626836545762,73.75301415289118,2025-09-05T09:19:00.000Z,,,2025-09-05T09:19:00.000Z
LOT_00314,COL_0055,paid,2,16.97,1067.72,Malad,Mumbai Suburban,Maharashtra,19.05334308487028,72.81546877638324,2025-12-29T17:10:00.000Z,REC_007,1037.47,2026-01-01T12:00:00.000Z
LOT_00315,COL_0053,ready,2,36.64,3136.29,Panchavati,Nashik,Maharashtra,19.992353296577928,73.78516796692014,2025-12-09T19:41:00.000Z,,,2025-12-09T19:41:00.000Z
LOT_00316,COL_0057,paid,2,46.39,6136.05,Kamptee,Nagpur,Maharashtra,21.12412751363516,79.06869476227165,2026-07-19T09:36:00.000Z,REC_014,6236.16,2026-07-20T08:32:00.000Z
LOT_00317,COL_0007,ready,1,1.86,220.01,Bhiwandi,Thane,Maharashtra,19.24958250967711,73.0062542587094,2025-09-15T06:52:00.000Z,,,2025-09-15T06:52:00.000Z
LOT_00318,COL_0039,paid,1,26.46,2707.12,Bhiwandi,Thane,Maharashtra,19.15311532149017,72.91943378934116,2025-10-16T19:09:00.000Z,REC_010,3248.54,2025-10-17T13:09:00.000Z
LOT_00319,COL_0055,ready,2,37.7,5481.6,Govandi,Mumbai Suburban,Maharashtra,19.16813689560294,72.91878320604265,2025-11-04T16:58:00.000Z,,,2025-11-04T16:58:00.000Z
LOT_00320,COL_0009,handed_over,3,14.58,1187.48,Satpur,Nashik,Maharashtra,20.015958582684398,73.80641272441596,2026-06-03T18:03:00.000Z,REC_013,1041.25,2026-06-03T22:03:00.000Z
LOT_00321,COL_0058,ready,1,3.78,480.28,Seelampur,New Delhi,Delhi,28.54303513746113,77.14522162371502,2025-09-22T19:37:00.000Z,,,2025-09-22T19:37:00.000Z
LOT_00322,COL_0004,ready,2,93.46,8418.46,Wagholi,Pune,Maharashtra,18.57407806185037,73.90501025566533,2026-06-23T16:08:00.000Z,,,2026-06-23T16:08:00.000Z
LOT_00323,COL_0008,handed_over,1,3.73,841.23,Ambad,Nashik,Maharashtra,20.0597699669376,73.84584297024384,2025-09-29T09:15:00.000Z,REC_013,732,2025-10-01T14:15:00.000Z
LOT_00324,COL_0007,paid,1,11.27,107.2,Wagle Estate,Thane,Maharashtra,19.23299528544694,72.99132575690224,2026-01-04T09:08:00.000Z,REC_010,95.54,2026-01-05T08:38:00.000Z
LOT_00325,COL_0014,paid,2,47.43,1279.72,Pimpri,Pune,Maharashtra,18.469460096628964,73.81085408696607,2026-06-01T19:12:00.000Z,REC_001,1183.22,2026-06-02T08:38:00.000Z
LOT_00326,COL_0007,confirmed,3,265.82,5720.89,Ulhasnagar,Thane,Maharashtra,19.21108733614832,72.9716086025335,2026-08-18T19:23:00.000Z,REC_010,5376.24,2026-08-19T01:15:00.000Z
LOT_00327,COL_0053,handed_over,1,2.78,284.48,Satpur,Nashik,Maharashtra,20.014163600616154,73.80479724055454,2026-06-07T10:43:00.000Z,REC_013,285.18,2026-06-08T07:43:00.000Z
LOT_00328,COL_0056,paid,3,82.84,10465.98,Kurla,Mumbai Suburban,Maharashtra,19.1557326905489,72.907619421494,2026-01-17T10:00:00.000Z,REC_007,10142.81,2026-01-17T19:32:00.000Z
LOT_00329,COL_0057,ready,3,2.46,701.04,Kamptee,Nagpur,Maharashtra,21.130624168570343,79.07454175171331,2026-07-31T08:33:00.000Z,,,2026-07-31T08:33:00.000Z
LOT_00330,COL_0004,paid,1,0.14,147.32,Wagholi,Pune,Maharashtra,18.56174011596441,73.89390610436797,2026-01-22T10:21:00.000Z,REC_005,146.01,2026-01-23T16:59:00.000Z
LOT_00331,COL_0006,paid,1,1.73,351.62,Kurla,Mumbai Suburban,Maharashtra,19.125947796037796,72.880813016434,2026-03-21T14:23:00.000Z,REC_007,305.88,2026-03-23T09:54:00.000Z
LOT_00332,COL_0051,ready,1,33.55,3987.44,Kurla,Mumbai Suburban,Maharashtra,19.08145866715014,72.84077280043512,2025-12-17T08:05:00.000Z,,,2025-12-17T08:05:00.000Z
LOT_00333,COL_0018,ready,1,35.15,7118.58,Andheri East,Mumbai Suburban,Maharashtra,19.082277263334394,72.84150953700095,2025-11-23T08:11:00.000Z,,,2025-11-23T08:11:00.000Z
LOT_00334,COL_0022,handed_over,2,32.35,706.52,Andheri East,Mumbai Suburban,Maharashtra,19.07182563800961,72.83210307420865,2025-09-17T08:40:00.000Z,REC_008,636.71,2025-09-18T00:40:00.000Z
LOT_00335,COL_0040,handed_over,2,5.92,740.78,Kurla,Mumbai Suburban,Maharashtra,19.09538984306753,72.85331085876076,2026-02-25T10:42:00.000Z,REC_008,651.33,2026-02-25T19:42:00.000Z
LOT_00336,COL_0040,paid,4,70.28,13843.79,Kurla,Mumbai Suburban,Maharashtra,19.133685071325303,72.88777656419276,2026-07-10T07:54:00.000Z,REC_007,13595.39,2026-07-11T22:47:00.000Z
LOT_00337,COL_0034,ready,2,10.01,3371.82,Kothrud,Pune,Maharashtra,18.532233128668366,73.86734981580153,2026-05-10T18:32:00.000Z,,,2026-05-10T18:32:00.000Z
LOT_00338,COL_0018,paid,2,5.57,599.24,Govandi,Mumbai Suburban,Maharashtra,19.08427243117839,72.84330518806054,2026-04-04T19:22:00.000Z,REC_007,619.76,2026-04-06T10:08:00.000Z
LOT_00339,COL_0031,handed_over,2,16.66,1967.53,Andheri East,Mumbai Suburban,Maharashtra,19.139004438190163,72.89256399437114,2026-06-05T17:43:00.000Z,REC_008,1854.48,2026-06-07T13:43:00.000Z
LOT_00340,COL_0059,confirmed,1,0.02,85.24,Katraj,Pune,Maharashtra,18.471454526790975,73.81264907411189,2026-02-03T12:32:00.000Z,REC_005,85.07,2026-02-04T01:12:00.000Z
LOT_00341,COL_0042,confirmed,1,0.81,251.25,Kothrud,Pune,Maharashtra,18.48708604366481,73.82671743929833,2025-11-18T15:15:00.000Z,REC_005,255.49,2025-11-19T08:02:00.000Z
LOT_00342,COL_0051,confirmed,3,3.26,280.54,Bhandup,Mumbai Suburban,Maharashtra,19.12287560705692,72.87804804635122,2026-01-06T11:00:00.000Z,REC_008,256.91,2026-01-08T00:30:00.000Z
LOT_00343,COL_0003,ready,2,53.69,1267.89,Hadapsar,Pune,Maharashtra,18.53451210056394,73.86940089050755,2026-01-05T08:00:00.000Z,,,2026-01-05T08:00:00.000Z
LOT_00344,COL_0017,paid,1,6.32,1734.76,Dombivli,Thane,Maharashtra,19.163576364982127,72.92884872848391,2025-11-20T18:33:00.000Z,REC_011,1587.16,2025-11-21T03:43:00.000Z
LOT_00345,COL_0043,paid,3,45.48,7716.41,Bhosari,Pune,Maharashtra,18.57469101858288,73.9055619167246,2025-11-14T19:07:00.000Z,REC_003,7827.43,2025-11-16T10:42:00.000Z
LOT_00346,COL_0025,paid,2,6.71,612.85,Wagholi,Pune,Maharashtra,18.578046839693187,73.90858215572388,2025-11-20T07:06:00.000Z,REC_002,580.35,2025-11-23T04:13:00.000Z
LOT_00347,COL_0052,ready,3,83.85,4841.62,Yelahanka,Bengaluru Urban,Karnataka,13.025184925457836,77.64282643291205,2026-06-25T18:37:00.000Z,,,2026-06-25T18:37:00.000Z
LOT_00348,COL_0020,paid,2,23.63,2831.28,Wagle Estate,Thane,Maharashtra,19.26078310703784,73.01633479633405,2025-11-03T06:37:00.000Z,REC_011,2369.27,2025-11-06T06:18:00.000Z
LOT_00349,COL_0020,paid,2,7.94,3135.87,Dombivli,Thane,Maharashtra,19.23652476878762,72.99450229190886,2025-11-16T15:20:00.000Z,REC_010,3226.63,2025-11-19T12:29:00.000Z
LOT_00350,COL_0059,paid,1,3.02,846.23,Katraj,Pune,Maharashtra,18.562922876113653,73.89497058850229,2026-05-06T17:18:00.000Z,REC_003,818.18,2026-05-09T05:07:00.000Z
LOT_00351,COL_0028,paid,2,14.41,895.65,Andheri East,Mumbai Suburban,Maharashtra,19.107428832209113,72.8641459489882,2026-03-21T07:45:00.000Z,REC_007,935.88,2026-03-23T08:33:00.000Z
LOT_00352,COL_0023,paid,1,29.48,408.3,Mayapuri,New Delhi,Delhi,28.67440008773804,77.26345007896424,2026-07-23T19:46:00.000Z,REC_019,448.44,2026-07-26T00:09:00.000Z
LOT_00353,COL_0017,paid,2,39.6,4410.75,Ulhasnagar,Thane,Maharashtra,19.166579675878584,72.93155170829073,2026-02-12T11:18:00.000Z,REC_011,3878.34,2026-02-14T00:20:00.000Z
LOT_00354,COL_0038,ready,2,20.04,2836.34,Panchavati,Nashik,Maharashtra,20.03770491808653,73.82598442627787,2026-04-11T10:31:00.000Z,,,2026-04-11T10:31:00.000Z
LOT_00355,COL_0005,ready,3,35.14,7442.91,Butibori,Nagpur,Maharashtra,21.142147840018573,79.08491305601672,2025-12-12T14:53:00.000Z,,,2025-12-12T14:53:00.000Z
LOT_00356,COL_0004,confirmed,1,23.53,3216.32,Wagholi,Pune,Maharashtra,18.465228222244978,73.80704540002048,2026-01-08T16:46:00.000Z,REC_002,2925.96,2026-01-10T13:55:00.000Z
LOT_00357,COL_0015,paid,1,36.47,191.98,Chikalthana,Chhatrapati Sambhajinagar,Maharashtra,19.81271390746236,75.28616251671612,2026-08-08T11:02:00.000Z,REC_016,164.71,2026-08-09T04:45:00.000Z
LOT_00358,COL_0016,ready,1,17.95,474.06,Malad,Mumbai Suburban,Maharashtra,19.161133676326276,72.91248030869365,2025-10-28T06:28:00.000Z,,,2025-10-28T06:28:00.000Z
LOT_00359,COL_0005,paid,4,189.31,5247.09,Butibori,Nagpur,Maharashtra,21.179410485568646,79.11844943701178,2026-07-26T17:42:00.000Z,REC_014,5384.04,2026-07-28T00:49:00.000Z
LOT_00360,COL_0012,paid,2,109.59,1742.6,Kothrud,Pune,Maharashtra,18.498261496098337,73.83677534648851,2026-02-20T16:47:00.000Z,REC_003,1974.27,2026-02-23T14:02:00.000Z
LOT_00361,COL_0006,handed_over,1,24.81,306.16,Andheri East,Mumbai Suburban,Maharashtra,19.063418161502483,72.82453634535223,2026-07-01T10:32:00.000Z,REC_007,312.24,2026-07-02T16:32:00.000Z
LOT_00362,COL_0020,paid,1,37.59,888.63,Ulhasnagar,Thane,Maharashtra,19.14358134021908,72.91085320619717,2025-11-15T17:54:00.000Z,REC_010,982.16,2025-11-16T08:31:00.000Z
LOT_00363,COL_0045,paid,2,29.77,4269.25,Yelahanka,Bengaluru Urban,Karnataka,12.919781140497328,77.54796302644759,2025-12-19T14:52:00.000Z,REC_021,4715.09,2025-12-22T06:28:00.000Z
LOT_00364,COL_0040,paid,2,17.92,2935.1,Malad,Mumbai Suburban,Maharashtra,19.114115143536033,72.87016362918243,2026-04-16T14:23:00.000Z,REC_008,2526.66,2026-04-17T11:25:00.000Z
LOT_00365,COL_0053,paid,2,17.21,1687.86,Ambad,Nashik,Maharashtra,19.999534425921738,73.79163098332957,2026-03-19T16:55:00.000Z,REC_013,1477.79,2026-03-19T22:23:00.000Z
LOT_00366,COL_0010,handed_over,4,36.32,3955.34,Bhosari,Pune,Maharashtra,18.583915503145754,73.91386395283118,2025-10-10T16:59:00.000Z,REC_002,3621.57,2025-10-12T16:59:00.000Z
LOT_00367,COL_0053,paid,3,135.13,12923.75,Satpur,Nashik,Maharashtra,19.923368066065013,73.72308125945851,2026-05-07T10:23:00.000Z,REC_012,12418.52,2026-05-08T16:25:00.000Z
LOT_00368,COL_0040,paid,2,24.12,3353.27,Bhandup,Mumbai Suburban,Maharashtra,19.154349045163396,72.90637414064705,2026-06-15T13:12:00.000Z,REC_008,3215.4,2026-06-16T05:48:00.000Z
LOT_00369,COL_0014,paid,4,60.44,9857.59,Hadapsar,Pune,Maharashtra,18.46853515614718,73.81002164053247,2026-02-08T14:09:00.000Z,REC_003,9364.32,2026-02-10T07:56:00.000Z
LOT_00370,COL_0021,paid,1,0.27,876.67,Katraj,Pune,Maharashtra,18.53311735023707,73.86814561521336,2026-07-16T16:03:00.000Z,REC_004,901.72,2026-07-19T03:36:00.000Z
LOT_00371,COL_0042,ready,3,62.84,6339.93,Wagholi,Pune,Maharashtra,18.52562922877222,73.861406305895,2025-09-09T10:48:00.000Z,,,2025-09-09T10:48:00.000Z
LOT_00372,COL_0041,paid,1,34.52,3177.79,Bommanahalli,Bengaluru Urban,Karnataka,12.966702148875594,77.59019193398804,2026-06-28T17:06:00.000Z,REC_020,3133.75,2026-07-01T02:04:00.000Z
LOT_00373,COL_0027,handed_over,2,36.9,3714.22,Ambad,Nashik,Maharashtra,19.96216867223382,73.75800180501044,2025-10-17T13:25:00.000Z,REC_013,3630.5,2025-10-20T13:25:00.000Z
LOT_00374,COL_0006,paid,2,0.17,598.38,Bhandup,Mumbai Suburban,Maharashtra,19.165572932480277,72.91647563923225,2026-03-02T16:18:00.000Z,REC_008,531.83,2026-03-03T13:59:00.000Z
LOT_00375,COL_0010,paid,1,28.56,2833.57,Wagholi,Pune,Maharashtra,18.564725806908307,73.89659322621748,2025-10-19T10:44:00.000Z,REC_003,2783.27,2025-10-20T06:06:00.000Z
LOT_00376,COL_0029,paid,2,1.18,121.39,Andheri East,Mumbai Suburban,Maharashtra,19.099149458414317,72.85669451257287,2025-10-17T16:18:00.000Z,REC_008,124.65,2025-10-18T11:07:00.000Z
LOT_00377,COL_0054,paid,3,143.11,3351.25,Bhosari,Pune,Maharashtra,18.47184448045641,73.81300003241077,2025-12-04T07:58:00.000Z,REC_004,3309.84,2025-12-05T20:37:00.000Z
LOT_00378,COL_0015,ready,1,7.68,2563.35,Waluj,Chhatrapati Sambhajinagar,Maharashtra,19.907019299370052,75.37103736943304,2026-07-27T07:04:00.000Z,,,2026-07-27T07:04:00.000Z
LOT_00379,COL_0035,ready,1,1.15,286.16,Kurla,Mumbai Suburban,Maharashtra,19.13557636138648,72.88947872524783,2026-08-05T14:15:00.000Z,,,2026-08-05T14:15:00.000Z
LOT_00380,COL_0016,paid,2,28.2,858.06,Malad,Mumbai Suburban,Maharashtra,19.05859769382179,72.8201979244396,2026-07-07T10:45:00.000Z,REC_006,832.51,2026-07-08T15:48:00.000Z
LOT_00381,COL_0049,handed_over,3,73.53,1266.61,Mayapuri,New Delhi,Delhi,28.585928153799475,77.18382533841952,2026-05-20T11:42:00.000Z,REC_019,1158.01,2026-05-21T13:42:00.000Z
LOT_00382,COL_0039,paid,2,21.79,2765.63,Dombivli,Thane,Maharashtra,19.151815804000197,72.91826422360018,2026-07-17T12:36:00.000Z,REC_010,2438.64,2026-07-18T06:11:00.000Z
LOT_00383,COL_0024,paid,1,13.47,162.93,Malad,Mumbai Suburban,Maharashtra,19.192503210386636,72.94071288934796,2025-10-27T18:34:00.000Z,REC_007,166.1,2025-10-28T18:51:00.000Z
LOT_00384,COL_0051,paid,1,0.15,627.39,Malad,Mumbai Suburban,Maharashtra,19.136366047231856,72.89018944250866,2025-11-19T10:23:00.000Z,REC_008,652.97,2025-11-21T17:41:00.000Z
LOT_00385,COL_0031,paid,1,8.41,678.62,Andheri East,Mumbai Suburban,Maharashtra,19.036139105676117,72.79998519510849,2026-02-11T06:55:00.000Z,REC_007,721.8,2026-02-12T05:06:00.000Z
LOT_00386,COL_0004,ready,1,1,262.02,Wagholi,Pune,Maharashtra,18.50838384349793,73.84588545914814,2026-04-22T07:26:00.000Z,,,2026-04-22T07:26:00.000Z
LOT_00387,COL_0030,paid,1,8.37,258.72,Ambad,Nashik,Maharashtra,20.042130196131765,73.8299671765186,2026-07-05T09:54:00.000Z,REC_012,244.84,2026-07-07T03:26:00.000Z
LOT_00388,COL_0004,ready,3,28.75,2180.6,Wagholi,Pune,Maharashtra,18.539074267083404,73.87350684037507,2026-03-10T11:23:00.000Z,,,2026-03-10T11:23:00.000Z
LOT_00389,COL_0030,paid,1,22.88,4524.29,Ambad,Nashik,Maharashtra,19.98349281746894,73.77719353572205,2026-07-29T06:05:00.000Z,REC_013,4594.42,2026-08-01T06:07:00.000Z
LOT_00390,COL_0036,paid,4,44.17,1694.31,Govandi,Mumbai Suburban,Maharashtra,19.127113299152256,72.88186196923702,2025-09-09T13:39:00.000Z,REC_008,1618.09,2025-09-10T00:07:00.000Z
LOT_00391,COL_0007,confirmed,3,71.55,3791.32,Dombivli,Thane,Maharashtra,19.276650832089782,73.0306157488808,2026-03-11T16:37:00.000Z,REC_011,3558.33,2026-03-14T15:32:00.000Z
LOT_00392,COL_0017,ready,4,89.78,7577.51,Wagle Estate,Thane,Maharashtra,19.240552170629798,72.99812695356681,2025-11-28T11:07:00.000Z,,,2025-11-28T11:07:00.000Z
LOT_00393,COL_0009,paid,1,14.94,2029.27,Panchavati,Nashik,Maharashtra,20.009321247152982,73.80043912243768,2025-10-31T07:06:00.000Z,REC_013,2105.73,2025-11-01T01:30:00.000Z
LOT_00394,COL_0040,paid,3,1.66,428.03,Bhandup,Mumbai Suburban,Maharashtra,19.189214304579796,72.93775287412181,2025-09-22T11:35:00.000Z,REC_008,409.11,2025-09-22T17:45:00.000Z
LOT_00395,COL_0034,paid,1,0.02,65.78,Hadapsar,Pune,Maharashtra,18.4636947390154,73.80566526511386,2026-05-28T11:20:00.000Z,REC_005,57.49,2026-05-29T20:41:00.000Z
LOT_00396,COL_0060,ready,3,14.21,1542.19,Hingna,Nagpur,Maharashtra,21.188084227944913,79.12625580515042,2025-12-09T09:37:00.000Z,,,2025-12-09T09:37:00.000Z
LOT_00397,COL_0002,paid,1,34.85,412.62,Bhandup,Mumbai Suburban,Maharashtra,19.0461246848166,72.80897221633494,2026-06-30T06:03:00.000Z,REC_007,376.62,2026-07-03T03:54:00.000Z
LOT_00398,COL_0025,ready,1,12.33,1651.71,Wagholi,Pune,Maharashtra,18.559242383511364,73.89165814516024,2026-03-29T17:22:00.000Z,,,2026-03-29T17:22:00.000Z
LOT_00399,COL_0014,confirmed,4,73.2,10772.86,Katraj,Pune,Maharashtra,18.531254390114544,73.8664689511031,2025-10-18T09:10:00.000Z,REC_001,10780.64,2025-10-20T17:11:00.000Z
LOT_00400,COL_0047,paid,2,39.43,5209.3,Mundka,New Delhi,Delhi,28.64621626752764,77.23808464077487,2026-02-10T10:25:00.000Z,REC_019,5271.44,2026-02-12T21:17:00.000Z
LOT_00401,COL_0008,paid,3,27.62,6255.83,Satpur,Nashik,Maharashtra,19.95017723660916,73.74720951294825,2026-03-01T08:05:00.000Z,REC_013,6034.79,2026-03-02T03:54:00.000Z
LOT_00402,COL_0050,paid,2,53.61,4266.72,Kothrud,Pune,Maharashtra,18.59766536720991,73.92623883048893,2025-12-24T12:21:00.000Z,REC_003,3935.77,2025-12-25T15:38:00.000Z
LOT_00403,COL_0013,paid,1,3.33,80.42,Peenya,Bengaluru Urban,Karnataka,13.014002538396419,77.63276228455678,2025-12-31T09:02:00.000Z,REC_021,75.45,2026-01-02T05:45:00.000Z
LOT_00404,COL_0020,paid,3,46.4,3880.21,Bhiwandi,Thane,Maharashtra,19.20807409169078,72.9688966825217,2026-07-18T10:08:00.000Z,REC_010,4106.78,2026-07-21T00:39:00.000Z
LOT_00405,COL_0038,paid,2,47.22,13391.63,Satpur,Nashik,Maharashtra,19.99528289090842,73.78780460181758,2026-07-18T07:21:00.000Z,REC_013,13291.42,2026-07-18T13:15:00.000Z
LOT_00406,COL_0002,paid,1,39.96,1043.36,Malad,Mumbai Suburban,Maharashtra,19.146437369292975,72.89925363236367,2026-06-14T06:55:00.000Z,REC_007,1016.59,2026-06-15T18:39:00.000Z
LOT_00407,COL_0044,paid,1,36.88,1238.43,Wagholi,Pune,Maharashtra,18.58626075015366,73.9159746751383,2026-01-19T11:17:00.000Z,REC_004,1138.13,2026-01-21T19:12:00.000Z
LOT_00408,COL_0027,paid,2,8.08,985.74,Satpur,Nashik,Maharashtra,19.978948953486977,73.77310405813829,2026-01-18T10:52:00.000Z,REC_013,1069.55,2026-01-18T17:54:00.000Z
LOT_00409,COL_0001,confirmed,2,39.46,11388.22,Satpur,Nashik,Maharashtra,20.06835376728326,73.85356839055494,2025-11-28T18:29:00.000Z,REC_012,10393.07,2025-11-30T15:15:00.000Z
LOT_00410,COL_0019,paid,3,148.03,3363.31,Bhiwandi,Thane,Maharashtra,19.275471645089983,73.02955448058098,2025-10-30T08:06:00.000Z,REC_011,3354.66,2025-10-31T09:23:00.000Z
LOT_00411,COL_0039,paid,2,20.25,8335.34,Wagle Estate,Thane,Maharashtra,19.14829979957938,72.91509981962145,2026-03-30T10:39:00.000Z,REC_011,8275.56,2026-03-30T15:56:00.000Z
LOT_00412,COL_0022,paid,1,0.04,52.16,Andheri East,Mumbai Suburban,Maharashtra,19.065932199141386,72.82679897922723,2025-12-07T13:00:00.000Z,REC_008,50.3,2025-12-10T10:26:00.000Z
LOT_00413,COL_0041,paid,4,63.4,10655.79,Yelahanka,Bengaluru Urban,Karnataka,12.991800926624238,77.61278083396182,2025-11-16T18:15:00.000Z,REC_021,11451.47,2025-11-19T08:54:00.000Z
LOT_00414,COL_0057,ready,2,244.7,3588.12,Kamptee,Nagpur,Maharashtra,21.0777657195732,79.02696914761589,2026-05-29T09:25:00.000Z,,,2026-05-29T09:25:00.000Z
LOT_00415,COL_0002,ready,1,4,488.8,Govandi,Mumbai Suburban,Maharashtra,19.080583003243806,72.83998470291942,2026-02-11T11:16:00.000Z,,,2026-02-11T11:16:00.000Z
LOT_00416,COL_0033,paid,1,28.58,978.29,Dombivli,Thane,Maharashtra,19.193410296048224,72.9556992664434,2026-02-23T07:55:00.000Z,REC_010,887.04,2026-02-24T13:54:00.000Z
LOT_00417,COL_0034,confirmed,1,27.77,677.45,Katraj,Pune,Maharashtra,18.514451354303954,73.85134621887356,2026-06-07T13:52:00.000Z,REC_003,545.19,2026-06-09T07:07:00.000Z
LOT_00418,COL_0026,paid,1,36.85,3755.75,Seelampur,New Delhi,Delhi,28.688127836690843,77.27580505302176,2026-04-02T15:46:00.000Z,REC_019,3334.29,2026-04-03T17:44:00.000Z
LOT_00419,COL_0039,paid,3,70.81,8850.57,Bhiwandi,Thane,Maharashtra,19.18277571378201,72.94612814240381,2026-02-04T14:28:00.000Z,REC_010,8497.75,2026-02-06T05:26:00.000Z
LOT_00420,COL_0040,confirmed,1,8.55,2517.79,Kurla,Mumbai Suburban,Maharashtra,19.168230506299437,72.91886745566948,2025-10-26T16:52:00.000Z,REC_008,2496.91,2025-10-27T05:43:00.000Z
LOT_00421,COL_0059,paid,1,1.42,242.66,Katraj,Pune,Maharashtra,18.541199678973854,73.87541971107647,2025-11-18T13:34:00.000Z,REC_004,257.02,2025-11-20T03:18:00.000Z
LOT_00422,COL_0052,ready,1,10.67,1423.18,Bommanahalli,Bengaluru Urban,Karnataka,12.95654806587696,77.58105325928926,2026-01-18T14:36:00.000Z,,,2026-01-18T14:36:00.000Z
LOT_00423,COL_0050,paid,2,21.72,967.25,Wagholi,Pune,Maharashtra,18.485936481291056,73.82568283316195,2025-10-18T06:27:00.000Z,REC_002,945.71,2025-10-19T07:33:00.000Z
LOT_00424,COL_0055,paid,1,43.42,523.84,Bhandup,Mumbai Suburban,Maharashtra,19.068412008626762,72.82903080776408,2025-12-11T08:14:00.000Z,REC_007,570.78,2025-12-12T10:11:00.000Z
LOT_00425,COL_0056,confirmed,3,77.76,7841.91,Govandi,Mumbai Suburban,Maharashtra,19.12797676716596,72.88263909044936,2025-10-02T16:51:00.000Z,REC_007,7428.47,2025-10-04T21:50:00.000Z
LOT_00426,COL_0053,paid,3,43.03,1158.58,Ambad,Nashik,Maharashtra,20.068408016636965,73.85361721497327,2025-10-22T18:08:00.000Z,REC_012,1182.83,2025-10-24T00:41:00.000Z
LOT_00427,COL_0040,ready,1,0.19,34.44,Kurla,Mumbai Suburban,Maharashtra,19.151405902808907,72.90372531252801,2026-07-01T07:19:00.000Z,,,2026-07-01T07:19:00.000Z
LOT_00428,COL_0044,paid,1,1.97,538.25,Bhosari,Pune,Maharashtra,18.45439463959038,73.79729517563135,2026-01-10T07:16:00.000Z,REC_002,538.11,2026-01-12T08:28:00.000Z
LOT_00429,COL_0022,paid,2,41.82,7124.89,Bhandup,Mumbai Suburban,Maharashtra,19.04092290878892,72.80429061791003,2026-08-28T18:14:00.000Z,REC_008,6133.38,2026-08-31T13:20:00.000Z
LOT_00430,COL_0005,ready,3,6.83,444.77,Butibori,Nagpur,Maharashtra,21.225332911367715,79.15977962023095,2026-02-03T10:02:00.000Z,,,2026-02-03T10:02:00.000Z
LOT_00431,COL_0029,paid,2,21.28,4468.99,Govandi,Mumbai Suburban,Maharashtra,19.188927364169064,72.93749462775214,2026-03-03T14:19:00.000Z,REC_008,4208.04,2026-03-05T06:33:00.000Z
LOT_00432,COL_0020,paid,2,13.93,1589.74,Dombivli,Thane,Maharashtra,19.190526444371045,72.95310379993394,2026-05-07T17:58:00.000Z,REC_011,1409.35,2026-05-10T03:20:00.000Z
LOT_00433,COL_0051,paid,3,0.44,492.08,Andheri East,Mumbai Suburban,Maharashtra,19.081959158560636,72.84122324270456,2026-06-25T17:41:00.000Z,REC_008,483.59,2026-06-28T09:38:00.000Z
LOT_00434,COL_0046,ready,1,27.67,5185.08,Wagholi,Pune,Maharashtra,18.4599145701617,73.80226311314553,2025-12-05T12:44:00.000Z,,,2025-12-05T12:44:00.000Z
LOT_00435,COL_0016,handed_over,1,3.46,554.95,Andheri East,Mumbai Suburban,Maharashtra,19.088114195621014,72.84676277605891,2025-12-13T09:47:00.000Z,REC_008,570.13,2025-12-16T05:47:00.000Z
LOT_00436,COL_0016,confirmed,3,36.66,7505.51,Govandi,Mumbai Suburban,Maharashtra,19.054860217130187,72.81683419541716,2026-04-20T15:10:00.000Z,REC_007,7433.84,2026-04-22T02:31:00.000Z
LOT_00437,COL_0043,paid,2,71.11,14955.95,Bhosari,Pune,Maharashtra,18.494392123678324,73.8332929113105,2026-04-04T10:22:00.000Z,REC_002,13717.38,2026-04-06T05:43:00.000Z
LOT_00438,COL_0039,confirmed,1,0.36,29.32,Wagle Estate,Thane,Maharashtra,19.21383793415427,72.97408414073884,2026-07-18T17:44:00.000Z,REC_010,26.65,2026-07-20T15:40:00.000Z
LOT_00439,COL_0004,paid,2,0.49,1073.15,Pimpri,Pune,Maharashtra,18.47196999286264,73.81311299357638,2026-03-20T12:40:00.000Z,REC_004,1107.59,2026-03-22T13:10:00.000Z
LOT_00440,COL_0014,paid,1,0.33,448.23,Hadapsar,Pune,Maharashtra,18.550547517435252,73.88383276569174,2025-11-28T06:32:00.000Z,REC_005,497.87,2025-11-29T18:01:00.000Z
LOT_00441,COL_0007,paid,1,31.12,1017.62,Dombivli,Thane,Maharashtra,19.26079789342284,73.01634810408055,2026-01-24T06:27:00.000Z,REC_010,979.27,2026-01-27T05:30:00.000Z
LOT_00442,COL_0024,handed_over,2,10.71,1247.89,Bhandup,Mumbai Suburban,Maharashtra,19.042442006213964,72.80565780559256,2026-04-15T11:28:00.000Z,REC_008,1226.88,2026-04-17T18:28:00.000Z
LOT_00443,COL_0004,paid,2,19.39,838.06,Katraj,Pune,Maharashtra,18.599214873546362,73.92763338619173,2025-12-13T17:21:00.000Z,REC_001,806.46,2025-12-15T09:08:00.000Z
LOT_00444,COL_0013,handed_over,1,0.13,24.72,Yelahanka,Bengaluru Urban,Karnataka,12.981970708145202,77.60393363733068,2025-09-18T12:32:00.000Z,REC_020,21.99,2025-09-21T03:32:00.000Z
LOT_00445,COL_0053,paid,2,83.5,18697.77,Satpur,Nashik,Maharashtra,20.051167592555284,73.83810083329976,2025-11-02T06:52:00.000Z,REC_013,17831.8,2025-11-04T19:04:00.000Z
LOT_00446,COL_0057,ready,2,22.71,3938.66,Kamptee,Nagpur,Maharashtra,21.197576697933677,79.1347990281403,2026-01-25T12:05:00.000Z,,,2026-01-25T12:05:00.000Z
LOT_00447,COL_0052,paid,1,33.6,7220.76,Yelahanka,Bengaluru Urban,Karnataka,12.901009983493388,77.53106898514405,2025-12-27T16:21:00.000Z,REC_020,7248.37,2025-12-30T06:59:00.000Z
LOT_00448,COL_0037,paid,1,12.79,1719.74,Bhosari,Pune,Maharashtra,18.460893846535683,73.80314446188211,2026-08-07T06:03:00.000Z,REC_003,1653.08,2026-08-08T07:12:00.000Z
LOT_00449,COL_0051,handed_over,1,0.17,710.73,Kurla,Mumbai Suburban,Maharashtra,19.144836556097868,72.89781290048808,2026-05-04T11:19:00.000Z,REC_008,663.45,2026-05-05T08:19:00.000Z
LOT_00450,COL_0055,paid,2,48.55,17587.72,Bhandup,Mumbai Suburban,Maharashtra,19.114881795576217,72.8708536160186,2025-11-18T16:43:00.000Z,REC_008,16098.23,2025-11-19T15:04:00.000Z
LOT_00451,COL_0056,paid,2,0.46,257.88,Malad,Mumbai Suburban,Maharashtra,19.16417732321322,72.9152195908919,2025-12-17T06:44:00.000Z,REC_008,232.58,2025-12-20T01:33:00.000Z
LOT_00452,COL_0047,ready,1,26.93,12306.47,Seelampur,New Delhi,Delhi,28.682190210925043,77.27046118983255,2026-04-22T08:43:00.000Z,,,2026-04-22T08:43:00.000Z
LOT_00453,COL_0020,paid,1,5.44,366.59,Dombivli,Thane,Maharashtra,19.152376908454297,72.91876921760887,2026-01-23T09:43:00.000Z,REC_011,374.95,2026-01-26T02:31:00.000Z
LOT_00454,COL_0045,confirmed,2,148.02,1227.55,Peenya,Bengaluru Urban,Karnataka,13.042813022992016,77.65869172069281,2025-12-26T14:56:00.000Z,REC_020,1313.04,2025-12-27T06:09:00.000Z
LOT_00455,COL_0025,confirmed,1,62.85,5923.3,Katraj,Pune,Maharashtra,18.51945944112688,73.8558534970142,2025-10-03T10:37:00.000Z,REC_002,6279.21,2025-10-03T19:58:00.000Z
LOT_00456,COL_0023,paid,2,34.71,1544.2,Seelampur,New Delhi,Delhi,28.596158813381194,77.19303293204308,2026-07-06T10:13:00.000Z,REC_019,1513.46,2026-07-07T10:45:00.000Z
LOT_00457,COL_0038,paid,1,0.11,412.85,Panchavati,Nashik,Maharashtra,20.051826672181488,73.83869400496334,2026-01-20T07:26:00.000Z,REC_013,422.23,2026-01-21T14:05:00.000Z
LOT_00458,COL_0020,confirmed,1,39.37,8311.01,Ulhasnagar,Thane,Maharashtra,19.28169406546205,73.03515465891584,2025-11-17T07:57:00.000Z,REC_010,8467.03,2025-11-19T03:04:00.000Z
LOT_00459,COL_0042,paid,2,39.95,4011.12,Katraj,Pune,Maharashtra,18.564539218367635,73.89642529653088,2026-02-01T13:28:00.000Z,REC_003,4057.16,2026-02-02T13:43:00.000Z
LOT_00460,COL_0028,paid,1,19.51,426.1,Govandi,Mumbai Suburban,Maharashtra,19.11546616446823,72.8713795480214,2025-10-21T15:01:00.000Z,REC_006,426.29,2025-10-22T15:11:00.000Z
LOT_00461,COL_0034,ready,2,44.45,1541.12,Pimpri,Pune,Maharashtra,18.44788746488243,73.79143871839419,2025-09-09T12:19:00.000Z,,,2025-09-09T12:19:00.000Z
LOT_00462,COL_0030,ready,1,0.12,351.72,Panchavati,Nashik,Maharashtra,19.930196614414452,73.72922695297301,2026-01-07T13:54:00.000Z,,,2026-01-07T13:54:00.000Z
LOT_00463,COL_0036,ready,1,56.44,4312.63,Bhandup,Mumbai Suburban,Maharashtra,19.134811919710042,72.88879072773904,2026-05-02T16:31:00.000Z,,,2026-05-02T16:31:00.000Z
LOT_00464,COL_0046,paid,2,8.85,479.93,Hadapsar,Pune,Maharashtra,18.494065105476974,73.83299859492928,2026-05-20T14:01:00.000Z,REC_005,499.71,2026-05-20T23:41:00.000Z
LOT_00465,COL_0049,paid,1,46.84,5068.21,Seelampur,New Delhi,Delhi,28.62016282952726,77.21463654657454,2025-12-09T19:27:00.000Z,REC_019,5202.34,2025-12-10T07:08:00.000Z
LOT_00466,COL_0007,paid,1,17.39,2447.12,Bhiwandi,Thane,Maharashtra,19.26629358997494,73.02129423097745,2026-03-26T10:58:00.000Z,REC_010,2503.84,2026-03-26T16:16:00.000Z
LOT_00467,COL_0059,ready,1,12.66,458.87,Bhosari,Pune,Maharashtra,18.534323181556164,73.86923086340055,2026-04-16T07:49:00.000Z,,,2026-04-16T07:49:00.000Z
LOT_00468,COL_0039,paid,1,43.81,497,Ulhasnagar,Thane,Maharashtra,19.157147649283708,72.92306288435533,2026-04-26T13:10:00.000Z,REC_010,501.21,2026-04-27T20:44:00.000Z
LOT_00469,COL_0025,ready,2,106.38,1557.24,Wagholi,Pune,Maharashtra,18.593259476171433,73.9222735285543,2026-02-21T12:50:00.000Z,,,2026-02-21T12:50:00.000Z
LOT_00470,COL_0051,ready,2,1.85,702.95,Bhandup,Mumbai Suburban,Maharashtra,19.16151740909219,72.91282566818296,2026-06-06T16:15:00.000Z,,,2026-06-06T16:15:00.000Z
LOT_00471,COL_0055,ready,1,1.03,146.43,Andheri East,Mumbai Suburban,Maharashtra,19.1125961495623,72.86879653460606,2025-10-28T07:22:00.000Z,,,2025-10-28T07:22:00.000Z
LOT_00472,COL_0059,paid,4,38.56,2138.73,Pimpri,Pune,Maharashtra,18.461141186290977,73.80336706766188,2025-11-09T15:04:00.000Z,REC_001,2057.99,2025-11-11T01:13:00.000Z
LOT_00473,COL_0014,paid,3,77.47,12213.7,Kothrud,Pune,Maharashtra,18.56913795416206,73.90056415874587,2025-11-24T18:35:00.000Z,REC_003,12499.47,2025-11-25T22:06:00.000Z
LOT_00474,COL_0009,confirmed,2,43.32,13301.27,Panchavati,Nashik,Maharashtra,20.07632529016584,73.86074276114925,2026-03-02T10:54:00.000Z,REC_013,12190.65,2026-03-05T08:23:00.000Z
LOT_00475,COL_0042,paid,1,5.65,838.47,Kothrud,Pune,Maharashtra,18.600044597657025,73.92838013789132,2025-12-22T09:16:00.000Z,REC_003,820.28,2025-12-24T04:39:00.000Z
LOT_00476,COL_0028,paid,4,267.98,4510.81,Govandi,Mumbai Suburban,Maharashtra,19.193228593772652,72.94136573439538,2026-02-08T10:00:00.000Z,REC_007,4054.15,2026-02-08T23:41:00.000Z
LOT_00477,COL_0004,ready,1,4.18,450.22,Hadapsar,Pune,Maharashtra,18.57108660382181,73.90231794343964,2026-04-22T13:14:00.000Z,,,2026-04-22T13:14:00.000Z
LOT_00478,COL_0051,paid,3,54.48,7447.32,Bhandup,Mumbai Suburban,Maharashtra,19.16878202453852,72.91936382208466,2026-05-20T14:37:00.000Z,REC_008,7693.55,2026-05-23T01:25:00.000Z
LOT_00479,COL_0005,ready,2,198.55,1474.88,Butibori,Nagpur,Maharashtra,21.19594591563493,79.13333132407143,2025-11-13T08:01:00.000Z,,,2025-11-13T08:01:00.000Z
LOT_00480,COL_0017,paid,2,42.04,2135.47,Ulhasnagar,Thane,Maharashtra,19.234723078626395,72.99288077076375,2025-09-15T18:58:00.000Z,REC_010,1970.95,2025-09-16T03:14:00.000Z
LOT_00481,COL_0014,paid,2,35.47,1980.59,Katraj,Pune,Maharashtra,18.559257649005946,73.89167188410536,2026-08-21T14:17:00.000Z,REC_002,1819.45,2026-08-22T19:13:00.000Z
LOT_00482,COL_0055,ready,3,4.08,1150.95,Govandi,Mumbai Suburban,Maharashtra,19.11281983420849,72.86899785078764,2026-01-21T17:04:00.000Z,,,2026-01-21T17:04:00.000Z
LOT_00483,COL_0022,paid,2,4.31,1723.65,Govandi,Mumbai Suburban,Maharashtra,19.179950589990618,72.92941553099155,2026-04-06T19:35:00.000Z,REC_007,1720.53,2026-04-07T08:46:00.000Z
LOT_00484,COL_0022,paid,1,0.26,338.74,Andheri East,Mumbai Suburban,Maharashtra,19.04841318909675,72.81103187018707,2025-11-13T17:59:00.000Z,REC_008,319.4,2025-11-15T09:02:00.000Z
LOT_00485,COL_0028,ready,4,47.67,4649.44,Malad,Mumbai Suburban,Maharashtra,19.138460986173154,72.89207488755584,2025-11-07T10:34:00.000Z,,,2025-11-07T10:34:00.000Z
LOT_00486,COL_0018,paid,2,32.69,1344.03,Andheri East,Mumbai Suburban,Maharashtra,19.07004430216402,72.83049987194761,2026-07-29T06:55:00.000Z,REC_008,1245.73,2026-07-30T02:36:00.000Z
LOT_00487,COL_0049,ready,1,3.47,784.28,Seelampur,New Delhi,Delhi,28.560491763682663,77.1609325873144,2026-02-15T09:12:00.000Z,,,2026-02-15T09:12:00.000Z
LOT_00488,COL_0045,handed_over,4,67.11,26267.71,Peenya,Bengaluru Urban,Karnataka,13.04656627509594,77.66206964758635,2026-04-01T09:14:00.000Z,REC_021,26417.45,2026-04-03T17:14:00.000Z
LOT_00489,COL_0040,ready,1,0.23,41.69,Malad,Mumbai Suburban,Maharashtra,19.126084636828306,72.88093617314547,2026-07-21T08:33:00.000Z,,,2026-07-21T08:33:00.000Z
LOT_00490,COL_0020,paid,1,1.73,189.68,Wagle Estate,Thane,Maharashtra,19.232668092231453,72.99103128300831,2026-01-28T17:13:00.000Z,REC_010,170.64,2026-01-31T01:13:00.000Z
LOT_00491,COL_0035,paid,3,79.03,6012.54,Kurla,Mumbai Suburban,Maharashtra,19.04275694639087,72.80594125175178,2025-09-29T06:35:00.000Z,REC_007,5477.22,2025-09-29T13:53:00.000Z
LOT_00492,COL_0011,confirmed,1,35.61,277.4,Butibori,Nagpur,Maharashtra,21.144541352409124,79.08706721716821,2025-11-11T14:32:00.000Z,REC_014,276.84,2025-11-13T18:33:00.000Z
LOT_00493,COL_0009,paid,1,4.93,544.01,Ambad,Nashik,Maharashtra,19.925994359999894,73.7254449239999,2025-12-29T15:27:00.000Z,REC_013,508.03,2026-01-01T13:27:00.000Z
LOT_00494,COL_0046,paid,4,78.54,4095.24,Bhosari,Pune,Maharashtra,18.556004493021963,73.88874404371977,2026-06-16T13:37:00.000Z,REC_004,3902.72,2026-06-18T15:12:00.000Z
LOT_00495,COL_0052,paid,3,105.96,5078.32,Bommanahalli,Bengaluru Urban,Karnataka,12.941785575000942,77.56776701750084,2026-05-24T16:21:00.000Z,REC_020,4985.86,2026-05-24T23:13:00.000Z
LOT_00496,COL_0038,confirmed,2,40.65,8057.4,Satpur,Nashik,Maharashtra,20.03546255003661,73.82396629503295,2025-10-03T16:40:00.000Z,REC_012,7768.05,2025-10-05T11:31:00.000Z
LOT_00497,COL_0056,paid,2,2.15,629.06,Andheri East,Mumbai Suburban,Maharashtra,19.039752255497874,72.80323702994808,2025-12-23T09:07:00.000Z,REC_007,646.3,2025-12-24T05:10:00.000Z
LOT_00498,COL_0045,ready,1,3.53,275.43,Peenya,Bengaluru Urban,Karnataka,13.033819025939703,77.65059712334573,2026-04-06T08:33:00.000Z,,,2026-04-06T08:33:00.000Z
LOT_00499,COL_0037,paid,2,30.52,11686.4,Bhosari,Pune,Maharashtra,18.584826045268773,73.9146834407419,2025-12-10T13:04:00.000Z,REC_002,11612.14,2025-12-11T12:02:00.000Z
LOT_00500,COL_0044,ready,2,2.16,693.67,Pimpri,Pune,Maharashtra,18.48203259986788,73.8221693398811,2026-02-25T14:13:00.000Z,,,2026-02-25T14:13:00.000Z
LOT_00501,COL_0027,paid,2,4.69,1137.77,Panchavati,Nashik,Maharashtra,20.063351671546695,73.84906650439203,2026-01-12T08:42:00.000Z,REC_013,1206.03,2026-01-14T21:26:00.000Z
LOT_00502,COL_0018,paid,4,62.65,2500.28,Malad,Mumbai Suburban,Maharashtra,19.156307965224983,72.90813716870248,2026-02-26T16:06:00.000Z,REC_008,2224.81,2026-02-26T23:08:00.000Z
LOT_00503,COL_0054,paid,1,18.52,433.37,Wagholi,Pune,Maharashtra,18.48976439745128,73.82912795770616,2026-03-09T06:44:00.000Z,REC_004,428.52,2026-03-12T06:48:00.000Z
LOT_00504,COL_0003,ready,2,50.77,4694.17,Pimpri,Pune,Maharashtra,18.566495509044824,73.89818595814035,2026-01-22T13:32:00.000Z,,,2026-01-22T13:32:00.000Z
LOT_00505,COL_0035,ready,2,47.77,6996.25,Bhandup,Mumbai Suburban,Maharashtra,19.184785249723497,72.93376672475114,2025-10-10T13:39:00.000Z,,,2025-10-10T13:39:00.000Z
LOT_00506,COL_0032,ready,3,148.17,3659.15,Govandi,Mumbai Suburban,Maharashtra,19.192367925649883,72.9405911330849,2025-10-02T12:34:00.000Z,,,2025-10-02T12:34:00.000Z
LOT_00507,COL_0015,paid,1,13.89,1529.88,Waluj,Chhatrapati Sambhajinagar,Maharashtra,19.81400164461583,75.28732148015425,2026-07-12T07:00:00.000Z,REC_016,1543.07,2026-07-13T17:05:00.000Z
LOT_00508,COL_0049,ready,1,0.06,75.19,Mayapuri,New Delhi,Delhi,28.660919813135266,77.25131783182174,2025-11-15T10:42:00.000Z,,,2025-11-15T10:42:00.000Z
LOT_00509,COL_0005,ready,3,16.89,1628.57,Hingna,Nagpur,Maharashtra,21.131541323232653,79.07536719090939,2026-07-22T17:55:00.000Z,,,2026-07-22T17:55:00.000Z
LOT_00510,COL_0022,paid,1,3.69,97.45,Kurla,Mumbai Suburban,Maharashtra,19.146637984110416,72.89943418569936,2025-10-08T18:14:00.000Z,REC_007,94.98,2025-10-09T04:31:00.000Z
LOT_00511,COL_0043,paid,2,46.61,5024.12,Hadapsar,Pune,Maharashtra,18.567749615730342,73.89931465415731,2025-12-26T07:22:00.000Z,REC_002,4950.52,2025-12-29T01:11:00.000Z
LOT_00512,COL_0060,paid,1,21.69,219.55,Butibori,Nagpur,Maharashtra,21.12007189607173,79.06504470646456,2026-06-20T11:58:00.000Z,REC_014,205.67,2026-06-23T12:17:00.000Z
LOT_00513,COL_0025,paid,4,122.47,8093.91,Wagholi,Pune,Maharashtra,18.453313881912827,73.79632249372155,2026-03-31T09:52:00.000Z,REC_001,7940.69,2026-04-02T20:45:00.000Z
LOT_00514,COL_0016,paid,3,40.82,4423.14,Kurla,Mumbai Suburban,Maharashtra,19.165693292176726,72.91658396295905,2026-01-05T10:41:00.000Z,REC_008,4323.67,2026-01-06T04:45:00.000Z
LOT_00515,COL_0022,paid,4,50.3,2323.29,Kurla,Mumbai Suburban,Maharashtra,19.099874721845985,72.85734724966139,2026-05-27T17:36:00.000Z,REC_008,2254.8,2026-05-28T08:05:00.000Z
LOT_00516,COL_0051,paid,2,1.4,587.82,Kurla,Mumbai Suburban,Maharashtra,19.06237689175308,72.82359920257777,2025-12-21T09:50:00.000Z,REC_008,556.95,2025-12-21T22:39:00.000Z
LOT_00517,COL_0006,paid,2,18.11,3890.04,Govandi,Mumbai Suburban,Maharashtra,19.14966898147613,72.9021620833285,2025-12-04T11:25:00.000Z,REC_008,4060.85,2025-12-05T03:21:00.000Z
LOT_00518,COL_0046,paid,2,18.89,246.03,Pimpri,Pune,Maharashtra,18.444527900898454,73.78841511080861,2025-11-11T17:11:00.000Z,REC_003,264.93,2025-11-12T08:22:00.000Z
LOT_00519,COL_0015,confirmed,3,81.35,5208.9,Chikalthana,Chhatrapati Sambhajinagar,Maharashtra,19.822451666992905,75.29492650029361,2026-08-27T16:16:00.000Z,REC_016,4960.44,2026-08-27T20:01:00.000Z
LOT_00520,COL_0015,ready,1,22.88,4390.15,Waluj,Chhatrapati Sambhajinagar,Maharashtra,19.928398312170803,75.39027848095373,2026-05-11T19:37:00.000Z,,,2026-05-11T19:37:00.000Z
LOT_00521,COL_0031,paid,1,8.99,1313.08,Bhandup,Mumbai Suburban,Maharashtra,19.122162454767526,72.87740620929077,2026-08-25T17:11:00.000Z,REC_008,1272.95,2026-08-28T05:08:00.000Z
LOT_00522,COL_0050,ready,2,26.71,4382.04,Katraj,Pune,Maharashtra,18.545299164512752,73.87910924806148,2026-03-30T19:24:00.000Z,,,2026-03-30T19:24:00.000Z
LOT_00523,COL_0060,confirmed,1,12.29,989.96,Kamptee,Nagpur,Maharashtra,21.106318638268114,79.0526667744413,2025-09-12T16:09:00.000Z,REC_014,896.83,2025-09-13T23:23:00.000Z
LOT_00524,COL_0034,paid,1,0.11,17.49,Wagholi,Pune,Maharashtra,18.55936518561989,73.8917686670579,2025-11-02T11:19:00.000Z,REC_002,16.7,2025-11-03T14:15:00.000Z
LOT_00525,COL_0040,ready,2,31.25,2780.84,Govandi,Mumbai Suburban,Maharashtra,19.140425276724997,72.8938427490525,2025-09-28T12:04:00.000Z,,,2025-09-28T12:04:00.000Z
LOT_00526,COL_0008,paid,1,16.88,2263.95,Ambad,Nashik,Maharashtra,20.035480966307222,73.8239828696765,2025-11-24T14:02:00.000Z,REC_013,2387.01,2025-11-26T16:15:00.000Z
LOT_00527,COL_0012,paid,2,15.3,2614.24,Bhosari,Pune,Maharashtra,18.58689805497378,73.9165482494764,2025-11-23T19:26:00.000Z,REC_002,2433.25,2025-11-26T06:03:00.000Z
LOT_00528,COL_0023,paid,1,41.06,3048.66,Mundka,New Delhi,Delhi,28.54506437043995,77.14704793339595,2026-01-13T15:31:00.000Z,REC_019,2888.05,2026-01-15T10:34:00.000Z
LOT_00529,COL_0033,paid,3,32.12,4206.05,Wagle Estate,Thane,Maharashtra,19.23185249017477,72.9902972411573,2026-04-20T09:02:00.000Z,REC_010,4019.18,2026-04-21T21:13:00.000Z
LOT_00530,COL_0019,confirmed,1,0.04,50,Ulhasnagar,Thane,Maharashtra,19.295307157430052,73.04740644168704,2026-03-24T09:44:00.000Z,REC_011,44.32,2026-03-27T08:58:00.000Z
LOT_00531,COL_0034,confirmed,1,19.16,1802.3,Wagholi,Pune,Maharashtra,18.506138912187517,73.84386502096876,2026-06-14T08:29:00.000Z,REC_002,1698.76,2026-06-14T14:32:00.000Z
LOT_00532,COL_0040,paid,1,36,285.77,Malad,Mumbai Suburban,Maharashtra,19.053308409756422,72.81543756878078,2025-09-25T18:16:00.000Z,REC_007,272.78,2025-09-26T07:24:00.000Z
LOT_00533,COL_0046,paid,2,8.96,672.9,Bhosari,Pune,Maharashtra,18.536178591893613,73.87090073270426,2025-11-27T16:22:00.000Z,REC_002,677.82,2025-11-29T17:51:00.000Z
LOT_00534,COL_0010,paid,2,50.67,816.08,Wagholi,Pune,Maharashtra,18.575407507987318,73.9062067571886,2026-07-07T08:59:00.000Z,REC_003,817.18,2026-07-09T17:44:00.000Z
LOT_00535,COL_0029,paid,3,120.53,1428.1,Govandi,Mumbai Suburban,Maharashtra,19.12153941281736,72.87684547153562,2026-06-20T13:40:00.000Z,REC_008,1363.92,2026-06-22T17:47:00.000Z
LOT_00536,COL_0010,paid,2,12.55,1257.51,Pimpri,Pune,Maharashtra,18.48355421756357,73.82353879580721,2026-06-28T14:06:00.000Z,REC_004,1208.43,2026-06-28T20:15:00.000Z
LOT_00537,COL_0004,paid,3,21.2,3026.61,Hadapsar,Pune,Maharashtra,18.569130223476886,73.9005572011292,2026-05-28T11:21:00.000Z,REC_002,2916.36,2026-05-31T14:18:00.000Z
LOT_00538,COL_0011,paid,1,57.6,3236.82,Hingna,Nagpur,Maharashtra,21.109812430645526,79.05581118758097,2026-04-20T13:38:00.000Z,REC_014,3153.03,2026-04-21T19:23:00.000Z
LOT_00539,COL_0028,paid,3,54.85,10656.78,Malad,Mumbai Suburban,Maharashtra,19.088088260783255,72.84673943470493,2026-01-28T14:00:00.000Z,REC_008,10338.41,2026-01-29T18:58:00.000Z
LOT_00540,COL_0042,handed_over,2,3.3,214.86,Bhosari,Pune,Maharashtra,18.561408689962327,73.8936078209661,2026-04-01T13:20:00.000Z,REC_003,187.82,2026-04-02T19:20:00.000Z
LOT_00541,COL_0010,paid,1,20.73,1940.95,Bhosari,Pune,Maharashtra,18.599535171845552,73.927921654661,2025-12-25T17:06:00.000Z,REC_003,2068.57,2025-12-26T12:37:00.000Z
LOT_00542,COL_0032,ready,1,19.75,3005.69,Malad,Mumbai Suburban,Maharashtra,19.11942505360246,72.8749425482422,2025-09-17T13:19:00.000Z,,,2025-09-17T13:19:00.000Z
LOT_00543,COL_0027,confirmed,1,43.02,6149.13,Panchavati,Nashik,Maharashtra,19.99806120969355,73.7903050887242,2026-03-24T06:02:00.000Z,REC_012,5911.95,2026-03-26T02:21:00.000Z
LOT_00544,COL_0040,ready,1,3.92,1792.18,Govandi,Mumbai Suburban,Maharashtra,19.049676182276013,72.8121685640484,2026-09-01T18:06:00.000Z,,,2026-09-01T18:06:00.000Z
LOT_00545,COL_0036,ready,3,106.74,10282.1,Malad,Mumbai Suburban,Maharashtra,19.05993166268468,72.82139849641621,2025-10-23T14:51:00.000Z,,,2025-10-23T14:51:00.000Z
LOT_00546,COL_0020,paid,2,11.33,2966.36,Ulhasnagar,Thane,Maharashtra,19.14466484786868,72.91182836308181,2026-02-16T14:55:00.000Z,REC_011,2928.88,2026-02-18T11:25:00.000Z
LOT_00547,COL_0052,paid,1,5.1,1354.17,Yelahanka,Bengaluru Urban,Karnataka,12.956705642527343,77.5811950782746,2026-01-06T17:43:00.000Z,REC_021,1311.09,2026-01-09T12:04:00.000Z
LOT_00548,COL_0049,ready,1,0.07,350.78,Seelampur,New Delhi,Delhi,28.64638521599919,77.23823669439928,2025-11-05T08:44:00.000Z,,,2025-11-05T08:44:00.000Z
LOT_00549,COL_0040,paid,1,1.83,253.51,Govandi,Mumbai Suburban,Maharashtra,19.145945698326827,72.89881112849413,2025-09-05T17:03:00.000Z,REC_007,249.98,2025-09-06T15:40:00.000Z
LOT_00550,COL_0019,confirmed,2,19.23,3675.34,Wagle Estate,Thane,Maharashtra,19.18095718907118,72.94449147016405,2025-12-09T17:22:00.000Z,REC_011,3367.25,2025-12-10T20:40:00.000Z
LOT_00551,COL_0019,paid,3,22.39,2528.74,Wagle Estate,Thane,Maharashtra,19.16577615903616,72.93082854313253,2025-12-02T18:45:00.000Z,REC_010,2404.93,2025-12-05T10:12:00.000Z
LOT_00552,COL_0033,paid,1,34.61,853.48,Ulhasnagar,Thane,Maharashtra,19.163407689350844,72.92869692041576,2025-09-10T19:44:00.000Z,REC_010,791.57,2025-09-12T18:27:00.000Z
LOT_00553,COL_0006,ready,2,21.09,6681.27,Govandi,Mumbai Suburban,Maharashtra,19.063745018175247,72.82483051635772,2025-10-21T13:36:00.000Z,,,2025-10-21T13:36:00.000Z
LOT_00554,COL_0034,paid,4,77.15,3020.69,Wagholi,Pune,Maharashtra,18.57001359295994,73.90135223366396,2025-10-12T08:42:00.000Z,REC_003,2838.65,2025-10-13T20:17:00.000Z
LOT_00555,COL_0017,paid,3,41.31,1250.38,Wagle Estate,Thane,Maharashtra,19.204782568643985,72.96593431177959,2026-07-06T06:18:00.000Z,REC_010,1159.64,2026-07-07T11:50:00.000Z
LOT_00556,COL_0005,handed_over,4,135.1,7580.99,Butibori,Nagpur,Maharashtra,21.139212086702884,79.0822708780326,2026-04-03T12:12:00.000Z,REC_014,7108.3,2026-04-04T09:12:00.000Z
LOT_00557,COL_0001,paid,3,11.94,588.45,Ambad,Nashik,Maharashtra,20.063284622095523,73.84900615988597,2026-02-09T13:57:00.000Z,REC_013,603.81,2026-02-12T15:24:00.000Z
LOT_00558,COL_0049,paid,4,49.84,5585.96,Seelampur,New Delhi,Delhi,28.57115237157196,77.17052713441477,2026-02-06T16:36:00.000Z,REC_019,5415.95,2026-02-09T01:51:00.000Z
LOT_00559,COL_0047,ready,1,0.02,100.5,Seelampur,New Delhi,Delhi,28.538341892728212,77.1409977034554,2026-02-11T15:57:00.000Z,,,2026-02-11T15:57:00.000Z
LOT_00560,COL_0008,paid,1,3.92,41.63,Panchavati,Nashik,Maharashtra,19.948486899472773,73.7456882095255,2026-07-04T10:12:00.000Z,REC_012,43.03,2026-07-04T13:32:00.000Z
LOT_00561,COL_0047,ready,1,0.26,326.99,Mundka,New Delhi,Delhi,28.647938617759944,77.23963475598396,2026-02-14T13:33:00.000Z,,,2026-02-14T13:33:00.000Z
LOT_00562,COL_0004,paid,2,16.35,2007.59,Hadapsar,Pune,Maharashtra,18.52499743697196,73.86083769327477,2026-05-29T07:01:00.000Z,REC_002,2020.27,2026-05-30T17:36:00.000Z
LOT_00563,COL_0045,confirmed,1,0.12,188.31,Yelahanka,Bengaluru Urban,Karnataka,13.044285416452587,77.66001687480733,2026-02-12T12:14:00.000Z,REC_021,183.47,2026-02-14T11:57:00.000Z
LOT_00564,COL_0038,paid,1,0.45,511.75,Ambad,Nashik,Maharashtra,19.996270421408116,73.7886933792673,2025-10-15T18:56:00.000Z,REC_013,473.87,2025-10-16T06:56:00.000Z
LOT_00565,COL_0035,paid,1,0.32,511.53,Govandi,Mumbai Suburban,Maharashtra,19.04143089436591,72.8047478049293,2025-09-18T17:31:00.000Z,REC_008,490.12,2025-09-18T22:53:00.000Z
LOT_00566,COL_0035,ready,1,4.68,1196.72,Bhandup,Mumbai Suburban,Maharashtra,19.147575104093555,72.9002775936842,2025-10-31T14:09:00.000Z,,,2025-10-31T14:09:00.000Z
LOT_00567,COL_0003,paid,2,47.11,1773.21,Kothrud,Pune,Maharashtra,18.463778465473652,73.8057406189263,2026-06-12T09:53:00.000Z,REC_002,1699.98,2026-06-14T04:01:00.000Z
LOT_00568,COL_0043,handed_over,4,54.38,6576.12,Kothrud,Pune,Maharashtra,18.485310756498574,73.82511968084872,2026-02-22T13:54:00.000Z,REC_003,6621.41,2026-02-23T07:54:00.000Z
LOT_00569,COL_0023,ready,2,37.02,6708.32,Mayapuri,New Delhi,Delhi,28.59290702573359,77.19010632316024,2026-05-25T15:09:00.000Z,,,2026-05-25T15:09:00.000Z
LOT_00570,COL_0033,paid,2,69.2,12031.21,Ulhasnagar,Thane,Maharashtra,19.256284664179383,73.01228619776144,2026-02-24T16:48:00.000Z,REC_010,11910.91,2026-02-26T21:32:00.000Z
LOT_00571,COL_0039,paid,4,29.06,3971.53,Wagle Estate,Thane,Maharashtra,19.160352466124294,72.92594721951187,2026-03-06T06:23:00.000Z,REC_010,3565.09,2026-03-08T11:53:00.000Z
LOT_00572,COL_0049,ready,2,9.09,1597.9,Mayapuri,New Delhi,Delhi,28.681841737994553,77.2701475641951,2026-06-16T07:20:00.000Z,,,2026-06-16T07:20:00.000Z
LOT_00573,COL_0013,confirmed,2,61.19,5063.64,Yelahanka,Bengaluru Urban,Karnataka,12.919392667485774,77.54761340073719,2026-03-02T18:21:00.000Z,REC_021,4482.09,2026-03-04T12:23:00.000Z
LOT_00574,COL_0019,paid,2,65.54,12615.27,Wagle Estate,Thane,Maharashtra,19.168842863756417,72.93358857738077,2026-01-06T18:34:00.000Z,REC_010,10958.25,2026-01-09T13:09:00.000Z
LOT_00575,COL_0042,paid,1,8.71,220.04,Hadapsar,Pune,Maharashtra,18.482932302998005,73.8229790726982,2026-04-19T13:16:00.000Z,REC_003,219.05,2026-04-21T12:08:00.000Z
LOT_00576,COL_0030,handed_over,1,24.19,295.4,Panchavati,Nashik,Maharashtra,20.01219596106559,73.80302636495902,2026-08-03T07:30:00.000Z,REC_012,279.62,2026-08-04T19:30:00.000Z
LOT_00577,COL_0027,handed_over,1,9.24,1155.09,Ambad,Nashik,Maharashtra,19.9923346946761,73.7851512252085,2026-04-16T12:49:00.000Z,REC_013,1205.23,2026-04-19T07:49:00.000Z
LOT_00578,COL_0050,paid,2,44.12,8723.98,Hadapsar,Pune,Maharashtra,18.5798875299558,73.91023877696023,2026-03-29T15:02:00.000Z,REC_001,9125.19,2026-04-01T09:45:00.000Z
LOT_00579,COL_0020,paid,3,69.28,21816.53,Dombivli,Thane,Maharashtra,19.251093122194707,73.00761380997524,2025-09-20T13:22:00.000Z,REC_010,23777.39,2025-09-22T07:05:00.000Z
LOT_00580,COL_0046,paid,2,37.31,560.3,Pimpri,Pune,Maharashtra,18.444495204696057,73.78838568422645,2025-11-04T12:13:00.000Z,REC_004,558.26,2025-11-07T07:07:00.000Z
LOT_00581,COL_0059,confirmed,2,6.74,1062.23,Bhosari,Pune,Maharashtra,18.55550893587023,73.88829804228321,2026-01-11T16:53:00.000Z,REC_004,1110.25,2026-01-12T00:41:00.000Z
LOT_00582,COL_0044,paid,1,3.61,210.34,Wagholi,Pune,Maharashtra,18.57718580842912,73.90780722758622,2025-09-13T10:39:00.000Z,REC_002,195.68,2025-09-15T07:20:00.000Z
LOT_00583,COL_0019,paid,2,29.21,5059.53,Dombivli,Thane,Maharashtra,19.24819240705967,73.0050031663537,2026-06-17T16:35:00.000Z,REC_011,4947.57,2026-06-18T06:26:00.000Z
LOT_00584,COL_0017,paid,1,0.04,60.8,Wagle Estate,Thane,Maharashtra,19.255314266736804,73.01141284006312,2026-07-19T16:45:00.000Z,REC_011,57.18,2026-07-21T16:59:00.000Z
LOT_00585,COL_0031,paid,3,171.22,3160.81,Andheri East,Mumbai Suburban,Maharashtra,19.12587872401476,72.88075085161327,2026-05-10T18:26:00.000Z,REC_007,2912.85,2026-05-10T21:45:00.000Z
LOT_00586,COL_0038,paid,2,69.59,1319.52,Satpur,Nashik,Maharashtra,19.976445421390235,73.77085087925121,2026-07-22T12:36:00.000Z,REC_012,1310.04,2026-07-23T07:41:00.000Z
LOT_00587,COL_0055,paid,2,1.69,560.69,Andheri East,Mumbai Suburban,Maharashtra,19.078929759567977,72.83849678361118,2025-09-02T07:42:00.000Z,REC_008,480.14,2025-09-03T13:44:00.000Z
LOT_00588,COL_0019,ready,2,0.3,165,Wagle Estate,Thane,Maharashtra,19.27014850178659,73.02476365160793,2026-08-31T18:09:00.000Z,,,2026-08-31T18:09:00.000Z
LOT_00589,COL_0018,ready,2,41.74,6346.6,Govandi,Mumbai Suburban,Maharashtra,19.113249925976994,72.8693849333793,2025-11-02T16:12:00.000Z,,,2025-11-02T16:12:00.000Z
LOT_00590,COL_0053,paid,1,20.39,5629.39,Ambad,Nashik,Maharashtra,20.028627404160797,73.81781466374471,2025-12-31T17:10:00.000Z,REC_013,5372.7,2025-12-31T23:32:00.000Z
LOT_00591,COL_0003,paid,2,45.86,1964.47,Pimpri,Pune,Maharashtra,18.44434516929984,73.78825065236985,2026-02-27T13:13:00.000Z,REC_003,1767.85,2026-03-01T22:11:00.000Z
LOT_00592,COL_0003,paid,1,25.62,2162.26,Kothrud,Pune,Maharashtra,18.446038161227104,73.7897743451044,2026-07-11T18:17:00.000Z,REC_004,1890.82,2026-07-13T15:10:00.000Z
LOT_00593,COL_0029,paid,1,7.54,1892.9,Kurla,Mumbai Suburban,Maharashtra,19.110805141186717,72.86718462706804,2025-11-26T14:29:00.000Z,REC_008,1897.48,2025-11-29T06:17:00.000Z
LOT_00594,COL_0040,paid,1,4.17,1160.08,Govandi,Mumbai Suburban,Maharashtra,19.173848800329864,72.92392392029687,2026-07-07T09:38:00.000Z,REC_007,1086.92,2026-07-08T08:22:00.000Z
LOT_00595,COL_0053,paid,1,35.43,4784.11,Panchavati,Nashik,Maharashtra,20.051848995946347,73.83871409635171,2026-04-16T15:37:00.000Z,REC_013,4458.51,2026-04-19T09:23:00.000Z
LOT_00596,COL_0044,paid,2,9.22,517.93,Hadapsar,Pune,Maharashtra,18.45244448301345,73.7955400347121,2026-02-02T17:28:00.000Z,REC_005,517.3,2026-02-03T02:20:00.000Z
LOT_00597,COL_0022,confirmed,2,4.57,341.87,Bhandup,Mumbai Suburban,Maharashtra,19.14836074650884,72.90098467185794,2026-03-04T18:35:00.000Z,REC_008,336.35,2026-03-05T00:22:00.000Z
LOT_00598,COL_0026,paid,3,62.55,10698.94,Mundka,New Delhi,Delhi,28.593754292348027,77.19086886311322,2026-05-27T14:47:00.000Z,REC_019,9678.61,2026-05-29T01:47:00.000Z
LOT_00599,COL_0032,ready,1,9.93,1183.77,Bhandup,Mumbai Suburban,Maharashtra,19.123540997064115,72.8786468973577,2026-05-11T19:39:00.000Z,,,2026-05-11T19:39:00.000Z
LOT_00600,COL_0001,ready,2,41.55,1795.19,Ambad,Nashik,Maharashtra,20.06759353622794,73.85288418260515,2026-03-06T15:22:00.000Z,,,2026-03-06T15:22:00.000Z
LOT_00601,COL_0035,paid,2,163.77,1842.02,Andheri East,Mumbai Suburban,Maharashtra,19.158338810434937,72.90996492939144,2025-10-24T15:34:00.000Z,REC_007,1928.29,2025-10-25T10:28:00.000Z
LOT_00602,COL_0028,paid,2,60.38,1337.75,Bhandup,Mumbai Suburban,Maharashtra,19.102655343791845,72.85984980941265,2025-10-27T10:41:00.000Z,REC_006,1241.61,2025-10-28T04:02:00.000Z
LOT_00603,COL_0003,paid,1,5.24,684.19,Wagholi,Pune,Maharashtra,18.584842331679162,73.91469809851125,2025-09-20T15:47:00.000Z,REC_005,618.05,2025-09-23T01:24:00.000Z
LOT_00604,COL_0024,paid,4,50.48,2991.08,Andheri East,Mumbai Suburban,Maharashtra,19.03463133581579,72.7986282022342,2026-03-17T08:04:00.000Z,REC_007,2823.71,2026-03-18T02:42:00.000Z
LOT_00605,COL_0034,paid,3,31.17,6609.99,Katraj,Pune,Maharashtra,18.553232530848682,73.88624927776382,2025-10-06T17:46:00.000Z,REC_005,6490.18,2025-10-09T08:26:00.000Z
LOT_00606,COL_0001,paid,4,72.53,7194.45,Ambad,Nashik,Maharashtra,20.063178977817294,73.84891108003556,2026-05-07T08:29:00.000Z,REC_013,6574.8,2026-05-08T16:30:00.000Z
LOT_00607,COL_0010,paid,1,1.87,134.41,Pimpri,Pune,Maharashtra,18.501378567041456,73.83958071033732,2025-09-04T08:44:00.000Z,REC_002,137.21,2025-09-07T11:17:00.000Z
LOT_00608,COL_0037,paid,3,29.7,5918.1,Bhosari,Pune,Maharashtra,18.466779637867212,73.8084416740805,2026-02-16T07:16:00.000Z,REC_003,6338.98,2026-02-19T05:09:00.000Z
LOT_00609,COL_0022,paid,2,14.72,1674.19,Malad,Mumbai Suburban,Maharashtra,19.160436055107418,72.91185244959667,2025-09-13T19:09:00.000Z,REC_008,1682.37,2025-09-14T04:38:00.000Z
LOT_00610,COL_0041,paid,1,10.43,3491.01,Bommanahalli,Bengaluru Urban,Karnataka,12.904760414732992,77.53444437325969,2026-04-15T09:32:00.000Z,REC_021,3949.65,2026-04-16T13:51:00.000Z
LOT_00611,COL_0019,paid,2,23.86,3673.88,Wagle Estate,Thane,Maharashtra,19.26241479678005,73.01780331710204,2026-01-29T15:58:00.000Z,REC_011,3913.05,2026-01-29T22:35:00.000Z
LOT_00612,COL_0055,ready,3,82.14,10115.05,Andheri East,Mumbai Suburban,Maharashtra,19.09327830523849,72.85141047471463,2026-07-28T11:37:00.000Z,,,2026-07-28T11:37:00.000Z
LOT_00613,COL_0037,paid,2,44.35,13692.41,Bhosari,Pune,Maharashtra,18.490024652676283,73.82936218740866,2025-11-07T17:24:00.000Z,REC_004,13927.7,2025-11-08T01:01:00.000Z
LOT_00614,COL_0030,ready,2,24.21,594.1,Ambad,Nashik,Maharashtra,20.056932464540004,73.843289218086,2026-02-03T08:49:00.000Z,,,2026-02-03T08:49:00.000Z
LOT_00615,COL_0009,paid,1,20.22,2415.89,Ambad,Nashik,Maharashtra,19.92677797216922,73.7261501749523,2026-06-04T15:12:00.000Z,REC_013,2299.72,2026-06-07T07:25:00.000Z
LOT_00616,COL_0004,paid,1,16.95,1968.65,Katraj,Pune,Maharashtra,18.567205898621676,73.89882530875951,2026-03-09T11:26:00.000Z,REC_002,1958.02,2026-03-12T07:10:00.000Z
LOT_00617,COL_0013,confirmed,1,21.77,4678.45,Bommanahalli,Bengaluru Urban,Karnataka,12.940995369142295,77.56705583222806,2026-04-02T07:30:00.000Z,REC_021,4530.27,2026-04-04T23:42:00.000Z
LOT_00618,COL_0036,confirmed,3,45.26,9164.58,Kurla,Mumbai Suburban,Maharashtra,19.11956730016172,72.87507057014554,2026-04-25T14:48:00.000Z,REC_007,9050.02,2026-04-27T21:01:00.000Z
LOT_00619,COL_0004,paid,1,18.04,155.7,Hadapsar,Pune,Maharashtra,18.55546437014788,73.8882579331331,2026-07-06T08:24:00.000Z,REC_004,151.24,2026-07-07T08:55:00.000Z
LOT_00620,COL_0050,paid,1,3.87,592.41,Kothrud,Pune,Maharashtra,18.48258961443752,73.82267065299378,2026-01-10T12:55:00.000Z,REC_001,525.35,2026-01-13T14:13:00.000Z
LOT_00621,COL_0028,paid,4,55.89,18432.99,Govandi,Mumbai Suburban,Maharashtra,19.145720331414047,72.89860829827263,2026-02-25T11:11:00.000Z,REC_007,17876.44,2026-02-26T13:45:00.000Z
LOT_00622,COL_0014,paid,1,43.86,5631.19,Bhosari,Pune,Maharashtra,18.45920409333855,73.8016236840047,2026-06-15T08:42:00.000Z,REC_004,5952.97,2026-06-16T00:56:00.000Z
LOT_00623,COL_0002,ready,1,0.12,24.82,Govandi,Mumbai Suburban,Maharashtra,19.048638642250005,72.811234778025,2025-12-04T08:44:00.000Z,,,2025-12-04T08:44:00.000Z
LOT_00624,COL_0018,ready,1,12.37,1513.9,Bhandup,Mumbai Suburban,Maharashtra,19.083507468110323,72.84261672129928,2026-02-23T08:52:00.000Z,,,2026-02-23T08:52:00.000Z
LOT_00625,COL_0054,paid,2,13.26,1833.29,Hadapsar,Pune,Maharashtra,18.577724680387973,73.90829221234918,2025-12-15T13:42:00.000Z,REC_001,1922.64,2025-12-18T09:08:00.000Z
LOT_00626,COL_0008,paid,1,2.07,40.16,Panchavati,Nashik,Maharashtra,19.966004783771933,73.76145430539474,2026-03-09T15:02:00.000Z,REC_012,39.41,2026-03-12T13:36:00.000Z
LOT_00627,COL_0044,paid,1,0.13,549.07,Hadapsar,Pune,Maharashtra,18.52776119184643,73.8633250726618,2026-08-12T13:35:00.000Z,REC_003,564.53,2026-08-15T05:50:00.000Z
LOT_00628,COL_0049,ready,1,13.46,1698.96,Seelampur,New Delhi,Delhi,28.576324958199265,77.17518246237934,2026-07-27T08:42:00.000Z,,,2026-07-27T08:42:00.000Z
LOT_00629,COL_0018,paid,3,98.05,5862.52,Govandi,Mumbai Suburban,Maharashtra,19.191132736212015,72.93947946259081,2026-08-19T15:52:00.000Z,REC_007,5702.09,2026-08-20T02:15:00.000Z
LOT_00630,COL_0017,paid,2,40.03,6311.4,Wagle Estate,Thane,Maharashtra,19.267349843028185,73.02224485872537,2026-03-13T18:09:00.000Z,REC_010,6580.94,2026-03-14T07:32:00.000Z
LOT_00631,COL_0026,paid,2,73.11,8829.8,Mayapuri,New Delhi,Delhi,28.586369752542677,77.18422277728841,2025-12-18T14:51:00.000Z,REC_019,9388.12,2025-12-20T01:05:00.000Z
LOT_00632,COL_0029,handed_over,1,24.4,606.51,Andheri East,Mumbai Suburban,Maharashtra,19.081784070289135,72.84106566326021,2026-02-16T17:56:00.000Z,REC_007,508.1,2026-02-19T06:56:00.000Z
LOT_00633,COL_0059,paid,1,0.25,1057.25,Hadapsar,Pune,Maharashtra,18.47250633598268,73.81359570238442,2026-01-01T08:14:00.000Z,REC_004,1017.59,2026-01-03T08:48:00.000Z
LOT_00634,COL_0038,paid,1,26.14,2881.91,Panchavati,Nashik,Maharashtra,20.02649357035756,73.8158942133218,2025-10-10T17:56:00.000Z,REC_013,2855.9,2025-10-11T07:47:00.000Z
LOT_00635,COL_0040,ready,1,28.01,266.66,Kurla,Mumbai Suburban,Maharashtra,19.151570464564863,72.90387341810838,2026-03-30T12:20:00.000Z,,,2026-03-30T12:20:00.000Z
LOT_00636,COL_0021,paid,2,21.27,3276.82,Bhosari,Pune,Maharashtra,18.507176341460642,73.84479870731458,2025-11-19T11:17:00.000Z,REC_001,2919,2025-11-20T06:20:00.000Z
LOT_00637,COL_0016,ready,3,33.93,1921.85,Bhandup,Mumbai Suburban,Maharashtra,19.126261366164687,72.88109522954821,2025-09-25T16:10:00.000Z,,,2025-09-25T16:10:00.000Z
LOT_00638,COL_0035,ready,1,0.08,6.53,Bhandup,Mumbai Suburban,Maharashtra,19.127388784295324,72.88210990586579,2026-07-04T14:12:00.000Z,,,2026-07-04T14:12:00.000Z
LOT_00639,COL_0008,paid,2,18.04,1709.7,Satpur,Nashik,Maharashtra,20.036567138284443,73.824960424456,2025-12-15T06:35:00.000Z,REC_013,1573.94,2025-12-16T17:36:00.000Z
LOT_00640,COL_0022,paid,1,2.55,256.92,Govandi,Mumbai Suburban,Maharashtra,19.167142008996013,72.91788780809641,2026-06-18T14:24:00.000Z,REC_008,255.24,2026-06-21T16:43:00.000Z
LOT_00641,COL_0020,handed_over,1,4.06,456.1,Dombivli,Thane,Maharashtra,19.262562587204574,73.01793632848411,2026-04-01T10:20:00.000Z,REC_011,487.14,2026-04-01T17:20:00.000Z
LOT_00642,COL_0051,paid,2,4.68,298.21,Malad,Mumbai Suburban,Maharashtra,19.180606930559875,72.93000623750387,2026-05-25T19:52:00.000Z,REC_007,266.67,2026-05-27T15:20:00.000Z
LOT_00643,COL_0014,paid,1,18.01,1607.52,Bhosari,Pune,Maharashtra,18.575499320858714,73.90628938877285,2026-07-23T15:48:00.000Z,REC_004,1705.95,2026-07-24T15:41:00.000Z
LOT_00644,COL_0027,ready,2,6.15,609.18,Satpur,Nashik,Maharashtra,19.995048625804483,73.78759376322404,2026-03-14T09:59:00.000Z,,,2026-03-14T09:59:00.000Z
LOT_00645,COL_0018,paid,4,62.95,7896.52,Bhandup,Mumbai Suburban,Maharashtra,19.14723888934255,72.89997500040829,2026-01-22T09:09:00.000Z,REC_008,7729.38,2026-01-25T02:09:00.000Z
LOT_00646,COL_0042,confirmed,2,21.07,2350.03,Kothrud,Pune,Maharashtra,18.457373877474666,73.7999764897272,2026-03-06T14:58:00.000Z,REC_004,2227.64,2026-03-07T10:19:00.000Z
LOT_00647,COL_0056,ready,1,92.29,8794.83,Andheri East,Mumbai Suburban,Maharashtra,19.065827058224382,72.82670435240193,2025-09-25T08:30:00.000Z,,,2025-09-25T08:30:00.000Z
LOT_00648,COL_0054,paid,3,41.19,3709.35,Bhosari,Pune,Maharashtra,18.514903981433807,73.85175358329043,2026-04-25T16:00:00.000Z,REC_001,3526.63,2026-04-25T19:51:00.000Z
LOT_00649,COL_0022,paid,2,21.02,4437.86,Govandi,Mumbai Suburban,Maharashtra,19.04055719499141,72.80396147549226,2026-01-22T13:43:00.000Z,REC_008,4159.19,2026-01-23T17:21:00.000Z
LOT_00650,COL_0015,paid,1,3.46,997.66,Chikalthana,Chhatrapati Sambhajinagar,Maharashtra,19.91919106579274,75.38199195921347,2025-10-02T13:13:00.000Z,REC_016,1004.16,2025-10-03T17:14:00.000Z
LOT_00651,COL_0059,handed_over,4,67.45,6868.1,Katraj,Pune,Maharashtra,18.568281150059402,73.89979303505346,2026-07-27T09:01:00.000Z,REC_002,6325.67,2026-07-30T06:01:00.000Z
LOT_00652,COL_0030,paid,1,3.82,547.74,Ambad,Nashik,Maharashtra,19.93546155039221,73.733965395353,2026-07-13T07:58:00.000Z,REC_012,557.01,2026-07-14T05:23:00.000Z
LOT_00653,COL_0045,paid,1,9.09,1962.16,Peenya,Bengaluru Urban,Karnataka,13.023346445074678,77.64117180056721,2025-11-13T13:29:00.000Z,REC_020,1815.24,2025-11-16T04:19:00.000Z
LOT_00654,COL_0059,paid,1,107.32,728.77,Pimpri,Pune,Maharashtra,18.458290091091392,73.80080108198226,2026-03-24T11:27:00.000Z,REC_003,671.93,2026-03-26T09:04:00.000Z
LOT_00655,COL_0060,ready,2,8.11,3107.68,Butibori,Nagpur,Maharashtra,21.161946544963122,79.10273189046681,2026-02-13T09:36:00.000Z,,,2026-02-13T09:36:00.000Z
LOT_00656,COL_0036,ready,1,26.76,1718.03,Bhandup,Mumbai Suburban,Maharashtra,19.07754973397255,72.83725476057529,2026-08-20T07:46:00.000Z,,,2026-08-20T07:46:00.000Z
LOT_00657,COL_0034,paid,1,73.3,6994.23,Kothrud,Pune,Maharashtra,18.541970916138588,73.87611382452474,2026-01-05T07:07:00.000Z,REC_003,6769.55,2026-01-05T11:38:00.000Z
LOT_00658,COL_0038,paid,1,3.39,364.24,Satpur,Nashik,Maharashtra,20.0398599262163,73.82792393359468,2026-06-18T10:21:00.000Z,REC_013,400.36,2026-06-20T15:11:00.000Z
LOT_00659,COL_0041,ready,1,20.46,3051.02,Yelahanka,Bengaluru Urban,Karnataka,12.988898910319806,77.61016901928782,2026-07-30T18:02:00.000Z,,,2026-07-30T18:02:00.000Z
LOT_00660,COL_0057,ready,3,55.69,6001.83,Kamptee,Nagpur,Maharashtra,21.221088351401686,79.15595951626152,2026-02-23T16:44:00.000Z,,,2026-02-23T16:44:00.000Z
LOT_00661,COL_0053,paid,3,43.42,1130.06,Satpur,Nashik,Maharashtra,20.07432096019387,73.85893886417449,2026-01-14T07:29:00.000Z,REC_013,1145.58,2026-01-17T00:34:00.000Z
LOT_00662,COL_0049,ready,2,41.75,6648.64,Mayapuri,New Delhi,Delhi,28.595692864091696,77.19261357768252,2025-09-03T08:55:00.000Z,,,2025-09-03T08:55:00.000Z
LOT_00663,COL_0015,ready,3,65.97,8395.14,Waluj,Chhatrapati Sambhajinagar,Maharashtra,19.94803268852532,75.40794941967279,2025-11-10T17:49:00.000Z,,,2025-11-10T17:49:00.000Z
LOT_00664,COL_0032,paid,2,32.95,4379.93,Kurla,Mumbai Suburban,Maharashtra,19.046260390846435,72.80909435176179,2026-07-10T14:43:00.000Z,REC_007,4168.73,2026-07-11T21:10:00.000Z
LOT_00665,COL_0003,paid,3,85.11,19830.15,Bhosari,Pune,Maharashtra,18.586003958852586,73.91574356296734,2026-02-16T13:53:00.000Z,REC_002,19209.26,2026-02-18T04:45:00.000Z
LOT_00666,COL_0052,confirmed,1,56.41,6383.21,Peenya,Bengaluru Urban,Karnataka,13.004054366870225,77.6238089301832,2025-12-09T09:27:00.000Z,REC_020,6169.33,2025-12-11T07:24:00.000Z
LOT_00667,COL_0007,paid,3,92,6600.25,Ulhasnagar,Thane,Maharashtra,19.162443629521132,72.92782926656902,2026-08-23T14:27:00.000Z,REC_010,6791.46,2026-08-26T15:21:00.000Z
LOT_00668,COL_0040,handed_over,3,61.19,4694.72,Bhandup,Mumbai Suburban,Maharashtra,19.08180177089423,72.8410815938048,2026-05-04T07:52:00.000Z,REC_008,4707.5,2026-05-07T07:52:00.000Z
LOT_00669,COL_0037,ready,1,0.42,84.53,Wagholi,Pune,Maharashtra,18.47944275842011,73.8198384825781,2025-10-14T06:15:00.000Z,,,2025-10-14T06:15:00.000Z
LOT_00670,COL_0020,handed_over,4,85.4,7219.66,Ulhasnagar,Thane,Maharashtra,19.19033351061791,72.95293015955612,2026-01-31T06:05:00.000Z,REC_010,6727.81,2026-02-01T19:05:00.000Z
LOT_00671,COL_0036,paid,2,352.81,4214.34,Kurla,Mumbai Suburban,Maharashtra,19.138343338599803,72.89196900473982,2026-08-02T14:23:00.000Z,REC_006,3905.82,2026-08-03T05:18:00.000Z
LOT_00672,COL_0052,paid,3,72.39,2365.31,Peenya,Bengaluru Urban,Karnataka,12.99237169135213,77.61329452221692,2026-04-19T11:01:00.000Z,REC_020,2371.56,2026-04-22T08:04:00.000Z
LOT_00673,COL_0013,ready,1,3.18,258.54,Yelahanka,Bengaluru Urban,Karnataka,12.915322245395185,77.54395002085566,2026-08-29T08:22:00.000Z,,,2026-08-29T08:22:00.000Z
LOT_00674,COL_0055,paid,1,38.35,1416.21,Kurla,Mumbai Suburban,Maharashtra,19.120593749924005,72.8759943749316,2026-03-10T18:12:00.000Z,REC_007,1235.75,2026-03-11T11:39:00.000Z
LOT_00675,COL_0040,paid,4,60,6166.85,Bhandup,Mumbai Suburban,Maharashtra,19.095724489545823,72.85361204059123,2026-05-17T19:32:00.000Z,REC_008,5587.85,2026-05-19T05:03:00.000Z
LOT_00676,COL_0010,paid,1,28.64,350.55,Katraj,Pune,Maharashtra,18.479398785987495,73.81979890738874,2025-11-17T09:04:00.000Z,REC_004,342.46,2025-11-19T08:30:00.000Z
LOT_00677,COL_0052,paid,3,49.66,8151.27,Yelahanka,Bengaluru Urban,Karnataka,13.034449732860923,77.65116475957483,2026-07-19T16:01:00.000Z,REC_020,8136.18,2026-07-20T18:28:00.000Z
LOT_00678,COL_0044,ready,1,1.23,58.45,Pimpri,Pune,Maharashtra,18.517029740297794,73.85366676626802,2026-08-15T12:44:00.000Z,,,2026-08-15T12:44:00.000Z
LOT_00679,COL_0059,paid,1,4.89,1036.58,Hadapsar,Pune,Maharashtra,18.501196678997577,73.83941701109782,2026-07-31T06:42:00.000Z,REC_002,1106.59,2026-08-01T15:42:00.000Z
LOT_00680,COL_0057,ready,2,8.87,1196.68,Butibori,Nagpur,Maharashtra,21.137370573188367,79.08061351586953,2026-08-01T11:37:00.000Z,,,2026-08-01T11:37:00.000Z
LOT_00681,COL_0011,ready,1,151.96,956.49,Butibori,Nagpur,Maharashtra,21.198586269783974,79.13570764280557,2026-02-03T06:46:00.000Z,,,2026-02-03T06:46:00.000Z
LOT_00682,COL_0004,ready,1,12.77,306.74,Pimpri,Pune,Maharashtra,18.511807484076915,73.84896673566922,2026-02-27T10:08:00.000Z,,,2026-02-27T10:08:00.000Z
LOT_00683,COL_0029,paid,1,22.89,3322.94,Kurla,Mumbai Suburban,Maharashtra,19.121148892460766,72.87649400321469,2026-04-03T13:08:00.000Z,REC_007,3185.17,2026-04-05T12:31:00.000Z
LOT_00684,COL_0038,paid,1,5.16,1440.41,Panchavati,Nashik,Maharashtra,19.98171254701912,73.77559129231722,2026-05-22T14:03:00.000Z,REC_013,1357.62,2026-05-22T23:16:00.000Z
LOT_00685,COL_0002,confirmed,1,4.3,241.06,Bhandup,Mumbai Suburban,Maharashtra,19.18854358260185,72.93714922434165,2025-11-06T14:06:00.000Z,REC_006,252.57,2025-11-07T15:36:00.000Z
LOT_00686,COL_0030,paid,2,24.24,3120.57,Satpur,Nashik,Maharashtra,19.99740999229252,73.78971899306327,2026-07-24T16:31:00.000Z,REC_012,3211.29,2026-07-27T06:11:00.000Z
LOT_00687,COL_0022,ready,2,50.88,4754.97,Andheri East,Mumbai Suburban,Maharashtra,19.13862941373736,72.89222647236362,2025-11-26T08:20:00.000Z,,,2025-11-26T08:20:00.000Z
LOT_00688,COL_0035,handed_over,3,70.94,11426.36,Bhandup,Mumbai Suburban,Maharashtra,19.10398334012032,72.86104500610828,2025-09-27T07:26:00.000Z,REC_007,11830.73,2025-09-27T13:26:00.000Z
LOT_00689,COL_0058,ready,1,11.79,1346.89,Mundka,New Delhi,Delhi,28.61079430575818,77.20620487518237,2026-05-20T06:53:00.000Z,,,2026-05-20T06:53:00.000Z
LOT_00690,COL_0033,paid,1,11.22,1578.09,Ulhasnagar,Thane,Maharashtra,19.262012680935857,73.01744141284227,2026-04-04T07:03:00.000Z,REC_011,1436.41,2026-04-06T18:28:00.000Z
LOT_00691,COL_0031,paid,2,27.24,7154.33,Andheri East,Mumbai Suburban,Maharashtra,19.18744238012135,72.9361581421092,2025-09-21T09:59:00.000Z,REC_008,6304.87,2025-09-23T04:01:00.000Z
LOT_00692,COL_0017,paid,2,51.93,10191.75,Bhiwandi,Thane,Maharashtra,19.182165420706568,72.94557887863591,2025-11-02T14:32:00.000Z,REC_010,11221.95,2025-11-03T12:40:00.000Z
LOT_00693,COL_0028,paid,2,0.89,95.58,Govandi,Mumbai Suburban,Maharashtra,19.16316983763725,72.91431285387351,2026-07-24T13:04:00.000Z,REC_006,91.52,2026-07-26T07:10:00.000Z
LOT_00694,COL_0021,paid,1,10.02,2729.08,Kothrud,Pune,Maharashtra,18.577289379285276,73.90790044135676,2026-08-26T16:19:00.000Z,REC_005,2777.37,2026-08-27T06:58:00.000Z
LOT_00695,COL_0011,ready,2,15.34,1231.06,Hingna,Nagpur,Maharashtra,21.090892685073616,79.03878341656625,2026-07-17T09:04:00.000Z,,,2026-07-17T09:04:00.000Z
LOT_00696,COL_0028,paid,2,10.97,1252.42,Andheri East,Mumbai Suburban,Maharashtra,19.142177831536532,72.89542004838287,2026-04-23T11:28:00.000Z,REC_006,1309.15,2026-04-24T17:43:00.000Z
LOT_00697,COL_0018,paid,3,38.64,6607.65,Malad,Mumbai Suburban,Maharashtra,19.06845632501543,72.82907069251388,2026-07-14T07:11:00.000Z,REC_008,6679.25,2026-07-15T20:41:00.000Z
LOT_00698,COL_0021,paid,2,22.61,722.41,Katraj,Pune,Maharashtra,18.48490980249792,73.82475882224813,2026-07-16T13:16:00.000Z,REC_003,785.33,2026-07-17T09:04:00.000Z
LOT_00699,COL_0027,paid,3,53.04,8076.18,Panchavati,Nashik,Maharashtra,19.963776981420814,73.75944928327873,2026-04-08T15:07:00.000Z,REC_012,7730.88,2026-04-10T19:42:00.000Z
LOT_00700,COL_0022,paid,3,37.64,4565.43,Govandi,Mumbai Suburban,Maharashtra,19.15230500419289,72.90453450377359,2026-03-14T14:42:00.000Z,REC_006,4115.47,2026-03-15T04:24:00.000Z
LOT_00701,COL_0023,paid,3,83.05,9791.63,Seelampur,New Delhi,Delhi,28.58527566138059,77.18323809524253,2026-08-30T12:54:00.000Z,REC_019,8708.76,2026-08-30T20:50:00.000Z
LOT_00702,COL_0049,paid,3,4.91,415.7,Seelampur,New Delhi,Delhi,28.54805778592229,77.14974200733006,2025-09-11T09:52:00.000Z,REC_019,399.58,2025-09-13T14:44:00.000Z
LOT_00703,COL_0010,ready,3,21.28,798.98,Kothrud,Pune,Maharashtra,18.526814840258655,73.8624733562328,2026-04-11T11:59:00.000Z,,,2026-04-11T11:59:00.000Z
LOT_00704,COL_0007,paid,1,9.14,766.79,Dombivli,Thane,Maharashtra,19.28799289496541,73.04082360546887,2025-11-16T12:39:00.000Z,REC_010,775.69,2025-11-18T21:08:00.000Z
LOT_00705,COL_0005,ready,2,52.12,1181.77,Butibori,Nagpur,Maharashtra,21.092628338056805,79.04034550425112,2026-01-27T15:04:00.000Z,,,2026-01-27T15:04:00.000Z
LOT_00706,COL_0055,paid,1,10.67,1548.96,Malad,Mumbai Suburban,Maharashtra,19.067700564047694,72.82839050764292,2026-04-20T16:49:00.000Z,REC_007,1446.98,2026-04-22T04:31:00.000Z
LOT_00707,COL_0041,paid,1,13.21,2837.49,Peenya,Bengaluru Urban,Karnataka,13.040146246401966,77.65629162176177,2026-06-05T17:42:00.000Z,REC_021,2930.59,2026-06-05T20:52:00.000Z
LOT_00708,COL_0055,confirmed,1,6.57,2308.5,Govandi,Mumbai Suburban,Maharashtra,19.182307953430715,72.93153715808764,2026-05-29T08:39:00.000Z,REC_008,2281.27,2026-05-31T03:00:00.000Z
LOT_00709,COL_0051,confirmed,2,38.84,1107.63,Govandi,Mumbai Suburban,Maharashtra,19.06395858999938,72.82502273099944,2025-11-03T08:48:00.000Z,REC_007,1180.77,2025-11-04T14:27:00.000Z
LOT_00710,COL_0012,paid,2,35.63,6740.39,Wagholi,Pune,Maharashtra,18.588753678435086,73.91821831059158,2026-05-03T18:18:00.000Z,REC_003,7091.32,2026-05-06T05:07:00.000Z
LOT_00711,COL_0034,confirmed,2,6.32,676.97,Pimpri,Pune,Maharashtra,18.45908864480406,73.80151978032366,2026-08-05T18:07:00.000Z,REC_003,604.17,2026-08-07T15:58:00.000Z
LOT_00712,COL_0009,paid,3,43.97,7752.15,Satpur,Nashik,Maharashtra,19.918244746364653,73.7184702717282,2026-07-25T06:29:00.000Z,REC_012,7214.21,2026-07-25T12:47:00.000Z
LOT_00713,COL_0013,handed_over,3,39.84,1380.13,Yelahanka,Bengaluru Urban,Karnataka,12.948179431407153,77.57352148826644,2025-09-19T07:56:00.000Z,REC_021,1301.25,2025-09-20T14:56:00.000Z
LOT_00714,COL_0020,paid,1,0.07,106.4,Dombivli,Thane,Maharashtra,19.159121919180453,72.92483972726241,2026-07-08T09:18:00.000Z,REC_011,107.02,2026-07-10T22:50:00.000Z
LOT_00715,COL_0010,paid,1,13.88,1137.88,Pimpri,Pune,Maharashtra,18.594867489682137,73.92372074071393,2026-08-15T19:38:00.000Z,REC_005,1119.33,2026-08-16T22:35:00.000Z
LOT_00716,COL_0022,paid,1,0.65,61.88,Malad,Mumbai Suburban,Maharashtra,19.11763811875731,72.87333430688157,2026-03-12T07:18:00.000Z,REC_008,63.72,2026-03-15T07:58:00.000Z
LOT_00717,COL_0023,paid,1,2.04,27.61,Mayapuri,New Delhi,Delhi,28.59856735828668,77.19520062245802,2026-06-17T17:56:00.000Z,REC_019,24.79,2026-06-18T04:16:00.000Z
LOT_00718,COL_0055,ready,1,23.18,2775.3,Govandi,Mumbai Suburban,Maharashtra,19.036467676839234,72.8002809091553,2025-10-20T13:43:00.000Z,,,2025-10-20T13:43:00.000Z
LOT_00719,COL_0003,paid,3,91.22,1067.44,Hadapsar,Pune,Maharashtra,18.467143028089403,73.80876872528047,2026-06-23T17:20:00.000Z,REC_004,1033.68,2026-06-25T23:45:00.000Z
LOT_00720,COL_0042,paid,2,73.59,5854.64,Katraj,Pune,Maharashtra,18.592256046132743,73.92137044151947,2025-09-17T12:11:00.000Z,REC_003,5492.79,2025-09-19T01:20:00.000Z
LOT_00721,COL_0024,paid,2,20.92,2101.12,Bhandup,Mumbai Suburban,Maharashtra,19.033805440260473,72.79788489623442,2026-07-10T17:59:00.000Z,REC_006,1774.27,2026-07-12T03:55:00.000Z
LOT_00722,COL_0023,ready,1,3.74,228.17,Mayapuri,New Delhi,Delhi,28.54390169418752,77.14600152476878,2026-05-13T09:16:00.000Z,,,2026-05-13T09:16:00.000Z
LOT_00723,COL_0024,ready,1,37.73,7528.64,Kurla,Mumbai Suburban,Maharashtra,19.0519426880464,72.81420841924175,2026-01-09T10:40:00.000Z,,,2026-01-09T10:40:00.000Z
LOT_00724,COL_0038,paid,3,23.31,1261.07,Panchavati,Nashik,Maharashtra,19.966990980766713,73.76234188269004,2026-05-10T11:56:00.000Z,REC_012,1231.8,2026-05-11T20:24:00.000Z
LOT_00725,COL_0003,paid,1,4.02,289.5,Hadapsar,Pune,Maharashtra,18.467227865466473,73.80884507891983,2025-11-25T13:19:00.000Z,REC_003,273.74,2025-11-27T01:51:00.000Z
LOT_00726,COL_0036,confirmed,2,16.44,1782.21,Andheri East,Mumbai Suburban,Maharashtra,19.175991097955407,72.92585198815986,2026-02-19T12:02:00.000Z,REC_008,1765.08,2026-02-20T11:17:00.000Z
LOT_00727,COL_0027,paid,1,11.41,1609.34,Ambad,Nashik,Maharashtra,19.95583135511726,73.75229821960554,2026-04-25T06:43:00.000Z,REC_013,1588.88,2026-04-27T21:33:00.000Z
LOT_00728,COL_0060,ready,2,2.14,365.79,Hingna,Nagpur,Maharashtra,21.138607106599213,79.08172639593928,2026-01-03T09:20:00.000Z,,,2026-01-03T09:20:00.000Z
LOT_00729,COL_0052,paid,2,12.34,356.06,Peenya,Bengaluru Urban,Karnataka,12.900404206997157,77.53052378629744,2025-11-03T10:20:00.000Z,REC_021,361.27,2025-11-06T12:15:00.000Z
LOT_00730,COL_0024,paid,1,21.51,604.86,Kurla,Mumbai Suburban,Maharashtra,19.13534841746688,72.88927357572018,2026-06-20T19:37:00.000Z,REC_007,631.91,2026-06-22T15:33:00.000Z
LOT_00731,COL_0041,paid,2,24.83,767.77,Peenya,Bengaluru Urban,Karnataka,12.98576251923889,77.607346267315,2025-09-10T09:24:00.000Z,REC_021,834.07,2025-09-12T17:43:00.000Z
LOT_00732,COL_0009,paid,2,61.03,5485.69,Satpur,Nashik,Maharashtra,20.074644155167043,73.85922973965035,2025-09-27T16:40:00.000Z,REC_012,5523.98,2025-09-28T15:26:00.000Z
LOT_00733,COL_0041,paid,2,12.35,359.11,Yelahanka,Bengaluru Urban,Karnataka,13.043527198842169,77.65933447895794,2025-12-20T17:21:00.000Z,REC_021,365.01,2025-12-22T05:52:00.000Z
LOT_00734,COL_0059,paid,2,29.31,2524.27,Wagholi,Pune,Maharashtra,18.457578976945577,73.80016107925103,2025-12-30T07:48:00.000Z,REC_001,2402.35,2025-12-30T17:59:00.000Z
LOT_00735,COL_0042,ready,1,46.91,234.64,Hadapsar,Pune,Maharashtra,18.46717184883505,73.80879466395155,2026-01-21T15:12:00.000Z,,,2026-01-21T15:12:00.000Z
LOT_00736,COL_0056,ready,3,65.85,4972.61,Malad,Mumbai Suburban,Maharashtra,19.087094787029923,72.84584530832693,2026-07-05T12:47:00.000Z,,,2026-07-05T12:47:00.000Z
LOT_00737,COL_0055,ready,2,38.24,4638.27,Bhandup,Mumbai Suburban,Maharashtra,19.100219159393014,72.8576572434537,2025-10-27T19:54:00.000Z,,,2025-10-27T19:54:00.000Z
LOT_00738,COL_0022,ready,3,10.38,1186.67,Andheri East,Mumbai Suburban,Maharashtra,19.142090563929084,72.89534150753617,2026-07-27T10:58:00.000Z,,,2026-07-27T10:58:00.000Z
LOT_00739,COL_0027,paid,4,55.01,2185.13,Ambad,Nashik,Maharashtra,20.06557525373995,73.85106772836596,2026-07-18T18:52:00.000Z,REC_013,2243.45,2026-07-18T22:16:00.000Z
LOT_00740,COL_0033,confirmed,1,3.4,334.03,Ulhasnagar,Thane,Maharashtra,19.219541884417833,72.97921769597605,2026-08-01T12:11:00.000Z,REC_011,329.92,2026-08-04T00:23:00.000Z
LOT_00741,COL_0054,ready,3,96.8,12534.08,Wagholi,Pune,Maharashtra,18.490158870638904,73.82948298357502,2025-11-13T08:34:00.000Z,,,2025-11-13T08:34:00.000Z
LOT_00742,COL_0037,paid,2,17.02,2681.33,Hadapsar,Pune,Maharashtra,18.529537711711228,73.86492394054011,2026-02-04T08:48:00.000Z,REC_002,2747.99,2026-02-06T18:43:00.000Z
LOT_00743,COL_0036,ready,1,78.34,5938.4,Govandi,Mumbai Suburban,Maharashtra,19.07168351468295,72.83197516321465,2026-07-11T09:35:00.000Z,,,2026-07-11T09:35:00.000Z
LOT_00744,COL_0057,handed_over,3,28.33,1987.86,Hingna,Nagpur,Maharashtra,21.193934337663652,79.13152090389728,2026-07-20T12:00:00.000Z,REC_014,1989.49,2026-07-22T02:00:00.000Z
LOT_00745,COL_0035,paid,1,0.18,608.01,Govandi,Mumbai Suburban,Maharashtra,19.079109137660268,72.83865822389423,2026-07-24T12:28:00.000Z,REC_008,598.41,2026-07-26T05:38:00.000Z
LOT_00746,COL_0060,ready,3,257.3,2779.13,Butibori,Nagpur,Maharashtra,21.082130523192884,79.0308974708736,2026-03-02T16:04:00.000Z,,,2026-03-02T16:04:00.000Z
LOT_00747,COL_0031,paid,2,38.84,1133.12,Bhandup,Mumbai Suburban,Maharashtra,19.113790355703237,72.8698713201329,2025-09-02T19:01:00.000Z,REC_007,1121.9,2025-09-05T15:24:00.000Z
LOT_00748,COL_0025,paid,1,34.56,4944.15,Hadapsar,Pune,Maharashtra,18.52249381788969,73.85858443610073,2025-12-12T06:02:00.000Z,REC_001,4929.23,2025-12-12T10:07:00.000Z
LOT_00749,COL_0021,handed_over,1,114.97,838,Kothrud,Pune,Maharashtra,18.51168858141601,73.84885972327442,2026-08-10T16:07:00.000Z,REC_003,833.91,2026-08-10T18:07:00.000Z
LOT_00750,COL_0052,paid,4,79.38,6650.18,Yelahanka,Bengaluru Urban,Karnataka,12.954148716440796,77.57889384479672,2026-07-23T06:11:00.000Z,REC_021,6990.3,2026-07-24T02:34:00.000Z
LOT_00751,COL_0004,paid,1,30.66,3430.27,Kothrud,Pune,Maharashtra,18.537662018993494,73.87223581709415,2026-06-09T08:02:00.000Z,REC_002,3021.35,2026-06-11T07:31:00.000Z
LOT_00752,COL_0011,confirmed,4,108.91,4109.73,Butibori,Nagpur,Maharashtra,21.164601837936043,79.10512165414244,2025-09-05T10:03:00.000Z,REC_014,3852.11,2025-09-05T16:10:00.000Z
LOT_00753,COL_0046,paid,2,42.64,4427.58,Kothrud,Pune,Maharashtra,18.524123048977554,73.8600507440798,2026-04-27T18:11:00.000Z,REC_003,4201.86,2026-04-30T17:22:00.000Z
LOT_00754,COL_0038,paid,2,14.02,2512.07,Panchavati,Nashik,Maharashtra,19.961635921522973,73.75752232937067,2025-09-04T10:47:00.000Z,REC_013,2673.49,2025-09-04T19:30:00.000Z
LOT_00755,COL_0036,paid,1,0.42,49.13,Kurla,Mumbai Suburban,Maharashtra,19.133525033673646,72.88763253030628,2026-07-05T06:37:00.000Z,REC_008,47.86,2026-07-07T20:36:00.000Z
LOT_00756,COL_0011,ready,1,0.06,56.12,Hingna,Nagpur,Maharashtra,21.136213544736805,79.07957219026312,2026-01-11T17:55:00.000Z,,,2026-01-11T17:55:00.000Z
LOT_00757,COL_0038,paid,1,16.91,1669.07,Panchavati,Nashik,Maharashtra,19.927450717799363,73.72675564601943,2026-04-23T15:51:00.000Z,REC_013,1581.93,2026-04-24T13:22:00.000Z
LOT_00758,COL_0022,ready,2,17.79,3927.53,Kurla,Mumbai Suburban,Maharashtra,19.04197037023157,72.8052333332084,2026-02-04T15:08:00.000Z,,,2026-02-04T15:08:00.000Z
LOT_00759,COL_0008,confirmed,2,39.8,1120.89,Ambad,Nashik,Maharashtra,19.928992272131143,73.72814304491803,2026-07-28T17:21:00.000Z,REC_013,1003.28,2026-07-29T01:58:00.000Z
LOT_00760,COL_0010,confirmed,1,35.05,2728.38,Wagholi,Pune,Maharashtra,18.491036832155284,73.83027314893977,2026-03-03T12:21:00.000Z,REC_004,2445.83,2026-03-04T06:00:00.000Z
LOT_00761,COL_0001,paid,1,4.34,799.88,Satpur,Nashik,Maharashtra,19.92414620928466,73.7237815883562,2026-02-24T06:32:00.000Z,REC_013,710.9,2026-02-26T19:06:00.000Z
LOT_00762,COL_0028,paid,3,127.66,6252.08,Malad,Mumbai Suburban,Maharashtra,19.14491116103381,72.89788004493042,2025-11-10T19:29:00.000Z,REC_007,6019.54,2025-11-13T09:46:00.000Z
LOT_00763,COL_0033,ready,1,22.23,9231.9,Bhiwandi,Thane,Maharashtra,19.286171256172658,73.03918413055538,2026-01-05T11:57:00.000Z,,,2026-01-05T11:57:00.000Z
LOT_00764,COL_0027,confirmed,1,38.86,752.02,Satpur,Nashik,Maharashtra,20.051415097005663,73.8383235873051,2026-07-30T19:31:00.000Z,REC_012,712.48,2026-08-02T00:54:00.000Z
LOT_00765,COL_0041,ready,1,4.29,326.13,Bommanahalli,Bengaluru Urban,Karnataka,13.01239918563366,77.6313192670703,2026-06-23T08:56:00.000Z,,,2026-06-23T08:56:00.000Z
LOT_00766,COL_0025,paid,2,74.5,13620.38,Bhosari,Pune,Maharashtra,18.563132279747723,73.89515905177295,2025-12-20T06:40:00.000Z,REC_003,12975.84,2025-12-21T13:13:00.000Z
LOT_00767,COL_0027,paid,1,0.59,124.59,Satpur,Nashik,Maharashtra,19.97060028888285,73.76559025999457,2026-04-02T16:48:00.000Z,REC_013,116.71,2026-04-05T00:12:00.000Z
LOT_00768,COL_0019,handed_over,1,6.35,143.89,Ulhasnagar,Thane,Maharashtra,19.28908338485211,73.0418050463669,2026-08-29T07:56:00.000Z,REC_011,144.94,2026-08-30T00:56:00.000Z
LOT_00769,COL_0016,handed_over,4,71.46,9434.28,Govandi,Mumbai Suburban,Maharashtra,19.13750958134085,72.89121862320675,2025-09-08T06:51:00.000Z,REC_008,9282.28,2025-09-10T16:51:00.000Z
LOT_00770,COL_0040,ready,1,40.8,8313.82,Malad,Mumbai Suburban,Maharashtra,19.12069183868021,72.87608265481218,2026-05-27T17:33:00.000Z,,,2026-05-27T17:33:00.000Z
LOT_00771,COL_0024,paid,1,11.25,245.2,Govandi,Mumbai Suburban,Maharashtra,19.07546683237553,72.83538014913796,2026-02-02T11:37:00.000Z,REC_007,234.77,2026-02-02T20:11:00.000Z
LOT_00772,COL_0037,paid,3,6.6,2388.19,Bhosari,Pune,Maharashtra,18.461027111718057,73.80326440054625,2026-04-02T18:30:00.000Z,REC_005,2623.19,2026-04-05T10:17:00.000Z
LOT_00773,COL_0011,ready,2,8.11,1089.74,Butibori,Nagpur,Maharashtra,21.222373928035797,79.15711653523222,2025-09-03T14:58:00.000Z,,,2025-09-03T14:58:00.000Z
LOT_00774,COL_0028,ready,3,25.15,3801.48,Bhandup,Mumbai Suburban,Maharashtra,19.060388683049382,72.82180981474444,2026-04-30T06:43:00.000Z,,,2026-04-30T06:43:00.000Z
LOT_00775,COL_0010,paid,1,2.91,98.34,Katraj,Pune,Maharashtra,18.458835280956325,73.80129175286069,2025-11-21T17:35:00.000Z,REC_003,106.28,2025-11-24T16:33:00.000Z
LOT_00776,COL_0019,paid,2,24.75,1889.15,Dombivli,Thane,Maharashtra,19.153109839725495,72.91942885575294,2026-02-24T19:00:00.000Z,REC_010,1796.92,2026-02-25T10:40:00.000Z
LOT_00777,COL_0016,ready,4,42.37,878.55,Andheri East,Mumbai Suburban,Maharashtra,19.05472049855292,72.81670844869763,2025-09-07T19:11:00.000Z,,,2025-09-07T19:11:00.000Z
LOT_00778,COL_0041,paid,2,24.85,3697.66,Yelahanka,Bengaluru Urban,Karnataka,12.907424287571013,77.53684185881391,2026-02-06T15:34:00.000Z,REC_020,3612.32,2026-02-08T02:16:00.000Z
LOT_00779,COL_0053,paid,1,11.69,3411.94,Satpur,Nashik,Maharashtra,20.001927649751305,73.79378488477617,2026-03-13T15:35:00.000Z,REC_013,3379.45,2026-03-14T08:35:00.000Z
LOT_00780,COL_0036,paid,2,10.49,684.04,Andheri East,Mumbai Suburban,Maharashtra,19.13684742384255,72.89062268145828,2025-12-07T19:49:00.000Z,REC_007,671.35,2025-12-09T00:03:00.000Z
LOT_00781,COL_0033,paid,3,30.86,4887.48,Wagle Estate,Thane,Maharashtra,19.1723707251057,72.93676365259513,2025-12-22T10:46:00.000Z,REC_010,5230.07,2025-12-25T03:55:00.000Z
LOT_00782,COL_0013,paid,1,43.38,7280.44,Bommanahalli,Bengaluru Urban,Karnataka,12.941528674884141,77.56753580739573,2025-12-16T11:25:00.000Z,REC_020,7379.41,2025-12-18T18:12:00.000Z
LOT_00783,COL_0050,handed_over,4,268.94,4902.91,Pimpri,Pune,Maharashtra,18.59221035205722,73.9213293168515,2026-03-01T11:28:00.000Z,REC_003,4990.19,2026-03-04T05:28:00.000Z
LOT_00784,COL_0030,paid,1,7.16,178.93,Panchavati,Nashik,Maharashtra,19.949795968458055,73.74686637161226,2026-04-16T12:36:00.000Z,REC_012,162.35,2026-04-19T10:11:00.000Z
LOT_00785,COL_0030,ready,2,20.43,2139.62,Ambad,Nashik,Maharashtra,19.989542795829475,73.78263851624652,2026-08-14T19:07:00.000Z,,,2026-08-14T19:07:00.000Z
LOT_00786,COL_0047,ready,3,30.11,5887.13,Mundka,New Delhi,Delhi,28.592939978198707,77.19013598037884,2026-07-17T18:07:00.000Z,,,2026-07-17T18:07:00.000Z
LOT_00787,COL_0054,confirmed,3,46.57,4840.66,Wagholi,Pune,Maharashtra,18.586483463765678,73.91617511738912,2025-12-31T07:26:00.000Z,REC_002,5169.88,2026-01-01T15:27:00.000Z
LOT_00788,COL_0006,paid,2,46.49,6850.17,Malad,Mumbai Suburban,Maharashtra,19.133074791176618,72.88722731205895,2026-03-01T14:41:00.000Z,REC_007,6460.07,2026-03-03T15:41:00.000Z
LOT_00789,COL_0041,paid,2,123.97,1364.15,Bommanahalli,Bengaluru Urban,Karnataka,13.007427864557505,77.62684507810175,2025-11-08T09:36:00.000Z,REC_020,1281.69,2025-11-09T01:38:00.000Z
LOT_00790,COL_0058,paid,4,18.66,2247.39,Mundka,New Delhi,Delhi,28.568784310886265,77.16839587979764,2025-09-16T08:14:00.000Z,REC_019,1937.9,2025-09-17T08:31:00.000Z
LOT_00791,COL_0049,ready,1,116.9,1069.21,Mundka,New Delhi,Delhi,28.61059904910028,77.20602914419025,2026-08-27T16:00:00.000Z,,,2026-08-27T16:00:00.000Z
LOT_00792,COL_0003,paid,4,49.99,1296.88,Kothrud,Pune,Maharashtra,18.53878182285428,73.87324364056886,2025-11-25T07:03:00.000Z,REC_003,1406.3,2025-11-26T10:36:00.000Z
LOT_00793,COL_0041,paid,4,43.74,3282.48,Bommanahalli,Bengaluru Urban,Karnataka,12.961903928628564,77.58587353576571,2025-11-26T13:29:00.000Z,REC_020,3458.25,2025-11-28T00:01:00.000Z
LOT_00794,COL_0032,confirmed,1,3.16,245.43,Andheri East,Mumbai Suburban,Maharashtra,19.081590249916914,72.84089122492522,2026-04-05T06:30:00.000Z,REC_007,248.62,2026-04-07T04:03:00.000Z
LOT_00795,COL_0022,ready,1,0.96,238.88,Andheri East,Mumbai Suburban,Maharashtra,19.113609259320796,72.86970833338872,2026-08-27T10:43:00.000Z,,,2026-08-27T10:43:00.000Z
LOT_00796,COL_0044,paid,1,5.47,603.87,Pimpri,Pune,Maharashtra,18.593618501769004,73.92259665159212,2025-11-05T07:40:00.000Z,REC_001,641.25,2025-11-07T21:35:00.000Z
LOT_00797,COL_0005,paid,2,38.94,1041.55,Butibori,Nagpur,Maharashtra,21.12340175086558,79.06804157577902,2026-01-24T14:22:00.000Z,REC_014,936.55,2026-01-26T12:44:00.000Z
LOT_00798,COL_0058,ready,3,63.67,9849.04,Mayapuri,New Delhi,Delhi,28.61284615508616,77.20805153957755,2026-04-19T16:36:00.000Z,,,2026-04-19T16:36:00.000Z
LOT_00799,COL_0032,paid,2,223.07,4984.27,Andheri East,Mumbai Suburban,Maharashtra,19.11067399394363,72.86706659454926,2025-11-27T12:57:00.000Z,REC_007,5114.98,2025-11-29T17:31:00.000Z
LOT_00800,COL_0035,paid,2,92.93,11826.39,Malad,Mumbai Suburban,Maharashtra,19.179943986205757,72.92940958758517,2026-01-17T15:11:00.000Z,REC_006,9745.3,2026-01-18T07:20:00.000Z
LOT_00801,COL_0030,ready,3,90.41,20264.86,Satpur,Nashik,Maharashtra,20.01406330704689,73.8047069763422,2026-05-22T15:32:00.000Z,,,2026-05-22T15:32:00.000Z
LOT_00802,COL_0003,paid,2,1.96,326.85,Katraj,Pune,Maharashtra,18.478256306545436,73.8187706758909,2025-12-28T07:51:00.000Z,REC_005,346.58,2025-12-29T07:17:00.000Z
LOT_00803,COL_0016,ready,2,24.91,2919.39,Kurla,Mumbai Suburban,Maharashtra,19.17791105580181,72.92757995022163,2025-11-30T14:41:00.000Z,,,2025-11-30T14:41:00.000Z
LOT_00804,COL_0001,paid,3,50.64,7904.42,Ambad,Nashik,Maharashtra,19.996345811598,73.7887612304382,2025-10-26T07:40:00.000Z,REC_013,7627.34,2025-10-26T19:49:00.000Z
LOT_00805,COL_0042,handed_over,1,32.7,4181.68,Katraj,Pune,Maharashtra,18.524664099001882,73.8605376891017,2026-04-22T15:16:00.000Z,REC_004,4090.09,2026-04-23T01:16:00.000Z
LOT_00806,COL_0013,paid,1,5.35,63.77,Peenya,Bengaluru Urban,Karnataka,13.029811549818517,77.64699039483666,2026-02-08T14:11:00.000Z,REC_020,66.01,2026-02-10T07:55:00.000Z
LOT_00807,COL_0056,ready,4,62.93,8895.44,Govandi,Mumbai Suburban,Maharashtra,19.18417375341654,72.93321637807487,2026-01-12T11:41:00.000Z,,,2026-01-12T11:41:00.000Z
LOT_00808,COL_0053,ready,2,127.99,1916.75,Satpur,Nashik,Maharashtra,19.954248563721773,73.7508737073496,2026-08-26T18:02:00.000Z,,,2026-08-26T18:02:00.000Z
LOT_00809,COL_0030,paid,1,0.18,659.05,Satpur,Nashik,Maharashtra,20.075632993951437,73.86011969455629,2026-04-25T12:37:00.000Z,REC_013,632.38,2026-04-26T00:57:00.000Z
LOT_00810,COL_0060,ready,1,5.45,521.58,Kamptee,Nagpur,Maharashtra,21.1291297482878,79.07319677345902,2026-08-04T11:28:00.000Z,,,2026-08-04T11:28:00.000Z
LOT_00811,COL_0004,paid,1,29.28,2796.47,Kothrud,Pune,Maharashtra,18.444783144564926,73.78864483010844,2026-02-04T19:49:00.000Z,REC_004,2800.17,2026-02-07T14:33:00.000Z
LOT_00812,COL_0043,paid,2,43.26,4009.81,Kothrud,Pune,Maharashtra,18.5379224577263,73.87247021195367,2026-05-18T17:11:00.000Z,REC_005,3640.09,2026-05-21T00:33:00.000Z
LOT_00813,COL_0009,confirmed,2,32.66,941.87,Panchavati,Nashik,Maharashtra,20.067745718248187,73.85302114642337,2026-04-09T17:53:00.000Z,REC_012,904.01,2026-04-10T00:29:00.000Z
LOT_00814,COL_0048,paid,2,28.68,541.5,Bhiwandi,Thane,Maharashtra,19.216151812951267,72.97616663165614,2026-04-25T06:29:00.000Z,REC_010,620.25,2026-04-27T08:34:00.000Z
LOT_00815,COL_0002,paid,4,191.95,6781.52,Govandi,Mumbai Suburban,Maharashtra,19.15888503842652,72.91045653458386,2026-04-10T15:36:00.000Z,REC_007,6601.16,2026-04-11T18:35:00.000Z
LOT_00816,COL_0009,paid,1,16.73,108.74,Ambad,Nashik,Maharashtra,19.960526213645934,73.75652359228134,2026-02-22T19:09:00.000Z,REC_013,120.16,2026-02-25T15:34:00.000Z
LOT_00817,COL_0033,confirmed,2,23.45,2432.66,Wagle Estate,Thane,Maharashtra,19.271633930037915,73.02610053703413,2026-06-17T08:02:00.000Z,REC_011,2195.69,2026-06-19T13:36:00.000Z
LOT_00818,COL_0060,ready,2,16.94,4038.35,Kamptee,Nagpur,Maharashtra,21.06610775140971,79.01647697626873,2026-04-22T15:01:00.000Z,,,2026-04-22T15:01:00.000Z
LOT_00819,COL_0017,paid,2,30.11,9398.15,Bhiwandi,Thane,Maharashtra,19.22706494780183,72.98598845302165,2026-06-13T16:37:00.000Z,REC_010,9873.05,2026-06-14T07:44:00.000Z
LOT_00820,COL_0023,paid,4,88.39,7700.23,Seelampur,New Delhi,Delhi,28.561232482635976,77.16159923437237,2026-01-12T08:25:00.000Z,REC_019,7752.59,2026-01-13T00:30:00.000Z
LOT_00821,COL_0056,paid,1,10.62,1262.2,Kurla,Mumbai Suburban,Maharashtra,19.08157875005752,72.84088087505177,2026-03-09T07:12:00.000Z,REC_007,1206.14,2026-03-10T02:04:00.000Z
LOT_00822,COL_0042,confirmed,2,33.27,939.64,Pimpri,Pune,Maharashtra,18.47372419607788,73.8146917764701,2025-10-23T15:34:00.000Z,REC_005,969.47,2025-10-25T12:10:00.000Z
LOT_00823,COL_0015,ready,3,5.45,626.1,Waluj,Chhatrapati Sambhajinagar,Maharashtra,19.91621313790679,75.37931182411612,2026-05-16T19:46:00.000Z,,,2026-05-16T19:46:00.000Z
LOT_00824,COL_0038,paid,1,19.44,2638.46,Panchavati,Nashik,Maharashtra,20.035737723745406,73.82421395137087,2025-09-28T07:45:00.000Z,REC_013,2912.96,2025-10-01T03:31:00.000Z
LOT_00825,COL_0057,ready,2,35.12,6998.9,Butibori,Nagpur,Maharashtra,21.20534135525972,79.14178721973374,2025-12-01T13:20:00.000Z,,,2025-12-01T13:20:00.000Z
LOT_00826,COL_0006,confirmed,3,7.45,697.78,Govandi,Mumbai Suburban,Maharashtra,19.11952325009406,72.87503092508464,2025-12-31T06:24:00.000Z,REC_008,723.01,2026-01-01T13:27:00.000Z
LOT_00827,COL_0036,paid,2,41.9,1789.67,Kurla,Mumbai Suburban,Maharashtra,19.051460948070886,72.8137748532638,2026-03-26T19:16:00.000Z,REC_007,1757.74,2026-03-27T08:08:00.000Z
LOT_00828,COL_0012,paid,2,2.31,193.9,Pimpri,Pune,Maharashtra,18.534642135249076,73.86951792172417,2025-10-16T16:41:00.000Z,REC_005,198.57,2025-10-18T14:25:00.000Z
LOT_00829,COL_0011,ready,2,13.72,1499.78,Kamptee,Nagpur,Maharashtra,21.16947550056428,79.10950795050785,2026-03-27T17:14:00.000Z,,,2026-03-27T17:14:00.000Z
LOT_00830,COL_0005,ready,1,2.13,148.82,Butibori,Nagpur,Maharashtra,21.171116915512087,79.11098522396088,2025-12-09T06:50:00.000Z,,,2025-12-09T06:50:00.000Z
LOT_00831,COL_0050,paid,2,26.23,3622.67,Wagholi,Pune,Maharashtra,18.534404662819206,73.86930419653729,2026-06-12T17:53:00.000Z,REC_003,3159.35,2026-06-14T08:16:00.000Z
LOT_00832,COL_0047,paid,2,5.16,424.38,Mundka,New Delhi,Delhi,28.57881695739329,77.17742526165397,2025-10-22T19:51:00.000Z,REC_019,453.86,2025-10-23T08:31:00.000Z
LOT_00833,COL_0046,confirmed,1,3.33,62.91,Bhosari,Pune,Maharashtra,18.489258812339603,73.82867293110564,2026-08-02T18:53:00.000Z,REC_004,62.8,2026-08-05T17:45:00.000Z
LOT_00834,COL_0003,paid,1,41.78,962.61,Kothrud,Pune,Maharashtra,18.50071561974436,73.83898405776993,2026-06-09T08:10:00.000Z,REC_004,995.88,2026-06-11T22:55:00.000Z
LOT_00835,COL_0042,paid,2,32.12,12802.17,Wagholi,Pune,Maharashtra,18.591774109610913,73.92093669864983,2026-05-18T13:22:00.000Z,REC_001,13271.67,2026-05-19T22:21:00.000Z
LOT_00836,COL_0042,paid,2,46.38,4553.11,Katraj,Pune,Maharashtra,18.576900972136855,73.90755087492317,2025-09-24T10:53:00.000Z,REC_004,4825.9,2025-09-24T23:35:00.000Z
LOT_00837,COL_0029,paid,1,20.77,773.11,Malad,Mumbai Suburban,Maharashtra,19.168986611372233,72.919547950235,2026-04-06T15:57:00.000Z,REC_007,724.01,2026-04-07T20:27:00.000Z
LOT_00838,COL_0058,ready,1,1.82,279.32,Mayapuri,New Delhi,Delhi,28.590060241924228,77.18754421773181,2026-04-04T07:25:00.000Z,,,2026-04-04T07:25:00.000Z
LOT_00839,COL_0046,paid,2,1.61,674.89,Wagholi,Pune,Maharashtra,18.46749106158465,73.8090819554262,2025-11-18T06:09:00.000Z,REC_005,704.53,2025-11-19T03:47:00.000Z
LOT_00840,COL_0050,paid,3,48.56,15818.04,Katraj,Pune,Maharashtra,18.522314817914367,73.85842333612294,2026-07-11T15:14:00.000Z,REC_001,13486.25,2026-07-11T22:43:00.000Z
LOT_00841,COL_0056,paid,2,35.48,573.83,Kurla,Mumbai Suburban,Maharashtra,19.19044851616621,72.93886366454959,2026-07-03T19:26:00.000Z,REC_007,536.15,2026-07-05T08:05:00.000Z
LOT_00842,COL_0039,paid,3,48.01,8676.07,Wagle Estate,Thane,Maharashtra,19.295310314725338,73.0474092832528,2026-08-17T08:29:00.000Z,REC_011,8506.61,2026-08-17T23:44:00.000Z
LOT_00843,COL_0038,paid,1,0.2,753.32,Satpur,Nashik,Maharashtra,19.96511751256883,73.76065576131195,2026-02-24T13:10:00.000Z,REC_013,721.73,2026-02-25T19:59:00.000Z
LOT_00844,COL_0032,paid,2,1.33,654.41,Kurla,Mumbai Suburban,Maharashtra,19.103384961640838,72.86050646547675,2025-10-10T17:02:00.000Z,REC_008,645.31,2025-10-12T10:03:00.000Z
LOT_00845,COL_0019,confirmed,1,1.26,412.51,Wagle Estate,Thane,Maharashtra,19.283241805042326,73.03654762453809,2026-07-10T12:16:00.000Z,REC_011,430.54,2026-07-11T16:54:00.000Z
LOT_00846,COL_0037,paid,1,10.03,617.27,Pimpri,Pune,Maharashtra,18.588088852027056,73.91761996682436,2025-12-05T18:37:00.000Z,REC_002,636.78,2025-12-08T13:31:00.000Z
LOT_00847,COL_0032,ready,2,40.23,6027.37,Malad,Mumbai Suburban,Maharashtra,19.04439138863832,72.80741224977449,2026-04-18T15:14:00.000Z,,,2026-04-18T15:14:00.000Z
LOT_00848,COL_0055,paid,1,7.1,2509.92,Andheri East,Mumbai Suburban,Maharashtra,19.11142994039357,72.8677469463542,2026-07-10T09:31:00.000Z,REC_008,2460.13,2026-07-11T23:14:00.000Z
LOT_00849,COL_0012,paid,1,7.36,987.95,Kothrud,Pune,Maharashtra,18.511728503079713,73.84889565277174,2026-04-29T09:06:00.000Z,REC_005,942.43,2026-05-01T13:18:00.000Z
LOT_00850,COL_0003,paid,1,42.12,442.2,Bhosari,Pune,Maharashtra,18.455642943577466,73.79841864921973,2026-01-30T11:25:00.000Z,REC_003,474.87,2026-01-31T07:50:00.000Z
LOT_00851,COL_0037,handed_over,2,16.69,1081.87,Wagholi,Pune,Maharashtra,18.441986597971617,73.78612793817446,2026-08-23T16:56:00.000Z,REC_003,1091.29,2026-08-26T16:56:00.000Z
LOT_00852,COL_0048,paid,1,20.55,3276.33,Bhiwandi,Thane,Maharashtra,19.162238544020056,72.92764468961805,2025-09-04T06:34:00.000Z,REC_010,3378.11,2025-09-05T13:55:00.000Z
LOT_00853,COL_0054,paid,4,27.9,1615.01,Wagholi,Pune,Maharashtra,18.546064057843385,73.87979765205905,2025-10-06T11:23:00.000Z,REC_003,1610.75,2025-10-07T18:43:00.000Z
LOT_00854,COL_0035,ready,1,29.38,13482.19,Govandi,Mumbai Suburban,Maharashtra,19.163605482770503,72.91470493449344,2026-05-21T19:57:00.000Z,,,2026-05-21T19:57:00.000Z
LOT_00855,COL_0053,paid,3,9.02,1417.45,Panchavati,Nashik,Maharashtra,20.06845904625952,73.85366314163358,2025-11-05T16:46:00.000Z,REC_013,1272.26,2025-11-08T13:29:00.000Z
LOT_00856,COL_0014,paid,1,5.97,807.7,Bhosari,Pune,Maharashtra,18.45266618785411,73.7957395690687,2025-12-19T15:51:00.000Z,REC_001,831.4,2025-12-22T11:29:00.000Z
LOT_00857,COL_0001,paid,1,16.97,401.51,Satpur,Nashik,Maharashtra,19.988984252773225,73.7821358274959,2025-09-08T16:40:00.000Z,REC_012,428.05,2025-09-09T11:37:00.000Z
LOT_00858,COL_0024,paid,3,37.03,6809.97,Govandi,Mumbai Suburban,Maharashtra,19.137111076085272,72.89085996847673,2026-02-20T16:08:00.000Z,REC_007,6839.33,2026-02-22T11:39:00.000Z
LOT_00859,COL_0030,paid,1,24.92,631.22,Ambad,Nashik,Maharashtra,19.96531400479376,73.76083260431439,2026-03-31T13:24:00.000Z,REC_012,568.79,2026-04-03T01:00:00.000Z
LOT_00860,COL_0048,handed_over,1,67.37,1557.03,Bhiwandi,Thane,Maharashtra,19.176677799503505,72.94064001955316,2026-03-20T10:36:00.000Z,REC_011,1553.37,2026-03-23T01:36:00.000Z
LOT_00861,COL_0003,ready,1,0.1,398.33,Wagholi,Pune,Maharashtra,18.528663473287224,73.86413712595851,2026-06-18T09:30:00.000Z,,,2026-06-18T09:30:00.000Z
LOT_00862,COL_0037,paid,3,38.97,1749.99,Pimpri,Pune,Maharashtra,18.513755093970893,73.85071958457381,2026-02-15T09:21:00.000Z,REC_001,1850.75,2026-02-15T18:07:00.000Z
LOT_00863,COL_0038,paid,2,18.25,1125.81,Panchavati,Nashik,Maharashtra,20.04592584762722,73.8333832628645,2026-04-13T13:02:00.000Z,REC_012,1134.04,2026-04-14T22:35:00.000Z
LOT_00864,COL_0018,ready,1,21.28,3175.53,Malad,Mumbai Suburban,Maharashtra,19.175443154095117,72.9253588386856,2026-03-11T19:06:00.000Z,,,2026-03-11T19:06:00.000Z
LOT_00865,COL_0059,paid,2,12.67,1709.21,Katraj,Pune,Maharashtra,18.49460308731496,73.83348277858347,2025-11-26T10:53:00.000Z,REC_003,1673.6,2025-11-29T10:22:00.000Z
LOT_00866,COL_0004,paid,1,1,58.5,Wagholi,Pune,Maharashtra,18.58096154664606,73.91120539198145,2025-11-04T11:23:00.000Z,REC_001,52.84,2025-11-05T03:45:00.000Z
LOT_00867,COL_0006,paid,2,120.61,6983.59,Kurla,Mumbai Suburban,Maharashtra,19.19040643308908,72.93882578978017,2025-11-18T12:41:00.000Z,REC_007,6526.85,2025-11-20T22:58:00.000Z
LOT_00868,COL_0035,ready,1,28.08,3789.09,Kurla,Mumbai Suburban,Maharashtra,19.172710158495608,72.92289914264605,2026-06-10T17:56:00.000Z,,,2026-06-10T17:56:00.000Z
LOT_00869,COL_0015,ready,1,44.61,1083.42,Chikalthana,Chhatrapati Sambhajinagar,Maharashtra,19.83558643220812,75.30674778898731,2026-06-17T17:55:00.000Z,,,2026-06-17T17:55:00.000Z
LOT_00870,COL_0004,paid,1,0.04,7.31,Katraj,Pune,Maharashtra,18.474923036405443,73.8157707327649,2026-05-17T13:20:00.000Z,REC_002,7.56,2026-05-20T04:22:00.000Z
LOT_00871,COL_0039,handed_over,1,5.61,677.05,Wagle Estate,Thane,Maharashtra,19.16293145960122,72.9282683136411,2025-10-08T08:53:00.000Z,REC_011,620.67,2025-10-10T01:53:00.000Z
LOT_00872,COL_0021,paid,2,57.59,4081.98,Katraj,Pune,Maharashtra,18.52746835605204,73.86306152044683,2026-07-20T18:59:00.000Z,REC_002,4038.19,2026-07-21T15:52:00.000Z
LOT_00873,COL_0042,paid,3,28.81,4670.79,Kothrud,Pune,Maharashtra,18.586335119241475,73.91604160731733,2026-02-14T11:07:00.000Z,REC_004,4512.25,2026-02-17T00:29:00.000Z
LOT_00874,COL_0059,paid,3,36,2204.26,Wagholi,Pune,Maharashtra,18.595457294778523,73.92425156530068,2025-10-06T08:21:00.000Z,REC_005,2232.05,2025-10-06T17:37:00.000Z
LOT_00875,COL_0036,paid,1,4.43,530.23,Govandi,Mumbai Suburban,Maharashtra,19.04793431532234,72.8106008837901,2026-01-05T16:32:00.000Z,REC_008,520.19,2026-01-07T04:12:00.000Z
LOT_00876,COL_0041,paid,1,40.57,997.21,Peenya,Bengaluru Urban,Karnataka,12.90102247580737,77.53108022822663,2026-05-25T06:00:00.000Z,REC_021,1010,2026-05-26T07:34:00.000Z
LOT_00877,COL_0009,confirmed,1,6.34,918.6,Ambad,Nashik,Maharashtra,20.040314719490706,73.82833324754164,2026-02-05T06:18:00.000Z,REC_013,916.52,2026-02-07T14:33:00.000Z
LOT_00878,COL_0026,ready,1,10.56,1430.07,Seelampur,New Delhi,Delhi,28.56996714654714,77.16946043189243,2026-07-07T18:52:00.000Z,,,2026-07-07T18:52:00.000Z
LOT_00879,COL_0040,ready,2,40.15,5901.68,Andheri East,Mumbai Suburban,Maharashtra,19.074542841209475,72.83454855708852,2026-07-05T10:35:00.000Z,,,2026-07-05T10:35:00.000Z
LOT_00880,COL_0022,ready,1,4.6,984.21,Bhandup,Mumbai Suburban,Maharashtra,19.038355997881293,72.80198039809316,2026-05-04T10:47:00.000Z,,,2026-05-04T10:47:00.000Z
LOT_00881,COL_0006,paid,3,11,247.63,Kurla,Mumbai Suburban,Maharashtra,19.04370929681361,72.80679836713225,2025-10-25T08:04:00.000Z,REC_007,259.8,2025-10-27T02:17:00.000Z
LOT_00882,COL_0022,ready,1,37.01,5544.23,Malad,Mumbai Suburban,Maharashtra,19.103344791314008,72.8604703121826,2026-08-17T12:03:00.000Z,,,2026-08-17T12:03:00.000Z
LOT_00883,COL_0040,ready,1,40.41,15086.91,Andheri East,Mumbai Suburban,Maharashtra,19.143677735856176,72.89676996227055,2026-03-15T08:29:00.000Z,,,2026-03-15T08:29:00.000Z
LOT_00884,COL_0016,paid,1,3.38,252.18,Bhandup,Mumbai Suburban,Maharashtra,19.133416155545415,72.88753453999087,2026-07-11T18:00:00.000Z,REC_007,269.6,2026-07-12T11:32:00.000Z
LOT_00885,COL_0036,ready,2,34.44,5013.38,Malad,Mumbai Suburban,Maharashtra,19.128120537890496,72.88276848410143,2025-12-26T18:36:00.000Z,,,2025-12-26T18:36:00.000Z
LOT_00886,COL_0003,paid,3,68.92,15490.89,Hadapsar,Pune,Maharashtra,18.543761793868242,73.87772561448142,2025-09-20T16:03:00.000Z,REC_005,15445.01,2025-09-22T12:53:00.000Z
LOT_00887,COL_0002,ready,1,30.28,6433.83,Bhandup,Mumbai Suburban,Maharashtra,19.091660800991953,72.84995472089275,2025-12-10T14:26:00.000Z,,,2025-12-10T14:26:00.000Z
LOT_00888,COL_0035,ready,1,0.23,45.62,Kurla,Mumbai Suburban,Maharashtra,19.15509717759341,72.90704745983406,2026-01-16T13:06:00.000Z,,,2026-01-16T13:06:00.000Z
LOT_00889,COL_0020,paid,3,37.99,6287.19,Wagle Estate,Thane,Maharashtra,19.181874908077717,72.94531741726995,2026-02-04T11:47:00.000Z,REC_010,6330.4,2026-02-05T21:46:00.000Z
LOT_00890,COL_0016,ready,2,33.79,6860.74,Andheri East,Mumbai Suburban,Maharashtra,19.1860299710989,72.93488697398901,2026-01-20T09:25:00.000Z,,,2026-01-20T09:25:00.000Z
LOT_00891,COL_0018,paid,1,2.1,251.35,Bhandup,Mumbai Suburban,Maharashtra,19.127506375318767,72.88221573778688,2025-12-10T16:33:00.000Z,REC_008,225.65,2025-12-13T02:46:00.000Z
LOT_00892,COL_0046,ready,3,49.84,1969.11,Pimpri,Pune,Maharashtra,18.484709271760284,73.82457834458425,2026-01-24T14:25:00.000Z,,,2026-01-24T14:25:00.000Z
LOT_00893,COL_0010,paid,4,38.31,2337.84,Wagholi,Pune,Maharashtra,18.47763575532436,73.81821217979193,2026-03-10T18:36:00.000Z,REC_005,1885.77,2026-03-12T12:35:00.000Z
LOT_00894,COL_0039,paid,2,172.76,1240.01,Ulhasnagar,Thane,Maharashtra,19.257809311169385,73.01365838005245,2026-01-07T16:01:00.000Z,REC_011,1125.49,2026-01-09T01:32:00.000Z
LOT_00895,COL_0012,ready,1,6.75,222.01,Katraj,Pune,Maharashtra,18.478109574475884,73.8186386170283,2026-08-31T08:06:00.000Z,,,2026-08-31T08:06:00.000Z
LOT_00896,COL_0020,ready,2,9.46,1859.63,Dombivli,Thane,Maharashtra,19.180224999803304,72.94383249982297,2025-11-12T19:31:00.000Z,,,2025-11-12T19:31:00.000Z
LOT_00897,COL_0039,ready,3,69.86,18434.77,Bhiwandi,Thane,Maharashtra,19.265114761199058,73.02023328507914,2026-04-14T18:47:00.000Z,,,2026-04-14T18:47:00.000Z
LOT_00898,COL_0051,ready,1,41.97,19108.94,Kurla,Mumbai Suburban,Maharashtra,19.185629944472016,72.9345269500248,2026-02-11T15:44:00.000Z,,,2026-02-11T15:44:00.000Z
LOT_00899,COL_0008,ready,1,49.76,3256.5,Panchavati,Nashik,Maharashtra,19.951590080335734,73.74848107230216,2026-06-19T17:54:00.000Z,,,2026-06-19T17:54:00.000Z
LOT_00900,COL_0049,ready,4,108.45,8544.95,Mundka,New Delhi,Delhi,28.64179432052523,77.23410488847271,2026-08-29T17:37:00.000Z,,,2026-08-29T17:37:00.000Z
LOT_00901,COL_0053,ready,2,76.19,1009.66,Panchavati,Nashik,Maharashtra,20.024193701855836,73.81382433167025,2025-09-12T15:39:00.000Z,,,2025-09-12T15:39:00.000Z
LOT_00902,COL_0019,paid,3,70.97,10644.44,Bhiwandi,Thane,Maharashtra,19.145457310657203,72.91254157959148,2025-12-13T18:35:00.000Z,REC_011,11487.67,2025-12-15T08:36:00.000Z
LOT_00903,COL_0022,paid,3,43.25,6485.32,Govandi,Mumbai Suburban,Maharashtra,19.144045906743408,72.89710131606905,2026-08-03T11:13:00.000Z,REC_007,6251.23,2026-08-06T01:39:00.000Z
LOT_00904,COL_0007,paid,3,35.89,5196.58,Dombivli,Thane,Maharashtra,19.212670683841406,72.97303361545727,2026-02-06T12:53:00.000Z,REC_010,4627.65,2026-02-08T23:31:00.000Z
LOT_00905,COL_0030,paid,3,67.87,7278.47,Ambad,Nashik,Maharashtra,19.997119705080983,73.78945773457289,2026-07-25T15:18:00.000Z,REC_012,7613.46,2026-07-26T02:08:00.000Z
LOT_00906,COL_0009,paid,1,7.67,2126.53,Ambad,Nashik,Maharashtra,19.993522983640432,73.78622068527639,2025-10-06T17:02:00.000Z,REC_013,1994.51,2025-10-07T01:55:00.000Z
LOT_00907,COL_0048,paid,1,44.11,766.68,Bhiwandi,Thane,Maharashtra,19.19801580248326,72.95984422223493,2026-02-25T18:10:00.000Z,REC_011,765.94,2026-02-27T09:11:00.000Z
LOT_00908,COL_0014,paid,2,50.17,5065.21,Wagholi,Pune,Maharashtra,18.454095643246173,73.79702607892156,2026-05-26T14:12:00.000Z,REC_005,5209.54,2026-05-27T20:00:00.000Z
LOT_00909,COL_0048,paid,1,31.97,4768.96,Ulhasnagar,Thane,Maharashtra,19.170175735595823,72.93478816203624,2026-03-24T15:27:00.000Z,REC_010,4700.42,2026-03-27T05:51:00.000Z
LOT_00910,COL_0023,ready,1,28.4,4625.51,Mayapuri,New Delhi,Delhi,28.5815643993333,77.17989795939997,2026-08-17T16:45:00.000Z,,,2026-08-17T16:45:00.000Z
LOT_00911,COL_0017,paid,2,59.59,1788.69,Ulhasnagar,Thane,Maharashtra,19.208400760571656,72.96919068451449,2026-06-05T06:51:00.000Z,REC_010,1801.48,2026-06-08T10:10:00.000Z
LOT_00912,COL_0001,paid,1,0.2,206.66,Satpur,Nashik,Maharashtra,20.02907821882516,73.81822039694265,2026-05-07T14:01:00.000Z,REC_013,196.39,2026-05-08T22:09:00.000Z
LOT_00913,COL_0046,paid,2,0.22,159.83,Pimpri,Pune,Maharashtra,18.53667515166998,73.87134763650299,2026-04-27T17:22:00.000Z,REC_005,164.72,2026-04-30T11:02:00.000Z
LOT_00914,COL_0056,paid,1,37.73,602.91,Govandi,Mumbai Suburban,Maharashtra,19.089299741430583,72.84782976728752,2026-02-25T18:48:00.000Z,REC_007,563.75,2026-02-26T12:26:00.000Z
LOT_00915,COL_0023,ready,3,175,5995.87,Mundka,New Delhi,Delhi,28.682631031864883,77.2708579286784,2025-11-08T14:10:00.000Z,,,2025-11-08T14:10:00.000Z
LOT_00916,COL_0059,confirmed,3,76.5,15565.59,Wagholi,Pune,Maharashtra,18.518307477393744,73.85481672965437,2025-10-09T13:03:00.000Z,REC_004,15694.59,2025-10-09T17:48:00.000Z
LOT_00917,COL_0030,ready,2,0.19,197.69,Satpur,Nashik,Maharashtra,20.053814598210156,73.84048313838915,2026-07-11T08:14:00.000Z,,,2026-07-11T08:14:00.000Z
LOT_00918,COL_0051,paid,2,36.06,5272.85,Bhandup,Mumbai Suburban,Maharashtra,19.19011436980814,72.93856293282732,2026-03-28T10:24:00.000Z,REC_008,4800.07,2026-03-29T11:58:00.000Z
LOT_00919,COL_0017,paid,1,37.49,5917.05,Bhiwandi,Thane,Maharashtra,19.268762422408162,73.02351618016735,2026-06-08T06:45:00.000Z,REC_011,5889.18,2026-06-09T19:31:00.000Z
LOT_00920,COL_0014,paid,2,86.67,7036.81,Bhosari,Pune,Maharashtra,18.483084785835445,73.82311630725191,2025-09-29T12:06:00.000Z,REC_001,7142.18,2025-10-02T01:30:00.000Z
LOT_00921,COL_0016,confirmed,1,31.71,3340.01,Malad,Mumbai Suburban,Maharashtra,19.101261742642524,72.85859556837826,2026-01-28T19:47:00.000Z,REC_007,3200.91,2026-01-29T11:49:00.000Z
LOT_00922,COL_0006,paid,3,76.96,7786.95,Andheri East,Mumbai Suburban,Maharashtra,19.127763751266897,72.8824473761402,2026-06-30T13:01:00.000Z,REC_007,7548.72,2026-07-02T16:40:00.000Z
LOT_00923,COL_0035,ready,1,1.84,248.43,Bhandup,Mumbai Suburban,Maharashtra,19.056503961241248,72.81831356511711,2026-03-02T13:50:00.000Z,,,2026-03-02T13:50:00.000Z
LOT_00924,COL_0025,ready,2,62.9,1206.3,Katraj,Pune,Maharashtra,18.578737643183768,73.9092038788654,2025-10-11T14:04:00.000Z,,,2025-10-11T14:04:00.000Z
LOT_00925,COL_0019,paid,2,30.82,964.04,Bhiwandi,Thane,Maharashtra,19.201831979508697,72.96327878155783,2026-05-02T18:08:00.000Z,REC_011,944.07,2026-05-03T20:23:00.000Z
LOT_00926,COL_0058,ready,3,11.68,2838.87,Mayapuri,New Delhi,Delhi,28.595125135996938,77.19210262239724,2026-07-17T19:26:00.000Z,,,2026-07-17T19:26:00.000Z
LOT_00927,COL_0033,paid,1,44.04,9761.69,Ulhasnagar,Thane,Maharashtra,19.267384559231996,73.0222761033088,2025-09-15T13:36:00.000Z,REC_010,9189.26,2025-09-15T21:25:00.000Z
LOT_00928,COL_0044,handed_over,2,46.34,5718.66,Hadapsar,Pune,Maharashtra,18.464603408323228,73.80648306749092,2025-10-16T16:33:00.000Z,REC_001,5016.84,2025-10-18T03:33:00.000Z
LOT_00929,COL_0008,paid,2,24.58,3932.24,Ambad,Nashik,Maharashtra,20.07287612132728,73.85763850919456,2026-06-06T06:24:00.000Z,REC_012,4054.01,2026-06-07T13:59:00.000Z
LOT_00930,COL_0045,paid,2,46.91,6819.54,Peenya,Bengaluru Urban,Karnataka,12.895315010881424,77.52594350979328,2026-07-13T19:54:00.000Z,REC_020,6625.95,2026-07-14T06:36:00.000Z
LOT_00931,COL_0019,handed_over,1,29.19,12139.83,Bhiwandi,Thane,Maharashtra,19.27004727216363,73.02467254494726,2025-12-25T15:01:00.000Z,REC_010,11449.66,2025-12-27T08:01:00.000Z
LOT_00932,COL_0039,paid,2,13.45,2584.54,Ulhasnagar,Thane,Maharashtra,19.143542894142865,72.91081860472858,2026-06-16T17:05:00.000Z,REC_011,2450.34,2026-06-19T18:57:00.000Z
LOT_00933,COL_0026,confirmed,2,26.39,3553.29,Seelampur,New Delhi,Delhi,28.652138630332054,77.24341476729884,2026-04-18T07:46:00.000Z,REC_019,3412,2026-04-19T00:24:00.000Z
LOT_00934,COL_0030,paid,1,6.28,96.66,Ambad,Nashik,Maharashtra,20.03822976335883,73.82645678702295,2026-07-02T07:28:00.000Z,REC_013,88.75,2026-07-04T19:41:00.000Z
LOT_00935,COL_0026,ready,2,31.85,4096.5,Mayapuri,New Delhi,Delhi,28.663996306689086,77.25408667602018,2026-02-13T17:36:00.000Z,,,2026-02-13T17:36:00.000Z
LOT_00936,COL_0045,confirmed,1,30.42,4922.43,Peenya,Bengaluru Urban,Karnataka,12.926367713807524,77.55389094242678,2025-11-28T19:41:00.000Z,REC_020,4659.62,2025-11-30T20:04:00.000Z
LOT_00937,COL_0025,paid,1,4.12,307.02,Bhosari,Pune,Maharashtra,18.5778825502187,73.90843429519684,2026-08-15T16:58:00.000Z,REC_005,331.31,2026-08-16T21:52:00.000Z
LOT_00938,COL_0008,ready,3,12.9,1772.63,Satpur,Nashik,Maharashtra,20.059346329718828,73.84546169674695,2026-08-31T16:26:00.000Z,,,2026-08-31T16:26:00.000Z
LOT_00939,COL_0060,ready,1,6.87,793.92,Butibori,Nagpur,Maharashtra,21.19666055465043,79.13397449918538,2026-05-10T18:37:00.000Z,,,2026-05-10T18:37:00.000Z
LOT_00940,COL_0056,ready,3,53.67,9704.96,Kurla,Mumbai Suburban,Maharashtra,19.18734508175999,72.93607057358399,2025-09-15T14:56:00.000Z,,,2025-09-15T14:56:00.000Z
LOT_00941,COL_0030,paid,1,6.14,1620.78,Ambad,Nashik,Maharashtra,20.07304238151759,73.85778814336582,2026-05-01T15:26:00.000Z,REC_013,1651.13,2026-05-04T06:58:00.000Z
LOT_00942,COL_0044,paid,4,21.16,8013.46,Bhosari,Pune,Maharashtra,18.56590032224506,73.89765029002056,2025-10-21T09:30:00.000Z,REC_002,7132.58,2025-10-22T10:24:00.000Z
LOT_00943,COL_0045,paid,2,38.34,5163.14,Bommanahalli,Bengaluru Urban,Karnataka,13.03747980210781,77.65389182189703,2026-04-08T07:52:00.000Z,REC_021,5260.45,2026-04-11T02:12:00.000Z
LOT_00944,COL_0031,ready,1,0.14,25.06,Bhandup,Mumbai Suburban,Maharashtra,19.170258869944515,72.92069298295006,2026-08-03T19:40:00.000Z,,,2026-08-03T19:40:00.000Z
LOT_00945,COL_0033,ready,1,34.6,4187.71,Wagle Estate,Thane,Maharashtra,19.191680211628974,72.95414219046607,2026-05-25T06:25:00.000Z,,,2026-05-25T06:25:00.000Z
LOT_00946,COL_0017,paid,2,33.87,1137.42,Bhiwandi,Thane,Maharashtra,19.25082727445215,73.00737454700693,2026-01-08T07:41:00.000Z,REC_010,1190.72,2026-01-10T02:54:00.000Z
LOT_00947,COL_0011,confirmed,3,35.81,5872.62,Hingna,Nagpur,Maharashtra,21.176284908223153,79.11563641740084,2026-05-25T16:24:00.000Z,REC_014,6226.7,2026-05-27T11:44:00.000Z
LOT_00948,COL_0005,ready,3,162.16,2130.53,Kamptee,Nagpur,Maharashtra,21.206322088930012,79.142669880037,2026-08-27T15:48:00.000Z,,,2026-08-27T15:48:00.000Z
LOT_00949,COL_0012,paid,4,21.53,2360.79,Wagholi,Pune,Maharashtra,18.534651101203263,73.86952599108294,2026-06-07T17:23:00.000Z,REC_002,2156.2,2026-06-07T22:51:00.000Z
LOT_00950,COL_0027,paid,3,28.49,1639.02,Satpur,Nashik,Maharashtra,20.02992352731526,73.81898117458373,2025-12-18T11:24:00.000Z,REC_012,1697.38,2025-12-19T11:46:00.000Z
LOT_00951,COL_0011,paid,2,119.2,7947.91,Butibori,Nagpur,Maharashtra,21.16276550883353,79.10346895795017,2026-03-13T07:01:00.000Z,REC_014,7766.42,2026-03-14T06:22:00.000Z
LOT_00952,COL_0002,ready,1,4.35,1222.92,Malad,Mumbai Suburban,Maharashtra,19.063445244660976,72.82456072019487,2026-08-31T19:24:00.000Z,,,2026-08-31T19:24:00.000Z
LOT_00953,COL_0014,paid,4,67.94,3904.92,Pimpri,Pune,Maharashtra,18.512598331654072,73.84967849848867,2025-10-21T06:56:00.000Z,REC_005,4027.57,2025-10-23T21:09:00.000Z
LOT_00954,COL_0027,paid,4,67.88,2364.72,Satpur,Nashik,Maharashtra,19.99964664991945,73.79173198492751,2026-08-03T15:57:00.000Z,REC_012,2691.81,2026-08-04T11:18:00.000Z
LOT_00955,COL_0026,ready,1,23.46,3772.6,Mundka,New Delhi,Delhi,28.545423379012945,77.14737104111165,2026-07-15T14:01:00.000Z,,,2026-07-15T14:01:00.000Z
LOT_00956,COL_0027,paid,1,3.34,211.15,Ambad,Nashik,Maharashtra,20.0679255849123,73.85318302642106,2025-10-20T14:50:00.000Z,REC_013,194.65,2025-10-23T08:37:00.000Z
LOT_00957,COL_0052,paid,2,45.16,3660.71,Peenya,Bengaluru Urban,Karnataka,13.004114268010856,77.62386284120977,2025-10-02T11:05:00.000Z,REC_021,3986.49,2025-10-05T05:47:00.000Z
LOT_00958,COL_0046,paid,3,54.18,7703.5,Pimpri,Pune,Maharashtra,18.53005731114149,73.86539158002735,2026-03-16T10:40:00.000Z,REC_002,7562.15,2026-03-19T01:58:00.000Z
LOT_00959,COL_0056,confirmed,2,100.99,852.86,Kurla,Mumbai Suburban,Maharashtra,19.115113736955823,72.87106236326024,2026-08-19T14:02:00.000Z,REC_007,829.71,2026-08-22T03:19:00.000Z
LOT_00960,COL_0001,paid,4,172.09,3894.28,Ambad,Nashik,Maharashtra,19.97069322492927,73.76567390243635,2026-06-22T15:14:00.000Z,REC_013,4006.32,2026-06-23T09:05:00.000Z
LOT_00961,COL_0054,confirmed,1,88.27,730.98,Kothrud,Pune,Maharashtra,18.5509041096732,73.88415369870589,2026-02-24T09:34:00.000Z,REC_004,652.03,2026-02-25T05:10:00.000Z
LOT_00962,COL_0037,paid,3,136.94,1614.12,Hadapsar,Pune,Maharashtra,18.594924890892205,73.92377240180299,2026-05-02T09:33:00.000Z,REC_004,1727.6,2026-05-04T07:08:00.000Z
LOT_00963,COL_0027,paid,1,43.75,3438.26,Panchavati,Nashik,Maharashtra,20.06348766207695,73.84918889586926,2026-05-09T11:18:00.000Z,REC_012,3002.48,2026-05-10T15:30:00.000Z
LOT_00964,COL_0028,paid,2,37.91,5656.7,Malad,Mumbai Suburban,Maharashtra,19.037622768847648,72.80132049196287,2026-04-01T17:38:00.000Z,REC_007,5885.56,2026-04-03T07:28:00.000Z
LOT_00965,COL_0026,ready,1,16.51,2860.76,Mayapuri,New Delhi,Delhi,28.582979178608955,77.18117126074806,2025-12-15T12:40:00.000Z,,,2025-12-15T12:40:00.000Z
LOT_00966,COL_0006,paid,1,9.64,1439.64,Kurla,Mumbai Suburban,Maharashtra,19.035238546139002,72.7991746915251,2026-03-29T17:39:00.000Z,REC_008,1457.71,2026-04-01T16:26:00.000Z
LOT_00967,COL_0022,paid,2,9.04,1461.6,Andheri East,Mumbai Suburban,Maharashtra,19.122636170691255,72.87783255362213,2026-01-07T18:14:00.000Z,REC_008,1501.68,2026-01-10T01:00:00.000Z
LOT_00968,COL_0042,paid,1,20.53,387.87,Kothrud,Pune,Maharashtra,18.55827929370999,73.890791364339,2026-06-07T13:01:00.000Z,REC_004,385.83,2026-06-10T12:13:00.000Z
LOT_00969,COL_0037,paid,2,7.97,732.14,Pimpri,Pune,Maharashtra,18.52913780671507,73.86456402604357,2026-08-22T08:42:00.000Z,REC_001,707.68,2026-08-22T15:41:00.000Z
LOT_00970,COL_0036,paid,2,9.37,1070.82,Kurla,Mumbai Suburban,Maharashtra,19.103899579501153,72.86096962155104,2026-04-24T10:31:00.000Z,REC_008,1100,2026-04-26T03:30:00.000Z
LOT_00971,COL_0035,paid,1,22.14,772.46,Andheri East,Mumbai Suburban,Maharashtra,19.079858985660973,72.83933308709487,2025-11-05T08:22:00.000Z,REC_007,744.61,2025-11-05T13:06:00.000Z
LOT_00972,COL_0029,paid,1,8.09,2345.11,Bhandup,Mumbai Suburban,Maharashtra,19.086390141515434,72.84521112736388,2026-07-18T17:14:00.000Z,REC_008,2317.23,2026-07-21T08:46:00.000Z
LOT_00973,COL_0024,ready,1,24.26,4840.84,Govandi,Mumbai Suburban,Maharashtra,19.076272346904876,72.83610511221438,2026-01-12T11:50:00.000Z,,,2026-01-12T11:50:00.000Z
LOT_00974,COL_0032,paid,2,3.95,751.74,Govandi,Mumbai Suburban,Maharashtra,19.05633003000766,72.81815702700689,2025-09-22T08:45:00.000Z,REC_008,678.29,2025-09-23T17:30:00.000Z
LOT_00975,COL_0031,ready,2,38.54,12826.58,Bhandup,Mumbai Suburban,Maharashtra,19.163035170814396,72.91419165373296,2026-07-25T06:59:00.000Z,,,2026-07-25T06:59:00.000Z
LOT_00976,COL_0008,confirmed,2,35.62,7471.99,Panchavati,Nashik,Maharashtra,19.955580217353997,73.7520721956186,2026-03-22T11:09:00.000Z,REC_013,6885.22,2026-03-22T13:42:00.000Z
LOT_00977,COL_0015,paid,1,1.29,120.71,Waluj,Chhatrapati Sambhajinagar,Maharashtra,19.865462156412008,75.3336359407708,2026-02-21T15:56:00.000Z,REC_016,116.93,2026-02-23T21:00:00.000Z
LOT_00978,COL_0013,paid,2,42.33,3901.21,Peenya,Bengaluru Urban,Karnataka,12.993702601230146,77.61449234110712,2025-09-18T17:11:00.000Z,REC_020,3810.43,2025-09-21T08:26:00.000Z
LOT_00979,COL_0010,handed_over,1,42.27,704.22,Bhosari,Pune,Maharashtra,18.483211496183277,73.82323034656496,2025-11-08T07:28:00.000Z,REC_003,619.07,2025-11-09T14:28:00.000Z
LOT_00980,COL_0009,ready,4,50,5560.15,Panchavati,Nashik,Maharashtra,19.994973689951003,73.7875263209559,2026-03-16T06:10:00.000Z,,,2026-03-16T06:10:00.000Z
LOT_00981,COL_0035,paid,2,47.47,5055.89,Malad,Mumbai Suburban,Maharashtra,19.175393420203033,72.92531407818272,2026-08-04T16:44:00.000Z,REC_007,4443.54,2026-08-07T13:34:00.000Z
LOT_00982,COL_0044,paid,1,18.09,2523.92,Pimpri,Pune,Maharashtra,18.45298028399199,73.7960222555928,2025-10-13T14:58:00.000Z,REC_001,2405.33,2025-10-15T04:52:00.000Z
LOT_00983,COL_0030,paid,3,19.65,2517.58,Ambad,Nashik,Maharashtra,19.931538147628306,73.73043433286547,2026-06-04T10:13:00.000Z,REC_012,2657.29,2026-06-05T00:22:00.000Z
LOT_00984,COL_0027,paid,2,97.17,14171.56,Panchavati,Nashik,Maharashtra,19.984762441068888,73.778336196962,2025-11-16T17:33:00.000Z,REC_013,13237.86,2025-11-17T19:23:00.000Z
LOT_00985,COL_0007,paid,2,17.23,2927.73,Dombivli,Thane,Maharashtra,19.225923963095248,72.98496156678571,2025-12-06T12:46:00.000Z,REC_010,3078.25,2025-12-07T09:26:00.000Z
LOT_00986,COL_0013,ready,1,0.35,20.26,Bommanahalli,Bengaluru Urban,Karnataka,13.028279230220617,77.64561130719855,2026-03-29T12:24:00.000Z,,,2026-03-29T12:24:00.000Z
LOT_00987,COL_0022,paid,3,3,1103.54,Malad,Mumbai Suburban,Maharashtra,19.190635881355405,72.93903229321985,2026-06-17T12:15:00.000Z,REC_007,971.41,2026-06-18T19:50:00.000Z
LOT_00988,COL_0001,confirmed,4,27.16,1964.88,Satpur,Nashik,Maharashtra,19.935921754539013,73.73437957908511,2026-02-03T08:10:00.000Z,REC_012,1917.58,2026-02-04T15:07:00.000Z
LOT_00989,COL_0059,paid,3,29,10618.87,Hadapsar,Pune,Maharashtra,18.499722455152867,73.83809020963758,2025-09-05T11:48:00.000Z,REC_001,10012.93,2025-09-06T13:47:00.000Z
LOT_00990,COL_0059,confirmed,1,0.88,227.54,Bhosari,Pune,Maharashtra,18.501683414438364,73.83985507299454,2026-03-31T10:30:00.000Z,REC_003,223.19,2026-04-01T10:24:00.000Z
LOT_00991,COL_0057,ready,2,13.82,1976.64,Kamptee,Nagpur,Maharashtra,21.150715261156858,79.09262373504117,2026-05-17T18:06:00.000Z,,,2026-05-17T18:06:00.000Z
LOT_00992,COL_0006,ready,1,3.62,189.26,Malad,Mumbai Suburban,Maharashtra,19.086894089585545,72.84566468062698,2025-10-10T08:33:00.000Z,,,2025-10-10T08:33:00.000Z
LOT_00993,COL_0002,paid,3,189.49,2009.15,Govandi,Mumbai Suburban,Maharashtra,19.105075127339365,72.86202761460542,2026-03-30T13:53:00.000Z,REC_007,1867.64,2026-03-31T14:31:00.000Z
LOT_00994,COL_0015,confirmed,1,70.14,560.61,Chikalthana,Chhatrapati Sambhajinagar,Maharashtra,19.93612754675448,75.39723479207903,2026-05-02T10:11:00.000Z,REC_016,595.21,2026-05-03T19:39:00.000Z
LOT_00995,COL_0048,paid,4,81.03,10452.35,Bhiwandi,Thane,Maharashtra,19.254199263322352,73.01040933699012,2026-04-17T06:13:00.000Z,REC_011,11168.41,2026-04-18T02:09:00.000Z
LOT_00996,COL_0031,paid,2,31.76,859.46,Bhandup,Mumbai Suburban,Maharashtra,19.052401953345537,72.81462175801097,2026-03-03T11:19:00.000Z,REC_008,822.84,2026-03-05T22:52:00.000Z
LOT_00997,COL_0040,paid,1,58.87,1240.61,Govandi,Mumbai Suburban,Maharashtra,19.140607104121152,72.89400639370903,2025-09-25T08:58:00.000Z,REC_006,1271.05,2025-09-28T02:24:00.000Z
LOT_00998,COL_0049,ready,4,97.04,17694.67,Mundka,New Delhi,Delhi,28.544686933824423,77.14670824044198,2025-10-20T10:01:00.000Z,,,2025-10-20T10:01:00.000Z
LOT_00999,COL_0017,ready,4,72.73,16566.37,Ulhasnagar,Thane,Maharashtra,19.216441583688557,72.9764274253197,2026-06-10T12:33:00.000Z,,,2026-06-10T12:33:00.000Z
LOT_01000,COL_0044,paid,2,28.56,2857.06,Kothrud,Pune,Maharashtra,18.509612153404948,73.84699093806447,2026-01-20T13:41:00.000Z,REC_001,2723.28,2026-01-20T20:28:00.000Z
LOT_01001,COL_0020,paid,1,10.95,1144.49,Bhiwandi,Thane,Maharashtra,19.156356390024722,72.92235075102225,2025-11-18T08:58:00.000Z,REC_010,1210.53,2025-11-21T04:32:00.000Z
LOT_01002,COL_0047,ready,1,0.15,750.82,Mundka,New Delhi,Delhi,28.601332119734586,77.19768890776113,2026-03-05T09:21:00.000Z,,,2026-03-05T09:21:00.000Z
LOT_01003,COL_0039,ready,1,24.17,648.09,Wagle Estate,Thane,Maharashtra,19.15757235972136,72.92344512374922,2026-05-12T06:28:00.000Z,,,2026-05-12T06:28:00.000Z
LOT_01004,COL_0025,paid,2,11.86,1140.5,Wagholi,Pune,Maharashtra,18.518807538831233,73.85526678494811,2025-12-20T18:11:00.000Z,REC_002,1175,2025-12-22T22:44:00.000Z
LOT_01005,COL_0059,paid,2,108.33,8487.91,Kothrud,Pune,Maharashtra,18.477994764605164,73.81853528814464,2025-12-18T15:51:00.000Z,REC_001,9001.47,2025-12-21T13:53:00.000Z
LOT_01006,COL_0044,paid,1,1.87,703.49,Pimpri,Pune,Maharashtra,18.536472304882107,73.8711650743939,2026-03-27T19:47:00.000Z,REC_004,743.26,2026-03-30T02:18:00.000Z
LOT_01007,COL_0047,ready,1,15.5,7045.06,Mundka,New Delhi,Delhi,28.64097522097975,77.23336769888178,2026-03-25T08:30:00.000Z,,,2026-03-25T08:30:00.000Z
LOT_01008,COL_0060,confirmed,3,72.98,2569.44,Kamptee,Nagpur,Maharashtra,21.132691916431487,79.07640272478834,2026-08-07T14:42:00.000Z,REC_014,2562,2026-08-08T02:35:00.000Z
LOT_01009,COL_0010,handed_over,2,84.64,864.11,Bhosari,Pune,Maharashtra,18.489710636557636,73.82907957290188,2026-03-28T19:27:00.000Z,REC_003,775.28,2026-03-29T20:27:00.000Z
LOT_01010,COL_0044,confirmed,3,180.82,3843.26,Hadapsar,Pune,Maharashtra,18.501229653926192,73.83944668853358,2026-04-17T18:45:00.000Z,REC_001,3907.05,2026-04-18T23:27:00.000Z
LOT_01011,COL_0058,ready,1,27.66,4643.69,Mayapuri,New Delhi,Delhi,28.59445997695774,77.19150397926197,2025-11-02T17:13:00.000Z,,,2025-11-02T17:13:00.000Z
LOT_01012,COL_0034,ready,1,30.26,4063.13,Bhosari,Pune,Maharashtra,18.59151317049712,73.92070185344741,2026-04-06T15:39:00.000Z,,,2026-04-06T15:39:00.000Z
LOT_01013,COL_0016,paid,1,221.42,773.12,Malad,Mumbai Suburban,Maharashtra,19.069052529937032,72.82960727694332,2026-07-20T15:16:00.000Z,REC_007,746.36,2026-07-22T21:03:00.000Z
LOT_01014,COL_0045,paid,2,39.18,869.8,Bommanahalli,Bengaluru Urban,Karnataka,13.051356749458611,77.66638107451276,2025-09-16T15:47:00.000Z,REC_021,782.68,2025-09-19T01:33:00.000Z
LOT_01015,COL_0048,confirmed,1,3.81,96.2,Dombivli,Thane,Maharashtra,19.176251812557876,72.94025663130209,2026-05-07T13:03:00.000Z,REC_010,93.12,2026-05-07T22:36:00.000Z
LOT_01016,COL_0057,ready,2,6.09,1337.92,Hingna,Nagpur,Maharashtra,21.207412642891708,79.14365137860254,2026-03-13T13:29:00.000Z,,,2026-03-13T13:29:00.000Z
LOT_01017,COL_0028,confirmed,3,10.8,2236.6,Govandi,Mumbai Suburban,Maharashtra,19.11223903678954,72.86847513311058,2025-11-30T17:55:00.000Z,REC_008,2119.85,2025-12-01T01:26:00.000Z
LOT_01018,COL_0029,ready,1,4.45,2022.97,Govandi,Mumbai Suburban,Maharashtra,19.046277378356457,72.8091096405208,2025-12-06T18:05:00.000Z,,,2025-12-06T18:05:00.000Z
LOT_01019,COL_0043,paid,1,0.06,253.74,Pimpri,Pune,Maharashtra,18.50243856691718,73.84053471022547,2026-01-20T12:38:00.000Z,REC_005,246.16,2026-01-21T10:49:00.000Z
LOT_01020,COL_0034,paid,1,4.59,386.17,Bhosari,Pune,Maharashtra,18.591982413762807,73.92112417238653,2026-05-08T19:27:00.000Z,REC_003,421.13,2026-05-10T10:51:00.000Z
LOT_01021,COL_0028,confirmed,1,17.39,462.23,Malad,Mumbai Suburban,Maharashtra,19.090897765202822,72.84926798868253,2026-02-15T07:54:00.000Z,REC_007,464.44,2026-02-16T03:19:00.000Z
LOT_01022,COL_0003,paid,2,37.81,4448.85,Bhosari,Pune,Maharashtra,18.590259377816317,73.9195734400347,2026-02-25T14:42:00.000Z,REC_002,4833,2026-02-28T05:12:00.000Z
LOT_01023,COL_0033,paid,1,0.17,695.45,Ulhasnagar,Thane,Maharashtra,19.238065603132544,72.99588904281929,2025-09-29T12:26:00.000Z,REC_011,656.57,2025-09-29T18:35:00.000Z
LOT_01024,COL_0026,confirmed,3,84.75,7240.17,Mayapuri,New Delhi,Delhi,28.615463310921193,77.21040697982907,2026-04-25T10:10:00.000Z,REC_019,7089.38,2026-04-25T13:40:00.000Z
LOT_01025,COL_0028,paid,3,22.96,1223.45,Bhandup,Mumbai Suburban,Maharashtra,19.089359311281147,72.84788338015302,2025-09-13T13:28:00.000Z,REC_007,1289.69,2025-09-15T16:58:00.000Z
LOT_01026,COL_0044,paid,2,29.74,2896.15,Hadapsar,Pune,Maharashtra,18.56985515677333,73.901209641096,2026-04-09T19:42:00.000Z,REC_005,2769.83,2026-04-12T10:53:00.000Z
LOT_01027,COL_0039,paid,1,0.1,184.45,Bhiwandi,Thane,Maharashtra,19.242557316514848,72.99993158486336,2025-11-29T11:48:00.000Z,REC_011,164.29,2025-12-01T21:38:00.000Z
LOT_01028,COL_0042,confirmed,2,0.86,1097.25,Kothrud,Pune,Maharashtra,18.572864834973213,73.9039183514759,2026-02-27T07:29:00.000Z,REC_001,1113.46,2026-02-28T14:49:00.000Z
LOT_01029,COL_0007,paid,1,43.55,6129.66,Dombivli,Thane,Maharashtra,19.201012647281587,72.96254138255343,2026-01-26T09:20:00.000Z,REC_010,5881.76,2026-01-29T00:43:00.000Z
LOT_01030,COL_0037,handed_over,1,38.32,5209.76,Bhosari,Pune,Maharashtra,18.455963964582978,73.79870756812468,2025-09-13T18:27:00.000Z,REC_001,4972.52,2025-09-14T04:27:00.000Z
LOT_01031,COL_0047,ready,2,79.33,22938.81,Seelampur,New Delhi,Delhi,28.645972754874826,77.23786547938735,2026-03-27T12:40:00.000Z,,,2026-03-27T12:40:00.000Z
LOT_01032,COL_0017,paid,4,51.11,5189.25,Ulhasnagar,Thane,Maharashtra,19.13916070243269,72.90687463218941,2025-10-05T10:53:00.000Z,REC_011,4666.98,2025-10-07T01:57:00.000Z
LOT_01033,COL_0029,ready,2,9.64,307.86,Bhandup,Mumbai Suburban,Maharashtra,19.045131891115012,72.8080787020035,2026-05-24T17:13:00.000Z,,,2026-05-24T17:13:00.000Z
LOT_01034,COL_0019,paid,2,20.08,8042.91,Bhiwandi,Thane,Maharashtra,19.248093235957622,73.00491391236186,2026-08-19T13:01:00.000Z,REC_010,7988.57,2026-08-21T18:53:00.000Z
LOT_01035,COL_0018,paid,1,4.62,332.97,Govandi,Mumbai Suburban,Maharashtra,19.148551424002648,72.90115628160238,2025-12-10T16:29:00.000Z,REC_007,330.42,2025-12-11T00:01:00.000Z
LOT_01036,COL_0012,confirmed,1,0.33,58.2,Pimpri,Pune,Maharashtra,18.48953006082177,73.82891705473959,2026-07-13T16:10:00.000Z,REC_003,53,2026-07-15T11:53:00.000Z
LOT_01037,COL_0031,paid,2,6.2,772.1,Andheri East,Mumbai Suburban,Maharashtra,19.116500474108758,72.87231042669788,2026-06-12T13:55:00.000Z,REC_007,757.64,2026-06-15T11:19:00.000Z
LOT_01038,COL_0051,confirmed,1,1.46,409.87,Bhandup,Mumbai Suburban,Maharashtra,19.094003040423992,72.85206273638158,2025-09-03T10:17:00.000Z,REC_008,438.06,2025-09-03T12:22:00.000Z
LOT_01039,COL_0036,paid,2,42.15,1694.66,Kurla,Mumbai Suburban,Maharashtra,19.052883586256208,72.81505522763058,2026-03-08T08:37:00.000Z,REC_007,1577.97,2026-03-08T18:05:00.000Z
LOT_01040,COL_0033,confirmed,1,0.23,349.59,Ulhasnagar,Thane,Maharashtra,19.236420198063552,72.99440817825719,2026-07-15T16:10:00.000Z,REC_011,338.36,2026-07-17T10:12:00.000Z
LOT_01041,COL_0036,paid,3,33.34,12969.54,Govandi,Mumbai Suburban,Maharashtra,19.164376501037182,72.91539885093346,2026-04-01T09:31:00.000Z,REC_008,13253.07,2026-04-03T05:46:00.000Z
LOT_01042,COL_0051,handed_over,3,49.92,4632.59,Malad,Mumbai Suburban,Maharashtra,19.16832794555128,72.91895515099614,2026-04-04T12:41:00.000Z,REC_007,4606.15,2026-04-06T16:41:00.000Z
LOT_01043,COL_0024,ready,1,28.43,6040.75,Andheri East,Mumbai Suburban,Maharashtra,19.063298910303416,72.82442901927307,2025-12-23T08:07:00.000Z,,,2025-12-23T08:07:00.000Z
LOT_01044,COL_0025,confirmed,1,6.39,900.48,Wagholi,Pune,Maharashtra,18.465970592731235,73.80771353345811,2026-03-05T06:41:00.000Z,REC_002,813.95,2026-03-06T06:27:00.000Z
LOT_01045,COL_0033,ready,1,9.01,1326.74,Bhiwandi,Thane,Maharashtra,19.186629545259475,72.94959659073352,2025-11-17T08:35:00.000Z,,,2025-11-17T08:35:00.000Z
LOT_01046,COL_0020,paid,1,43.07,6433.37,Wagle Estate,Thane,Maharashtra,19.149569964054226,72.9162429676488,2026-02-23T15:00:00.000Z,REC_010,6021.68,2026-02-25T16:31:00.000Z
LOT_01047,COL_0020,paid,3,157.23,6058.5,Ulhasnagar,Thane,Maharashtra,19.167510093468426,72.93238908412158,2025-12-29T12:00:00.000Z,REC_010,5873.28,2025-12-31T01:44:00.000Z
LOT_01048,COL_0002,paid,4,38.52,6630.42,Bhandup,Mumbai Suburban,Maharashtra,19.127260819455984,72.88199473751038,2026-04-29T16:17:00.000Z,REC_007,5829.31,2026-05-02T13:55:00.000Z
LOT_01049,COL_0040,paid,2,5.65,500.43,Bhandup,Mumbai Suburban,Maharashtra,19.060555822184682,72.8219602399662,2026-03-20T16:40:00.000Z,REC_008,485.84,2026-03-23T12:53:00.000Z
LOT_01050,COL_0050,ready,4,47.37,5211.73,Pimpri,Pune,Maharashtra,18.447863960275054,73.79141756424755,2025-11-04T07:04:00.000Z,,,2025-11-04T07:04:00.000Z
LOT_01051,COL_0035,ready,2,103.28,10773.72,Andheri East,Mumbai Suburban,Maharashtra,19.16968846012503,72.92017961411253,2026-02-02T07:14:00.000Z,,,2026-02-02T07:14:00.000Z
LOT_01052,COL_0057,paid,3,48.43,5703.58,Kamptee,Nagpur,Maharashtra,21.200393618512155,79.13733425666094,2025-12-22T19:03:00.000Z,REC_014,5882.83,2025-12-25T21:39:00.000Z
LOT_01053,COL_0047,ready,2,1.35,310.07,Seelampur,New Delhi,Delhi,28.543814975725116,77.14592347815261,2026-07-10T14:44:00.000Z,,,2026-07-10T14:44:00.000Z
LOT_01054,COL_0058,ready,2,10.55,2529.44,Seelampur,New Delhi,Delhi,28.629531671063603,77.22306850395725,2025-12-12T19:21:00.000Z,,,2025-12-12T19:21:00.000Z
LOT_01055,COL_0029,ready,1,0.18,29.11,Kurla,Mumbai Suburban,Maharashtra,19.082288018769027,72.84151921689212,2025-11-01T11:18:00.000Z,,,2025-11-01T11:18:00.000Z
LOT_01056,COL_0049,ready,3,16.53,1095.5,Mayapuri,New Delhi,Delhi,28.635297666819394,77.22825790013746,2025-09-28T11:37:00.000Z,,,2025-09-28T11:37:00.000Z
LOT_01057,COL_0015,paid,1,9.37,2212.05,Chikalthana,Chhatrapati Sambhajinagar,Maharashtra,19.939624384966493,75.40038194646985,2025-09-05T15:30:00.000Z,REC_016,2067.13,2025-09-07T20:10:00.000Z
LOT_01058,COL_0033,handed_over,3,9.58,763.63,Dombivli,Thane,Maharashtra,19.283561614844203,73.03683545335979,2025-09-17T13:44:00.000Z,REC_010,772.62,2025-09-20T10:44:00.000Z
LOT_01059,COL_0022,paid,1,8.64,3125.43,Malad,Mumbai Suburban,Maharashtra,19.15226146504879,72.90449531854391,2026-06-25T17:17:00.000Z,REC_008,2988.23,2026-06-27T08:15:00.000Z
LOT_01060,COL_0054,paid,1,33.29,4969.83,Hadapsar,Pune,Maharashtra,18.553908534617722,73.88685768115596,2026-07-29T18:34:00.000Z,REC_002,4847.87,2026-08-01T02:28:00.000Z
LOT_01061,COL_0027,paid,1,61.51,1191.71,Satpur,Nashik,Maharashtra,19.91852009117603,73.71871808205843,2025-09-12T14:56:00.000Z,REC_013,1153.73,2025-09-13T15:39:00.000Z
LOT_01062,COL_0060,ready,1,0.27,1001.94,Kamptee,Nagpur,Maharashtra,21.136039473171532,79.07941552585437,2026-02-04T11:14:00.000Z,,,2026-02-04T11:14:00.000Z
LOT_01063,COL_0016,handed_over,1,4.62,490.73,Malad,Mumbai Suburban,Maharashtra,19.17544939045459,72.92536445140912,2025-09-28T18:35:00.000Z,REC_008,510.06,2025-10-01T02:35:00.000Z
LOT_01064,COL_0041,ready,1,31.52,13818.05,Peenya,Bengaluru Urban,Karnataka,12.990430149695278,77.61154713472575,2026-02-22T16:45:00.000Z,,,2026-02-22T16:45:00.000Z
LOT_01065,COL_0013,paid,2,41.98,1801.51,Bommanahalli,Bengaluru Urban,Karnataka,12.907798776066304,77.53717889845967,2026-05-10T08:49:00.000Z,REC_020,1819.72,2026-05-13T01:58:00.000Z
LOT_01066,COL_0022,ready,1,34.95,3926.63,Bhandup,Mumbai Suburban,Maharashtra,19.09736332432032,72.85508699188829,2025-12-17T07:28:00.000Z,,,2025-12-17T07:28:00.000Z
LOT_01067,COL_0035,paid,4,117.45,5273.73,Malad,Mumbai Suburban,Maharashtra,19.049189413270355,72.8117304719433,2025-11-21T16:33:00.000Z,REC_007,4899.37,2025-11-22T21:26:00.000Z
LOT_01068,COL_0018,paid,2,70.57,3742.97,Andheri East,Mumbai Suburban,Maharashtra,19.049362860886756,72.81188657479807,2026-04-30T09:38:00.000Z,REC_007,3864.47,2026-05-02T12:28:00.000Z
LOT_01069,COL_0027,paid,2,1.91,549.01,Satpur,Nashik,Maharashtra,19.939013100266454,73.73716179023981,2026-06-25T19:27:00.000Z,REC_013,567.65,2026-06-28T12:05:00.000Z
LOT_01070,COL_0008,paid,1,33.67,373.06,Panchavati,Nashik,Maharashtra,19.963057231791318,73.75880150861218,2026-01-14T14:45:00.000Z,REC_012,351.93,2026-01-15T16:07:00.000Z
LOT_01071,COL_0001,confirmed,2,60.72,10820.93,Ambad,Nashik,Maharashtra,19.97778998725116,73.77206098852605,2026-05-29T16:57:00.000Z,REC_013,10047.59,2026-05-30T09:02:00.000Z
LOT_01072,COL_0042,confirmed,1,3.38,433.96,Katraj,Pune,Maharashtra,18.54968134635091,73.88305321171582,2026-06-28T13:54:00.000Z,REC_004,401.95,2026-07-01T06:53:00.000Z
LOT_01073,COL_0057,ready,2,3.91,734.04,Butibori,Nagpur,Maharashtra,21.119916765633228,79.06490508906991,2026-06-06T16:36:00.000Z,,,2026-06-06T16:36:00.000Z
LOT_01074,COL_0042,paid,1,6.82,2000.71,Hadapsar,Pune,Maharashtra,18.451816117809713,73.79497450602875,2025-09-25T14:40:00.000Z,REC_001,2147.15,2025-09-28T10:56:00.000Z
LOT_01075,COL_0050,paid,1,1.24,381.07,Katraj,Pune,Maharashtra,18.463481541247663,73.8054733871229,2025-09-10T11:29:00.000Z,REC_001,378.35,2025-09-11T03:27:00.000Z
LOT_01076,COL_0034,paid,1,32.41,530.88,Katraj,Pune,Maharashtra,18.56358883359432,73.8955699502349,2026-03-20T14:22:00.000Z,REC_003,529.76,2026-03-21T17:49:00.000Z
LOT_01077,COL_0055,paid,3,53.57,4196.72,Bhandup,Mumbai Suburban,Maharashtra,19.150437546788158,72.90285379210934,2026-04-04T10:40:00.000Z,REC_007,4201.36,2026-04-04T23:35:00.000Z
LOT_01078,COL_0025,paid,2,18.38,3450.01,Wagholi,Pune,Maharashtra,18.558453818419576,73.89094843657762,2026-08-24T19:28:00.000Z,REC_003,3460.34,2026-08-26T05:42:00.000Z
LOT_01079,COL_0027,paid,2,1.18,390.53,Panchavati,Nashik,Maharashtra,20.018050418049096,73.80829537624419,2026-02-14T12:06:00.000Z,REC_013,415,2026-02-16T11:31:00.000Z
LOT_01080,COL_0055,paid,4,23.09,4308.38,Govandi,Mumbai Suburban,Maharashtra,19.133552858425677,72.88765757258311,2025-09-13T14:01:00.000Z,REC_006,4174.62,2025-09-13T20:59:00.000Z
LOT_01081,COL_0043,paid,3,101.48,12397.79,Kothrud,Pune,Maharashtra,18.45367786054462,73.79665007449016,2025-10-03T07:45:00.000Z,REC_002,12245.3,2025-10-06T01:26:00.000Z
LOT_01082,COL_0020,ready,4,71.93,10857.83,Wagle Estate,Thane,Maharashtra,19.246312872561813,73.00331158530562,2026-03-20T14:45:00.000Z,,,2026-03-20T14:45:00.000Z
LOT_01083,COL_0053,paid,3,29.68,1747.77,Panchavati,Nashik,Maharashtra,19.956865901984273,73.75322931178584,2026-07-04T06:07:00.000Z,REC_012,1697.23,2026-07-05T04:11:00.000Z
LOT_01084,COL_0027,paid,2,10.19,916.86,Ambad,Nashik,Maharashtra,20.009938236698506,73.80099441302866,2026-05-14T16:27:00.000Z,REC_012,927.23,2026-05-15T00:14:00.000Z
LOT_01085,COL_0032,ready,1,0.34,54.67,Kurla,Mumbai Suburban,Maharashtra,19.132244478246573,72.88648003042191,2026-04-23T07:22:00.000Z,,,2026-04-23T07:22:00.000Z
LOT_01086,COL_0037,paid,1,43.73,17363,Bhosari,Pune,Maharashtra,18.463515558698774,73.8055040028289,2026-08-19T16:41:00.000Z,REC_004,18045.52,2026-08-22T06:08:00.000Z
LOT_01087,COL_0035,ready,1,71.45,4623.51,Malad,Mumbai Suburban,Maharashtra,19.082044003611806,72.84129960325062,2026-06-22T11:56:00.000Z,,,2026-06-22T11:56:00.000Z
LOT_01088,COL_0027,paid,1,146.05,747.52,Panchavati,Nashik,Maharashtra,19.946907134018836,73.74426642061695,2026-08-17T11:50:00.000Z,REC_013,714.32,2026-08-20T04:10:00.000Z
LOT_01089,COL_0022,paid,3,6.45,1571.54,Kurla,Mumbai Suburban,Maharashtra,19.083061042135956,72.84221493792235,2026-01-26T17:01:00.000Z,REC_008,1566.73,2026-01-27T10:59:00.000Z
LOT_01090,COL_0029,paid,3,32.87,3498.93,Govandi,Mumbai Suburban,Maharashtra,19.19235437665731,72.94057893899156,2026-05-17T08:02:00.000Z,REC_007,3156.2,2026-05-17T13:29:00.000Z
LOT_01091,COL_0041,paid,1,0.69,149.12,Peenya,Bengaluru Urban,Karnataka,13.029850730149448,77.6470256571345,2026-05-06T08:36:00.000Z,REC_020,158.12,2026-05-07T03:49:00.000Z
LOT_01092,COL_0025,paid,1,11.56,76.69,Pimpri,Pune,Maharashtra,18.53141565402001,73.86661408861801,2026-06-13T15:47:00.000Z,REC_003,74.48,2026-06-14T15:29:00.000Z
LOT_01093,COL_0030,confirmed,2,39.4,5300.62,Satpur,Nashik,Maharashtra,20.032577945664524,73.82137015109807,2025-12-10T16:33:00.000Z,REC_012,5693.47,2025-12-11T14:47:00.000Z
LOT_01094,COL_0055,paid,2,92.23,3206.51,Malad,Mumbai Suburban,Maharashtra,19.136932544974986,72.89069929047749,2026-04-17T14:07:00.000Z,REC_007,3014.44,2026-04-17T20:02:00.000Z
LOT_01095,COL_0059,ready,1,2.17,83.06,Pimpri,Pune,Maharashtra,18.59295117308348,73.92199605577514,2025-11-19T08:19:00.000Z,,,2025-11-19T08:19:00.000Z
LOT_01096,COL_0009,paid,1,33.8,1296.96,Ambad,Nashik,Maharashtra,20.058401312753556,73.8446111814782,2026-02-09T14:04:00.000Z,REC_013,1168.64,2026-02-12T16:12:00.000Z
LOT_01097,COL_0002,paid,2,25.91,11766.63,Govandi,Mumbai Suburban,Maharashtra,19.18940135934055,72.93792122340649,2025-11-18T16:32:00.000Z,REC_007,11478.27,2025-11-21T08:49:00.000Z
LOT_01098,COL_0009,paid,3,9.41,2119.47,Panchavati,Nashik,Maharashtra,20.001735365092753,73.79361182858348,2025-10-26T16:41:00.000Z,REC_013,2131.2,2025-10-27T09:36:00.000Z
LOT_01099,COL_0016,ready,1,25.04,3751.08,Malad,Mumbai Suburban,Maharashtra,19.127618709100783,72.8823168381907,2026-08-23T18:12:00.000Z,,,2026-08-23T18:12:00.000Z
LOT_01100,COL_0027,paid,3,0.58,768.69,Panchavati,Nashik,Maharashtra,20.074967350214717,73.85952061519325,2026-03-09T17:01:00.000Z,REC_013,835.36,2026-03-11T23:07:00.000Z
LOT_01101,COL_0015,ready,1,20.11,2378.45,Chikalthana,Chhatrapati Sambhajinagar,Maharashtra,19.889183940467237,75.35498554642051,2026-03-29T14:39:00.000Z,,,2026-03-29T14:39:00.000Z
LOT_01102,COL_0045,paid,2,42,1753.18,Peenya,Bengaluru Urban,Karnataka,12.912596012873948,77.54149641158655,2026-04-22T09:28:00.000Z,REC_021,1829.17,2026-04-23T21:07:00.000Z
LOT_01103,COL_0024,confirmed,1,35.18,731.74,Govandi,Mumbai Suburban,Maharashtra,19.178293697169426,72.92792432745247,2025-10-20T14:09:00.000Z,REC_007,787.56,2025-10-22T11:10:00.000Z
LOT_01104,COL_0001,paid,2,25.85,597.91,Satpur,Nashik,Maharashtra,19.997693545669318,73.78997419110239,2025-09-22T15:12:00.000Z,REC_012,584.94,2025-09-23T20:49:00.000Z
LOT_01105,COL_0019,paid,4,47.28,3591.34,Wagle Estate,Thane,Maharashtra,19.152521525229513,72.91889937270656,2026-08-20T07:16:00.000Z,REC_011,3459.16,2026-08-21T06:47:00.000Z
LOT_01106,COL_0020,paid,2,5.82,1184.48,Ulhasnagar,Thane,Maharashtra,19.226495453956723,72.98547590856104,2025-11-12T06:50:00.000Z,REC_011,1181.49,2025-11-14T19:50:00.000Z
LOT_01107,COL_0051,ready,2,28.14,9222.79,Govandi,Mumbai Suburban,Maharashtra,19.14580545206219,72.89868490685596,2026-02-18T10:52:00.000Z,,,2026-02-18T10:52:00.000Z
LOT_01108,COL_0049,paid,4,84.56,12307.55,Mundka,New Delhi,Delhi,28.62742862555534,77.2211757629998,2026-03-02T13:48:00.000Z,REC_019,12429.88,2026-03-04T13:37:00.000Z
LOT_01109,COL_0012,paid,3,12.52,1846.16,Bhosari,Pune,Maharashtra,18.468745769420266,73.81021119247825,2026-05-31T13:17:00.000Z,REC_004,1940.66,2026-06-03T04:10:00.000Z
LOT_01110,COL_0057,ready,2,124.7,4392.8,Kamptee,Nagpur,Maharashtra,21.110828659142555,79.0567257932283,2026-01-19T10:10:00.000Z,,,2026-01-19T10:10:00.000Z
LOT_01111,COL_0028,ready,1,33.32,4994.25,Bhandup,Mumbai Suburban,Maharashtra,19.183864647230507,72.93293818250746,2025-09-16T09:04:00.000Z,,,2025-09-16T09:04:00.000Z
LOT_01112,COL_0005,ready,1,5.16,281.54,Hingna,Nagpur,Maharashtra,21.16932080833167,79.1093687274985,2025-11-17T19:21:00.000Z,,,2025-11-17T19:21:00.000Z
LOT_01113,COL_0025,paid,3,41.02,792.77,Wagholi,Pune,Maharashtra,18.506553838224708,73.84423845440224,2026-06-10T06:52:00.000Z,REC_005,738.8,2026-06-10T15:39:00.000Z
LOT_01114,COL_0005,ready,3,22.24,2215.46,Hingna,Nagpur,Maharashtra,21.07786699382514,79.02706029444262,2026-04-20T18:21:00.000Z,,,2026-04-20T18:21:00.000Z
LOT_01115,COL_0056,paid,4,24.28,2304.81,Govandi,Mumbai Suburban,Maharashtra,19.191528643561902,72.93983577920571,2025-12-11T15:32:00.000Z,REC_007,2309.52,2025-12-12T05:09:00.000Z
LOT_01116,COL_0050,confirmed,1,4.17,291.29,Katraj,Pune,Maharashtra,18.57698351946622,73.9076251675196,2026-08-17T15:12:00.000Z,REC_004,301.02,2026-08-19T09:00:00.000Z
LOT_01117,COL_0001,paid,2,102.43,16045.48,Satpur,Nashik,Maharashtra,19.988301477208733,73.78152132948786,2026-06-04T12:06:00.000Z,REC_013,17176.83,2026-06-07T12:35:00.000Z
LOT_01118,COL_0033,ready,2,10.94,707.84,Ulhasnagar,Thane,Maharashtra,19.23904284873903,72.99676856386512,2026-01-25T19:45:00.000Z,,,2026-01-25T19:45:00.000Z
LOT_01119,COL_0053,paid,1,6.6,711.99,Ambad,Nashik,Maharashtra,19.938284800127146,73.73650632011443,2026-03-15T17:05:00.000Z,REC_013,720.77,2026-03-17T04:27:00.000Z
LOT_01120,COL_0034,paid,3,65.06,12525,Katraj,Pune,Maharashtra,18.57622733530551,73.90694460177497,2026-01-15T07:58:00.000Z,REC_001,12715.47,2026-01-16T22:07:00.000Z
LOT_01121,COL_0016,paid,2,15.66,3441.47,Malad,Mumbai Suburban,Maharashtra,19.05015665457249,72.81260098911524,2026-06-08T13:23:00.000Z,REC_008,3481.22,2026-06-10T12:12:00.000Z
LOT_01122,COL_0049,paid,2,17.11,8134.39,Seelampur,New Delhi,Delhi,28.615777947337925,77.21069015260413,2026-04-18T08:44:00.000Z,REC_019,8953.09,2026-04-19T17:26:00.000Z
LOT_01123,COL_0003,paid,1,22.18,2335.11,Katraj,Pune,Maharashtra,18.50186466489881,73.84001819840894,2026-06-21T09:16:00.000Z,REC_001,2387.57,2026-06-22T01:51:00.000Z
LOT_01124,COL_0026,paid,1,4.11,463.67,Seelampur,New Delhi,Delhi,28.557613863641023,77.15834247727692,2026-04-14T15:59:00.000Z,REC_019,470.49,2026-04-16T03:31:00.000Z
LOT_01125,COL_0025,handed_over,1,5.29,683.31,Katraj,Pune,Maharashtra,18.50977846597284,73.84714061937557,2025-12-03T19:44:00.000Z,REC_002,694.01,2025-12-04T01:44:00.000Z
LOT_01126,COL_0028,paid,2,33.2,1160.26,Govandi,Mumbai Suburban,Maharashtra,19.173970428301395,72.92403338547125,2026-08-28T15:36:00.000Z,REC_007,1283.84,2026-08-31T04:30:00.000Z
LOT_01127,COL_0052,paid,3,4.2,281.85,Yelahanka,Bengaluru Urban,Karnataka,12.92177004147172,77.54975303732455,2025-12-29T17:40:00.000Z,REC_021,286.54,2025-12-31T23:55:00.000Z
LOT_01128,COL_0017,handed_over,3,56.04,19784.79,Dombivli,Thane,Maharashtra,19.212524591515958,72.97290213236435,2026-05-12T14:58:00.000Z,REC_011,20729.05,2026-05-15T14:58:00.000Z
LOT_01129,COL_0007,paid,2,8.99,1210.94,Wagle Estate,Thane,Maharashtra,19.27823154462427,73.03203839016184,2025-10-20T09:38:00.000Z,REC_011,1243.12,2025-10-20T15:30:00.000Z
LOT_01130,COL_0033,paid,1,0.06,245.93,Dombivli,Thane,Maharashtra,19.249283616486192,73.00598525483757,2025-11-29T19:02:00.000Z,REC_011,234.32,2025-11-30T18:52:00.000Z
LOT_01131,COL_0052,paid,2,32.08,6229.93,Peenya,Bengaluru Urban,Karnataka,13.022422122357787,77.64033991012201,2025-11-27T11:58:00.000Z,REC_021,6157.19,2025-11-28T16:32:00.000Z
LOT_01132,COL_0052,paid,2,29.72,1419.66,Bommanahalli,Bengaluru Urban,Karnataka,12.942128875589372,77.56807598803043,2026-07-04T09:32:00.000Z,REC_020,1393.44,2026-07-04T22:31:00.000Z
LOT_01133,COL_0010,paid,3,17.82,955.9,Katraj,Pune,Maharashtra,18.56040909268856,73.89270818341971,2026-01-20T13:00:00.000Z,REC_002,983.11,2026-01-23T02:45:00.000Z
LOT_01134,COL_0058,handed_over,1,21.87,888.8,Mundka,New Delhi,Delhi,28.556893326783182,77.15769399410486,2026-06-05T10:48:00.000Z,REC_019,891.59,2026-06-06T16:48:00.000Z
LOT_01135,COL_0050,paid,2,68.43,10538.9,Wagholi,Pune,Maharashtra,18.45134569057226,73.79455112151504,2026-03-18T09:50:00.000Z,REC_002,10621.69,2026-03-21T04:53:00.000Z
LOT_01136,COL_0057,ready,3,88.49,22983.04,Hingna,Nagpur,Maharashtra,21.074242531302573,79.02379827817231,2026-01-12T17:06:00.000Z,,,2026-01-12T17:06:00.000Z
LOT_01137,COL_0026,ready,1,4.8,357.31,Mayapuri,New Delhi,Delhi,28.678817053505778,77.2674253481552,2025-09-06T09:35:00.000Z,,,2025-09-06T09:35:00.000Z
LOT_01138,COL_0023,ready,1,41.52,533.53,Seelampur,New Delhi,Delhi,28.6731941031605,77.26236469284446,2026-01-10T17:47:00.000Z,,,2026-01-10T17:47:00.000Z
LOT_01139,COL_0022,paid,1,172.38,1342.29,Malad,Mumbai Suburban,Maharashtra,19.131297054706515,72.88562734923586,2025-11-19T16:53:00.000Z,REC_007,1322.12,2025-11-21T14:40:00.000Z
LOT_01140,COL_0010,handed_over,1,11.13,1171.31,Katraj,Pune,Maharashtra,18.48785581664145,73.82741023497731,2026-01-08T10:25:00.000Z,REC_004,1004.29,2026-01-11T09:25:00.000Z
LOT_01141,COL_0048,handed_over,1,0.25,167.54,Dombivli,Thane,Maharashtra,19.20294900612831,72.96428410551547,2025-10-31T13:18:00.000Z,REC_011,155.07,2025-11-01T14:18:00.000Z
LOT_01142,COL_0013,confirmed,3,76.47,8168.25,Peenya,Bengaluru Urban,Karnataka,12.965735464951397,77.58932191845625,2026-08-17T17:43:00.000Z,REC_020,7571.17,2026-08-19T21:32:00.000Z
LOT_01143,COL_0023,ready,2,36.11,5553.55,Seelampur,New Delhi,Delhi,28.62867445151657,77.22229700636491,2026-03-11T11:00:00.000Z,,,2026-03-11T11:00:00.000Z
LOT_01144,COL_0023,ready,3,45.57,4232.67,Seelampur,New Delhi,Delhi,28.615334464864432,77.21029101837799,2025-10-19T12:54:00.000Z,,,2025-10-19T12:54:00.000Z
LOT_01145,COL_0015,ready,3,46.5,1040.56,Chikalthana,Chhatrapati Sambhajinagar,Maharashtra,19.938122479756178,75.39903023178056,2026-06-21T08:26:00.000Z,,,2026-06-21T08:26:00.000Z
LOT_01146,COL_0059,paid,1,4.03,413.48,Wagholi,Pune,Maharashtra,18.5632380548954,73.89525424940587,2026-05-03T12:59:00.000Z,REC_003,413.93,2026-05-05T20:02:00.000Z
LOT_01147,COL_0040,ready,1,4.79,1252.73,Govandi,Mumbai Suburban,Maharashtra,19.068107159441713,72.82875644349754,2026-01-20T14:53:00.000Z,,,2026-01-20T14:53:00.000Z
LOT_01148,COL_0027,paid,2,1.03,154.04,Satpur,Nashik,Maharashtra,19.924561962112783,73.7241557659015,2026-03-30T14:50:00.000Z,REC_013,174.48,2026-04-01T05:43:00.000Z
LOT_01149,COL_0044,paid,2,30.96,1070.75,Bhosari,Pune,Maharashtra,18.49171248768419,73.83088123891578,2026-04-22T12:21:00.000Z,REC_003,1031.49,2026-04-25T12:05:00.000Z
LOT_01150,COL_0045,paid,1,24.3,461.69,Bommanahalli,Bengaluru Urban,Karnataka,12.946126373967529,77.57167373657077,2026-08-14T07:13:00.000Z,REC_021,457.87,2026-08-16T09:58:00.000Z
LOT_01151,COL_0014,paid,1,2.41,202.72,Kothrud,Pune,Maharashtra,18.56962054030001,73.90099848627001,2026-06-26T11:01:00.000Z,REC_004,189.26,2026-06-26T17:33:00.000Z
LOT_01152,COL_0045,ready,2,29.64,5583.7,Bommanahalli,Bengaluru Urban,Karnataka,12.970954262165726,77.59401883594916,2025-11-13T12:51:00.000Z,,,2025-11-13T12:51:00.000Z
LOT_01153,COL_0033,paid,3,18.64,3335.88,Dombivli,Thane,Maharashtra,19.205933936330677,72.96697054269761,2026-01-12T09:52:00.000Z,REC_010,3141.89,2026-01-14T14:04:00.000Z
LOT_01154,COL_0034,ready,1,25.89,947.38,Wagholi,Pune,Maharashtra,18.540553322294354,73.87483799006492,2026-06-10T17:41:00.000Z,,,2026-06-10T17:41:00.000Z
LOT_01155,COL_0003,paid,1,94.54,630.85,Katraj,Pune,Maharashtra,18.450263564819096,73.7935772083372,2026-06-12T11:47:00.000Z,REC_005,594.75,2026-06-15T04:26:00.000Z
LOT_01156,COL_0039,paid,2,17.03,1249.77,Wagle Estate,Thane,Maharashtra,19.142873317728935,72.91021598595604,2026-03-30T13:17:00.000Z,REC_011,1164.55,2026-04-02T07:51:00.000Z
LOT_01157,COL_0011,paid,1,4.09,872.32,Butibori,Nagpur,Maharashtra,21.13308906709701,79.07676016038731,2026-06-05T07:33:00.000Z,REC_014,922.92,2026-06-05T21:46:00.000Z
LOT_01158,COL_0028,paid,1,4.31,653.87,Kurla,Mumbai Suburban,Maharashtra,19.04512170792222,72.80806953713,2025-11-29T08:36:00.000Z,REC_008,624.28,2025-11-29T17:51:00.000Z
LOT_01159,COL_0031,ready,1,14.71,7061.53,Malad,Mumbai Suburban,Maharashtra,19.170556472396854,72.92096082515717,2026-06-10T12:27:00.000Z,,,2026-06-10T12:27:00.000Z
LOT_01160,COL_0040,paid,2,36.2,13551.75,Malad,Mumbai Suburban,Maharashtra,19.13860594366342,72.89220534929707,2026-08-19T19:07:00.000Z,REC_008,13420.36,2026-08-21T20:17:00.000Z
LOT_01161,COL_0012,ready,1,8.27,1630.76,Wagholi,Pune,Maharashtra,18.535121292108297,73.86994916289747,2026-08-31T06:14:00.000Z,,,2026-08-31T06:14:00.000Z
LOT_01162,COL_0033,paid,3,93.35,10462.79,Bhiwandi,Thane,Maharashtra,19.173151658046244,72.93746649224163,2026-05-24T15:45:00.000Z,REC_010,9379.42,2026-05-25T07:55:00.000Z
LOT_01163,COL_0045,paid,2,54.23,1017.08,Bommanahalli,Bengaluru Urban,Karnataka,12.973352507276834,77.59617725654915,2025-12-09T10:41:00.000Z,REC_021,935.11,2025-12-10T12:07:00.000Z
LOT_01164,COL_0009,ready,4,19.93,1966.14,Satpur,Nashik,Maharashtra,19.96400957159698,73.75965861443728,2026-04-21T09:46:00.000Z,,,2026-04-21T09:46:00.000Z
LOT_01165,COL_0042,paid,2,29.62,5945.8,Katraj,Pune,Maharashtra,18.544056234592198,73.87799061113299,2025-09-16T13:09:00.000Z,REC_005,5470.29,2025-09-19T15:24:00.000Z
LOT_01166,COL_0009,paid,3,27.29,1364.32,Satpur,Nashik,Maharashtra,19.93379710908979,73.73246739818082,2025-12-27T18:48:00.000Z,REC_013,1427.17,2025-12-28T13:35:00.000Z
LOT_01167,COL_0025,handed_over,1,25.56,4789.69,Pimpri,Pune,Maharashtra,18.56625059624165,73.89796553661749,2025-12-21T18:24:00.000Z,REC_002,4650.66,2025-12-22T21:24:00.000Z
LOT_01168,COL_0052,confirmed,2,22.85,651.1,Peenya,Bengaluru Urban,Karnataka,13.045450799500943,77.66106571955085,2026-03-31T15:10:00.000Z,REC_020,630.52,2026-04-01T23:11:00.000Z
LOT_01169,COL_0002,paid,4,70.05,2668.74,Govandi,Mumbai Suburban,Maharashtra,19.169008553145826,72.91956769783124,2026-04-12T13:15:00.000Z,REC_007,2645.84,2026-04-14T07:28:00.000Z
LOT_01170,COL_0016,paid,1,28.68,1000.65,Malad,Mumbai Suburban,Maharashtra,19.106854109695554,72.86362869872599,2026-08-27T07:58:00.000Z,REC_007,1079.69,2026-08-28T01:47:00.000Z
LOT_01171,COL_0012,paid,3,10.99,1554.72,Katraj,Pune,Maharashtra,18.573211035588383,73.90422993202955,2026-05-16T07:18:00.000Z,REC_004,1510.07,2026-05-17T07:41:00.000Z
LOT_01172,COL_0009,paid,2,36.54,4171.9,Ambad,Nashik,Maharashtra,19.95459015868604,73.75118114281744,2025-12-03T15:04:00.000Z,REC_013,4219.76,2025-12-05T12:39:00.000Z
LOT_01173,COL_0031,ready,1,32.65,3444.25,Govandi,Mumbai Suburban,Maharashtra,19.08200014860034,72.8412601337403,2026-07-21T09:01:00.000Z,,,2026-07-21T09:01:00.000Z
LOT_01174,COL_0026,confirmed,2,18.87,387.98,Mayapuri,New Delhi,Delhi,28.6019139574036,77.19821256166324,2026-04-20T06:32:00.000Z,REC_019,396.36,2026-04-20T12:34:00.000Z
LOT_01175,COL_0060,ready,3,44.02,7143.26,Hingna,Nagpur,Maharashtra,21.090446466039122,79.03838181943522,2025-10-11T06:52:00.000Z,,,2025-10-11T06:52:00.000Z
LOT_01176,COL_0019,paid,3,22.68,1043.22,Ulhasnagar,Thane,Maharashtra,19.26819384807646,73.02300446326882,2025-10-18T11:19:00.000Z,REC_011,1040.38,2025-10-19T22:45:00.000Z
LOT_01177,COL_0046,paid,1,0.25,821.97,Wagholi,Pune,Maharashtra,18.553634472982584,73.88661102568433,2025-09-10T13:10:00.000Z,REC_005,769.42,2025-09-11T23:27:00.000Z
LOT_01178,COL_0011,ready,2,0.09,151.1,Hingna,Nagpur,Maharashtra,21.137089845481515,79.08036086093337,2025-12-21T18:27:00.000Z,,,2025-12-21T18:27:00.000Z
LOT_01179,COL_0011,ready,2,47.47,5730.88,Butibori,Nagpur,Maharashtra,21.205608255136013,79.14202742962242,2026-05-17T19:28:00.000Z,,,2026-05-17T19:28:00.000Z
LOT_01180,COL_0021,ready,2,10.64,169.03,Pimpri,Pune,Maharashtra,18.599993647308647,73.92833428257778,2026-08-12T06:23:00.000Z,,,2026-08-12T06:23:00.000Z
LOT_01181,COL_0014,paid,1,1.45,478.16,Hadapsar,Pune,Maharashtra,18.540763353267312,73.87502701794058,2026-01-03T11:00:00.000Z,REC_005,413.54,2026-01-03T15:15:00.000Z
LOT_01182,COL_0034,paid,3,175.71,3802.12,Bhosari,Pune,Maharashtra,18.557494260714947,73.89008483464346,2025-11-15T19:51:00.000Z,REC_004,4163.11,2025-11-17T02:06:00.000Z
LOT_01183,COL_0058,paid,1,12.32,1531.5,Seelampur,New Delhi,Delhi,28.54397101606578,77.1460639144592,2025-11-07T12:29:00.000Z,REC_019,1514.5,2025-11-08T01:34:00.000Z
LOT_01184,COL_0007,ready,1,0.19,176.73,Dombivli,Thane,Maharashtra,19.170963512863217,72.93549716157689,2025-11-10T08:05:00.000Z,,,2025-11-10T08:05:00.000Z
LOT_01185,COL_0020,paid,4,84.72,24975.67,Dombivli,Thane,Maharashtra,19.212922160829603,72.97325994474664,2026-08-13T19:37:00.000Z,REC_010,24672.8,2026-08-15T09:27:00.000Z
LOT_01186,COL_0016,paid,1,5.52,1623.35,Malad,Mumbai Suburban,Maharashtra,19.12190970417708,72.87717873375937,2025-11-19T07:46:00.000Z,REC_008,1462.8,2025-11-20T12:59:00.000Z
LOT_01187,COL_0025,paid,2,45.05,500.43,Wagholi,Pune,Maharashtra,18.534814908885956,73.86967341799736,2026-01-08T08:31:00.000Z,REC_002,508.49,2026-01-08T12:28:00.000Z
LOT_01188,COL_0036,confirmed,1,151.57,1401.54,Kurla,Mumbai Suburban,Maharashtra,19.191620830750466,72.9399187476754,2026-01-08T07:50:00.000Z,REC_007,1418.57,2026-01-10T04:42:00.000Z
LOT_01189,COL_0055,confirmed,2,44.29,2821.42,Bhandup,Mumbai Suburban,Maharashtra,19.17953360312283,72.92904024281054,2026-08-17T12:03:00.000Z,REC_006,2825.23,2026-08-17T17:19:00.000Z
LOT_01190,COL_0049,ready,1,0.22,413.1,Mundka,New Delhi,Delhi,28.62054435647428,77.21497992082685,2025-09-26T15:36:00.000Z,,,2025-09-26T15:36:00.000Z
LOT_01191,COL_0016,ready,1,0.61,103.73,Malad,Mumbai Suburban,Maharashtra,19.105347458577157,72.86227271271943,2025-10-31T10:52:00.000Z,,,2025-10-31T10:52:00.000Z
LOT_01192,COL_0043,paid,1,5.96,1957.86,Bhosari,Pune,Maharashtra,18.509094310337304,73.84652487930357,2026-07-06T07:20:00.000Z,REC_001,1846.62,2026-07-09T07:49:00.000Z
LOT_01193,COL_0039,paid,1,4.29,398.78,Bhiwandi,Thane,Maharashtra,19.256014563384653,73.01204310704618,2026-05-31T09:20:00.000Z,REC_011,361.48,2026-06-01T02:33:00.000Z
LOT_01194,COL_0004,paid,2,6.37,1269.61,Katraj,Pune,Maharashtra,18.59114884023517,73.92037395621166,2026-01-23T11:24:00.000Z,REC_002,1263.89,2026-01-24T02:47:00.000Z
LOT_01195,COL_0019,paid,1,7.61,1311.48,Bhiwandi,Thane,Maharashtra,19.159660692568124,72.92532462331131,2026-08-13T18:00:00.000Z,REC_011,1384.32,2026-08-15T21:29:00.000Z
LOT_01196,COL_0011,handed_over,2,64.52,3572.32,Kamptee,Nagpur,Maharashtra,21.1010275018394,79.04790475165547,2026-04-07T06:02:00.000Z,REC_014,3518.98,2026-04-07T22:02:00.000Z
LOT_01197,COL_0053,paid,1,0.02,73.23,Satpur,Nashik,Maharashtra,20.07742071162909,73.86172864046618,2026-03-13T15:24:00.000Z,REC_013,65.8,2026-03-16T11:16:00.000Z
LOT_01198,COL_0056,ready,4,29.26,4372.31,Malad,Mumbai Suburban,Maharashtra,19.125076759649815,72.88002908368483,2026-08-14T19:13:00.000Z,,,2026-08-14T19:13:00.000Z
LOT_01199,COL_0033,paid,2,29.48,3106.51,Dombivli,Thane,Maharashtra,19.256754874120652,73.01270938670858,2026-04-17T06:07:00.000Z,REC_010,2881.48,2026-04-19T18:31:00.000Z
LOT_01200,COL_0018,paid,2,41.08,2434.58,Govandi,Mumbai Suburban,Maharashtra,19.134513869366053,72.88852248242944,2026-02-28T16:24:00.000Z,REC_007,2311.16,2026-03-03T05:27:00.000Z
LOT_01201,COL_0014,confirmed,2,7.15,860.84,Wagholi,Pune,Maharashtra,18.508288518609106,73.8457996667482,2026-06-29T08:27:00.000Z,REC_005,921.58,2026-07-01T10:42:00.000Z
LOT_01202,COL_0040,paid,2,156.88,1389.17,Govandi,Mumbai Suburban,Maharashtra,19.15117633119822,72.90351869807839,2025-09-10T09:07:00.000Z,REC_008,1523.27,2025-09-12T15:57:00.000Z
LOT_01203,COL_0030,confirmed,1,7.14,1647.83,Panchavati,Nashik,Maharashtra,19.981632461622358,73.77551921546012,2025-12-10T06:45:00.000Z,REC_013,1464.81,2025-12-12T05:46:00.000Z
LOT_01204,COL_0038,paid,2,0.75,90.24,Panchavati,Nashik,Maharashtra,20.040027808248997,73.82807502742409,2026-08-18T16:21:00.000Z,REC_012,87.51,2026-08-19T03:26:00.000Z
LOT_01205,COL_0054,paid,1,5.76,423.42,Katraj,Pune,Maharashtra,18.512966872537135,73.85001018528342,2026-03-05T16:36:00.000Z,REC_003,443.64,2026-03-07T00:05:00.000Z
LOT_01206,COL_0029,ready,1,22.86,4690.64,Andheri East,Mumbai Suburban,Maharashtra,19.06877554011196,72.82935798610076,2026-07-22T14:33:00.000Z,,,2026-07-22T14:33:00.000Z
LOT_01207,COL_0031,paid,2,23.37,3928.55,Kurla,Mumbai Suburban,Maharashtra,19.10139181431979,72.8587126328878,2026-01-16T19:20:00.000Z,REC_008,3757.85,2026-01-18T15:24:00.000Z
LOT_01208,COL_0011,confirmed,2,32.61,5034.82,Hingna,Nagpur,Maharashtra,21.094627851153913,79.04214506603851,2026-02-05T18:20:00.000Z,REC_014,4643.6,2026-02-07T09:14:00.000Z
LOT_01209,COL_0035,ready,1,32.7,3043.72,Govandi,Mumbai Suburban,Maharashtra,19.093756590230765,72.85184093120768,2025-11-11T08:51:00.000Z,,,2025-11-11T08:51:00.000Z
LOT_01210,COL_0010,paid,1,31.44,4234.78,Bhosari,Pune,Maharashtra,18.587511413292585,73.91710027196333,2026-02-05T15:12:00.000Z,REC_002,4113.32,2026-02-06T12:16:00.000Z
LOT_01211,COL_0024,paid,3,55.57,4201.42,Bhandup,Mumbai Suburban,Maharashtra,19.049675906306508,72.81216831567585,2026-01-12T08:58:00.000Z,REC_007,3698.08,2026-01-14T23:22:00.000Z
LOT_01212,COL_0038,paid,1,13.88,5094.92,Panchavati,Nashik,Maharashtra,19.94351208414882,73.74121087573394,2026-07-14T12:04:00.000Z,REC_013,4569.01,2026-07-16T09:35:00.000Z
LOT_01213,COL_0049,ready,1,3.46,542.77,Mundka,New Delhi,Delhi,28.652662069642545,77.2438858626783,2026-01-10T10:32:00.000Z,,,2026-01-10T10:32:00.000Z
LOT_01214,COL_0049,ready,1,55.38,4405.64,Mundka,New Delhi,Delhi,28.634787976177037,77.22779917855934,2026-08-22T07:25:00.000Z,,,2026-08-22T07:25:00.000Z
LOT_01215,COL_0057,ready,2,20.84,2595.83,Kamptee,Nagpur,Maharashtra,21.205827680397036,79.14222491235734,2026-07-27T18:27:00.000Z,,,2026-07-27T18:27:00.000Z
LOT_01216,COL_0051,paid,3,143.11,2946.92,Malad,Mumbai Suburban,Maharashtra,19.115596706798673,72.8714970361188,2026-02-26T18:21:00.000Z,REC_008,2683.75,2026-02-28T16:02:00.000Z
LOT_01217,COL_0051,paid,1,4.09,615.46,Bhandup,Mumbai Suburban,Maharashtra,19.099682065664233,72.8571738590978,2026-07-01T08:16:00.000Z,REC_008,637.27,2026-07-02T21:47:00.000Z
LOT_01218,COL_0056,paid,2,59.43,3097.43,Andheri East,Mumbai Suburban,Maharashtra,19.041568422546984,72.80487158029229,2026-08-21T18:50:00.000Z,REC_007,3388.47,2026-08-22T00:44:00.000Z
LOT_01219,COL_0035,paid,1,0.23,380.19,Kurla,Mumbai Suburban,Maharashtra,19.135581685422363,72.88948351688012,2026-08-16T11:42:00.000Z,REC_008,395.08,2026-08-17T16:26:00.000Z
LOT_01220,COL_0022,handed_over,1,15.19,2618.75,Bhandup,Mumbai Suburban,Maharashtra,19.054989715224504,72.81695074370205,2026-08-22T17:36:00.000Z,REC_007,2352.76,2026-08-24T14:36:00.000Z
LOT_01221,COL_0026,paid,2,28.33,2545.15,Seelampur,New Delhi,Delhi,28.570341039331257,77.16979693539814,2025-09-29T14:36:00.000Z,REC_019,2446.59,2025-09-30T04:04:00.000Z
LOT_01222,COL_0002,ready,1,1.48,158.19,Andheri East,Mumbai Suburban,Maharashtra,19.17947216179818,72.92898494561835,2025-11-19T16:39:00.000Z,,,2025-11-19T16:39:00.000Z
LOT_01223,COL_0022,ready,1,4.54,932.69,Andheri East,Mumbai Suburban,Maharashtra,19.0472733494699,72.8100060145229,2025-10-26T08:11:00.000Z,,,2025-10-26T08:11:00.000Z
LOT_01224,COL_0043,paid,2,8.98,1407.04,Pimpri,Pune,Maharashtra,18.564527593822778,73.8964148344405,2025-09-08T08:41:00.000Z,REC_001,1376.24,2025-09-10T02:13:00.000Z
LOT_01225,COL_0050,paid,3,157.94,5455.77,Wagholi,Pune,Maharashtra,18.46492398791909,73.80677158912718,2025-09-07T15:09:00.000Z,REC_005,5287.71,2025-09-10T04:44:00.000Z
LOT_01226,COL_0058,paid,2,45.11,8592.59,Mundka,New Delhi,Delhi,28.540553634533286,77.14298827107996,2025-10-27T13:00:00.000Z,REC_019,8249.94,2025-10-29T15:01:00.000Z
LOT_01227,COL_0006,paid,2,13.45,2049.51,Bhandup,Mumbai Suburban,Maharashtra,19.036423934294284,72.80024154086485,2025-09-26T15:09:00.000Z,REC_007,1814.23,2025-09-29T04:01:00.000Z
LOT_01228,COL_0002,ready,1,39.51,6585.26,Bhandup,Mumbai Suburban,Maharashtra,19.092079076065126,72.85033116845861,2026-06-03T18:02:00.000Z,,,2026-06-03T18:02:00.000Z
LOT_01229,COL_0032,paid,1,37.67,787.99,Bhandup,Mumbai Suburban,Maharashtra,19.11152221490294,72.86782999341264,2026-08-25T18:57:00.000Z,REC_007,688.63,2026-08-27T00:04:00.000Z
LOT_01230,COL_0050,paid,1,67.61,424.79,Kothrud,Pune,Maharashtra,18.44807425317317,73.79160682785586,2026-01-11T17:45:00.000Z,REC_004,434.34,2026-01-12T12:07:00.000Z
LOT_01231,COL_0028,confirmed,3,65.2,4339.92,Malad,Mumbai Suburban,Maharashtra,19.056908880440893,72.8186779923968,2026-07-04T14:30:00.000Z,REC_008,4042.02,2026-07-05T09:38:00.000Z
LOT_01232,COL_0024,ready,1,35.04,5243.6,Malad,Mumbai Suburban,Maharashtra,19.11460291840732,72.87060262656658,2025-10-02T09:55:00.000Z,,,2025-10-02T09:55:00.000Z
LOT_01233,COL_0045,ready,1,22.35,3738.71,Yelahanka,Bengaluru Urban,Karnataka,12.981603824457526,77.60360344201177,2026-04-05T16:57:00.000Z,,,2026-04-05T16:57:00.000Z
LOT_01234,COL_0031,handed_over,1,24.7,237.58,Kurla,Mumbai Suburban,Maharashtra,19.181394459313157,72.93071501338183,2026-02-10T09:57:00.000Z,REC_007,219.12,2026-02-11T23:57:00.000Z
LOT_01235,COL_0040,confirmed,1,0.07,120.46,Malad,Mumbai Suburban,Maharashtra,19.188454230172933,72.93706880715564,2026-06-17T18:47:00.000Z,REC_008,130.28,2026-06-19T17:07:00.000Z
LOT_01236,COL_0042,paid,3,56.43,3991.95,Wagholi,Pune,Maharashtra,18.465360215985772,73.8071641943872,2025-12-20T13:35:00.000Z,REC_005,3906.43,2025-12-21T04:54:00.000Z
LOT_01237,COL_0022,ready,2,3.72,212.49,Andheri East,Mumbai Suburban,Maharashtra,19.041384769572318,72.80470629261508,2025-11-29T08:33:00.000Z,,,2025-11-29T08:33:00.000Z
LOT_01238,COL_0016,ready,1,35.57,7434.22,Govandi,Mumbai Suburban,Maharashtra,19.122972423402967,72.87813518106266,2026-02-17T18:26:00.000Z,,,2026-02-17T18:26:00.000Z
LOT_01239,COL_0049,ready,1,6.17,1473.3,Seelampur,New Delhi,Delhi,28.565787285225095,77.1656985567026,2025-10-03T10:02:00.000Z,,,2025-10-03T10:02:00.000Z
LOT_01240,COL_0057,ready,2,78.33,2459.85,Butibori,Nagpur,Maharashtra,21.196726146097483,79.13403353148773,2026-07-05T15:19:00.000Z,,,2026-07-05T15:19:00.000Z
LOT_01241,COL_0007,ready,1,1.04,149.28,Dombivli,Thane,Maharashtra,19.28456854725182,73.03774169252664,2026-05-16T07:58:00.000Z,,,2026-05-16T07:58:00.000Z
LOT_01242,COL_0042,paid,2,39.32,726.08,Katraj,Pune,Maharashtra,18.508124695317445,73.84565222578571,2026-05-11T16:18:00.000Z,REC_003,711.8,2026-05-12T11:57:00.000Z
LOT_01243,COL_0024,paid,4,85.8,19736.04,Malad,Mumbai Suburban,Maharashtra,19.15188137382865,72.90415323644578,2026-06-29T10:57:00.000Z,REC_007,18287.86,2026-06-30T07:10:00.000Z
LOT_01244,COL_0044,confirmed,1,42.66,7688.21,Bhosari,Pune,Maharashtra,18.54544172388464,73.87923755149617,2025-09-14T18:00:00.000Z,REC_002,7411.28,2025-09-16T11:55:00.000Z
LOT_01245,COL_0014,paid,3,48.43,4279.23,Hadapsar,Pune,Maharashtra,18.54874920000285,73.88221428000257,2026-01-03T10:28:00.000Z,REC_003,4144.73,2026-01-05T04:18:00.000Z
LOT_01246,COL_0054,paid,2,52.14,6829.65,Hadapsar,Pune,Maharashtra,18.57463403877765,73.90551063489988,2026-03-15T11:42:00.000Z,REC_002,7053.07,2026-03-17T06:22:00.000Z
LOT_01247,COL_0004,confirmed,4,133.12,11036.46,Hadapsar,Pune,Maharashtra,18.514649158613384,73.85152424275205,2026-01-11T06:19:00.000Z,REC_001,11650.14,2026-01-12T02:06:00.000Z
LOT_01248,COL_0002,ready,1,0.3,61.98,Malad,Mumbai Suburban,Maharashtra,19.16517921355218,72.91612129219695,2025-09-17T09:39:00.000Z,,,2025-09-17T09:39:00.000Z
LOT_01249,COL_0011,ready,3,27.07,3725.6,Hingna,Nagpur,Maharashtra,21.150003145727517,79.09198283115477,2025-11-08T12:46:00.000Z,,,2025-11-08T12:46:00.000Z
LOT_01250,COL_0017,paid,3,86.56,11334.43,Ulhasnagar,Thane,Maharashtra,19.226314325015245,72.98531289251372,2026-06-21T10:26:00.000Z,REC_011,11517.93,2026-06-24T02:22:00.000Z
LOT_01251,COL_0051,paid,4,95.04,26102.44,Govandi,Mumbai Suburban,Maharashtra,19.14277650692165,72.89595885622948,2026-02-13T09:03:00.000Z,REC_008,26313.51,2026-02-15T05:02:00.000Z
LOT_01252,COL_0032,handed_over,1,7.65,2687.98,Bhandup,Mumbai Suburban,Maharashtra,19.170846949560943,72.92122225460484,2026-05-04T13:54:00.000Z,REC_008,2733.09,2026-05-05T12:54:00.000Z
LOT_01253,COL_0017,paid,2,24.36,2477.45,Wagle Estate,Thane,Maharashtra,19.20793396809995,72.96877057128995,2026-07-22T14:36:00.000Z,REC_010,2404.94,2026-07-22T18:32:00.000Z
LOT_01254,COL_0029,paid,2,7.79,1436.04,Kurla,Mumbai Suburban,Maharashtra,19.0982085504815,72.85584769543334,2026-07-06T10:31:00.000Z,REC_008,1330.8,2026-07-06T22:13:00.000Z
LOT_01255,COL_0038,paid,2,13.39,2636.12,Ambad,Nashik,Maharashtra,20.04077533200383,73.82874779880345,2025-10-22T14:12:00.000Z,REC_013,2813.1,2025-10-23T19:24:00.000Z
LOT_01256,COL_0007,paid,3,10.11,717.27,Bhiwandi,Thane,Maharashtra,19.13951113933623,72.9071900254026,2025-12-19T14:27:00.000Z,REC_010,611.06,2025-12-19T23:37:00.000Z
LOT_01257,COL_0035,paid,1,3.81,625.56,Andheri East,Mumbai Suburban,Maharashtra,19.06561183281839,72.82651064953654,2026-07-28T17:03:00.000Z,REC_007,623.9,2026-07-31T16:53:00.000Z
LOT_01258,COL_0040,paid,2,187.53,15046.42,Andheri East,Mumbai Suburban,Maharashtra,19.164397081999482,72.91541737379953,2026-06-11T08:59:00.000Z,REC_007,15776.93,2026-06-14T00:31:00.000Z
LOT_01259,COL_0053,confirmed,3,60,7403.11,Ambad,Nashik,Maharashtra,20.0290512804687,73.81819615242183,2025-09-21T07:46:00.000Z,REC_013,7573.83,2025-09-23T19:35:00.000Z
LOT_01260,COL_0054,paid,2,33.38,6491.87,Katraj,Pune,Maharashtra,18.45667443931997,73.79934699538798,2025-11-05T12:46:00.000Z,REC_001,6202.25,2025-11-07T15:37:00.000Z
LOT_01261,COL_0016,paid,4,63.85,4608.12,Malad,Mumbai Suburban,Maharashtra,19.051112064129114,72.8134608577162,2026-05-14T16:24:00.000Z,REC_007,4863.75,2026-05-17T02:32:00.000Z
LOT_01262,COL_0018,paid,1,27.02,665.21,Kurla,Mumbai Suburban,Maharashtra,19.10367074765861,72.86076367289274,2026-05-16T15:09:00.000Z,REC_007,661.16,2026-05-17T14:06:00.000Z
LOT_01263,COL_0044,paid,2,6.83,2058.49,Pimpri,Pune,Maharashtra,18.557762761646508,73.89032648548186,2026-01-28T19:26:00.000Z,REC_002,1892.76,2026-01-30T20:45:00.000Z
LOT_01264,COL_0029,paid,4,176.92,6081.6,Govandi,Mumbai Suburban,Maharashtra,19.06929092154503,72.82982182939053,2025-11-30T15:42:00.000Z,REC_007,6346,2025-12-03T06:12:00.000Z
LOT_01265,COL_0042,paid,2,43.04,847.37,Hadapsar,Pune,Maharashtra,18.479799548210202,73.82015959338919,2026-07-30T13:05:00.000Z,REC_003,878.25,2026-08-01T23:55:00.000Z
LOT_01266,COL_0047,ready,2,64.54,5538.9,Seelampur,New Delhi,Delhi,28.554330804602802,77.15538772414253,2026-08-31T06:44:00.000Z,,,2026-08-31T06:44:00.000Z
LOT_01267,COL_0027,paid,4,17.69,2447.22,Satpur,Nashik,Maharashtra,19.918984639681874,73.71913617571369,2025-09-18T06:05:00.000Z,REC_013,2573.39,2025-09-19T11:11:00.000Z
LOT_01268,COL_0041,paid,2,41.57,3124.84,Peenya,Bengaluru Urban,Karnataka,13.03415293082446,77.650897637742,2025-11-14T18:17:00.000Z,REC_020,3235.62,2025-11-17T07:45:00.000Z
LOT_01269,COL_0059,paid,1,29.51,1039.87,Pimpri,Pune,Maharashtra,18.590409403154254,73.91970846283883,2025-12-15T16:01:00.000Z,REC_003,1039.41,2025-12-17T09:11:00.000Z
LOT_01270,COL_0046,paid,1,3.04,849.35,Katraj,Pune,Maharashtra,18.509939850354193,73.84728586531878,2025-09-17T06:05:00.000Z,REC_003,889.86,2025-09-17T20:49:00.000Z
LOT_01271,COL_0059,paid,3,20.57,3965.86,Hadapsar,Pune,Maharashtra,18.462153227710722,73.80427790493965,2026-06-01T15:35:00.000Z,REC_002,3434.72,2026-06-03T12:32:00.000Z
LOT_01272,COL_0040,confirmed,1,31.34,4110.27,Govandi,Mumbai Suburban,Maharashtra,19.16202812653631,72.91328531388267,2025-09-27T11:22:00.000Z,REC_007,4052.6,2025-09-29T18:27:00.000Z
LOT_01273,COL_0007,paid,3,36.51,9388.23,Dombivli,Thane,Maharashtra,19.25251273905784,73.00889146515205,2026-01-16T08:28:00.000Z,REC_010,9369.18,2026-01-19T02:23:00.000Z
LOT_01274,COL_0017,confirmed,2,21.79,748.96,Bhiwandi,Thane,Maharashtra,19.26349737586379,73.01877763827741,2025-12-23T15:49:00.000Z,REC_010,679.58,2025-12-25T23:27:00.000Z
LOT_01275,COL_0049,paid,2,78.89,8254.62,Mayapuri,New Delhi,Delhi,28.619461536438763,77.2140053827949,2026-01-18T09:30:00.000Z,REC_019,7728.28,2026-01-18T23:32:00.000Z
LOT_01276,COL_0057,ready,1,10.18,1176.43,Kamptee,Nagpur,Maharashtra,21.07490825788975,79.02439743210077,2026-05-16T17:55:00.000Z,,,2026-05-16T17:55:00.000Z
LOT_01277,COL_0025,paid,1,32.98,4483.07,Pimpri,Pune,Maharashtra,18.528002087073027,73.86354187836572,2025-11-13T16:05:00.000Z,REC_002,4519.99,2025-11-16T16:51:00.000Z
LOT_01278,COL_0032,paid,1,36.66,957.19,Bhandup,Mumbai Suburban,Maharashtra,19.090172302132846,72.84861507191955,2026-06-19T18:19:00.000Z,REC_007,798.69,2026-06-22T10:19:00.000Z
LOT_01279,COL_0058,paid,3,20.86,1019.79,Mundka,New Delhi,Delhi,28.66679857450873,77.25660871705786,2026-06-03T18:21:00.000Z,REC_019,1041.97,2026-06-04T02:47:00.000Z
LOT_01280,COL_0002,ready,1,0.64,159.01,Govandi,Mumbai Suburban,Maharashtra,19.178815492397547,72.92839394315779,2026-01-11T08:56:00.000Z,,,2026-01-11T08:56:00.000Z
LOT_01281,COL_0021,paid,2,0.38,1419.95,Wagholi,Pune,Maharashtra,18.464640255095063,73.80651622958557,2026-08-25T18:53:00.000Z,REC_003,1375.33,2026-08-27T02:55:00.000Z
LOT_01282,COL_0040,paid,2,3.47,903.37,Bhandup,Mumbai Suburban,Maharashtra,19.137346728673577,72.89107205580622,2025-11-05T16:35:00.000Z,REC_008,872.93,2025-11-08T10:34:00.000Z
LOT_01283,COL_0054,paid,1,0.1,17.64,Kothrud,Pune,Maharashtra,18.463475042255222,73.8054675380297,2026-07-06T07:59:00.000Z,REC_005,18.04,2026-07-07T08:07:00.000Z
LOT_01284,COL_0012,paid,3,4.6,608.23,Hadapsar,Pune,Maharashtra,18.450388610632718,73.79368974956945,2026-05-01T10:45:00.000Z,REC_003,657.52,2026-05-04T04:13:00.000Z
LOT_01285,COL_0039,paid,1,17.78,2659.35,Ulhasnagar,Thane,Maharashtra,19.163079783301054,72.92840180497095,2026-01-07T15:43:00.000Z,REC_010,2668.2,2026-01-08T16:47:00.000Z
LOT_01286,COL_0012,ready,1,4.88,287.72,Bhosari,Pune,Maharashtra,18.450020981812475,73.79335888363123,2025-11-08T07:15:00.000Z,,,2025-11-08T07:15:00.000Z
LOT_01287,COL_0010,paid,3,38.34,2313.95,Hadapsar,Pune,Maharashtra,18.56897960909605,73.90042164818645,2026-06-16T18:16:00.000Z,REC_001,2238.58,2026-06-18T00:51:00.000Z
LOT_01288,COL_0049,paid,2,38.25,6985.56,Mayapuri,New Delhi,Delhi,28.613680933000147,77.20880283970014,2025-11-28T17:42:00.000Z,REC_019,7066.86,2025-11-29T15:56:00.000Z
LOT_01289,COL_0011,ready,1,20.65,1881.76,Kamptee,Nagpur,Maharashtra,21.14797558249831,79.09015802424848,2025-10-06T19:09:00.000Z,,,2025-10-06T19:09:00.000Z
LOT_01290,COL_0018,paid,4,63.32,5516.47,Kurla,Mumbai Suburban,Maharashtra,19.16304807227701,72.91420326504931,2026-08-15T06:03:00.000Z,REC_006,4790.7,2026-08-17T11:03:00.000Z
LOT_01291,COL_0039,paid,1,0.18,734.98,Dombivli,Thane,Maharashtra,19.24174628959894,72.99920166063905,2026-06-25T15:48:00.000Z,REC_011,635.14,2026-06-26T10:09:00.000Z
LOT_01292,COL_0014,paid,2,35.07,3759.36,Kothrud,Pune,Maharashtra,18.4751856516391,73.8160070864752,2026-08-14T11:08:00.000Z,REC_002,4075.91,2026-08-16T15:03:00.000Z
LOT_01293,COL_0038,paid,2,42.43,3845.56,Ambad,Nashik,Maharashtra,19.999385482631624,73.79149693436847,2026-06-07T16:42:00.000Z,REC_013,3539.42,2026-06-08T12:53:00.000Z
LOT_01294,COL_0021,confirmed,1,45.51,412.39,Wagholi,Pune,Maharashtra,18.546591197521984,73.88027207776979,2026-08-13T09:33:00.000Z,REC_005,431.63,2026-08-15T15:42:00.000Z
LOT_01295,COL_0012,paid,1,29.74,4033.59,Kothrud,Pune,Maharashtra,18.459063411550222,73.8014970703952,2025-12-09T11:29:00.000Z,REC_002,4036.33,2025-12-09T16:16:00.000Z
LOT_01296,COL_0024,ready,1,40.07,8165.06,Bhandup,Mumbai Suburban,Maharashtra,19.04992948447019,72.81239653602316,2026-05-17T18:08:00.000Z,,,2026-05-17T18:08:00.000Z
LOT_01297,COL_0039,paid,1,0.11,450,Ulhasnagar,Thane,Maharashtra,19.20367831764668,72.96494048588201,2025-10-28T12:15:00.000Z,REC_011,485.18,2025-10-31T01:14:00.000Z
LOT_01298,COL_0029,paid,4,45.66,17754.44,Kurla,Mumbai Suburban,Maharashtra,19.18133886613548,72.93066497952192,2025-09-05T13:50:00.000Z,REC_008,17453.06,2025-09-07T18:32:00.000Z
LOT_01299,COL_0024,paid,1,0.05,65.2,Govandi,Mumbai Suburban,Maharashtra,19.12297090113759,72.87813381102383,2025-12-06T07:49:00.000Z,REC_008,71.58,2025-12-08T16:21:00.000Z
LOT_01300,COL_0046,paid,1,10.48,4150.08,Hadapsar,Pune,Maharashtra,18.461219405876097,73.8034374652885,2026-03-24T09:43:00.000Z,REC_002,3701.6,2026-03-26T18:00:00.000Z
LOT_01301,COL_0004,paid,4,81.36,16167.95,Wagholi,Pune,Maharashtra,18.596583449998498,73.92526510499866,2026-07-26T15:47:00.000Z,REC_005,17080.86,2026-07-27T01:18:00.000Z
LOT_01302,COL_0038,paid,2,43.86,7995.45,Ambad,Nashik,Maharashtra,19.94152988925576,73.73942690033019,2026-01-01T16:23:00.000Z,REC_013,7377.05,2026-01-02T16:58:00.000Z
LOT_01303,COL_0024,paid,2,10.39,1067.23,Kurla,Mumbai Suburban,Maharashtra,19.095230360223354,72.85316732420101,2026-08-05T15:25:00.000Z,REC_008,1104.22,2026-08-08T03:37:00.000Z
LOT_01304,COL_0003,ready,3,57.76,5491.38,Wagholi,Pune,Maharashtra,18.483355226786433,73.8233597041078,2025-12-29T06:21:00.000Z,,,2025-12-29T06:21:00.000Z
LOT_01305,COL_0057,paid,2,19.63,1677.64,Kamptee,Nagpur,Maharashtra,21.11694729251713,79.06223256326541,2026-07-30T15:40:00.000Z,REC_014,1591.8,2026-07-30T20:51:00.000Z
LOT_01306,COL_0033,paid,3,58.29,6056.31,Wagle Estate,Thane,Maharashtra,19.257097091208397,73.01301738208755,2026-05-26T06:15:00.000Z,REC_010,5617.45,2026-05-26T19:44:00.000Z
LOT_01307,COL_0008,confirmed,1,39.25,3467.5,Ambad,Nashik,Maharashtra,19.997496987767516,73.78979728899077,2025-09-08T06:55:00.000Z,REC_013,3258.04,2025-09-09T18:25:00.000Z
LOT_01308,COL_0015,ready,4,16.8,2123.26,Chikalthana,Chhatrapati Sambhajinagar,Maharashtra,19.93084602395892,75.39248142156303,2026-02-17T19:41:00.000Z,,,2026-02-17T19:41:00.000Z
LOT_01309,COL_0054,confirmed,1,0.25,1045.61,Hadapsar,Pune,Maharashtra,18.442235268624124,73.78635174176172,2026-06-11T06:11:00.000Z,REC_005,979.38,2026-06-12T18:25:00.000Z
LOT_01310,COL_0048,paid,1,28.48,717.98,Dombivli,Thane,Maharashtra,19.165354553441702,72.93044909809753,2026-04-07T08:54:00.000Z,REC_011,698.11,2026-04-09T21:28:00.000Z
LOT_01311,COL_0004,paid,2,0.94,133.91,Hadapsar,Pune,Maharashtra,18.482637467989324,73.8227137211904,2025-12-04T08:33:00.000Z,REC_005,140.33,2025-12-05T15:54:00.000Z
LOT_01312,COL_0054,paid,1,4.5,462.96,Hadapsar,Pune,Maharashtra,18.47007707660049,73.81140936894045,2025-12-31T11:59:00.000Z,REC_005,438.82,2026-01-01T12:00:00.000Z
LOT_01313,COL_0025,paid,3,92.03,27726.68,Pimpri,Pune,Maharashtra,18.454479465307294,73.79737151877657,2026-03-26T10:11:00.000Z,REC_004,28889.99,2026-03-28T12:18:00.000Z
LOT_01314,COL_0034,paid,1,8.97,1155.78,Hadapsar,Pune,Maharashtra,18.45295667887628,73.79600101098866,2025-12-27T15:39:00.000Z,REC_003,980.64,2025-12-28T07:24:00.000Z
LOT_01315,COL_0044,paid,1,38.45,3837.41,Pimpri,Pune,Maharashtra,18.45761469119191,73.80019322207272,2025-10-09T09:16:00.000Z,REC_004,3940.33,2025-10-11T06:57:00.000Z
LOT_01316,COL_0001,paid,2,25.84,7304.87,Panchavati,Nashik,Maharashtra,19.923426989652214,73.723134290687,2026-03-25T10:38:00.000Z,REC_012,7215.07,2026-03-28T02:30:00.000Z
LOT_01317,COL_0027,paid,3,69.94,1549,Panchavati,Nashik,Maharashtra,20.07348678011447,73.85818810210303,2026-05-02T11:41:00.000Z,REC_012,1420.03,2026-05-03T07:25:00.000Z
LOT_01318,COL_0048,paid,1,3.8,95.8,Ulhasnagar,Thane,Maharashtra,19.180957242752612,72.94449151847735,2026-03-22T17:16:00.000Z,REC_010,86.45,2026-03-25T09:21:00.000Z
LOT_01319,COL_0024,paid,2,34.7,3764.22,Andheri East,Mumbai Suburban,Maharashtra,19.157418818032742,72.90913693622946,2025-09-20T12:23:00.000Z,REC_007,3708.74,2025-09-21T09:16:00.000Z
LOT_01320,COL_0047,paid,1,41.01,433.47,Seelampur,New Delhi,Delhi,28.669466923059524,77.25901023075357,2025-12-18T16:18:00.000Z,REC_019,421.22,2025-12-20T16:56:00.000Z
LOT_01321,COL_0045,ready,1,37.58,6716.71,Yelahanka,Bengaluru Urban,Karnataka,12.896660572512449,77.5271545152612,2025-09-06T17:18:00.000Z,,,2025-09-06T17:18:00.000Z
LOT_01322,COL_0049,ready,1,0.1,187.95,Mayapuri,New Delhi,Delhi,28.604415371076765,77.2004638339691,2025-11-11T06:21:00.000Z,,,2025-11-11T06:21:00.000Z
LOT_01323,COL_0016,ready,1,0.41,23.46,Malad,Mumbai Suburban,Maharashtra,19.09254632380456,72.8507516914241,2026-07-30T07:49:00.000Z,,,2026-07-30T07:49:00.000Z
LOT_01324,COL_0004,ready,2,0.72,261.11,Bhosari,Pune,Maharashtra,18.470688906246423,73.81196001562178,2026-01-09T11:03:00.000Z,,,2026-01-09T11:03:00.000Z
LOT_01325,COL_0060,paid,1,27.42,611.74,Kamptee,Nagpur,Maharashtra,21.089565049614013,79.0375885446526,2025-12-05T19:22:00.000Z,REC_014,576.71,2025-12-07T22:00:00.000Z
LOT_01326,COL_0013,confirmed,4,38.36,3401.5,Bommanahalli,Bengaluru Urban,Karnataka,13.043517454786599,77.65932570930794,2026-06-22T09:58:00.000Z,REC_020,3616.11,2026-06-25T11:56:00.000Z
LOT_01327,COL_0005,ready,4,53.66,5185.35,Hingna,Nagpur,Maharashtra,21.124554055798054,79.06907865021824,2025-11-18T12:23:00.000Z,,,2025-11-18T12:23:00.000Z
LOT_01328,COL_0026,ready,2,18.36,3729.83,Mayapuri,New Delhi,Delhi,28.658860782043636,77.24946470383928,2026-05-24T18:47:00.000Z,,,2026-05-24T18:47:00.000Z
LOT_01329,COL_0039,paid,3,39.23,4026.04,Dombivli,Thane,Maharashtra,19.16804816441536,72.93287334797382,2025-10-20T12:24:00.000Z,REC_010,4010.96,2025-10-23T06:00:00.000Z
LOT_01330,COL_0036,paid,1,8.6,250.42,Bhandup,Mumbai Suburban,Maharashtra,19.143871702930333,72.89694453263729,2026-02-10T17:52:00.000Z,REC_007,211.76,2026-02-13T10:20:00.000Z
LOT_01331,COL_0015,confirmed,3,68.31,1243.2,Chikalthana,Chhatrapati Sambhajinagar,Maharashtra,19.93688525221199,75.39791672699079,2026-04-23T15:41:00.000Z,REC_016,1234.83,2026-04-25T12:54:00.000Z
LOT_01332,COL_0023,ready,3,8.76,633.35,Seelampur,New Delhi,Delhi,28.61600801828653,77.21089721645788,2026-05-06T08:37:00.000Z,,,2026-05-06T08:37:00.000Z
LOT_01333,COL_0054,paid,1,37.31,3566.84,Pimpri,Pune,Maharashtra,18.520827950397134,73.85708515535742,2026-01-28T17:19:00.000Z,REC_002,3184.1,2026-01-31T12:56:00.000Z
LOT_01334,COL_0015,ready,4,59.37,6648.05,Waluj,Chhatrapati Sambhajinagar,Maharashtra,19.8863455482468,75.35243099342212,2026-06-29T19:12:00.000Z,,,2026-06-29T19:12:00.000Z
LOT_01335,COL_0014,paid,4,87.06,10774.54,Hadapsar,Pune,Maharashtra,18.512210865625736,73.84932977906317,2025-11-07T17:10:00.000Z,REC_005,9601.49,2025-11-08T15:50:00.000Z
LOT_01336,COL_0034,paid,1,9.37,994.69,Katraj,Pune,Maharashtra,18.55874755115211,73.8912127960369,2025-11-03T08:54:00.000Z,REC_002,1114.93,2025-11-04T04:34:00.000Z
LOT_01337,COL_0050,paid,1,2.38,698.2,Kothrud,Pune,Maharashtra,18.46723660406619,73.80885294365957,2025-09-09T11:14:00.000Z,REC_003,721.52,2025-09-09T23:18:00.000Z
LOT_01338,COL_0050,paid,1,4.59,218.67,Wagholi,Pune,Maharashtra,18.457962157139182,73.80050594142527,2026-08-27T15:36:00.000Z,REC_003,211.44,2026-08-28T20:09:00.000Z
LOT_01339,COL_0041,paid,1,17.25,7362.99,Bommanahalli,Bengaluru Urban,Karnataka,12.925473936459422,77.55308654281347,2026-07-20T19:40:00.000Z,REC_020,6748.38,2026-07-20T23:06:00.000Z
LOT_01340,COL_0031,paid,4,205.45,2502.14,Andheri East,Mumbai Suburban,Maharashtra,19.131869990719856,72.88614299164786,2025-11-09T16:17:00.000Z,REC_008,2387.63,2025-11-10T10:39:00.000Z
LOT_01341,COL_0035,paid,1,1.14,87.44,Bhandup,Mumbai Suburban,Maharashtra,19.08410759185106,72.84315683266594,2025-12-12T07:53:00.000Z,REC_007,92.22,2025-12-13T04:56:00.000Z
LOT_01342,COL_0060,paid,4,52.15,3200.84,Hingna,Nagpur,Maharashtra,21.192334470133485,79.13008102312014,2025-09-26T15:05:00.000Z,REC_014,2784.03,2025-09-29T09:20:00.000Z
LOT_01343,COL_0060,ready,2,34.65,3496.78,Butibori,Nagpur,Maharashtra,21.13786851039082,79.08106165935173,2025-10-07T15:18:00.000Z,,,2025-10-07T15:18:00.000Z
LOT_01344,COL_0058,ready,1,14.95,2556.65,Mayapuri,New Delhi,Delhi,28.615012300492825,77.21000107044354,2026-08-09T13:29:00.000Z,,,2026-08-09T13:29:00.000Z
LOT_01345,COL_0020,paid,1,0.19,553.75,Wagle Estate,Thane,Maharashtra,19.282323869894444,73.035721482905,2026-01-26T19:27:00.000Z,REC_011,489.19,2026-01-29T12:12:00.000Z
LOT_01346,COL_0006,paid,3,20.74,4847.3,Malad,Mumbai Suburban,Maharashtra,19.157259002259377,72.90899310203343,2026-02-06T13:36:00.000Z,REC_008,4823.04,2026-02-08T08:09:00.000Z
LOT_01347,COL_0035,ready,2,26.76,3879.72,Bhandup,Mumbai Suburban,Maharashtra,19.055846995121243,72.81772229560912,2026-07-15T12:25:00.000Z,,,2026-07-15T12:25:00.000Z
LOT_01348,COL_0018,confirmed,4,74.03,7677.87,Kurla,Mumbai Suburban,Maharashtra,19.100249578996003,72.8576846210964,2026-01-10T10:07:00.000Z,REC_007,7398.4,2026-01-13T00:17:00.000Z
LOT_01349,COL_0055,paid,1,43.55,1532.96,Kurla,Mumbai Suburban,Maharashtra,19.12578777857721,72.88066900071948,2025-09-28T16:04:00.000Z,REC_007,1450.95,2025-09-29T17:17:00.000Z
LOT_01350,COL_0020,paid,1,18.19,6203.33,Dombivli,Thane,Maharashtra,19.163221924248337,72.9285297318235,2025-12-03T14:27:00.000Z,REC_010,6424.17,2025-12-04T17:23:00.000Z
LOT_01351,COL_0004,paid,3,107.6,10577.5,Kothrud,Pune,Maharashtra,18.56275515013337,73.89481963512004,2025-12-12T06:43:00.000Z,REC_002,9628,2025-12-13T20:40:00.000Z
LOT_01352,COL_0023,paid,3,46.63,11329.42,Seelampur,New Delhi,Delhi,28.614235908383133,77.20930231754483,2025-09-26T09:51:00.000Z,REC_019,10794.43,2025-09-28T15:28:00.000Z
LOT_01353,COL_0059,confirmed,1,34.04,4876.64,Pimpri,Pune,Maharashtra,18.454004542985558,73.79694408868701,2026-02-10T11:02:00.000Z,REC_001,4608.65,2026-02-10T14:02:00.000Z
LOT_01354,COL_0017,paid,1,0.21,314.32,Wagle Estate,Thane,Maharashtra,19.148701534065605,72.91546138065904,2025-11-10T13:56:00.000Z,REC_011,327.63,2025-11-11T13:07:00.000Z
LOT_01355,COL_0014,paid,2,6.46,1059.96,Kothrud,Pune,Maharashtra,18.519408223712443,73.85580740134121,2026-03-26T16:06:00.000Z,REC_005,953.14,2026-03-27T22:23:00.000Z
LOT_01356,COL_0041,paid,3,52.28,6353.53,Peenya,Bengaluru Urban,Karnataka,12.988651695361733,77.60994652582556,2026-03-25T18:55:00.000Z,REC_021,6153.29,2026-03-28T09:29:00.000Z
LOT_01357,COL_0036,ready,1,1.93,92.83,Malad,Mumbai Suburban,Maharashtra,19.181567041879894,72.9308703376919,2025-11-22T15:35:00.000Z,,,2025-11-22T15:35:00.000Z
LOT_01358,COL_0053,confirmed,2,43.05,1209.97,Panchavati,Nashik,Maharashtra,19.931430279687046,73.73033725171834,2025-09-29T14:40:00.000Z,REC_013,1100.13,2025-10-02T09:12:00.000Z
LOT_01359,COL_0041,paid,1,15.3,487.61,Peenya,Bengaluru Urban,Karnataka,12.933406840188802,77.56022615616992,2026-04-25T19:22:00.000Z,REC_021,479.33,2026-04-28T02:55:00.000Z
LOT_01360,COL_0023,ready,1,43.85,9667.08,Mundka,New Delhi,Delhi,28.655124669143557,77.24610220222921,2026-06-07T13:54:00.000Z,,,2026-06-07T13:54:00.000Z
LOT_01361,COL_0004,paid,2,44.03,1880.67,Hadapsar,Pune,Maharashtra,18.4820689061746,73.82220201555714,2025-09-25T11:48:00.000Z,REC_001,1898.14,2025-09-27T13:46:00.000Z
LOT_01362,COL_0026,confirmed,1,10.97,291.69,Mayapuri,New Delhi,Delhi,28.540967731767893,77.1433609585911,2026-06-12T19:32:00.000Z,REC_019,278.69,2026-06-13T17:54:00.000Z
LOT_01363,COL_0041,paid,3,53.97,2669.15,Peenya,Bengaluru Urban,Karnataka,13.047959738893807,77.66332376500442,2025-12-27T15:50:00.000Z,REC_020,2680.81,2025-12-29T23:45:00.000Z
LOT_01364,COL_0018,ready,1,18.86,1520.85,Kurla,Mumbai Suburban,Maharashtra,19.108149398943784,72.86479445904939,2026-08-18T16:03:00.000Z,,,2026-08-18T16:03:00.000Z
LOT_01365,COL_0055,handed_over,4,113.67,3901.19,Bhandup,Mumbai Suburban,Maharashtra,19.101059277920427,72.85841335012837,2025-09-23T16:28:00.000Z,REC_007,4341.2,2025-09-24T10:28:00.000Z
LOT_01366,COL_0032,ready,3,81.71,7834.73,Andheri East,Mumbai Suburban,Maharashtra,19.18625497442335,72.935089476981,2025-12-31T07:05:00.000Z,,,2025-12-31T07:05:00.000Z
LOT_01367,COL_0035,ready,2,47.42,1811.73,Govandi,Mumbai Suburban,Maharashtra,19.12010830190629,72.87555747171565,2026-07-18T10:53:00.000Z,,,2026-07-18T10:53:00.000Z
LOT_01368,COL_0037,paid,2,30.76,7232.39,Kothrud,Pune,Maharashtra,18.543875274518133,73.87782774706632,2026-02-27T11:08:00.000Z,REC_001,7492.55,2026-03-02T06:17:00.000Z
LOT_01369,COL_0007,ready,3,26.52,4053.39,Dombivli,Thane,Maharashtra,19.240081008578837,72.99770290772095,2026-03-08T11:35:00.000Z,,,2026-03-08T11:35:00.000Z
LOT_01370,COL_0011,ready,1,34.2,4259.29,Butibori,Nagpur,Maharashtra,21.193011671583356,79.13069050442502,2026-07-20T11:03:00.000Z,,,2026-07-20T11:03:00.000Z
LOT_01371,COL_0011,ready,1,0.02,19.99,Kamptee,Nagpur,Maharashtra,21.096097171249987,79.043467454125,2026-07-13T19:53:00.000Z,,,2026-07-13T19:53:00.000Z
LOT_01372,COL_0043,handed_over,3,38.83,6014.09,Kothrud,Pune,Maharashtra,18.527021325463057,73.86265919291675,2025-12-21T06:53:00.000Z,REC_004,6600.97,2025-12-22T22:53:00.000Z
LOT_01373,COL_0043,paid,2,3.43,430.54,Hadapsar,Pune,Maharashtra,18.451557438643274,73.79474169477895,2026-03-18T17:35:00.000Z,REC_005,398.26,2026-03-19T00:44:00.000Z
LOT_01374,COL_0051,ready,1,71.89,6345.8,Malad,Mumbai Suburban,Maharashtra,19.163599160878363,72.91469924479051,2026-08-04T09:43:00.000Z,,,2026-08-04T09:43:00.000Z
LOT_01375,COL_0003,paid,2,31.25,4879.46,Kothrud,Pune,Maharashtra,18.54157320075631,73.87575588068069,2026-07-01T07:53:00.000Z,REC_002,4885.78,2026-07-03T01:58:00.000Z
LOT_01376,COL_0002,paid,4,69.73,9759.57,Kurla,Mumbai Suburban,Maharashtra,19.163240787281097,72.91437670855298,2026-07-05T08:44:00.000Z,REC_008,10520.8,2026-07-05T22:28:00.000Z
LOT_01377,COL_0015,paid,3,13.4,1733.8,Waluj,Chhatrapati Sambhajinagar,Maharashtra,19.83040079536736,75.30208071583063,2026-08-03T16:49:00.000Z,REC_016,1545.93,2026-08-04T12:57:00.000Z
LOT_01378,COL_0033,paid,2,37.4,603.62,Dombivli,Thane,Maharashtra,19.220327170471847,72.97992445342466,2026-05-13T08:01:00.000Z,REC_011,589.01,2026-05-14T16:32:00.000Z
LOT_01379,COL_0015,paid,1,0.14,488.2,Waluj,Chhatrapati Sambhajinagar,Maharashtra,19.899161525395513,75.36396537285596,2026-04-08T15:01:00.000Z,REC_016,426.82,2026-04-11T02:32:00.000Z
LOT_01380,COL_0039,paid,2,17.66,2914.03,Wagle Estate,Thane,Maharashtra,19.17527305418551,72.93937574876696,2026-01-11T07:42:00.000Z,REC_011,2848.76,2026-01-12T06:32:00.000Z
LOT_01381,COL_0034,paid,1,1.22,67.24,Hadapsar,Pune,Maharashtra,18.52967343800664,73.86504609420598,2026-05-24T06:16:00.000Z,REC_001,69.22,2026-05-24T20:31:00.000Z
LOT_01382,COL_0043,paid,2,37.11,535.56,Bhosari,Pune,Maharashtra,18.473058297866583,73.81409246807993,2025-10-09T12:36:00.000Z,REC_005,494.22,2025-10-11T22:11:00.000Z
LOT_01383,COL_0012,confirmed,2,3.64,110.22,Wagholi,Pune,Maharashtra,18.594333310210704,73.92323997918963,2026-05-24T06:13:00.000Z,REC_003,107.45,2026-05-25T15:03:00.000Z
LOT_01384,COL_0042,paid,4,76.58,5652.61,Wagholi,Pune,Maharashtra,18.456957667963206,73.7996019011669,2026-01-19T15:39:00.000Z,REC_001,5303.38,2026-01-20T21:51:00.000Z
LOT_01385,COL_0005,ready,1,5.86,357.7,Hingna,Nagpur,Maharashtra,21.175841917189956,79.11523772547096,2026-08-30T14:48:00.000Z,,,2026-08-30T14:48:00.000Z
LOT_01386,COL_0011,ready,2,63.5,793.52,Kamptee,Nagpur,Maharashtra,21.15643749291003,79.09777374361903,2025-12-18T07:45:00.000Z,,,2025-12-18T07:45:00.000Z
LOT_01387,COL_0003,paid,1,7.92,2119.77,Bhosari,Pune,Maharashtra,18.474753483654556,73.8156181352891,2026-05-20T17:24:00.000Z,REC_001,2019.87,2026-05-21T20:10:00.000Z
LOT_01388,COL_0021,paid,1,56.68,461.21,Katraj,Pune,Maharashtra,18.526414241315422,73.86211281718388,2026-01-09T11:25:00.000Z,REC_003,453.7,2026-01-11T04:52:00.000Z
LOT_01389,COL_0036,paid,3,15.25,8056.08,Govandi,Mumbai Suburban,Maharashtra,19.130213296270373,72.88465196664333,2026-02-26T16:02:00.000Z,REC_008,7261.62,2026-02-28T23:35:00.000Z
LOT_01390,COL_0011,ready,1,4.59,248.98,Hingna,Nagpur,Maharashtra,21.162371931503714,79.10311473835334,2026-06-19T09:22:00.000Z,,,2026-06-19T09:22:00.000Z
LOT_01391,COL_0059,ready,2,45.55,2133.13,Wagholi,Pune,Maharashtra,18.550887484186887,73.8841387357682,2026-04-30T13:10:00.000Z,,,2026-04-30T13:10:00.000Z
LOT_01392,COL_0020,paid,2,16.76,2876.7,Ulhasnagar,Thane,Maharashtra,19.227375552821158,72.98626799753904,2026-03-09T16:56:00.000Z,REC_010,2714.86,2026-03-10T13:29:00.000Z
LOT_01393,COL_0047,paid,1,2.91,737.66,Mayapuri,New Delhi,Delhi,28.6658139456749,77.25572255110741,2026-02-04T17:41:00.000Z,REC_019,729.66,2026-02-05T02:57:00.000Z
LOT_01394,COL_0039,paid,1,3.48,1165.45,Dombivli,Thane,Maharashtra,19.207835358585417,72.96868182272688,2026-05-23T19:16:00.000Z,REC_011,1103.26,2026-05-25T00:45:00.000Z
LOT_01395,COL_0025,paid,1,20,6568.04,Katraj,Pune,Maharashtra,18.576751490803062,73.90741634172277,2025-09-16T07:29:00.000Z,REC_001,5979.12,2025-09-18T00:31:00.000Z
LOT_01396,COL_0013,paid,1,10.63,1632.66,Bommanahalli,Bengaluru Urban,Karnataka,12.99976548552364,77.61994893697128,2026-01-29T19:42:00.000Z,REC_020,1605.29,2026-01-31T23:03:00.000Z
LOT_01397,COL_0040,confirmed,2,25.3,790.88,Kurla,Mumbai Suburban,Maharashtra,19.136159922635557,72.89000393037199,2025-10-12T18:28:00.000Z,REC_007,754.99,2025-10-13T08:25:00.000Z
LOT_01398,COL_0041,paid,2,11.62,1001.3,Peenya,Bengaluru Urban,Karnataka,13.019372635258735,77.63759537173286,2026-07-29T19:53:00.000Z,REC_021,984.74,2026-08-01T01:12:00.000Z
LOT_01399,COL_0060,handed_over,2,24.23,259.86,Kamptee,Nagpur,Maharashtra,21.224676701034607,79.15918903093115,2025-10-27T11:56:00.000Z,REC_014,236.72,2025-10-30T02:56:00.000Z
LOT_01400,COL_0010,paid,2,10.44,2651.29,Katraj,Pune,Maharashtra,18.541100559802352,73.87533050382213,2025-10-08T11:18:00.000Z,REC_005,2648.76,2025-10-11T10:13:00.000Z
