materialId,lotId,categoryId,subCategoryId,description,imageRefs,approxWeightKg,unit,quantity,condition,sourceType,estimatedValueInr,classificationSource,createdAt
MAT_000001,LOT_00001,cable,cable_mixed_scrap,,synthetic://images/cable_mixed_scrap/36ddf6b602a0.jpg,29.19,kg,1,broken,street_pickup,4730.67,collector,2026-08-02T16:13:00.000Z
MAT_000002,LOT_00001,pcb,pcb_motherboard,,synthetic://images/pcb_motherboard/fcbc4c5f4a3d.jpg,6.18,kg,10,partially_dismantled,household,1895.7,collector,2026-08-02T16:13:00.000Z
MAT_000003,LOT_00001,pcb,pcb_ram_gold,,synthetic://images/pcb_ram_gold/a19f0c06e3b4.jpg,0.47,kg,12,burnt,household,282.79,collector,2026-08-02T16:13:00.000Z
MAT_000004,LOT_00001,motor_magnet,motor_speaker_magnet,,synthetic://images/motor_speaker_magnet/dae91158cfb5.jpg,2.59,kg,5,partially_dismantled,household,175.43,collector,2026-08-02T16:13:00.000Z
MAT_000005,LOT_00002,motor_magnet,motor_hdd_assembly,,synthetic://images/motor_hdd_assembly/2a2035a2870f.jpg,1.39,kg,3,broken,aggregator,284.96,collector,2026-01-04T15:06:00.000Z
MAT_000006,LOT_00002,motor_magnet,motor_speaker_magnet,,synthetic://images/motor_speaker_magnet/2cd8eeb07170.jpg,0.36,kg,1,broken,aggregator,17.59,collector,2026-01-04T15:06:00.000Z
MAT_000007,LOT_00003,lcd_panel,lcd_tv_panel,,synthetic://images/lcd_tv_panel/4faf71619a27.jpg,70.7,kg,11,broken,shop,1248.01,collector,2026-03-25T16:34:00.000Z
MAT_000008,LOT_00004,crt,crt_monitor,,synthetic://images/crt_monitor/616cf22ed137.jpg,77.75,kg,7,intact,aggregator,658.28,collector,2026-07-16T09:49:00.000Z
MAT_000009,LOT_00004,cable,cable_aluminium,,synthetic://images/cable_aluminium/75e05115dbfa.jpg,10.23,kg,1,intact,repair_shop,1454.5,collector,2026-07-16T09:49:00.000Z
MAT_000010,LOT_00005,cable,cable_aluminium,,synthetic://images/cable_aluminium/a3e2af02936f.jpg,12.51,kg,1,wet,repair_shop,1197.61,collector,2025-12-04T08:02:00.000Z
MAT_000011,LOT_00005,crt,crt_monitor,,synthetic://images/crt_monitor/a454b1d3ba73.jpg,102.59,kg,10,broken,office,681.92,recycler_corrected,2025-12-04T08:02:00.000Z
MAT_000012,LOT_00006,pcb,pcb_ram_gold,,synthetic://images/pcb_ram_gold/7888eae5e5b3.jpg,0.15,kg,5,wet,household,163.38,collector,2026-04-30T19:50:00.000Z
MAT_000013,LOT_00006,pcb,pcb_ram_gold,,synthetic://images/pcb_ram_gold/4a2537e9e1d5.jpg,0.19,kg,5,broken,office,242.42,recycler_corrected,2026-04-30T19:50:00.000Z
MAT_000014,LOT_00006,mixed_plastic,plastic_mixed_dirty,,synthetic://images/plastic_mixed_dirty/dc7b0401d589.jpg,41.44,kg,1,intact,shop,500.6,collector,2026-04-30T19:50:00.000Z
MAT_000015,LOT_00007,cable,cable_copper_house,,synthetic://images/cable_copper_house/6c7f50808e59.jpg,5.33,kg,1,intact,aggregator,2134.61,collector,2025-09-30T11:36:00.000Z
MAT_000016,LOT_00008,pcb,pcb_ram_gold,,synthetic://images/pcb_ram_gold/5f834b679932.jpg,0.25,kg,8,broken,aggregator,330.99,collector,2026-01-25T15:54:00.000Z
MAT_000017,LOT_00008,crt,crt_monitor,,synthetic://images/crt_monitor/a4e239b87183.jpg,57.99,kg,6,intact,street_pickup,510.69,collector,2026-01-25T15:54:00.000Z
MAT_000018,LOT_00009,motor_magnet,motor_speaker_magnet,,synthetic://images/motor_speaker_magnet/e85b0d32d806.jpg,0.4,kg,1,burnt,household,12.76,collector,2026-01-24T11:06:00.000Z
MAT_000019,LOT_00010,crt,crt_tv,,synthetic://images/crt_tv/4c406cd43c9f.jpg,182.36,kg,8,intact,aggregator,1209.63,collector,2026-02-12T11:06:00.000Z
MAT_000020,LOT_00010,crt,crt_yoke,,synthetic://images/crt_yoke/70ca732562a9.jpg,2.72,kg,6,intact,shop,242.73,collector,2026-02-12T11:06:00.000Z
MAT_000021,LOT_00010,pcb,pcb_ram_gold,,synthetic://images/pcb_ram_gold/22c16c55116f.jpg,0.3,kg,9,intact,shop,560.96,collector,2026-02-12T11:06:00.000Z
MAT_000022,LOT_00011,crt,crt_tv,,synthetic://images/crt_tv/88eb85d6cc25.jpg,21.88,kg,1,broken,office,135.82,collector,2026-01-24T06:42:00.000Z
MAT_000023,LOT_00011,mixed_plastic,plastic_abs_casing,,synthetic://images/plastic_abs_casing/6621feb5dacc.jpg,15.79,kg,1,intact,aggregator,550.91,collector,2026-01-24T06:42:00.000Z
MAT_000024,LOT_00012,cable,cable_mixed_scrap,,synthetic://images/cable_mixed_scrap/d42d452729bc.jpg,29.65,kg,1,partially_dismantled,repair_shop,6109.44,collector,2025-12-22T11:33:00.000Z
MAT_000025,LOT_00012,cable,cable_aluminium,,synthetic://images/cable_aluminium/be0406ecc28c.jpg,20.37,kg,1,partially_dismantled,household,2878.25,recycler_corrected,2025-12-22T11:33:00.000Z
MAT_000026,LOT_00013,pcb,pcb_ram_gold,,synthetic://images/pcb_ram_gold/7c510dae52cb.jpg,0.1,kg,4,partially_dismantled,aggregator,163.67,collector,2026-03-31T07:39:00.000Z
MAT_000027,LOT_00013,mixed_plastic,plastic_mixed_dirty,,synthetic://images/plastic_mixed_dirty/8b59c22169e8.jpg,29.17,kg,1,intact,street_pickup,348.29,collector,2026-03-31T07:39:00.000Z
MAT_000028,LOT_00013,mixed_plastic,plastic_mixed_dirty,,synthetic://images/plastic_mixed_dirty/c8b19945239c.jpg,13.57,kg,1,intact,shop,162.03,recycler_corrected,2026-03-31T07:39:00.000Z
MAT_000029,LOT_00013,mixed_plastic,plastic_abs_casing,,synthetic://images/plastic_abs_casing/ed9346ca393a.jpg,9.39,kg,1,broken,household,244.47,collector,2026-03-31T07:39:00.000Z
MAT_000030,LOT_00014,motor_magnet,motor_fan_ac,,synthetic://images/motor_fan_ac/ce489d1e8a2a.jpg,7.69,kg,3,broken,aggregator,918.38,collector,2026-03-19T07:33:00.000Z
MAT_000031,LOT_00014,pcb,pcb_cpu_processor,,synthetic://images/pcb_cpu_processor/6772db22e196.jpg,0.09,kg,4,intact,shop,329.52,collector,2026-03-19T07:33:00.000Z
MAT_000032,LOT_00015,pcb,pcb_ram_gold,,synthetic://images/pcb_ram_gold/46225cf80f80.jpg,0.03,kg,1,intact,street_pickup,44.9,collector,2025-11-14T15:06:00.000Z
MAT_000033,LOT_00015,motor_magnet,motor_hdd_assembly,,synthetic://images/motor_hdd_assembly/9434ec956340.jpg,3.95,kg,7,intact,street_pickup,1107.74,collector,2025-11-14T15:06:00.000Z
MAT_000034,LOT_00015,battery,battery_li_ion_mobile,,synthetic://images/battery_li_ion_mobile/24a3a658b755.jpg,0.11,kg,3,intact,repair_shop,21.18,collector,2025-11-14T15:06:00.000Z
MAT_000035,LOT_00015,motor_magnet,motor_speaker_magnet,,synthetic://images/motor_speaker_magnet/dde38c22a1ff.jpg,0.96,kg,2,partially_dismantled,household,66.77,collector,2025-11-14T15:06:00.000Z
MAT_000036,LOT_00016,crt,crt_tv,,synthetic://images/crt_tv/7111c5c67043.jpg,163.71,kg,7,burnt,shop,539.5,collector,2025-10-08T16:30:00.000Z
MAT_000037,LOT_00016,motor_magnet,motor_fan_ac,,synthetic://images/motor_fan_ac/c0758e76a4cf.jpg,18.49,kg,5,partially_dismantled,household,3067.69,collector,2025-10-08T16:30:00.000Z
MAT_000038,LOT_00016,pcb,pcb_cpu_processor,,synthetic://images/pcb_cpu_processor/a2352379621d.jpg,0.09,kg,6,broken,household,301.91,recycler_corrected,2025-10-08T16:30:00.000Z
MAT_000039,LOT_00017,mixed_plastic,plastic_abs_casing,,synthetic://images/plastic_abs_casing/83a8f1489146.jpg,33.74,kg,1,intact,office,1177.19,collector,2026-01-09T12:27:00.000Z
MAT_000040,LOT_00018,mixed_plastic,plastic_mixed_dirty,,synthetic://images/plastic_mixed_dirty/8492e3a11873.jpg,25.22,kg,1,intact,street_pickup,309.7,recycler_corrected,2025-10-31T14:20:00.000Z
MAT_000041,LOT_00019,pcb,pcb_tv_low_grade,,synthetic://images/pcb_tv_low_grade/fb6083ed0a47.jpg,0.57,kg,1,intact,repair_shop,66.67,collector,2026-07-08T16:36:00.000Z
MAT_000042,LOT_00020,mixed_plastic,plastic_abs_casing,,synthetic://images/plastic_abs_casing/5f2fff60b42b.jpg,2.91,kg,1,intact,household,97.16,collector,2025-11-11T19:20:00.000Z
MAT_000043,LOT_00021,mixed_plastic,plastic_abs_casing,,synthetic://images/plastic_abs_casing/193ddaf8fb60.jpg,5.37,kg,1,broken,repair_shop,154.87,collector,2026-05-05T12:51:00.000Z
MAT_000044,LOT_00022,lcd_panel,lcd_tv_panel,,synthetic://images/lcd_tv_panel/70cb2ccab3a6.jpg,89.32,kg,11,burnt,aggregator,863.19,collector,2026-01-13T18:33:00.000Z
MAT_000045,LOT_00022,battery,battery_li_ion_laptop,,synthetic://images/battery_li_ion_laptop/8d7325c6f284.jpg,1.99,kg,6,intact,street_pickup,414.85,collector,2026-01-13T18:33:00.000Z
MAT_000046,LOT_00023,pcb,pcb_ram_gold,,synthetic://images/pcb_ram_gold/d6896c9c59ef.jpg,0.24,kg,9,intact,street_pickup,445.14,collector,2026-05-02T14:11:00.000Z
MAT_000047,LOT_00023,lcd_panel,lcd_monitor_panel,,synthetic://images/lcd_monitor_panel/b4f5adad0fed.jpg,35.93,kg,11,intact,shop,958.97,collector,2026-05-02T14:11:00.000Z
MAT_000048,LOT_00023,crt,crt_yoke,,synthetic://images/crt_yoke/5c21f606e3c4.jpg,6.16,kg,12,intact,office,552.49,recycler_corrected,2026-05-02T14:11:00.000Z
MAT_000049,LOT_00024,cable,cable_copper_house,,synthetic://images/cable_copper_house/72a7714d8efa.jpg,37.51,kg,1,partially_dismantled,repair_shop,13260.7,recycler_corrected,2025-12-13T17:33:00.000Z
MAT_000050,LOT_00024,cable,cable_mixed_scrap,,synthetic://images/cable_mixed_scrap/0daf8d1c1712.jpg,10.08,kg,1,partially_dismantled,household,2077,recycler_corrected,2025-12-13T17:33:00.000Z
MAT_000051,LOT_00025,cable,cable_copper_house,,synthetic://images/cable_copper_house/edd5c4fe09a0.jpg,24.7,kg,1,intact,aggregator,9781.2,collector,2026-06-23T17:55:00.000Z
MAT_000052,LOT_00025,motor_magnet,motor_small_appliance,,synthetic://images/motor_small_appliance/a5585ab085c3.jpg,17.81,kg,12,partially_dismantled,office,2512.97,recycler_corrected,2026-06-23T17:55:00.000Z
MAT_000053,LOT_00025,motor_magnet,motor_hdd_assembly,,synthetic://images/motor_hdd_assembly/3a2a3f89b45b.jpg,1.68,kg,4,intact,household,446.39,collector,2026-06-23T17:55:00.000Z
MAT_000054,LOT_00025,lcd_panel,lcd_monitor_panel,,synthetic://images/lcd_monitor_panel/146510cce00a.jpg,10.24,kg,3,intact,office,244.74,collector,2026-06-23T17:55:00.000Z
MAT_000055,LOT_00026,cable,cable_mixed_scrap,,synthetic://images/cable_mixed_scrap/c97969c2cf1b.jpg,18.37,kg,1,intact,repair_shop,3398.45,collector,2026-08-10T16:50:00.000Z
MAT_000056,LOT_00026,pcb,pcb_cpu_processor,,synthetic://images/pcb_cpu_processor/cc9a1d81a845.jpg,0.27,kg,11,broken,repair_shop,835.62,collector,2026-08-10T16:50:00.000Z
MAT_000057,LOT_00027,cable,cable_copper_house,,synthetic://images/cable_copper_house/1d757b8ea56f.jpg,15.82,kg,1,broken,shop,5897.25,collector,2025-12-07T13:09:00.000Z
MAT_000058,LOT_00027,motor_magnet,motor_speaker_magnet,,synthetic://images/motor_speaker_magnet/83cb9a6fb90a.jpg,3.98,kg,11,intact,aggregator,293.88,collector,2025-12-07T13:09:00.000Z
MAT_000059,LOT_00028,battery,battery_li_ion_laptop,,synthetic://images/battery_li_ion_laptop/01341ff18470.jpg,0.65,kg,2,partially_dismantled,aggregator,144.74,collector,2026-06-11T06:11:00.000Z
MAT_000060,LOT_00028,motor_magnet,motor_hdd_assembly,,synthetic://images/motor_hdd_assembly/88aa58091451.jpg,1.56,kg,3,broken,household,352.02,collector,2026-06-11T06:11:00.000Z
MAT_000061,LOT_00029,battery,battery_li_ion_mobile,,synthetic://images/battery_li_ion_mobile/2c867f03aa68.jpg,0.35,kg,8,intact,aggregator,69.43,collector,2026-01-02T09:13:00.000Z
MAT_000062,LOT_00029,pcb,pcb_power_supply,,synthetic://images/pcb_power_supply/064f2e479ecf.jpg,16.55,kg,11,intact,office,2496.07,collector,2026-01-02T09:13:00.000Z
MAT_000063,LOT_00030,battery,battery_li_ion_mobile,,synthetic://images/battery_li_ion_mobile/b1104e905c13.jpg,0.29,kg,7,intact,household,57.23,recycler_corrected,2026-02-24T18:14:00.000Z
MAT_000064,LOT_00031,cable,cable_data_thin,,synthetic://images/cable_data_thin/3a680f8f0ab2.jpg,16.46,kg,1,partially_dismantled,office,2237.11,collector,2025-10-22T18:32:00.000Z
MAT_000065,LOT_00031,cable,cable_mixed_scrap,,synthetic://images/cable_mixed_scrap/1b045e4d3a42.jpg,19.21,kg,1,intact,street_pickup,3648.17,collector,2025-10-22T18:32:00.000Z
MAT_000066,LOT_00032,battery,battery_lead_acid_ups,,synthetic://images/battery_lead_acid_ups/561de911beb0.jpg,39.14,kg,5,partially_dismantled,shop,3547.9,collector,2026-07-08T15:31:00.000Z
MAT_000067,LOT_00033,cable,cable_data_thin,,synthetic://images/cable_data_thin/dcba4317a413.jpg,17.47,kg,1,partially_dismantled,household,2672.1,recycler_corrected,2026-02-05T10:30:00.000Z
MAT_000068,LOT_00033,motor_magnet,motor_speaker_magnet,,synthetic://images/motor_speaker_magnet/be27d71cf364.jpg,1.29,kg,3,burnt,office,40.49,collector,2026-02-05T10:30:00.000Z
MAT_000069,LOT_00034,cable,cable_data_thin,,synthetic://images/cable_data_thin/0115e3a0532c.jpg,30.87,kg,1,intact,shop,3997.05,collector,2025-09-24T12:04:00.000Z
MAT_000070,LOT_00034,lcd_panel,lcd_laptop_panel,,synthetic://images/lcd_laptop_panel/70fd968e5665.jpg,3.63,kg,6,partially_dismantled,shop,177.77,collector,2025-09-24T12:04:00.000Z
MAT_000071,LOT_00035,motor_magnet,motor_hdd_assembly,,synthetic://images/motor_hdd_assembly/aaf3e925b6b1.jpg,5.53,kg,10,intact,aggregator,1451.74,collector,2025-12-04T10:56:00.000Z
MAT_000072,LOT_00035,battery,battery_li_ion_mobile,,synthetic://images/battery_li_ion_mobile/6c4a79863d6a.jpg,0.32,kg,9,intact,repair_shop,63.03,recycler_corrected,2025-12-04T10:56:00.000Z
MAT_000073,LOT_00036,motor_magnet,motor_small_appliance,,synthetic://images/motor_small_appliance/35d7d2d42ee1.jpg,13.16,kg,7,intact,office,1769.49,recycler_corrected,2026-08-23T12:40:00.000Z
MAT_000074,LOT_00036,mixed_plastic,plastic_abs_casing,,synthetic://images/plastic_abs_casing/e17f1093d463.jpg,17.34,kg,1,intact,aggregator,570.31,collector,2026-08-23T12:40:00.000Z
MAT_000075,LOT_00037,cable,cable_mixed_scrap,,synthetic://images/cable_mixed_scrap/3d4c2ad9de7a.jpg,13.01,kg,1,intact,street_pickup,2372.63,collector,2025-12-16T12:28:00.000Z
MAT_000076,LOT_00037,cable,cable_copper_house,,synthetic://images/cable_copper_house/2b4432efdf8b.jpg,37.64,kg,1,broken,repair_shop,10516.25,collector,2025-12-16T12:28:00.000Z
MAT_000077,LOT_00037,motor_magnet,motor_small_appliance,,synthetic://images/motor_small_appliance/4dbed0804d6a.jpg,11.99,kg,7,intact,shop,1352.47,collector,2025-12-16T12:28:00.000Z
MAT_000078,LOT_00038,cable,cable_copper_house,,synthetic://images/cable_copper_house/2f3d7eb950a8.jpg,34.22,kg,1,partially_dismantled,repair_shop,14351.2,collector,2025-12-30T09:04:00.000Z
MAT_000079,LOT_00039,mixed_plastic,plastic_hips_tv,,synthetic://images/plastic_hips_tv/a31d93abfc14.jpg,24.55,kg,1,broken,household,530.85,collector,2025-12-28T06:26:00.000Z
MAT_000080,LOT_00040,cable,cable_copper_house,,synthetic://images/cable_copper_house/87c931a4e027.jpg,29.63,kg,1,partially_dismantled,aggregator,13374.21,collector,2026-09-01T16:12:00.000Z
MAT_000081,LOT_00041,battery,battery_li_ion_laptop,,synthetic://images/battery_li_ion_laptop/df5faf728337.jpg,2.8,kg,7,partially_dismantled,office,632.54,collector,2026-05-10T06:45:00.000Z
MAT_000082,LOT_00041,crt,crt_monitor,,synthetic://images/crt_monitor/f3ef93fb656b.jpg,139.07,kg,12,broken,household,878.59,collector,2026-05-10T06:45:00.000Z
MAT_000083,LOT_00042,cable,cable_aluminium,,synthetic://images/cable_aluminium/89693909db05.jpg,8.33,kg,1,broken,aggregator,1112.5,collector,2026-08-01T06:47:00.000Z
MAT_000084,LOT_00042,motor_magnet,motor_fan_ac,,synthetic://images/motor_fan_ac/d1834d56a49f.jpg,28.61,kg,8,partially_dismantled,repair_shop,4542.42,collector,2026-08-01T06:47:00.000Z
MAT_000085,LOT_00043,mixed_plastic,plastic_hips_tv,,synthetic://images/plastic_hips_tv/4a9f2c8aad8e.jpg,39.47,kg,1,partially_dismantled,office,954.86,collector,2026-08-29T17:49:00.000Z
MAT_000086,LOT_00043,crt,crt_tv,,synthetic://images/crt_tv/ce5a68265f46.jpg,57.58,kg,3,broken,street_pickup,301.52,collector,2026-08-29T17:49:00.000Z
MAT_000087,LOT_00044,motor_magnet,motor_small_appliance,,synthetic://images/motor_small_appliance/5acd7c60214b.jpg,5.22,kg,4,intact,street_pickup,694.83,collector,2026-06-05T19:42:00.000Z
MAT_000088,LOT_00044,pcb,pcb_ram_gold,,synthetic://images/pcb_ram_gold/12692242f59f.jpg,0.1,kg,3,partially_dismantled,repair_shop,159.6,collector,2026-06-05T19:42:00.000Z
MAT_000089,LOT_00045,mixed_plastic,plastic_abs_casing,,synthetic://images/plastic_abs_casing/7d87d3feb6d5.jpg,42.99,kg,1,intact,aggregator,1401.47,collector,2026-02-02T18:20:00.000Z
MAT_000090,LOT_00045,motor_magnet,motor_speaker_magnet,,synthetic://images/motor_speaker_magnet/c5c577e13f57.jpg,1.61,kg,5,intact,shop,105.9,collector,2026-02-02T18:20:00.000Z
MAT_000091,LOT_00045,pcb,pcb_tv_low_grade,,synthetic://images/pcb_tv_low_grade/3aa716cf85e7.jpg,2.74,kg,7,intact,aggregator,317.87,recycler_corrected,2026-02-02T18:20:00.000Z
MAT_000092,LOT_00046,battery,battery_li_ion_laptop,,synthetic://images/battery_li_ion_laptop/5cfe2cec0d03.jpg,2.85,kg,8,partially_dismantled,repair_shop,692.4,collector,2025-09-17T09:05:00.000Z
MAT_000093,LOT_00047,cable,cable_aluminium,,synthetic://images/cable_aluminium/1e62977f8374.jpg,30.23,kg,1,partially_dismantled,office,4741.23,collector,2026-02-18T13:23:00.000Z
MAT_000094,LOT_00048,mixed_plastic,plastic_abs_casing,,synthetic://images/plastic_abs_casing/156861f43def.jpg,36.73,kg,1,partially_dismantled,shop,1367.18,collector,2026-04-09T15:59:00.000Z
MAT_000095,LOT_00049,battery,battery_button_cell,,synthetic://images/battery_button_cell/f1d79a9ebe9b.jpg,10.94,kg,1,intact,repair_shop,1127.37,collector,2025-10-20T15:45:00.000Z
MAT_000096,LOT_00050,cable,cable_data_thin,,synthetic://images/cable_data_thin/b0c84e3c48ee.jpg,7.31,kg,1,intact,shop,944.23,recycler_corrected,2025-12-16T17:09:00.000Z
MAT_000097,LOT_00051,cable,cable_aluminium,,synthetic://images/cable_aluminium/59e097d23da0.jpg,9.41,kg,1,broken,repair_shop,1096.63,collector,2026-03-18T13:16:00.000Z
MAT_000098,LOT_00051,pcb,pcb_mobile,,synthetic://images/pcb_mobile/1554e98145c2.jpg,0.2,kg,8,broken,shop,203.49,collector,2026-03-18T13:16:00.000Z
MAT_000099,LOT_00051,mixed_plastic,plastic_hips_tv,,synthetic://images/plastic_hips_tv/5aee67fab0fa.jpg,3.36,kg,1,intact,shop,90.05,recycler_corrected,2026-03-18T13:16:00.000Z
MAT_000100,LOT_00052,lcd_panel,lcd_monitor_panel,,synthetic://images/lcd_monitor_panel/f629726de8a0.jpg,7.95,kg,2,broken,aggregator,180.05,collector,2026-03-03T15:18:00.000Z
MAT_000101,LOT_00052,motor_magnet,motor_speaker_magnet,,synthetic://images/motor_speaker_magnet/94c70560b896.jpg,2,kg,5,partially_dismantled,repair_shop,155.86,collector,2026-03-03T15:18:00.000Z
MAT_000102,LOT_00052,pcb,pcb_motherboard,,synthetic://images/pcb_motherboard/d9407ab4ece2.jpg,6.39,kg,9,partially_dismantled,household,2349.6,collector,2026-03-03T15:18:00.000Z
MAT_000103,LOT_00053,cable,cable_data_thin,,synthetic://images/cable_data_thin/d67a890116dd.jpg,16.98,kg,1,intact,shop,2138.46,collector,2026-08-24T12:00:00.000Z
MAT_000104,LOT_00053,battery,battery_lead_acid_ups,,synthetic://images/battery_lead_acid_ups/e300839787b3.jpg,32,kg,5,intact,shop,2475.84,collector,2026-08-24T12:00:00.000Z
MAT_000105,LOT_00053,pcb,pcb_cpu_processor,,synthetic://images/pcb_cpu_processor/4b5bd9b74882.jpg,0.25,kg,10,partially_dismantled,aggregator,972.9,collector,2026-08-24T12:00:00.000Z
MAT_000106,LOT_00054,lcd_panel,lcd_laptop_panel,,synthetic://images/lcd_laptop_panel/1995ca2e151c.jpg,2.88,kg,6,broken,household,108.02,collector,2026-02-07T16:41:00.000Z
MAT_000107,LOT_00055,mixed_plastic,plastic_abs_casing,,synthetic://images/plastic_abs_casing/b7cde19a719e.jpg,29.37,kg,1,burnt,office,464.82,collector,2026-03-07T10:06:00.000Z
MAT_000108,LOT_00055,cable,cable_data_thin,,synthetic://images/cable_data_thin/c6a5ccc8a372.jpg,42.8,kg,1,wet,repair_shop,4342.4,collector,2026-03-07T10:06:00.000Z
MAT_000109,LOT_00055,cable,cable_copper_house,,synthetic://images/cable_copper_house/35033384e477.jpg,2.02,kg,1,broken,aggregator,754.16,collector,2026-03-07T10:06:00.000Z
MAT_000110,LOT_00056,pcb,pcb_motherboard,,synthetic://images/pcb_motherboard/f7cb48756ee7.jpg,0.82,kg,1,partially_dismantled,household,270.41,collector,2026-02-06T09:26:00.000Z
MAT_000111,LOT_00057,mixed_plastic,plastic_abs_casing,,synthetic://images/plastic_abs_casing/b6baeba41db2.jpg,36.33,kg,1,broken,repair_shop,974.15,collector,2025-11-26T09:14:00.000Z
MAT_000112,LOT_00058,lcd_panel,led_backlight_strip,,synthetic://images/led_backlight_strip/afad4ad80c36.jpg,23.47,kg,1,partially_dismantled,shop,2272.87,recycler_corrected,2026-01-25T12:06:00.000Z
MAT_000113,LOT_00058,mixed_plastic,plastic_mixed_dirty,,synthetic://images/plastic_mixed_dirty/5e1093d28dd2.jpg,5.48,kg,1,intact,street_pickup,66.36,collector,2026-01-25T12:06:00.000Z
MAT_000114,LOT_00059,pcb,pcb_cpu_processor,,synthetic://images/pcb_cpu_processor/fa6536903c9a.jpg,0.2,kg,8,broken,repair_shop,695.86,collector,2026-02-04T19:10:00.000Z
MAT_000115,LOT_00060,cable,cable_mixed_scrap,,synthetic://images/cable_mixed_scrap/a4131cbe5d5b.jpg,21.25,kg,1,partially_dismantled,shop,4710.17,collector,2025-11-17T09:23:00.000Z
MAT_000116,LOT_00060,motor_magnet,motor_small_appliance,,synthetic://images/motor_small_appliance/cafe3cd3310b.jpg,12.86,kg,7,intact,street_pickup,1706.65,collector,2025-11-17T09:23:00.000Z
MAT_000117,LOT_00061,motor_magnet,motor_hdd_assembly,,synthetic://images/motor_hdd_assembly/018dc99c9545.jpg,4.01,kg,7,intact,office,947.68,collector,2026-04-14T19:34:00.000Z
MAT_000118,LOT_00062,mixed_plastic,plastic_mixed_dirty,,synthetic://images/plastic_mixed_dirty/9658d424ce37.jpg,15.33,kg,1,intact,office,185.95,collector,2026-02-16T14:03:00.000Z
MAT_000119,LOT_00063,lcd_panel,led_backlight_strip,,synthetic://images/led_backlight_strip/17075f78b5fd.jpg,23.36,kg,1,intact,street_pickup,2437.38,collector,2025-10-27T11:44:00.000Z
MAT_000120,LOT_00063,cable,cable_aluminium,,synthetic://images/cable_aluminium/5d97df69582c.jpg,35.7,kg,1,intact,repair_shop,5087.96,collector,2025-10-27T11:44:00.000Z
MAT_000121,LOT_00063,pcb,pcb_motherboard,,synthetic://images/pcb_motherboard/031f38db9675.jpg,1.33,kg,2,intact,household,453.75,collector,2025-10-27T11:44:00.000Z
MAT_000122,LOT_00064,cable,cable_copper_house,,synthetic://images/cable_copper_house/37e19ca2f80f.jpg,29.03,kg,1,intact,office,11626.22,collector,2025-09-21T10:28:00.000Z
MAT_000123,LOT_00064,battery,battery_lead_acid_ups,,synthetic://images/battery_lead_acid_ups/af1ae0ce1248.jpg,66.68,kg,9,broken,aggregator,5135.07,collector,2025-09-21T10:28:00.000Z
MAT_000124,LOT_00065,motor_magnet,motor_small_appliance,,synthetic://images/motor_small_appliance/631ac92de790.jpg,6.43,kg,4,intact,household,708.07,collector,2026-01-20T07:13:00.000Z
MAT_000125,LOT_00065,cable,cable_copper_house,,synthetic://images/cable_copper_house/e2ade78f8e6c.jpg,44.47,kg,1,intact,street_pickup,16567.74,collector,2026-01-20T07:13:00.000Z
MAT_000126,LOT_00066,battery,battery_lead_acid_ups,,synthetic://images/battery_lead_acid_ups/2656aff50db5.jpg,69.28,kg,9,intact,office,7489.06,collector,2026-03-17T14:42:00.000Z
MAT_000127,LOT_00066,motor_magnet,motor_small_appliance,,synthetic://images/motor_small_appliance/631ca5dbb11e.jpg,12.02,kg,8,partially_dismantled,aggregator,1603.25,collector,2026-03-17T14:42:00.000Z
MAT_000128,LOT_00066,mixed_plastic,plastic_mixed_dirty,,synthetic://images/plastic_mixed_dirty/3b529ca3ca98.jpg,10.19,kg,1,wet,shop,85.17,recycler_corrected,2026-03-17T14:42:00.000Z
MAT_000129,LOT_00067,mixed_plastic,plastic_abs_casing,,synthetic://images/plastic_abs_casing/4087f09ae018.jpg,41.47,kg,1,intact,repair_shop,1363.95,collector,2026-08-21T18:11:00.000Z
MAT_000130,LOT_00068,battery,battery_lead_acid_ups,,synthetic://images/battery_lead_acid_ups/33dd7a373438.jpg,73.54,kg,12,intact,repair_shop,6603.55,collector,2026-06-11T19:21:00.000Z
MAT_000131,LOT_00068,battery,battery_li_ion_mobile,,synthetic://images/battery_li_ion_mobile/ec7c0c8ab718.jpg,0.48,kg,10,broken,street_pickup,70.85,collector,2026-06-11T19:21:00.000Z
MAT_000132,LOT_00068,battery,battery_li_ion_laptop,,synthetic://images/battery_li_ion_laptop/fe7eb4f86579.jpg,1.12,kg,3,intact,shop,230.11,recycler_corrected,2026-06-11T19:21:00.000Z
MAT_000133,LOT_00069,lcd_panel,lcd_tv_panel,,synthetic://images/lcd_tv_panel/f2b39a57d1ca.jpg,49.37,kg,6,intact,household,1055.04,collector,2026-07-19T08:37:00.000Z
MAT_000134,LOT_00069,mixed_plastic,plastic_mixed_dirty,,synthetic://images/plastic_mixed_dirty/1c0d43424613.jpg,18.4,kg,1,broken,office,180.6,recycler_corrected,2026-07-19T08:37:00.000Z
MAT_000135,LOT_00070,mixed_plastic,plastic_mixed_dirty,,synthetic://images/plastic_mixed_dirty/83eaf969faf4.jpg,16.94,kg,1,intact,aggregator,213.78,collector,2026-06-16T19:54:00.000Z
MAT_000136,LOT_00071,motor_magnet,motor_speaker_magnet,,synthetic://images/motor_speaker_magnet/9095144b5ca6.jpg,3.32,kg,11,wet,street_pickup,175.07,recycler_corrected,2026-07-06T12:44:00.000Z
MAT_000137,LOT_00071,pcb,pcb_mobile,,synthetic://images/pcb_mobile/5152885e8afb.jpg,0.04,kg,2,partially_dismantled,repair_shop,41.87,collector,2026-07-06T12:44:00.000Z
MAT_000138,LOT_00071,motor_magnet,motor_fan_ac,,synthetic://images/motor_fan_ac/0d560e991ba8.jpg,13.3,kg,5,broken,repair_shop,1555.85,collector,2026-07-06T12:44:00.000Z
MAT_000139,LOT_00072,cable,cable_aluminium,,synthetic://images/cable_aluminium/e05ca4710382.jpg,4.83,kg,1,intact,street_pickup,688.37,collector,2025-11-04T16:49:00.000Z
MAT_000140,LOT_00073,cable,cable_mixed_scrap,,synthetic://images/cable_mixed_scrap/ee57315986b0.jpg,18.68,kg,1,broken,repair_shop,3233.55,collector,2025-10-29T13:00:00.000Z
MAT_000141,LOT_00073,motor_magnet,motor_small_appliance,,synthetic://images/motor_small_appliance/9df8987e28b6.jpg,8.62,kg,5,intact,street_pickup,1146.72,recycler_corrected,2025-10-29T13:00:00.000Z
MAT_000142,LOT_00073,mixed_plastic,plastic_abs_casing,,synthetic://images/plastic_abs_casing/1cedce12b07b.jpg,9.41,kg,1,burnt,office,138.47,collector,2025-10-29T13:00:00.000Z
MAT_000143,LOT_00073,cable,cable_mixed_scrap,,synthetic://images/cable_mixed_scrap/e6948f1f3bef.jpg,18.89,kg,1,broken,shop,3269.9,collector,2025-10-29T13:00:00.000Z
MAT_000144,LOT_00074,cable,cable_copper_house,,synthetic://images/cable_copper_house/e3b806e485c1.jpg,26.5,kg,1,wet,household,6942.34,collector,2026-02-12T10:14:00.000Z
MAT_000145,LOT_00075,battery,battery_li_ion_laptop,,synthetic://images/battery_li_ion_laptop/0b345d9c8c05.jpg,2.35,kg,8,partially_dismantled,aggregator,559.01,collector,2025-10-12T10:01:00.000Z
MAT_000146,LOT_00076,lcd_panel,lcd_tv_panel,,synthetic://images/lcd_tv_panel/0a1b437102dd.jpg,59.37,kg,9,intact,aggregator,1275.61,recycler_corrected,2025-11-22T11:42:00.000Z
MAT_000147,LOT_00077,pcb,pcb_tv_low_grade,,synthetic://images/pcb_tv_low_grade/5c3ee43695ba.jpg,6.78,kg,12,intact,shop,834.82,collector,2026-05-08T12:25:00.000Z
MAT_000148,LOT_00077,battery,battery_li_ion_mobile,,synthetic://images/battery_li_ion_mobile/3ee8875c2dc7.jpg,0.09,kg,2,intact,aggregator,17.25,collector,2026-05-08T12:25:00.000Z
MAT_000149,LOT_00077,cable,cable_aluminium,,synthetic://images/cable_aluminium/11c10090b085.jpg,27,kg,1,partially_dismantled,repair_shop,4030.24,collector,2026-05-08T12:25:00.000Z
MAT_000150,LOT_00077,battery,battery_lead_acid_ups,,synthetic://images/battery_lead_acid_ups/06150b1dfab4.jpg,60.27,kg,8,broken,office,4605.29,collector,2026-05-08T12:25:00.000Z
MAT_000151,LOT_00078,mixed_plastic,plastic_hips_tv,,synthetic://images/plastic_hips_tv/84bc3a20bb51.jpg,35.22,kg,1,burnt,household,374.99,collector,2026-03-11T10:51:00.000Z
MAT_000152,LOT_00079,cable,cable_data_thin,,synthetic://images/cable_data_thin/9b9917a1dbe7.jpg,11.95,kg,1,intact,aggregator,1546.81,collector,2025-10-09T14:07:00.000Z
MAT_000153,LOT_00079,pcb,pcb_cpu_processor,,synthetic://images/pcb_cpu_processor/21650b71f787.jpg,0.05,kg,2,partially_dismantled,street_pickup,210.23,collector,2025-10-09T14:07:00.000Z
MAT_000154,LOT_00079,pcb,pcb_mobile,,synthetic://images/pcb_mobile/baa4b8ba244c.jpg,0.27,kg,12,intact,shop,279.83,recycler_corrected,2025-10-09T14:07:00.000Z
MAT_000155,LOT_00080,pcb,pcb_ram_gold,,synthetic://images/pcb_ram_gold/83dcf6209422.jpg,0.41,kg,12,intact,street_pickup,565.92,collector,2026-06-10T13:25:00.000Z
MAT_000156,LOT_00080,pcb,pcb_cpu_processor,,synthetic://images/pcb_cpu_processor/9bc6620eed6d.jpg,0.12,kg,6,broken,repair_shop,364.7,collector,2026-06-10T13:25:00.000Z
MAT_000157,LOT_00081,pcb,pcb_motherboard,,synthetic://images/pcb_motherboard/3f06ca5ddc73.jpg,4.63,kg,5,broken,street_pickup,1255.12,collector,2026-01-14T06:17:00.000Z
MAT_000158,LOT_00082,pcb,pcb_ram_gold,,synthetic://images/pcb_ram_gold/a80e6dad66ec.jpg,0.12,kg,3,broken,shop,131.48,collector,2026-01-01T17:10:00.000Z
MAT_000159,LOT_00082,pcb,pcb_cpu_processor,,synthetic://images/pcb_cpu_processor/bc75d5f4b010.jpg,0.09,kg,6,broken,office,273.86,recycler_corrected,2026-01-01T17:10:00.000Z
MAT_000160,LOT_00083,pcb,pcb_mobile,,synthetic://images/pcb_mobile/2616bdf0d4df.jpg,0.18,kg,8,partially_dismantled,repair_shop,229.2,collector,2026-08-02T14:41:00.000Z
MAT_000161,LOT_00083,pcb,pcb_ram_gold,,synthetic://images/pcb_ram_gold/31a25d85ae86.jpg,0.08,kg,3,burnt,household,59.51,collector,2026-08-02T14:41:00.000Z
MAT_000162,LOT_00084,battery,battery_lead_acid_ups,,synthetic://images/battery_lead_acid_ups/cc89668b35ec.jpg,88.62,kg,11,wet,household,5919.23,collector,2026-01-01T14:21:00.000Z
MAT_000163,LOT_00084,cable,cable_copper_house,,synthetic://images/cable_copper_house/fd0c868b80c4.jpg,19.38,kg,1,partially_dismantled,repair_shop,8116.61,collector,2026-01-01T14:21:00.000Z
MAT_000164,LOT_00084,cable,cable_data_thin,,synthetic://images/cable_data_thin/3af163e8c100.jpg,33.23,kg,1,intact,household,4264.74,collector,2026-01-01T14:21:00.000Z
MAT_000165,LOT_00085,mixed_plastic,plastic_hips_tv,,synthetic://images/plastic_hips_tv/9a4caa761c6d.jpg,32.3,kg,1,partially_dismantled,office,855,collector,2026-03-24T06:07:00.000Z
MAT_000166,LOT_00086,cable,cable_data_thin,,synthetic://images/cable_data_thin/2995a330ed3e.jpg,40.1,kg,1,intact,repair_shop,5798.86,collector,2025-11-02T14:13:00.000Z
MAT_000167,LOT_00087,cable,cable_copper_house,,synthetic://images/cable_copper_house/6ef883c8bc9c.jpg,30.16,kg,1,partially_dismantled,street_pickup,11073.67,collector,2026-06-03T06:04:00.000Z
MAT_000168,LOT_00087,crt,crt_yoke,,synthetic://images/crt_yoke/588e73bb81bd.jpg,3.9,kg,8,broken,shop,239.18,collector,2026-06-03T06:04:00.000Z
MAT_000169,LOT_00088,mixed_plastic,plastic_abs_casing,,synthetic://images/plastic_abs_casing/c82e00441476.jpg,20.36,kg,1,intact,aggregator,663.74,collector,2026-07-10T17:00:00.000Z
MAT_000170,LOT_00089,pcb,pcb_motherboard,,synthetic://images/pcb_motherboard/12496df8f7d7.jpg,6.08,kg,10,wet,shop,1416.48,collector,2026-03-04T12:28:00.000Z
MAT_000171,LOT_00089,crt,crt_tv,,synthetic://images/crt_tv/f878dba67e11.jpg,76.97,kg,4,intact,office,483.6,recycler_corrected,2026-03-04T12:28:00.000Z
MAT_000172,LOT_00090,cable,cable_copper_house,,synthetic://images/cable_copper_house/7e1d14978fd6.jpg,23.61,kg,1,intact,street_pickup,9871.58,collector,2025-11-27T15:51:00.000Z
MAT_000173,LOT_00091,motor_magnet,motor_fan_ac,,synthetic://images/motor_fan_ac/3dc7e9bf4369.jpg,23.12,kg,7,intact,shop,3702.9,collector,2025-11-01T17:30:00.000Z
MAT_000174,LOT_00092,battery,battery_li_ion_mobile,,synthetic://images/battery_li_ion_mobile/0f968394b652.jpg,0.09,kg,2,partially_dismantled,repair_shop,18.03,collector,2025-09-07T17:11:00.000Z
MAT_000175,LOT_00092,cable,cable_aluminium,,synthetic://images/cable_aluminium/1276588bb8e5.jpg,40.91,kg,1,intact,street_pickup,5676.26,collector,2025-09-07T17:11:00.000Z
MAT_000176,LOT_00093,cable,cable_mixed_scrap,,synthetic://images/cable_mixed_scrap/22f772a86671.jpg,28.72,kg,1,burnt,household,2615.3,collector,2025-12-31T09:56:00.000Z
MAT_000177,LOT_00093,mixed_plastic,plastic_abs_casing,,synthetic://images/plastic_abs_casing/e339db5f473f.jpg,44.04,kg,1,partially_dismantled,street_pickup,1613.38,collector,2025-12-31T09:56:00.000Z
MAT_000178,LOT_00093,battery,battery_li_ion_laptop,,synthetic://images/battery_li_ion_laptop/e17d49fdcc5e.jpg,1.47,kg,4,broken,household,295.04,recycler_corrected,2025-12-31T09:56:00.000Z
MAT_000179,LOT_00094,motor_magnet,motor_small_appliance,,synthetic://images/motor_small_appliance/8fc28d1a28e0.jpg,3.59,kg,2,intact,shop,483.9,collector,2025-10-08T13:26:00.000Z
MAT_000180,LOT_00095,mixed_plastic,plastic_abs_casing,,synthetic://images/plastic_abs_casing/fa455fc1e756.jpg,33.64,kg,1,intact,shop,1129.63,collector,2026-02-23T18:01:00.000Z
MAT_000181,LOT_00095,lcd_panel,led_backlight_strip,,synthetic://images/led_backlight_strip/9eef35bbf77a.jpg,29.84,kg,1,intact,aggregator,2752.14,collector,2026-02-23T18:01:00.000Z
MAT_000182,LOT_00095,lcd_panel,lcd_monitor_panel,,synthetic://images/lcd_monitor_panel/03ae69b9b855.jpg,53.15,kg,12,wet,street_pickup,920.47,collector,2026-02-23T18:01:00.000Z
MAT_000183,LOT_00096,motor_magnet,motor_fan_ac,,synthetic://images/motor_fan_ac/6b332e35a8af.jpg,3.16,kg,1,intact,household,500.83,collector,2026-05-06T12:23:00.000Z
MAT_000184,LOT_00096,cable,cable_mixed_scrap,,synthetic://images/cable_mixed_scrap/cc80f6f36515.jpg,33.17,kg,1,intact,shop,7030.38,recycler_corrected,2026-05-06T12:23:00.000Z
MAT_000185,LOT_00097,mixed_plastic,plastic_mixed_dirty,,synthetic://images/plastic_mixed_dirty/c46395b79879.jpg,20.18,kg,1,partially_dismantled,office,235.41,recycler_corrected,2026-03-05T19:02:00.000Z
MAT_000186,LOT_00097,battery,battery_li_ion_mobile,,synthetic://images/battery_li_ion_mobile/f52107e96259.jpg,0.33,kg,9,intact,shop,60.47,collector,2026-03-05T19:02:00.000Z
MAT_000187,LOT_00098,mixed_plastic,plastic_mixed_dirty,,synthetic://images/plastic_mixed_dirty/535d93c3c8e9.jpg,21.95,kg,1,partially_dismantled,shop,284.41,collector,2026-07-28T11:20:00.000Z
MAT_000188,LOT_00098,motor_magnet,motor_speaker_magnet,,synthetic://images/motor_speaker_magnet/71e621bb71f9.jpg,5.72,kg,12,intact,aggregator,426.77,collector,2026-07-28T11:20:00.000Z
MAT_000189,LOT_00099,battery,battery_lead_acid_ups,,synthetic://images/battery_lead_acid_ups/85aafbc0c4ba.jpg,45.74,kg,8,wet,household,2730.17,collector,2026-02-03T12:48:00.000Z
MAT_000190,LOT_00100,pcb,pcb_cpu_processor,,synthetic://images/pcb_cpu_processor/355b82b0175e.jpg,0.17,kg,11,intact,street_pickup,702.14,collector,2026-04-30T09:46:00.000Z
MAT_000191,LOT_00100,battery,battery_li_ion_mobile,,synthetic://images/battery_li_ion_mobile/6fa0a901328b.jpg,0.19,kg,4,intact,aggregator,37.26,recycler_corrected,2026-04-30T09:46:00.000Z
MAT_000192,LOT_00101,motor_magnet,motor_fan_ac,,synthetic://images/motor_fan_ac/ed316c0d6f2c.jpg,9.68,kg,3,partially_dismantled,household,1445.12,collector,2026-01-08T06:59:00.000Z
MAT_000193,LOT_00102,cable,cable_mixed_scrap,,synthetic://images/cable_mixed_scrap/c5d1fad39d2f.jpg,32.94,kg,1,wet,household,4557.18,collector,2026-04-12T11:41:00.000Z
MAT_000194,LOT_00103,pcb,pcb_tv_low_grade,,synthetic://images/pcb_tv_low_grade/6e775bd53b1a.jpg,2.03,kg,4,broken,office,188.7,recycler_corrected,2026-05-06T09:17:00.000Z
MAT_000195,LOT_00103,cable,cable_aluminium,,synthetic://images/cable_aluminium/815ef5808543.jpg,18.87,kg,1,intact,repair_shop,2785.21,collector,2026-05-06T09:17:00.000Z
MAT_000196,LOT_00104,motor_magnet,motor_speaker_magnet,,synthetic://images/motor_speaker_magnet/2d3d25c07dd3.jpg,0.33,kg,1,partially_dismantled,household,21.91,collector,2025-10-19T18:59:00.000Z
MAT_000197,LOT_00104,pcb,pcb_power_supply,,synthetic://images/pcb_power_supply/181ff3c0295a.jpg,2.51,kg,2,broken,repair_shop,275.9,collector,2025-10-19T18:59:00.000Z
MAT_000198,LOT_00104,cable,cable_mixed_scrap,,synthetic://images/cable_mixed_scrap/ce598d6b4d96.jpg,42.13,kg,1,partially_dismantled,repair_shop,8109.88,collector,2025-10-19T18:59:00.000Z
MAT_000199,LOT_00105,pcb,pcb_mobile,,synthetic://images/pcb_mobile/bfb1b18041d6.jpg,0.07,kg,4,intact,aggregator,72.41,collector,2026-03-24T17:13:00.000Z
MAT_000200,LOT_00105,cable,cable_data_thin,,synthetic://images/cable_data_thin/2df2aa65dfa5.jpg,27.73,kg,1,broken,household,2900.99,collector,2026-03-24T17:13:00.000Z
MAT_000201,LOT_00106,cable,cable_mixed_scrap,,synthetic://images/cable_mixed_scrap/d12cdc329276.jpg,42.33,kg,1,wet,repair_shop,5898.05,collector,2026-02-04T15:02:00.000Z
MAT_000202,LOT_00106,motor_magnet,motor_hdd_assembly,,synthetic://images/motor_hdd_assembly/7a9ffb978fca.jpg,2.39,kg,5,partially_dismantled,shop,655.76,recycler_corrected,2026-02-04T15:02:00.000Z
MAT_000203,LOT_00107,cable,cable_data_thin,,synthetic://images/cable_data_thin/3dcc2ebd8ab7.jpg,43.71,kg,1,intact,household,5576.52,collector,2026-03-10T19:54:00.000Z
MAT_000204,LOT_00107,pcb,pcb_power_supply,,synthetic://images/pcb_power_supply/a8ec18d049f4.jpg,6.63,kg,5,intact,household,843.93,collector,2026-03-10T19:54:00.000Z
MAT_000205,LOT_00108,motor_magnet,motor_speaker_magnet,,synthetic://images/motor_speaker_magnet/62ba7cd75768.jpg,2.42,kg,6,intact,shop,180.05,collector,2026-05-20T12:27:00.000Z
MAT_000206,LOT_00108,cable,cable_data_thin,,synthetic://images/cable_data_thin/21a2b87b7598.jpg,26.26,kg,1,partially_dismantled,repair_shop,4413.89,collector,2026-05-20T12:27:00.000Z
MAT_000207,LOT_00108,crt,crt_yoke,,synthetic://images/crt_yoke/7721b0654630.jpg,1.15,kg,2,partially_dismantled,office,102.89,collector,2026-05-20T12:27:00.000Z
MAT_000208,LOT_00109,motor_magnet,motor_small_appliance,,synthetic://images/motor_small_appliance/a402a8ff6285.jpg,17.91,kg,11,intact,street_pickup,2741.3,recycler_corrected,2026-02-04T15:44:00.000Z
MAT_000209,LOT_00110,cable,cable_mixed_scrap,,synthetic://images/cable_mixed_scrap/9b26812c8289.jpg,18.97,kg,1,intact,street_pickup,3557.82,collector,2026-02-12T18:19:00.000Z
MAT_000210,LOT_00111,mixed_plastic,plastic_mixed_dirty,,synthetic://images/plastic_mixed_dirty/e44afa120d30.jpg,9.78,kg,1,partially_dismantled,shop,121.48,collector,2026-05-01T09:19:00.000Z
MAT_000211,LOT_00112,cable,cable_data_thin,,synthetic://images/cable_data_thin/ce683ade4505.jpg,38.7,kg,1,intact,household,4948.96,collector,2026-04-26T10:38:00.000Z
MAT_000212,LOT_00113,crt,crt_monitor,,synthetic://images/crt_monitor/15e32e066350.jpg,129.33,kg,12,intact,office,1136.28,collector,2025-11-28T19:21:00.000Z
MAT_000213,LOT_00114,battery,battery_lead_acid_ups,,synthetic://images/battery_lead_acid_ups/01f6acd0e448.jpg,6.66,kg,1,intact,household,593.41,recycler_corrected,2026-04-09T15:44:00.000Z
MAT_000214,LOT_00115,motor_magnet,motor_small_appliance,,synthetic://images/motor_small_appliance/b8fc408cccaa.jpg,11.68,kg,7,intact,repair_shop,1695.7,recycler_corrected,2025-12-12T16:14:00.000Z
MAT_000215,LOT_00116,mixed_plastic,plastic_hips_tv,,synthetic://images/plastic_hips_tv/a5ca504653e8.jpg,9.86,kg,1,partially_dismantled,shop,230.98,collector,2025-12-03T14:00:00.000Z
MAT_000216,LOT_00117,mixed_plastic,plastic_mixed_dirty,,synthetic://images/plastic_mixed_dirty/e1eb91ad7057.jpg,9.69,kg,1,burnt,office,53.68,collector,2026-07-15T10:47:00.000Z
MAT_000217,LOT_00117,mixed_plastic,plastic_abs_casing,,synthetic://images/plastic_abs_casing/5ba56ace09e3.jpg,8.08,kg,1,wet,aggregator,197.73,collector,2026-07-15T10:47:00.000Z
MAT_000218,LOT_00117,pcb,pcb_tv_low_grade,,synthetic://images/pcb_tv_low_grade/7f8621caa65c.jpg,4.02,kg,10,intact,shop,409.92,collector,2026-07-15T10:47:00.000Z
MAT_000219,LOT_00117,mixed_plastic,plastic_mixed_dirty,,synthetic://images/plastic_mixed_dirty/2cb693ed0a00.jpg,42.19,kg,1,partially_dismantled,street_pickup,545.33,collector,2026-07-15T10:47:00.000Z
MAT_000220,LOT_00118,cable,cable_data_thin,,synthetic://images/cable_data_thin/aabebe0e4627.jpg,18.12,kg,1,wet,repair_shop,1784.89,collector,2026-06-18T10:27:00.000Z
MAT_000221,LOT_00118,pcb,pcb_motherboard,,synthetic://images/pcb_motherboard/2cdbd11f4874.jpg,8.3,kg,9,intact,street_pickup,2779.01,collector,2026-06-18T10:27:00.000Z
MAT_000222,LOT_00119,battery,battery_li_ion_laptop,,synthetic://images/battery_li_ion_laptop/171fe3a98206.jpg,3.06,kg,9,intact,shop,649.39,collector,2026-07-16T15:23:00.000Z
MAT_000223,LOT_00120,pcb,pcb_ram_gold,,synthetic://images/pcb_ram_gold/97918486d1c2.jpg,0.33,kg,11,intact,household,493.79,collector,2026-04-28T16:31:00.000Z
MAT_000224,LOT_00121,crt,crt_monitor,,synthetic://images/crt_monitor/2c8b87c87190.jpg,165.08,kg,12,intact,shop,1475.88,recycler_corrected,2026-08-27T11:13:00.000Z
MAT_000225,LOT_00122,pcb,pcb_power_supply,,synthetic://images/pcb_power_supply/ec13e0e4add7.jpg,1.41,kg,1,broken,aggregator,154.7,collector,2025-09-09T15:07:00.000Z
MAT_000226,LOT_00122,lcd_panel,lcd_laptop_panel,,synthetic://images/lcd_laptop_panel/f42e5a10c52e.jpg,1.81,kg,4,burnt,shop,41.48,recycler_corrected,2025-09-09T15:07:00.000Z
MAT_000227,LOT_00122,cable,cable_mixed_scrap,,synthetic://images/cable_mixed_scrap/c4be6a54eb02.jpg,6.01,kg,1,intact,office,1268.71,collector,2025-09-09T15:07:00.000Z
MAT_000228,LOT_00122,cable,cable_copper_house,,synthetic://images/cable_copper_house/216551e5fc44.jpg,17.45,kg,1,intact,aggregator,7313.12,collector,2025-09-09T15:07:00.000Z
MAT_000229,LOT_00123,motor_magnet,motor_fan_ac,,synthetic://images/motor_fan_ac/f24b8fb172db.jpg,31.57,kg,11,intact,aggregator,4967.54,collector,2026-02-14T19:45:00.000Z
MAT_000230,LOT_00123,mixed_plastic,plastic_mixed_dirty,,synthetic://images/plastic_mixed_dirty/0b6855304e53.jpg,27.17,kg,1,broken,household,260.22,collector,2026-02-14T19:45:00.000Z
MAT_000231,LOT_00124,crt,crt_yoke,,synthetic://images/crt_yoke/9b4cf50a475e.jpg,3.62,kg,5,broken,shop,235.78,recycler_corrected,2026-07-26T15:24:00.000Z
MAT_000232,LOT_00125,pcb,pcb_tv_low_grade,,synthetic://images/pcb_tv_low_grade/63a6d9d6483c.jpg,3.41,kg,8,wet,household,244.86,recycler_corrected,2026-03-01T12:27:00.000Z
MAT_000233,LOT_00126,lcd_panel,led_backlight_strip,,synthetic://images/led_backlight_strip/2e5f87b564b0.jpg,20.85,kg,1,intact,street_pickup,1970.12,collector,2025-11-23T13:25:00.000Z
MAT_000234,LOT_00127,cable,cable_mixed_scrap,,synthetic://images/cable_mixed_scrap/8752ead72396.jpg,26.35,kg,1,broken,street_pickup,4401.99,collector,2025-09-29T13:19:00.000Z
MAT_000235,LOT_00127,pcb,pcb_tv_low_grade,,synthetic://images/pcb_tv_low_grade/2f29870538c6.jpg,3.89,kg,8,broken,shop,379.11,collector,2025-09-29T13:19:00.000Z
MAT_000236,LOT_00128,mixed_plastic,plastic_mixed_dirty,,synthetic://images/plastic_mixed_dirty/d1a491d60e45.jpg,32.76,kg,1,intact,office,390.5,collector,2026-05-18T06:00:00.000Z
MAT_000237,LOT_00128,mixed_plastic,plastic_hips_tv,,synthetic://images/plastic_hips_tv/d6eafae38966.jpg,18.44,kg,1,intact,street_pickup,465.61,collector,2026-05-18T06:00:00.000Z
MAT_000238,LOT_00129,cable,cable_aluminium,,synthetic://images/cable_aluminium/046c791449c1.jpg,23.21,kg,1,intact,street_pickup,3166.77,collector,2026-06-04T17:52:00.000Z
MAT_000239,LOT_00129,pcb,pcb_tv_low_grade,,synthetic://images/pcb_tv_low_grade/c457b62887bc.jpg,3.16,kg,6,intact,aggregator,324.15,collector,2026-06-04T17:52:00.000Z
MAT_000240,LOT_00129,mixed_plastic,plastic_hips_tv,,synthetic://images/plastic_hips_tv/885ae3e74bb9.jpg,40.04,kg,1,intact,shop,922.52,collector,2026-06-04T17:52:00.000Z
MAT_000241,LOT_00130,mixed_plastic,plastic_hips_tv,,synthetic://images/plastic_hips_tv/42eb62eb1af1.jpg,4.72,kg,1,intact,street_pickup,115.03,collector,2026-06-05T14:27:00.000Z
MAT_000242,LOT_00131,motor_magnet,motor_fan_ac,,synthetic://images/motor_fan_ac/82d84b2340f2.jpg,26.86,kg,8,intact,street_pickup,4239.31,collector,2026-06-20T17:06:00.000Z
MAT_000243,LOT_00132,battery,battery_li_ion_laptop,,synthetic://images/battery_li_ion_laptop/a72def8caf7c.jpg,2.75,kg,8,intact,household,491.87,recycler_corrected,2026-07-16T07:27:00.000Z
MAT_000244,LOT_00132,cable,cable_data_thin,,synthetic://images/cable_data_thin/9d68fa7dd599.jpg,37.78,kg,1,broken,street_pickup,3865.01,collector,2026-07-16T07:27:00.000Z
MAT_000245,LOT_00132,pcb,pcb_mobile,,synthetic://images/pcb_mobile/55f7678fd173.jpg,0.07,kg,3,burnt,street_pickup,29.77,collector,2026-07-16T07:27:00.000Z
MAT_000246,LOT_00133,lcd_panel,led_backlight_strip,,synthetic://images/led_backlight_strip/eb2566a476b5.jpg,29.97,kg,1,partially_dismantled,household,3409.3,collector,2026-08-25T07:43:00.000Z
MAT_000247,LOT_00133,motor_magnet,motor_fan_ac,,synthetic://images/motor_fan_ac/4296e2a9b5a7.jpg,27.47,kg,8,intact,office,4153.74,collector,2026-08-25T07:43:00.000Z
MAT_000248,LOT_00134,battery,battery_button_cell,,synthetic://images/battery_button_cell/f46acaedb03f.jpg,13.93,kg,1,intact,repair_shop,1289.36,collector,2026-05-31T11:18:00.000Z
MAT_000249,LOT_00134,cable,cable_mixed_scrap,,synthetic://images/cable_mixed_scrap/70e73dec89ba.jpg,4.69,kg,1,intact,office,888.94,collector,2026-05-31T11:18:00.000Z
MAT_000250,LOT_00135,lcd_panel,lcd_laptop_panel,,synthetic://images/lcd_laptop_panel/2f1dfc3b4ed4.jpg,4.13,kg,11,intact,office,195.43,recycler_corrected,2026-05-28T16:30:00.000Z
MAT_000251,LOT_00136,pcb,pcb_ram_gold,,synthetic://images/pcb_ram_gold/0b029f47a578.jpg,0.26,kg,10,broken,street_pickup,352.61,collector,2026-02-11T14:32:00.000Z
MAT_000252,LOT_00137,cable,cable_data_thin,,synthetic://images/cable_data_thin/9ffc4f20a2d9.jpg,42.62,kg,1,broken,street_pickup,5090.93,collector,2026-04-29T07:09:00.000Z
MAT_000253,LOT_00137,pcb,pcb_ram_gold,,synthetic://images/pcb_ram_gold/e0b7857653e1.jpg,0.16,kg,5,intact,street_pickup,255.42,collector,2026-04-29T07:09:00.000Z
MAT_000254,LOT_00137,mixed_plastic,plastic_hips_tv,,synthetic://images/plastic_hips_tv/245a814004cb.jpg,32.39,kg,1,intact,repair_shop,871.29,recycler_corrected,2026-04-29T07:09:00.000Z
MAT_000255,LOT_00137,battery,battery_li_ion_mobile,,synthetic://images/battery_li_ion_mobile/b49e3f7eb58e.jpg,0.15,kg,3,intact,shop,29.41,collector,2026-04-29T07:09:00.000Z
MAT_000256,LOT_00138,mixed_plastic,plastic_abs_casing,,synthetic://images/plastic_abs_casing/8c6b5285ea0f.jpg,6.51,kg,1,intact,street_pickup,211.51,recycler_corrected,2026-03-07T14:23:00.000Z
MAT_000257,LOT_00139,mixed_plastic,plastic_hips_tv,,synthetic://images/plastic_hips_tv/c055a130ea53.jpg,44.16,kg,1,intact,repair_shop,1099.14,collector,2026-01-28T18:36:00.000Z
MAT_000258,LOT_00139,cable,cable_data_thin,,synthetic://images/cable_data_thin/4604d2666120.jpg,13.45,kg,1,partially_dismantled,street_pickup,1987.74,recycler_corrected,2026-01-28T18:36:00.000Z
MAT_000259,LOT_00139,pcb,pcb_cpu_processor,,synthetic://images/pcb_cpu_processor/0c374b9e4c65.jpg,0.09,kg,4,partially_dismantled,repair_shop,393.45,collector,2026-01-28T18:36:00.000Z
MAT_000260,LOT_00140,cable,cable_data_thin,,synthetic://images/cable_data_thin/52ebca05ba7b.jpg,44.92,kg,1,intact,repair_shop,6753.27,collector,2026-08-16T18:06:00.000Z
MAT_000261,LOT_00141,pcb,pcb_power_supply,,synthetic://images/pcb_power_supply/1ad6468a1d91.jpg,4.27,kg,3,partially_dismantled,repair_shop,726.33,collector,2026-03-03T06:21:00.000Z
MAT_000262,LOT_00141,cable,cable_mixed_scrap,,synthetic://images/cable_mixed_scrap/3534e09094ca.jpg,15.46,kg,1,partially_dismantled,shop,3440.58,recycler_corrected,2026-03-03T06:21:00.000Z
MAT_000263,LOT_00141,cable,cable_mixed_scrap,,synthetic://images/cable_mixed_scrap/fabc3c7c786b.jpg,3.79,kg,1,intact,household,803.29,collector,2026-03-03T06:21:00.000Z
MAT_000264,LOT_00141,pcb,pcb_power_supply,,synthetic://images/pcb_power_supply/bc9ae9013af2.jpg,1.03,kg,1,intact,repair_shop,158.52,collector,2026-03-03T06:21:00.000Z
MAT_000265,LOT_00142,pcb,pcb_ram_gold,,synthetic://images/pcb_ram_gold/ebfd6d74b94d.jpg,0.21,kg,7,intact,shop,339.37,collector,2026-07-09T12:40:00.000Z
MAT_000266,LOT_00143,battery,battery_button_cell,,synthetic://images/battery_button_cell/fd4eb85e93ce.jpg,36.6,kg,1,partially_dismantled,repair_shop,3794.19,collector,2026-06-07T17:02:00.000Z
MAT_000267,LOT_00144,cable,cable_data_thin,,synthetic://images/cable_data_thin/fa009b5ed7bf.jpg,25.38,kg,1,partially_dismantled,repair_shop,3751.65,collector,2025-10-11T10:40:00.000Z
MAT_000268,LOT_00144,cable,cable_data_thin,,synthetic://images/cable_data_thin/915b1f5aa8a2.jpg,32.73,kg,1,intact,shop,4607.73,recycler_corrected,2025-10-11T10:40:00.000Z
MAT_000269,LOT_00145,battery,battery_li_ion_mobile,,synthetic://images/battery_li_ion_mobile/3ebece8f47e0.jpg,0.06,kg,2,intact,household,11.5,recycler_corrected,2025-10-16T11:19:00.000Z
MAT_000270,LOT_00145,lcd_panel,led_backlight_strip,,synthetic://images/led_backlight_strip/9ec5363bf839.jpg,19.99,kg,1,intact,street_pickup,1888.86,collector,2025-10-16T11:19:00.000Z
MAT_000271,LOT_00145,cable,cable_copper_house,,synthetic://images/cable_copper_house/558e540446d2.jpg,29.11,kg,1,intact,repair_shop,11658.26,collector,2025-10-16T11:19:00.000Z
MAT_000272,LOT_00146,motor_magnet,motor_hdd_assembly,,synthetic://images/motor_hdd_assembly/4423e0211dfc.jpg,6.25,kg,10,partially_dismantled,street_pickup,1839.8,collector,2025-10-04T08:52:00.000Z
MAT_000273,LOT_00147,cable,cable_data_thin,,synthetic://images/cable_data_thin/5933b3b10d27.jpg,20.17,kg,1,intact,repair_shop,2938.16,collector,2026-04-05T14:46:00.000Z
MAT_000274,LOT_00147,lcd_panel,lcd_laptop_panel,,synthetic://images/lcd_laptop_panel/edd031282439.jpg,5.74,kg,12,broken,aggregator,262.87,collector,2026-04-05T14:46:00.000Z
MAT_000275,LOT_00147,mixed_plastic,plastic_mixed_dirty,,synthetic://images/plastic_mixed_dirty/c00d0dc5ac24.jpg,4.42,kg,1,partially_dismantled,office,54.67,collector,2026-04-05T14:46:00.000Z
MAT_000276,LOT_00148,lcd_panel,lcd_tv_panel,,synthetic://images/lcd_tv_panel/470e5654a3d2.jpg,75.41,kg,9,partially_dismantled,office,1668.63,collector,2026-05-23T17:21:00.000Z
MAT_000277,LOT_00149,crt,crt_tv,,synthetic://images/crt_tv/2135ccf7686b.jpg,46.04,kg,3,broken,household,265.78,collector,2026-05-24T08:35:00.000Z
MAT_000278,LOT_00149,cable,cable_data_thin,,synthetic://images/cable_data_thin/e7e6287a5947.jpg,23.74,kg,1,intact,household,3376.3,collector,2026-05-24T08:35:00.000Z
MAT_000279,LOT_00150,battery,battery_li_ion_mobile,,synthetic://images/battery_li_ion_mobile/6f92836a933f.jpg,0.15,kg,4,intact,repair_shop,29.76,collector,2026-01-05T13:43:00.000Z
MAT_000280,LOT_00150,cable,cable_mixed_scrap,,synthetic://images/cable_mixed_scrap/61623c3a6c60.jpg,17.13,kg,1,intact,repair_shop,3418.12,collector,2026-01-05T13:43:00.000Z
MAT_000281,LOT_00151,pcb,pcb_motherboard,,synthetic://images/pcb_motherboard/d6fa33cd52fc.jpg,2.77,kg,4,intact,household,888.59,collector,2026-02-22T18:52:00.000Z
MAT_000282,LOT_00151,pcb,pcb_power_supply,,synthetic://images/pcb_power_supply/be3a9f443364.jpg,9.62,kg,7,partially_dismantled,household,1523.94,recycler_corrected,2026-02-22T18:52:00.000Z
MAT_000283,LOT_00151,cable,cable_copper_house,,synthetic://images/cable_copper_house/ba1f05f40e78.jpg,44.8,kg,1,intact,office,19639.87,collector,2026-02-22T18:52:00.000Z
MAT_000284,LOT_00152,mixed_plastic,plastic_mixed_dirty,,synthetic://images/plastic_mixed_dirty/040afc7f9deb.jpg,3.59,kg,1,intact,street_pickup,44.3,collector,2026-07-25T08:16:00.000Z
MAT_000285,LOT_00152,pcb,pcb_power_supply,,synthetic://images/pcb_power_supply/248bd8185d3f.jpg,6.75,kg,7,intact,repair_shop,1015.74,collector,2026-07-25T08:16:00.000Z
MAT_000286,LOT_00153,pcb,pcb_ram_gold,,synthetic://images/pcb_ram_gold/df89f010a4e4.jpg,0.1,kg,3,partially_dismantled,office,168.73,collector,2025-11-14T15:18:00.000Z
MAT_000287,LOT_00153,motor_magnet,motor_fan_ac,,synthetic://images/motor_fan_ac/809a827d6009.jpg,12.09,kg,4,intact,shop,1936.33,collector,2025-11-14T15:18:00.000Z
MAT_000288,LOT_00153,pcb,pcb_power_supply,,synthetic://images/pcb_power_supply/e3c35afe0f74.jpg,2.74,kg,2,intact,repair_shop,415.69,collector,2025-11-14T15:18:00.000Z
MAT_000289,LOT_00154,mixed_plastic,plastic_hips_tv,,synthetic://images/plastic_hips_tv/5a527bbc72e8.jpg,27.34,kg,1,intact,repair_shop,599.02,collector,2025-10-24T19:37:00.000Z
MAT_000290,LOT_00155,crt,crt_monitor,,synthetic://images/crt_monitor/2d5a543158fb.jpg,45.58,kg,3,intact,shop,358.71,collector,2025-11-24T17:17:00.000Z
MAT_000291,LOT_00155,crt,crt_yoke,,synthetic://images/crt_yoke/9e0805aab882.jpg,3.34,kg,5,partially_dismantled,office,252.15,collector,2025-11-24T17:17:00.000Z
MAT_000292,LOT_00155,mixed_plastic,plastic_mixed_dirty,,synthetic://images/plastic_mixed_dirty/dd1802ff7a0e.jpg,29.79,kg,1,partially_dismantled,repair_shop,382.86,collector,2025-11-24T17:17:00.000Z
MAT_000293,LOT_00156,battery,battery_lead_acid_ups,,synthetic://images/battery_lead_acid_ups/7c0a329b68fd.jpg,49.42,kg,9,wet,repair_shop,3154.28,recycler_corrected,2025-09-02T14:15:00.000Z
MAT_000294,LOT_00156,pcb,pcb_cpu_processor,,synthetic://images/pcb_cpu_processor/605f44ca5331.jpg,0.07,kg,3,broken,repair_shop,230.15,collector,2025-09-02T14:15:00.000Z
MAT_000295,LOT_00156,pcb,pcb_power_supply,,synthetic://images/pcb_power_supply/e45a08fdfef8.jpg,11.1,kg,11,partially_dismantled,shop,1521.79,collector,2025-09-02T14:15:00.000Z
MAT_000296,LOT_00157,cable,cable_mixed_scrap,,synthetic://images/cable_mixed_scrap/3a71d5879980.jpg,35.39,kg,1,intact,office,6929.01,collector,2026-01-24T16:35:00.000Z
MAT_000297,LOT_00157,cable,cable_aluminium,,synthetic://images/cable_aluminium/3f08e6847ee6.jpg,19.71,kg,1,intact,office,2668.34,collector,2026-01-24T16:35:00.000Z
MAT_000298,LOT_00157,cable,cable_mixed_scrap,,synthetic://images/cable_mixed_scrap/adc64fd2943d.jpg,39.14,kg,1,intact,office,7663.22,collector,2026-01-24T16:35:00.000Z
MAT_000299,LOT_00158,cable,cable_aluminium,,synthetic://images/cable_aluminium/81cf42f4cd55.jpg,27.65,kg,1,intact,street_pickup,4280.77,collector,2026-06-10T09:12:00.000Z
MAT_000300,LOT_00158,battery,battery_button_cell,,synthetic://images/battery_button_cell/b138c9d4811a.jpg,1.76,kg,1,partially_dismantled,repair_shop,173.33,collector,2026-06-10T09:12:00.000Z
MAT_000301,LOT_00158,pcb,pcb_ram_gold,,synthetic://images/pcb_ram_gold/323af2ae1d5c.jpg,0.27,kg,10,broken,aggregator,336.52,recycler_corrected,2026-06-10T09:12:00.000Z
MAT_000302,LOT_00158,pcb,pcb_motherboard,,synthetic://images/pcb_motherboard/ca23727575e0.jpg,4.46,kg,5,broken,repair_shop,1224.5,collector,2026-06-10T09:12:00.000Z
MAT_000303,LOT_00159,pcb,pcb_power_supply,,synthetic://images/pcb_power_supply/0e9d06fb0631.jpg,1.16,kg,1,intact,shop,148.71,collector,2026-05-11T08:42:00.000Z
MAT_000304,LOT_00159,motor_magnet,motor_small_appliance,,synthetic://images/motor_small_appliance/a161e9d5ba99.jpg,3.9,kg,2,partially_dismantled,aggregator,548.28,collector,2026-05-11T08:42:00.000Z
MAT_000305,LOT_00160,battery,battery_button_cell,,synthetic://images/battery_button_cell/50cfe8872cc9.jpg,11.57,kg,1,wet,repair_shop,835.17,collector,2026-04-30T08:17:00.000Z
MAT_000306,LOT_00160,mixed_plastic,plastic_hips_tv,,synthetic://images/plastic_hips_tv/2d115889fcd8.jpg,17.61,kg,1,intact,office,443.95,collector,2026-04-30T08:17:00.000Z
MAT_000307,LOT_00160,motor_magnet,motor_fan_ac,,synthetic://images/motor_fan_ac/1df04eb44426.jpg,2.86,kg,1,intact,aggregator,450.36,collector,2026-04-30T08:17:00.000Z
MAT_000308,LOT_00160,crt,crt_yoke,,synthetic://images/crt_yoke/47a3d4258f2e.jpg,4.92,kg,7,broken,shop,331.55,collector,2026-04-30T08:17:00.000Z
MAT_000309,LOT_00161,lcd_panel,lcd_tv_panel,,synthetic://images/lcd_tv_panel/2a3100f2ed15.jpg,80.97,kg,10,broken,household,1455.96,recycler_corrected,2026-08-26T09:45:00.000Z
MAT_000310,LOT_00161,cable,cable_mixed_scrap,,synthetic://images/cable_mixed_scrap/3e11cfd0fe4e.jpg,2.44,kg,1,intact,office,458.23,collector,2026-08-26T09:45:00.000Z
MAT_000311,LOT_00161,pcb,pcb_ram_gold,,synthetic://images/pcb_ram_gold/a285e80ac4a2.jpg,0.06,kg,2,partially_dismantled,repair_shop,109.46,collector,2026-08-26T09:45:00.000Z
MAT_000312,LOT_00161,pcb,pcb_mobile,,synthetic://images/pcb_mobile/9179668b7ff8.jpg,0.06,kg,4,intact,repair_shop,61.7,recycler_corrected,2026-08-26T09:45:00.000Z
MAT_000313,LOT_00162,mixed_plastic,plastic_hips_tv,,synthetic://images/plastic_hips_tv/9fa1a7ab5512.jpg,31.65,kg,1,intact,street_pickup,799.16,collector,2026-05-10T16:10:00.000Z
MAT_000314,LOT_00162,cable,cable_aluminium,,synthetic://images/cable_aluminium/08fd116f10c8.jpg,4.32,kg,1,broken,shop,522.86,collector,2026-05-10T16:10:00.000Z
MAT_000315,LOT_00163,pcb,pcb_mobile,,synthetic://images/pcb_mobile/f9a392637291.jpg,0.06,kg,3,intact,shop,62.07,collector,2026-03-31T06:04:00.000Z
MAT_000316,LOT_00164,cable,cable_data_thin,,synthetic://images/cable_data_thin/c57385ffa0da.jpg,41.85,kg,1,intact,aggregator,6110.52,collector,2025-10-04T14:13:00.000Z
MAT_000317,LOT_00165,cable,cable_data_thin,,synthetic://images/cable_data_thin/5a49907083e8.jpg,20.89,kg,1,broken,household,2184.22,collector,2026-07-14T06:23:00.000Z
MAT_000318,LOT_00166,crt,crt_tv,,synthetic://images/crt_tv/9171d80ef825.jpg,181.96,kg,9,intact,street_pickup,1143.25,collector,2026-01-12T12:37:00.000Z
MAT_000319,LOT_00167,lcd_panel,lcd_laptop_panel,,synthetic://images/lcd_laptop_panel/1c700c47ec88.jpg,5.77,kg,10,intact,household,320.7,collector,2026-05-02T07:56:00.000Z
MAT_000320,LOT_00168,battery,battery_li_ion_laptop,,synthetic://images/battery_li_ion_laptop/67c5e1e26f76.jpg,3.62,kg,8,intact,household,790.17,recycler_corrected,2025-11-15T19:28:00.000Z
MAT_000321,LOT_00169,battery,battery_button_cell,,synthetic://images/battery_button_cell/f7be3993a3a2.jpg,5.01,kg,1,wet,aggregator,287.5,recycler_corrected,2026-08-24T07:36:00.000Z
MAT_000322,LOT_00170,cable,cable_mixed_scrap,,synthetic://images/cable_mixed_scrap/38e4f2d8164f.jpg,17.17,kg,1,intact,repair_shop,3417.69,recycler_corrected,2026-02-04T15:20:00.000Z
MAT_000323,LOT_00170,mixed_plastic,plastic_hips_tv,,synthetic://images/plastic_hips_tv/205a3ea7a216.jpg,10.59,kg,1,partially_dismantled,household,295.56,collector,2026-02-04T15:20:00.000Z
MAT_000324,LOT_00170,pcb,pcb_mobile,,synthetic://images/pcb_mobile/a16f42a69d0c.jpg,0.09,kg,4,intact,repair_shop,111.76,collector,2026-02-04T15:20:00.000Z
MAT_000325,LOT_00171,battery,battery_li_ion_laptop,,synthetic://images/battery_li_ion_laptop/dbe7c474b795.jpg,4.91,kg,12,partially_dismantled,aggregator,1114.98,collector,2026-06-21T14:46:00.000Z
MAT_000326,LOT_00171,pcb,pcb_mobile,,synthetic://images/pcb_mobile/8095e001ae2b.jpg,0.17,kg,10,burnt,repair_shop,78.66,collector,2026-06-21T14:46:00.000Z
MAT_000327,LOT_00172,lcd_panel,lcd_tv_panel,,synthetic://images/lcd_tv_panel/48bf0c5ba32e.jpg,80.86,kg,9,intact,repair_shop,1863.1,collector,2026-02-20T07:05:00.000Z
MAT_000328,LOT_00173,pcb,pcb_power_supply,,synthetic://images/pcb_power_supply/c9d50f4c748f.jpg,2.84,kg,2,broken,street_pickup,353.3,recycler_corrected,2025-11-16T08:32:00.000Z
MAT_000329,LOT_00174,pcb,pcb_ram_gold,,synthetic://images/pcb_ram_gold/41013d37c6cd.jpg,0.29,kg,8,broken,repair_shop,384.3,collector,2026-07-07T15:55:00.000Z
MAT_000330,LOT_00175,cable,cable_aluminium,,synthetic://images/cable_aluminium/62159f7297e5.jpg,12.24,kg,1,wet,repair_shop,1221.11,collector,2025-10-25T13:34:00.000Z
MAT_000331,LOT_00176,pcb,pcb_mobile,,synthetic://images/pcb_mobile/673c7757900a.jpg,0.19,kg,8,intact,aggregator,187.08,collector,2026-05-13T19:10:00.000Z
MAT_000332,LOT_00176,battery,battery_li_ion_laptop,,synthetic://images/battery_li_ion_laptop/22c3929fd25a.jpg,1.22,kg,4,intact,office,249.36,collector,2026-05-13T19:10:00.000Z
MAT_000333,LOT_00176,pcb,pcb_motherboard,,synthetic://images/pcb_motherboard/c572822d1a38.jpg,2.8,kg,4,intact,shop,844.59,collector,2026-05-13T19:10:00.000Z
MAT_000334,LOT_00177,pcb,pcb_mobile,,synthetic://images/pcb_mobile/d64c2150b087.jpg,0.31,kg,12,intact,aggregator,354.45,collector,2026-07-19T07:26:00.000Z
MAT_000335,LOT_00178,motor_magnet,motor_speaker_magnet,,synthetic://images/motor_speaker_magnet/17bc32079eea.jpg,1.59,kg,4,partially_dismantled,household,119.48,collector,2026-07-11T19:38:00.000Z
MAT_000336,LOT_00178,battery,battery_li_ion_laptop,,synthetic://images/battery_li_ion_laptop/1e0c0bfb4bea.jpg,0.74,kg,2,partially_dismantled,repair_shop,156.47,collector,2026-07-11T19:38:00.000Z
MAT_000337,LOT_00178,pcb,pcb_cpu_processor,,synthetic://images/pcb_cpu_processor/f9c195d59281.jpg,0.1,kg,5,broken,street_pickup,324.69,recycler_corrected,2026-07-11T19:38:00.000Z
MAT_000338,LOT_00178,motor_magnet,motor_small_appliance,,synthetic://images/motor_small_appliance/ef13afe5043d.jpg,7.62,kg,6,wet,shop,716.78,collector,2026-07-11T19:38:00.000Z
MAT_000339,LOT_00179,cable,cable_aluminium,,synthetic://images/cable_aluminium/e079f21f4689.jpg,41.38,kg,1,intact,aggregator,5650.85,collector,2026-07-26T08:40:00.000Z
MAT_000340,LOT_00180,crt,crt_yoke,,synthetic://images/crt_yoke/fbcb8022bf47.jpg,3.09,kg,4,broken,street_pickup,193.61,collector,2025-11-22T18:56:00.000Z
MAT_000341,LOT_00181,lcd_panel,lcd_monitor_panel,,synthetic://images/lcd_monitor_panel/661e5f954ee7.jpg,20.73,kg,6,intact,household,553.28,collector,2025-10-17T07:35:00.000Z
MAT_000342,LOT_00182,mixed_plastic,plastic_mixed_dirty,,synthetic://images/plastic_mixed_dirty/e35604a9516a.jpg,32.79,kg,1,partially_dismantled,repair_shop,395.59,collector,2025-12-11T17:15:00.000Z
MAT_000343,LOT_00183,pcb,pcb_power_supply,,synthetic://images/pcb_power_supply/acd489222a93.jpg,6.18,kg,6,partially_dismantled,household,842.66,collector,2025-11-14T11:23:00.000Z
MAT_000344,LOT_00183,cable,cable_copper_house,,synthetic://images/cable_copper_house/dbb15e54e412.jpg,22.29,kg,1,partially_dismantled,office,9355.71,collector,2025-11-14T11:23:00.000Z
MAT_000345,LOT_00184,pcb,pcb_ram_gold,,synthetic://images/pcb_ram_gold/44c564a615c5.jpg,0.07,kg,2,partially_dismantled,household,136.32,collector,2026-07-01T11:16:00.000Z
MAT_000346,LOT_00184,cable,cable_aluminium,,synthetic://images/cable_aluminium/dd3148b4cf65.jpg,6.38,kg,1,intact,shop,1053.66,collector,2026-07-01T11:16:00.000Z
MAT_000347,LOT_00185,pcb,pcb_motherboard,,synthetic://images/pcb_motherboard/153a98bfa8ff.jpg,2.66,kg,3,intact,street_pickup,953.98,collector,2025-11-18T08:14:00.000Z
MAT_000348,LOT_00185,pcb,pcb_power_supply,,synthetic://images/pcb_power_supply/3a5d164d73c2.jpg,11.66,kg,8,broken,repair_shop,1450.53,collector,2025-11-18T08:14:00.000Z
MAT_000349,LOT_00185,motor_magnet,motor_speaker_magnet,,synthetic://images/motor_speaker_magnet/ed5bc1e80638.jpg,3.02,kg,10,broken,repair_shop,184.44,recycler_corrected,2025-11-18T08:14:00.000Z
MAT_000350,LOT_00185,mixed_plastic,plastic_mixed_dirty,,synthetic://images/plastic_mixed_dirty/bc436a43594b.jpg,14.1,kg,1,intact,office,162.86,collector,2025-11-18T08:14:00.000Z
MAT_000351,LOT_00186,mixed_plastic,plastic_abs_casing,,synthetic://images/plastic_abs_casing/8842fa57f0ba.jpg,42.08,kg,1,intact,household,1367.18,collector,2026-03-06T06:25:00.000Z
MAT_000352,LOT_00186,mixed_plastic,plastic_mixed_dirty,,synthetic://images/plastic_mixed_dirty/95cdb0e32509.jpg,10.77,kg,1,broken,repair_shop,103.06,collector,2026-03-06T06:25:00.000Z
MAT_000353,LOT_00186,motor_magnet,motor_hdd_assembly,,synthetic://images/motor_hdd_assembly/36939729fdf6.jpg,5.97,kg,9,intact,aggregator,1674.23,collector,2026-03-06T06:25:00.000Z
MAT_000354,LOT_00187,cable,cable_data_thin,,synthetic://images/cable_data_thin/c5ba73fff52d.jpg,13.32,kg,1,intact,office,1703.36,recycler_corrected,2026-04-24T14:13:00.000Z
MAT_000355,LOT_00187,pcb,pcb_power_supply,,synthetic://images/pcb_power_supply/8a73fec5a5dd.jpg,3.19,kg,3,broken,household,334.4,collector,2026-04-24T14:13:00.000Z
MAT_000356,LOT_00187,pcb,pcb_cpu_processor,,synthetic://images/pcb_cpu_processor/8a5dcb0c7235.jpg,0.14,kg,7,wet,aggregator,393.06,recycler_corrected,2026-04-24T14:13:00.000Z
MAT_000357,LOT_00188,motor_magnet,motor_hdd_assembly,,synthetic://images/motor_hdd_assembly/13304f0d632c.jpg,3.45,kg,5,intact,shop,944.99,collector,2026-01-14T15:37:00.000Z
MAT_000358,LOT_00188,cable,cable_aluminium,,synthetic://images/cable_aluminium/948a85c238e2.jpg,44,kg,1,partially_dismantled,repair_shop,6315.08,recycler_corrected,2026-01-14T15:37:00.000Z
MAT_000359,LOT_00188,crt,crt_yoke,,synthetic://images/crt_yoke/1743eeda5cb0.jpg,6.69,kg,9,intact,repair_shop,481.01,collector,2026-01-14T15:37:00.000Z
MAT_000360,LOT_00189,mixed_plastic,plastic_mixed_dirty,,synthetic://images/plastic_mixed_dirty/20e6895a148d.jpg,18.61,kg,1,intact,repair_shop,232.63,collector,2026-05-04T10:39:00.000Z
MAT_000361,LOT_00190,battery,battery_li_ion_mobile,,synthetic://images/battery_li_ion_mobile/597ed4d051a6.jpg,0.19,kg,4,partially_dismantled,street_pickup,31.72,collector,2026-07-31T19:45:00.000Z
MAT_000362,LOT_00191,cable,cable_aluminium,,synthetic://images/cable_aluminium/83b51179760f.jpg,17.08,kg,1,partially_dismantled,office,2920.91,collector,2026-06-15T17:05:00.000Z
MAT_000363,LOT_00191,battery,battery_li_ion_laptop,,synthetic://images/battery_li_ion_laptop/79d49435464a.jpg,3.01,kg,10,broken,street_pickup,570.57,collector,2026-06-15T17:05:00.000Z
MAT_000364,LOT_00191,cable,cable_copper_house,,synthetic://images/cable_copper_house/6a64b81a60ec.jpg,14.88,kg,1,partially_dismantled,shop,7143.45,recycler_corrected,2026-06-15T17:05:00.000Z
MAT_000365,LOT_00192,cable,cable_aluminium,,synthetic://images/cable_aluminium/c75a97dac804.jpg,10.59,kg,1,intact,household,1448.29,collector,2026-05-29T07:06:00.000Z
MAT_000366,LOT_00192,cable,cable_copper_house,,synthetic://images/cable_copper_house/197d42b0d646.jpg,10.94,kg,1,partially_dismantled,street_pickup,4548.85,collector,2026-05-29T07:06:00.000Z
MAT_000367,LOT_00193,cable,cable_data_thin,,synthetic://images/cable_data_thin/930bf8c7f8d2.jpg,43.46,kg,1,intact,household,6330.82,collector,2026-01-21T06:14:00.000Z
MAT_000368,LOT_00194,pcb,pcb_mobile,,synthetic://images/pcb_mobile/2a63d0660165.jpg,0.1,kg,5,intact,repair_shop,112.52,recycler_corrected,2026-05-26T11:05:00.000Z
MAT_000369,LOT_00195,motor_magnet,motor_fan_ac,,synthetic://images/motor_fan_ac/9870a6bc3e37.jpg,3.68,kg,1,intact,household,533.82,collector,2026-08-29T09:12:00.000Z
MAT_000370,LOT_00196,lcd_panel,led_backlight_strip,,synthetic://images/led_backlight_strip/0652c234a701.jpg,41.57,kg,1,broken,office,3466.35,collector,2025-12-14T09:28:00.000Z
MAT_000371,LOT_00196,battery,battery_li_ion_mobile,,synthetic://images/battery_li_ion_mobile/dc86da2af5b8.jpg,0.48,kg,10,partially_dismantled,office,96.05,collector,2025-12-14T09:28:00.000Z
MAT_000372,LOT_00196,lcd_panel,led_backlight_strip,,synthetic://images/led_backlight_strip/0ca4aba0fd36.jpg,8.62,kg,1,partially_dismantled,street_pickup,920.4,recycler_corrected,2025-12-14T09:28:00.000Z
MAT_000373,LOT_00197,battery,battery_li_ion_mobile,,synthetic://images/battery_li_ion_mobile/14bc2c5746e6.jpg,0.38,kg,8,intact,office,72.84,collector,2025-10-11T16:23:00.000Z
MAT_000374,LOT_00197,motor_magnet,motor_fan_ac,,synthetic://images/motor_fan_ac/ca7dd32357d3.jpg,16.74,kg,5,partially_dismantled,repair_shop,2553.06,recycler_corrected,2025-10-11T16:23:00.000Z
MAT_000375,LOT_00198,battery,battery_button_cell,,synthetic://images/battery_button_cell/8bfc5d34b8ef.jpg,17.92,kg,1,intact,aggregator,1774.26,collector,2025-09-10T18:24:00.000Z
MAT_000376,LOT_00198,cable,cable_aluminium,,synthetic://images/cable_aluminium/17d08e2e33ca.jpg,40.59,kg,1,intact,shop,5479.65,collector,2025-09-10T18:24:00.000Z
MAT_000377,LOT_00199,motor_magnet,motor_speaker_magnet,,synthetic://images/motor_speaker_magnet/f3e680162581.jpg,2.91,kg,6,partially_dismantled,aggregator,203.59,collector,2025-09-22T09:25:00.000Z
MAT_000378,LOT_00200,pcb,pcb_motherboard,,synthetic://images/pcb_motherboard/0fbcae95112b.jpg,7.73,kg,12,intact,street_pickup,2755.13,collector,2025-12-24T18:27:00.000Z
MAT_000379,LOT_00201,motor_magnet,motor_fan_ac,,synthetic://images/motor_fan_ac/41a80934ef03.jpg,17.81,kg,5,intact,street_pickup,2846.22,collector,2026-02-14T13:17:00.000Z
MAT_000380,LOT_00201,cable,cable_mixed_scrap,,synthetic://images/cable_mixed_scrap/9841a41ad14b.jpg,3.13,kg,1,intact,repair_shop,623.03,collector,2026-02-14T13:17:00.000Z
MAT_000381,LOT_00201,cable,cable_mixed_scrap,,synthetic://images/cable_mixed_scrap/27e0a5d4b810.jpg,10.51,kg,1,intact,repair_shop,2092.02,recycler_corrected,2026-02-14T13:17:00.000Z
MAT_000382,LOT_00201,pcb,pcb_ram_gold,,synthetic://images/pcb_ram_gold/783457edd3e6.jpg,0.23,kg,8,burnt,repair_shop,167.4,collector,2026-02-14T13:17:00.000Z
MAT_000383,LOT_00202,mixed_plastic,plastic_abs_casing,,synthetic://images/plastic_abs_casing/0610d301f693.jpg,9.14,kg,1,intact,household,306.92,collector,2026-01-17T07:34:00.000Z
MAT_000384,LOT_00203,motor_magnet,motor_speaker_magnet,,synthetic://images/motor_speaker_magnet/1d59cbc03bc3.jpg,0.43,kg,1,partially_dismantled,repair_shop,27.66,collector,2026-06-01T17:10:00.000Z
MAT_000385,LOT_00204,cable,cable_copper_house,,synthetic://images/cable_copper_house/0f0654b18f01.jpg,16.03,kg,1,partially_dismantled,office,6693.21,collector,2026-02-27T13:42:00.000Z
MAT_000386,LOT_00205,pcb,pcb_ram_gold,,synthetic://images/pcb_ram_gold/c7d157658f70.jpg,0.24,kg,8,broken,aggregator,257.02,recycler_corrected,2026-04-14T14:31:00.000Z
MAT_000387,LOT_00206,motor_magnet,motor_small_appliance,,synthetic://images/motor_small_appliance/676905fdb8e8.jpg,10.65,kg,8,intact,aggregator,1408.78,collector,2026-08-06T14:19:00.000Z
MAT_000388,LOT_00207,pcb,pcb_tv_low_grade,,synthetic://images/pcb_tv_low_grade/600ab4b95fd9.jpg,2.47,kg,6,burnt,repair_shop,136.86,collector,2026-05-12T09:12:00.000Z
MAT_000389,LOT_00207,crt,crt_monitor,,synthetic://images/crt_monitor/fbdd7e1328e9.jpg,149.53,kg,10,intact,aggregator,1316.84,collector,2026-05-12T09:12:00.000Z
MAT_000390,LOT_00208,battery,battery_button_cell,,synthetic://images/battery_button_cell/4744fee784f3.jpg,20.66,kg,1,intact,street_pickup,2046.17,collector,2025-10-01T15:20:00.000Z
MAT_000391,LOT_00209,cable,cable_mixed_scrap,,synthetic://images/cable_mixed_scrap/46bac3440ea5.jpg,43.47,kg,1,partially_dismantled,aggregator,8651.27,collector,2026-06-19T12:43:00.000Z
MAT_000392,LOT_00209,motor_magnet,motor_hdd_assembly,,synthetic://images/motor_hdd_assembly/fad197db5454.jpg,7.14,kg,10,intact,aggregator,1996.99,collector,2026-06-19T12:43:00.000Z
MAT_000393,LOT_00209,motor_magnet,motor_hdd_assembly,,synthetic://images/motor_hdd_assembly/0c66c8a4ddfd.jpg,3.21,kg,6,partially_dismantled,street_pickup,942.7,collector,2026-06-19T12:43:00.000Z
MAT_000394,LOT_00210,cable,cable_mixed_scrap,,synthetic://images/cable_mixed_scrap/b6b671770960.jpg,9.41,kg,1,intact,household,2001.32,collector,2026-04-16T08:13:00.000Z
MAT_000395,LOT_00210,pcb,pcb_tv_low_grade,,synthetic://images/pcb_tv_low_grade/11906c2355fb.jpg,3.9,kg,7,intact,street_pickup,523.73,collector,2026-04-16T08:13:00.000Z
MAT_000396,LOT_00211,battery,battery_li_ion_mobile,,synthetic://images/battery_li_ion_mobile/329396d7f80a.jpg,0.03,kg,1,partially_dismantled,office,6.11,collector,2025-12-12T08:12:00.000Z
MAT_000397,LOT_00212,lcd_panel,lcd_monitor_panel,,synthetic://images/lcd_monitor_panel/77ae37f6267c.jpg,26.86,kg,7,intact,office,626.38,collector,2025-10-17T11:30:00.000Z
MAT_000398,LOT_00213,battery,battery_li_ion_mobile,,synthetic://images/battery_li_ion_mobile/4ffc10f023c4.jpg,0.13,kg,3,intact,shop,23.4,collector,2026-06-15T14:40:00.000Z
MAT_000399,LOT_00214,mixed_plastic,plastic_hips_tv,,synthetic://images/plastic_hips_tv/28fe32981ac8.jpg,2.19,kg,1,broken,shop,42.06,recycler_corrected,2025-10-13T18:11:00.000Z
MAT_000400,LOT_00215,pcb,pcb_ram_gold,,synthetic://images/pcb_ram_gold/def789daad14.jpg,0.28,kg,9,intact,office,452.09,collector,2025-12-02T12:49:00.000Z
MAT_000401,LOT_00216,pcb,pcb_tv_low_grade,,synthetic://images/pcb_tv_low_grade/97467a9ff9ae.jpg,4.09,kg,7,partially_dismantled,aggregator,441.82,collector,2025-12-24T10:34:00.000Z
MAT_000402,LOT_00216,motor_magnet,motor_fan_ac,,synthetic://images/motor_fan_ac/666c8a3fe0d2.jpg,21.88,kg,7,broken,household,2566.73,collector,2025-12-24T10:34:00.000Z
MAT_000403,LOT_00216,pcb,pcb_cpu_processor,,synthetic://images/pcb_cpu_processor/e3e43c235c9d.jpg,0.19,kg,12,partially_dismantled,household,802.49,collector,2025-12-24T10:34:00.000Z
MAT_000404,LOT_00217,motor_magnet,motor_small_appliance,,synthetic://images/motor_small_appliance/528c4b50cba1.jpg,16.16,kg,11,intact,repair_shop,2171.58,collector,2026-06-20T18:21:00.000Z
MAT_000405,LOT_00218,cable,cable_data_thin,,synthetic://images/cable_data_thin/3eabb616f8ac.jpg,44.4,kg,1,broken,household,4642.38,collector,2026-07-01T08:22:00.000Z
MAT_000406,LOT_00218,cable,cable_aluminium,,synthetic://images/cable_aluminium/ec8084559224.jpg,29.52,kg,1,intact,household,4197.15,collector,2026-07-01T08:22:00.000Z
MAT_000407,LOT_00219,mixed_plastic,plastic_mixed_dirty,,synthetic://images/plastic_mixed_dirty/323545d18305.jpg,22.3,kg,1,partially_dismantled,aggregator,273.25,collector,2026-03-30T16:18:00.000Z
MAT_000408,LOT_00219,motor_magnet,motor_small_appliance,,synthetic://images/motor_small_appliance/834868f4e6eb.jpg,13.94,kg,11,partially_dismantled,office,1945.84,recycler_corrected,2026-03-30T16:18:00.000Z
MAT_000409,LOT_00220,crt,crt_tv,,synthetic://images/crt_tv/81e1105a80c7.jpg,71.67,kg,4,partially_dismantled,household,545.68,collector,2026-05-15T08:05:00.000Z
MAT_000410,LOT_00220,pcb,pcb_motherboard,,synthetic://images/pcb_motherboard/64b78a7f0935.jpg,6.8,kg,7,wet,repair_shop,1594.12,collector,2026-05-15T08:05:00.000Z
MAT_000411,LOT_00220,mixed_plastic,plastic_hips_tv,,synthetic://images/plastic_hips_tv/149bcadc5a94.jpg,38.25,kg,1,intact,shop,965.81,collector,2026-05-15T08:05:00.000Z
MAT_000412,LOT_00221,mixed_plastic,plastic_abs_casing,,synthetic://images/plastic_abs_casing/405b71e9e4d3.jpg,11.99,kg,1,intact,repair_shop,361.62,collector,2026-04-12T08:10:00.000Z
MAT_000413,LOT_00222,cable,cable_data_thin,,synthetic://images/cable_data_thin/609543a27a97.jpg,14.34,kg,1,intact,aggregator,2084.75,collector,2026-05-07T18:14:00.000Z
MAT_000414,LOT_00222,lcd_panel,led_backlight_strip,,synthetic://images/led_backlight_strip/054715d28910.jpg,3.48,kg,1,intact,street_pickup,368.67,collector,2026-05-07T18:14:00.000Z
MAT_000415,LOT_00222,mixed_plastic,plastic_mixed_dirty,,synthetic://images/plastic_mixed_dirty/37ae8eba9618.jpg,18.39,kg,1,partially_dismantled,shop,228.43,collector,2026-05-07T18:14:00.000Z
MAT_000416,LOT_00223,cable,cable_mixed_scrap,,synthetic://images/cable_mixed_scrap/38b0867bb708.jpg,15.13,kg,1,partially_dismantled,repair_shop,3026.22,collector,2025-09-06T17:40:00.000Z
MAT_000417,LOT_00223,battery,battery_button_cell,,synthetic://images/battery_button_cell/30ef5d219385.jpg,24.59,kg,1,intact,repair_shop,2332.12,collector,2025-09-06T17:40:00.000Z
MAT_000418,LOT_00223,cable,cable_copper_house,,synthetic://images/cable_copper_house/74e33ce9ff98.jpg,24.23,kg,1,partially_dismantled,household,10189.07,collector,2025-09-06T17:40:00.000Z
MAT_000419,LOT_00224,cable,cable_mixed_scrap,,synthetic://images/cable_mixed_scrap/e34ccd77fbfb.jpg,30.37,kg,1,partially_dismantled,repair_shop,6260.35,collector,2025-09-05T06:51:00.000Z
MAT_000420,LOT_00224,pcb,pcb_ram_gold,,synthetic://images/pcb_ram_gold/0a49ce2dccc7.jpg,0.28,kg,9,partially_dismantled,household,408.06,collector,2025-09-05T06:51:00.000Z
MAT_000421,LOT_00225,cable,cable_mixed_scrap,,synthetic://images/cable_mixed_scrap/8e390bf7edd2.jpg,4.4,kg,1,partially_dismantled,shop,875.67,collector,2026-06-21T16:09:00.000Z
MAT_000422,LOT_00226,cable,cable_copper_house,,synthetic://images/cable_copper_house/06a4dfe20a65.jpg,16.61,kg,1,intact,aggregator,5573.49,recycler_corrected,2026-08-11T09:43:00.000Z
MAT_000423,LOT_00227,mixed_plastic,plastic_hips_tv,,synthetic://images/plastic_hips_tv/174b926493c4.jpg,44.09,kg,1,intact,shop,1178.97,collector,2026-05-31T16:56:00.000Z
MAT_000424,LOT_00227,battery,battery_li_ion_laptop,,synthetic://images/battery_li_ion_laptop/ec7f07b80692.jpg,3.39,kg,10,partially_dismantled,shop,928.82,collector,2026-05-31T16:56:00.000Z
MAT_000425,LOT_00228,pcb,pcb_power_supply,,synthetic://images/pcb_power_supply/9ef461cd037c.jpg,10.54,kg,9,broken,street_pickup,1135.15,collector,2026-01-22T18:28:00.000Z
MAT_000426,LOT_00228,cable,cable_aluminium,,synthetic://images/cable_aluminium/29ae5c52afcd.jpg,35.88,kg,1,partially_dismantled,shop,4456.08,collector,2026-01-22T18:28:00.000Z
MAT_000427,LOT_00228,pcb,pcb_power_supply,,synthetic://images/pcb_power_supply/385e520afe63.jpg,4.43,kg,4,partially_dismantled,shop,610.93,collector,2026-01-22T18:28:00.000Z
MAT_000428,LOT_00229,pcb,pcb_cpu_processor,,synthetic://images/pcb_cpu_processor/b7d39f7c5c63.jpg,0.18,kg,8,intact,shop,734.98,collector,2026-08-26T09:39:00.000Z
MAT_000429,LOT_00230,cable,cable_mixed_scrap,,synthetic://images/cable_mixed_scrap/6d1ea8fea296.jpg,32.79,kg,1,partially_dismantled,shop,6427.3,collector,2026-01-08T06:53:00.000Z
MAT_000430,LOT_00230,pcb,pcb_cpu_processor,,synthetic://images/pcb_cpu_processor/5bc825a19e6a.jpg,0.1,kg,5,broken,office,330.27,collector,2026-01-08T06:53:00.000Z
MAT_000431,LOT_00231,pcb,pcb_motherboard,,synthetic://images/pcb_motherboard/0028b2eee5fb.jpg,6.14,kg,8,intact,household,1771.39,collector,2026-07-07T12:19:00.000Z
MAT_000432,LOT_00231,cable,cable_aluminium,,synthetic://images/cable_aluminium/608edf9332d8.jpg,1.18,kg,1,intact,street_pickup,132.96,collector,2026-07-07T12:19:00.000Z
MAT_000433,LOT_00232,pcb,pcb_ram_gold,,synthetic://images/pcb_ram_gold/8d2b2f01c07c.jpg,0.33,kg,10,intact,street_pickup,526.81,collector,2026-04-17T19:46:00.000Z
MAT_000434,LOT_00233,mixed_plastic,plastic_mixed_dirty,,synthetic://images/plastic_mixed_dirty/577877ddd148.jpg,36.16,kg,1,broken,street_pickup,342.47,collector,2025-11-06T17:47:00.000Z
MAT_000435,LOT_00233,cable,cable_aluminium,,synthetic://images/cable_aluminium/d3b171af1dae.jpg,27.38,kg,1,intact,household,3902.2,recycler_corrected,2025-11-06T17:47:00.000Z
MAT_000436,LOT_00234,lcd_panel,lcd_monitor_panel,,synthetic://images/lcd_monitor_panel/cbb97f82f5cc.jpg,24.01,kg,6,broken,shop,442.79,collector,2025-10-07T18:38:00.000Z
MAT_000437,LOT_00234,cable,cable_aluminium,,synthetic://images/cable_aluminium/d38ea0b31116.jpg,14.29,kg,1,partially_dismantled,repair_shop,1781.93,collector,2025-10-07T18:38:00.000Z
MAT_000438,LOT_00234,pcb,pcb_power_supply,,synthetic://images/pcb_power_supply/381797457c9c.jpg,17.36,kg,12,intact,household,2327.11,collector,2025-10-07T18:38:00.000Z
MAT_000439,LOT_00235,mixed_plastic,plastic_abs_casing,,synthetic://images/plastic_abs_casing/0df6fe4fb375.jpg,35.45,kg,1,intact,aggregator,1072.01,recycler_corrected,2025-10-31T10:22:00.000Z
MAT_000440,LOT_00235,pcb,pcb_power_supply,,synthetic://images/pcb_power_supply/31f5185f6c7d.jpg,7.87,kg,6,wet,aggregator,748.73,collector,2025-10-31T10:22:00.000Z
MAT_000441,LOT_00236,battery,battery_lead_acid_ups,,synthetic://images/battery_lead_acid_ups/20db58d4afcd.jpg,33.04,kg,4,intact,street_pickup,2880.43,collector,2026-06-22T10:47:00.000Z
MAT_000442,LOT_00236,crt,crt_yoke,,synthetic://images/crt_yoke/705f46c1db67.jpg,4.24,kg,6,intact,office,317.58,collector,2026-06-22T10:47:00.000Z
MAT_000443,LOT_00236,lcd_panel,lcd_laptop_panel,,synthetic://images/lcd_laptop_panel/5fc5c6b3f199.jpg,7.7,kg,12,partially_dismantled,household,382.58,collector,2026-06-22T10:47:00.000Z
MAT_000444,LOT_00236,cable,cable_aluminium,,synthetic://images/cable_aluminium/684fa3dc2461.jpg,32.32,kg,1,burnt,household,1984.38,recycler_corrected,2026-06-22T10:47:00.000Z
MAT_000445,LOT_00237,battery,battery_li_ion_mobile,,synthetic://images/battery_li_ion_mobile/080fc58a13bf.jpg,0.3,kg,6,intact,street_pickup,59.2,collector,2026-02-21T08:35:00.000Z
MAT_000446,LOT_00237,pcb,pcb_mobile,,synthetic://images/pcb_mobile/6792773383c2.jpg,0.13,kg,8,intact,street_pickup,161.44,collector,2026-02-21T08:35:00.000Z
MAT_000447,LOT_00238,battery,battery_button_cell,,synthetic://images/battery_button_cell/580addd10511.jpg,30.57,kg,1,broken,household,2487.94,collector,2025-10-31T15:42:00.000Z
MAT_000448,LOT_00238,mixed_plastic,plastic_abs_casing,,synthetic://images/plastic_abs_casing/41d0a3c1b9fc.jpg,14.01,kg,1,intact,office,423.66,collector,2025-10-31T15:42:00.000Z
MAT_000449,LOT_00239,mixed_plastic,plastic_hips_tv,,synthetic://images/plastic_hips_tv/2fa22f18a223.jpg,19.64,kg,1,intact,street_pickup,526.35,collector,2026-03-09T13:57:00.000Z
MAT_000450,LOT_00240,pcb,pcb_ram_gold,,synthetic://images/pcb_ram_gold/5ea82a0965a8.jpg,0.03,kg,1,burnt,aggregator,21.55,recycler_corrected,2026-04-14T17:56:00.000Z
MAT_000451,LOT_00240,cable,cable_data_thin,,synthetic://images/cable_data_thin/25834ee00245.jpg,20.92,kg,1,wet,household,2133.19,collector,2026-04-14T17:56:00.000Z
MAT_000452,LOT_00241,pcb,pcb_power_supply,,synthetic://images/pcb_power_supply/11ce16f091db.jpg,8.59,kg,9,intact,household,1152.26,collector,2026-05-02T16:30:00.000Z
MAT_000453,LOT_00241,crt,crt_monitor,,synthetic://images/crt_monitor/d9f326446d18.jpg,54.09,kg,4,wet,street_pickup,302.63,collector,2026-05-02T16:30:00.000Z
MAT_000454,LOT_00242,crt,crt_yoke,,synthetic://images/crt_yoke/e07818e300e2.jpg,1.81,kg,3,intact,aggregator,132.21,collector,2025-12-20T07:28:00.000Z
MAT_000455,LOT_00243,motor_magnet,motor_hdd_assembly,,synthetic://images/motor_hdd_assembly/479d149abd21.jpg,4.06,kg,6,intact,aggregator,1104.73,collector,2026-06-08T13:06:00.000Z
MAT_000456,LOT_00243,cable,cable_data_thin,,synthetic://images/cable_data_thin/ff731503245b.jpg,4.84,kg,1,wet,aggregator,509.35,collector,2026-06-08T13:06:00.000Z
MAT_000457,LOT_00244,motor_magnet,motor_fan_ac,,synthetic://images/motor_fan_ac/16a357b0a211.jpg,14.63,kg,4,intact,household,2456.96,collector,2025-11-30T06:10:00.000Z
MAT_000458,LOT_00245,motor_magnet,motor_speaker_magnet,,synthetic://images/motor_speaker_magnet/2eead20f4703.jpg,1.92,kg,5,broken,shop,113.16,collector,2025-09-10T06:18:00.000Z
MAT_000459,LOT_00245,motor_magnet,motor_small_appliance,,synthetic://images/motor_small_appliance/9c24eb0b906f.jpg,9.07,kg,7,partially_dismantled,aggregator,1282.15,collector,2025-09-10T06:18:00.000Z
MAT_000460,LOT_00246,mixed_plastic,plastic_hips_tv,,synthetic://images/plastic_hips_tv/064cb5d7d804.jpg,14.16,kg,1,broken,repair_shop,267.52,collector,2026-02-28T06:49:00.000Z
MAT_000461,LOT_00247,cable,cable_aluminium,,synthetic://images/cable_aluminium/23c3e2ef8b34.jpg,34.76,kg,1,intact,repair_shop,4662.01,collector,2025-11-20T13:58:00.000Z
MAT_000462,LOT_00248,motor_magnet,motor_small_appliance,,synthetic://images/motor_small_appliance/e42914a7fc65.jpg,7.93,kg,7,intact,repair_shop,1054.21,collector,2026-03-13T09:08:00.000Z
MAT_000463,LOT_00248,cable,cable_mixed_scrap,,synthetic://images/cable_mixed_scrap/811c4dffbedc.jpg,20.63,kg,1,partially_dismantled,aggregator,4572.74,collector,2026-03-13T09:08:00.000Z
MAT_000464,LOT_00248,lcd_panel,lcd_monitor_panel,,synthetic://images/lcd_monitor_panel/a831b76afb30.jpg,9.02,kg,3,partially_dismantled,shop,225.79,recycler_corrected,2026-03-13T09:08:00.000Z
MAT_000465,LOT_00249,motor_magnet,motor_fan_ac,,synthetic://images/motor_fan_ac/7375ba30ce34.jpg,15.49,kg,4,intact,office,2475.46,collector,2026-02-13T08:26:00.000Z
MAT_000466,LOT_00250,motor_magnet,motor_fan_ac,,synthetic://images/motor_fan_ac/53297452aefb.jpg,24.89,kg,7,burnt,aggregator,1592.49,recycler_corrected,2026-01-13T15:29:00.000Z
MAT_000467,LOT_00251,battery,battery_button_cell,,synthetic://images/battery_button_cell/09ff7dfbdf9d.jpg,27.23,kg,1,broken,household,2217.23,collector,2026-03-25T16:20:00.000Z
MAT_000468,LOT_00251,mixed_plastic,plastic_abs_casing,,synthetic://images/plastic_abs_casing/9a126a28f2fd.jpg,43.04,kg,1,intact,household,1329.51,collector,2026-03-25T16:20:00.000Z
MAT_000469,LOT_00252,cable,cable_data_thin,,synthetic://images/cable_data_thin/2bc3fecadaff.jpg,36.79,kg,1,intact,shop,4693.67,recycler_corrected,2026-03-19T15:12:00.000Z
MAT_000470,LOT_00252,mixed_plastic,plastic_hips_tv,,synthetic://images/plastic_hips_tv/5b9eb8bceed1.jpg,28.93,kg,1,intact,repair_shop,676.96,collector,2026-03-19T15:12:00.000Z
MAT_000471,LOT_00253,lcd_panel,lcd_laptop_panel,,synthetic://images/lcd_laptop_panel/47cf026d161d.jpg,1.29,kg,3,intact,repair_shop,66.05,collector,2026-06-06T16:01:00.000Z
MAT_000472,LOT_00254,cable,cable_data_thin,,synthetic://images/cable_data_thin/d6f402f267eb.jpg,32.65,kg,1,intact,repair_shop,4773.43,collector,2025-11-12T19:35:00.000Z
MAT_000473,LOT_00255,cable,cable_copper_house,,synthetic://images/cable_copper_house/cc267a3bfe70.jpg,16.43,kg,1,wet,office,4593.61,collector,2025-12-10T12:45:00.000Z
MAT_000474,LOT_00255,pcb,pcb_tv_low_grade,,synthetic://images/pcb_tv_low_grade/64274a599c4f.jpg,2.29,kg,4,intact,shop,235.6,collector,2025-12-10T12:45:00.000Z
MAT_000475,LOT_00256,battery,battery_li_ion_mobile,,synthetic://images/battery_li_ion_mobile/3d7d8541751f.jpg,0.25,kg,5,broken,street_pickup,35.26,collector,2025-10-15T16:35:00.000Z
MAT_000476,LOT_00257,cable,cable_copper_house,,synthetic://images/cable_copper_house/7d951756f00e.jpg,12.25,kg,1,broken,shop,4609.55,collector,2026-05-26T11:36:00.000Z
MAT_000477,LOT_00258,motor_magnet,motor_small_appliance,,synthetic://images/motor_small_appliance/97e1986c8df0.jpg,8.47,kg,5,broken,street_pickup,936.17,collector,2025-10-14T18:57:00.000Z
MAT_000478,LOT_00259,cable,cable_data_thin,,synthetic://images/cable_data_thin/db022735263f.jpg,27.99,kg,1,intact,office,3289.38,collector,2026-07-18T15:55:00.000Z
MAT_000479,LOT_00260,cable,cable_aluminium,,synthetic://images/cable_aluminium/b0adffc53662.jpg,41.84,kg,1,partially_dismantled,household,5994.08,collector,2026-06-24T10:10:00.000Z
MAT_000480,LOT_00261,cable,cable_aluminium,,synthetic://images/cable_aluminium/cf4a5cae6911.jpg,41.52,kg,1,broken,repair_shop,4838.67,collector,2026-03-11T13:03:00.000Z
MAT_000481,LOT_00262,motor_magnet,motor_speaker_magnet,,synthetic://images/motor_speaker_magnet/e7697da16c35.jpg,1.2,kg,3,intact,repair_shop,86.25,collector,2025-09-21T09:08:00.000Z
MAT_000482,LOT_00263,crt,crt_yoke,,synthetic://images/crt_yoke/9bc7e040389f.jpg,8.39,kg,12,intact,repair_shop,628.83,collector,2026-05-16T10:47:00.000Z
MAT_000483,LOT_00264,battery,battery_lead_acid_ups,,synthetic://images/battery_lead_acid_ups/de53339773ed.jpg,35.48,kg,5,broken,street_pickup,2985.88,collector,2026-03-28T17:43:00.000Z
MAT_000484,LOT_00265,battery,battery_lead_acid_ups,,synthetic://images/battery_lead_acid_ups/2a1c329b32d1.jpg,90.4,kg,10,broken,shop,6907.55,collector,2026-05-21T08:08:00.000Z
MAT_000485,LOT_00265,mixed_plastic,plastic_abs_casing,,synthetic://images/plastic_abs_casing/8b3f0162d331.jpg,3.77,kg,1,intact,aggregator,132.59,collector,2026-05-21T08:08:00.000Z
MAT_000486,LOT_00266,motor_magnet,motor_hdd_assembly,,synthetic://images/motor_hdd_assembly/4863551afca4.jpg,0.55,kg,1,burnt,household,63,collector,2026-05-27T13:42:00.000Z
MAT_000487,LOT_00267,motor_magnet,motor_hdd_assembly,,synthetic://images/motor_hdd_assembly/a9941d09f6b7.jpg,5.53,kg,9,partially_dismantled,shop,1378.81,collector,2026-02-11T14:00:00.000Z
MAT_000488,LOT_00267,battery,battery_button_cell,,synthetic://images/battery_button_cell/f130f36b5eff.jpg,33.71,kg,1,partially_dismantled,household,3497.08,collector,2026-02-11T14:00:00.000Z
MAT_000489,LOT_00268,cable,cable_data_thin,,synthetic://images/cable_data_thin/de795bd4c565.jpg,40,kg,1,broken,household,4924.92,collector,2026-07-26T16:55:00.000Z
MAT_000490,LOT_00269,crt,crt_tv,,synthetic://images/crt_tv/2609ae769649.jpg,197.84,kg,10,partially_dismantled,repair_shop,1508.45,collector,2026-05-09T09:26:00.000Z
MAT_000491,LOT_00270,cable,cable_data_thin,,synthetic://images/cable_data_thin/c1371928a531.jpg,1.49,kg,1,burnt,street_pickup,95.76,collector,2026-06-08T19:20:00.000Z
MAT_000492,LOT_00270,pcb,pcb_tv_low_grade,,synthetic://images/pcb_tv_low_grade/e4b6a898cdaf.jpg,2.47,kg,4,intact,shop,303.49,recycler_corrected,2026-06-08T19:20:00.000Z
MAT_000493,LOT_00270,lcd_panel,lcd_laptop_panel,,synthetic://images/lcd_laptop_panel/ccdf260078b9.jpg,5.77,kg,10,broken,household,265.15,recycler_corrected,2026-06-08T19:20:00.000Z
MAT_000494,LOT_00271,mixed_plastic,plastic_abs_casing,,synthetic://images/plastic_abs_casing/7db106339e8f.jpg,4.92,kg,1,intact,street_pickup,165.02,collector,2025-10-25T07:08:00.000Z
MAT_000495,LOT_00272,motor_magnet,motor_fan_ac,,synthetic://images/motor_fan_ac/2462e7f02bca.jpg,28.97,kg,12,broken,aggregator,3445.96,collector,2026-08-21T13:48:00.000Z
MAT_000496,LOT_00272,battery,battery_li_ion_laptop,,synthetic://images/battery_li_ion_laptop/5d177e3c9b64.jpg,0.33,kg,1,broken,shop,55.6,recycler_corrected,2026-08-21T13:48:00.000Z
MAT_000497,LOT_00272,crt,crt_monitor,,synthetic://images/crt_monitor/d2fdcdf860fc.jpg,185.4,kg,12,intact,repair_shop,1648,collector,2026-08-21T13:48:00.000Z
MAT_000498,LOT_00273,cable,cable_aluminium,,synthetic://images/cable_aluminium/6a0dd47fbe48.jpg,44.02,kg,1,partially_dismantled,street_pickup,6321.18,recycler_corrected,2025-12-28T09:54:00.000Z
MAT_000499,LOT_00273,battery,battery_li_ion_mobile,,synthetic://images/battery_li_ion_mobile/339d3383a31a.jpg,0.09,kg,2,broken,household,14.31,collector,2025-12-28T09:54:00.000Z
MAT_000500,LOT_00273,lcd_panel,lcd_laptop_panel,,synthetic://images/lcd_laptop_panel/d407e57f26c1.jpg,3.17,kg,6,broken,shop,122.3,collector,2025-12-28T09:54:00.000Z
MAT_000501,LOT_00273,pcb,pcb_power_supply,,synthetic://images/pcb_power_supply/f41733283d13.jpg,2.42,kg,2,partially_dismantled,household,327.41,collector,2025-12-28T09:54:00.000Z
MAT_000502,LOT_00274,pcb,pcb_power_supply,,synthetic://images/pcb_power_supply/c6c195e224dc.jpg,7.32,kg,7,intact,household,1110.88,collector,2025-10-17T12:53:00.000Z
MAT_000503,LOT_00274,cable,cable_copper_house,,synthetic://images/cable_copper_house/f4faab4e5d0e.jpg,14.43,kg,1,broken,office,5401.94,collector,2025-10-17T12:53:00.000Z
MAT_000504,LOT_00274,motor_magnet,motor_hdd_assembly,,synthetic://images/motor_hdd_assembly/5f009ae4b95c.jpg,2.19,kg,4,intact,household,575.99,collector,2025-10-17T12:53:00.000Z
MAT_000505,LOT_00275,pcb,pcb_mobile,,synthetic://images/pcb_mobile/ffc7e07828db.jpg,0.24,kg,10,broken,aggregator,244.19,collector,2026-04-01T17:52:00.000Z
MAT_000506,LOT_00276,battery,battery_li_ion_laptop,,synthetic://images/battery_li_ion_laptop/e33101c72252.jpg,3.34,kg,11,partially_dismantled,aggregator,875.63,collector,2026-07-08T19:14:00.000Z
MAT_000507,LOT_00276,pcb,pcb_power_supply,,synthetic://images/pcb_power_supply/d775abf8e44a.jpg,9.93,kg,7,partially_dismantled,shop,1568.98,collector,2026-07-08T19:14:00.000Z
MAT_000508,LOT_00277,mixed_plastic,plastic_hips_tv,,synthetic://images/plastic_hips_tv/0f33fadc172f.jpg,30.42,kg,1,intact,office,707.27,recycler_corrected,2025-11-08T09:34:00.000Z
MAT_000509,LOT_00277,cable,cable_mixed_scrap,,synthetic://images/cable_mixed_scrap/b120cee17198.jpg,17.77,kg,1,intact,repair_shop,3341.47,collector,2025-11-08T09:34:00.000Z
MAT_000510,LOT_00277,battery,battery_button_cell,,synthetic://images/battery_button_cell/8ce7502facfd.jpg,30.28,kg,1,partially_dismantled,household,3029.33,collector,2025-11-08T09:34:00.000Z
MAT_000511,LOT_00277,lcd_panel,lcd_tv_panel,,synthetic://images/lcd_tv_panel/3d2fafb4b577.jpg,23.05,kg,3,intact,shop,480.82,collector,2025-11-08T09:34:00.000Z
MAT_000512,LOT_00278,mixed_plastic,plastic_hips_tv,,synthetic://images/plastic_hips_tv/db037d2fa55b.jpg,32.76,kg,1,partially_dismantled,household,818.67,collector,2026-06-27T13:37:00.000Z
MAT_000513,LOT_00278,cable,cable_aluminium,,synthetic://images/cable_aluminium/cc0cbe26adc2.jpg,42.65,kg,1,partially_dismantled,street_pickup,6089.52,collector,2026-06-27T13:37:00.000Z
MAT_000514,LOT_00279,pcb,pcb_motherboard,,synthetic://images/pcb_motherboard/50eeade16cc3.jpg,1.78,kg,2,intact,street_pickup,559.03,collector,2026-02-09T16:13:00.000Z
MAT_000515,LOT_00279,crt,crt_monitor,,synthetic://images/crt_monitor/a8c6311a0d41.jpg,71.94,kg,6,partially_dismantled,repair_shop,625.54,collector,2026-02-09T16:13:00.000Z
MAT_000516,LOT_00279,motor_magnet,motor_small_appliance,,synthetic://images/motor_small_appliance/886e4055a2d2.jpg,9.31,kg,7,partially_dismantled,shop,1312.07,collector,2026-02-09T16:13:00.000Z
MAT_000517,LOT_00279,mixed_plastic,plastic_hips_tv,,synthetic://images/plastic_hips_tv/3456f8d70cbf.jpg,9.82,kg,1,intact,office,226.25,collector,2026-02-09T16:13:00.000Z
MAT_000518,LOT_00280,crt,crt_yoke,,synthetic://images/crt_yoke/207d4a6565cd.jpg,4.45,kg,7,intact,aggregator,399.25,collector,2025-10-18T18:21:00.000Z
MAT_000519,LOT_00281,cable,cable_data_thin,,synthetic://images/cable_data_thin/254424a3d576.jpg,17.13,kg,1,intact,street_pickup,2212.68,recycler_corrected,2025-12-30T13:11:00.000Z
MAT_000520,LOT_00282,lcd_panel,lcd_tv_panel,,synthetic://images/lcd_tv_panel/77c411c10f77.jpg,78.14,kg,11,partially_dismantled,office,1756.08,collector,2025-12-28T10:40:00.000Z
MAT_000521,LOT_00283,motor_magnet,motor_speaker_magnet,,synthetic://images/motor_speaker_magnet/cb6ead591d58.jpg,0.34,kg,1,broken,repair_shop,19.75,collector,2025-12-01T07:01:00.000Z
MAT_000522,LOT_00283,motor_magnet,motor_hdd_assembly,,synthetic://images/motor_hdd_assembly/828b32571255.jpg,2.19,kg,4,wet,office,423.22,collector,2025-12-01T07:01:00.000Z
MAT_000523,LOT_00284,cable,cable_data_thin,,synthetic://images/cable_data_thin/da385b3ab0eb.jpg,30.12,kg,1,partially_dismantled,office,4597.79,collector,2026-05-31T18:00:00.000Z
MAT_000524,LOT_00284,battery,battery_li_ion_mobile,,synthetic://images/battery_li_ion_mobile/ac1cccb3611b.jpg,0.05,kg,1,intact,household,9.58,collector,2026-05-31T18:00:00.000Z
MAT_000525,LOT_00284,crt,crt_yoke,,synthetic://images/crt_yoke/f49777c02761.jpg,2.96,kg,5,broken,office,187.79,collector,2026-05-31T18:00:00.000Z
MAT_000526,LOT_00284,pcb,pcb_mobile,,synthetic://images/pcb_mobile/53c62a60ca09.jpg,0.26,kg,12,broken,shop,264.76,collector,2026-05-31T18:00:00.000Z
MAT_000527,LOT_00285,cable,cable_copper_house,,synthetic://images/cable_copper_house/92c936289004.jpg,31.37,kg,1,broken,repair_shop,11809.1,collector,2026-07-21T15:07:00.000Z
MAT_000528,LOT_00286,pcb,pcb_mobile,,synthetic://images/pcb_mobile/1e621acc2b73.jpg,0.16,kg,9,intact,aggregator,198.69,collector,2026-02-22T08:07:00.000Z
MAT_000529,LOT_00286,cable,cable_mixed_scrap,,synthetic://images/cable_mixed_scrap/be89e306f2aa.jpg,27.53,kg,1,intact,office,5479.85,collector,2026-02-22T08:07:00.000Z
MAT_000530,LOT_00286,cable,cable_data_thin,,synthetic://images/cable_data_thin/eb33c9e07647.jpg,30.69,kg,1,wet,shop,3129.43,collector,2026-02-22T08:07:00.000Z
MAT_000531,LOT_00287,cable,cable_data_thin,,synthetic://images/cable_data_thin/300c188db452.jpg,7.03,kg,1,partially_dismantled,aggregator,1038.95,collector,2025-09-09T15:02:00.000Z
MAT_000532,LOT_00288,cable,cable_aluminium,,synthetic://images/cable_aluminium/0549c3fa2ae9.jpg,34.42,kg,1,wet,shop,3439.42,collector,2025-09-15T16:52:00.000Z
MAT_000533,LOT_00289,motor_magnet,motor_hdd_assembly,,synthetic://images/motor_hdd_assembly/265f7c1e86a7.jpg,7.61,kg,12,intact,aggregator,2123.8,collector,2025-10-13T10:54:00.000Z
MAT_000534,LOT_00289,lcd_panel,lcd_monitor_panel,,synthetic://images/lcd_monitor_panel/4fd378b725d7.jpg,16.49,kg,4,intact,shop,447.21,collector,2025-10-13T10:54:00.000Z
MAT_000535,LOT_00290,cable,cable_mixed_scrap,,synthetic://images/cable_mixed_scrap/4fa6c2b90535.jpg,43.33,kg,1,partially_dismantled,street_pickup,9602.49,collector,2026-01-15T13:27:00.000Z
MAT_000536,LOT_00290,crt,crt_yoke,,synthetic://images/crt_yoke/0e935ed4c56e.jpg,1.27,kg,2,intact,office,99.15,recycler_corrected,2026-01-15T13:27:00.000Z
MAT_000537,LOT_00291,pcb,pcb_tv_low_grade,,synthetic://images/pcb_tv_low_grade/8893f2f7d9b8.jpg,0.54,kg,1,intact,aggregator,68.92,collector,2025-10-31T17:34:00.000Z
MAT_000538,LOT_00291,motor_magnet,motor_fan_ac,,synthetic://images/motor_fan_ac/325199ae12a0.jpg,2.49,kg,1,wet,repair_shop,278.62,collector,2025-10-31T17:34:00.000Z
MAT_000539,LOT_00292,lcd_panel,lcd_tv_panel,,synthetic://images/lcd_tv_panel/77dfaa9ad5cc.jpg,12.1,kg,2,intact,aggregator,254.95,collector,2026-05-11T07:49:00.000Z
MAT_000540,LOT_00292,motor_magnet,motor_hdd_assembly,,synthetic://images/motor_hdd_assembly/10fda1e993f0.jpg,4.32,kg,9,partially_dismantled,aggregator,1271.03,collector,2026-05-11T07:49:00.000Z
MAT_000541,LOT_00292,pcb,pcb_mobile,,synthetic://images/pcb_mobile/f1c285833ca3.jpg,0.23,kg,10,intact,shop,237.3,collector,2026-05-11T07:49:00.000Z
MAT_000542,LOT_00293,pcb,pcb_mobile,,synthetic://images/pcb_mobile/71d6923c9d85.jpg,0.12,kg,8,partially_dismantled,street_pickup,156.43,collector,2026-07-31T13:28:00.000Z
MAT_000543,LOT_00294,pcb,pcb_mobile,,synthetic://images/pcb_mobile/34b1165c5c52.jpg,0.03,kg,2,broken,street_pickup,30.96,collector,2025-12-10T10:21:00.000Z
MAT_000544,LOT_00295,mixed_plastic,plastic_hips_tv,,synthetic://images/plastic_hips_tv/98f5fc7987a3.jpg,6.89,kg,1,partially_dismantled,household,170.88,collector,2025-12-18T16:50:00.000Z
MAT_000545,LOT_00295,crt,crt_yoke,,synthetic://images/crt_yoke/2df7f83372a0.jpg,4.7,kg,9,intact,aggregator,339.72,collector,2025-12-18T16:50:00.000Z
MAT_000546,LOT_00295,cable,cable_data_thin,,synthetic://images/cable_data_thin/86b2f8ea7a37.jpg,38.05,kg,1,partially_dismantled,household,5160.66,collector,2025-12-18T16:50:00.000Z
MAT_000547,LOT_00296,mixed_plastic,plastic_abs_casing,,synthetic://images/plastic_abs_casing/0e6e89705e8b.jpg,30.85,kg,1,intact,household,1034.71,collector,2025-10-21T18:07:00.000Z
MAT_000548,LOT_00296,mixed_plastic,plastic_abs_casing,,synthetic://images/plastic_abs_casing/cddb4f83ff59.jpg,44.1,kg,1,intact,shop,1479.11,collector,2025-10-21T18:07:00.000Z
MAT_000549,LOT_00297,mixed_plastic,plastic_mixed_dirty,,synthetic://images/plastic_mixed_dirty/ff4efdfaf274.jpg,30.07,kg,1,partially_dismantled,repair_shop,389.3,recycler_corrected,2026-04-27T07:24:00.000Z
MAT_000550,LOT_00297,mixed_plastic,plastic_mixed_dirty,,synthetic://images/plastic_mixed_dirty/9d25ad39dc2a.jpg,11.5,kg,1,intact,household,141.79,collector,2026-04-27T07:24:00.000Z
MAT_000551,LOT_00298,motor_magnet,motor_small_appliance,,synthetic://images/motor_small_appliance/cebcd71ad63f.jpg,11.65,kg,6,partially_dismantled,aggregator,1452.24,collector,2026-01-26T07:29:00.000Z
MAT_000552,LOT_00298,motor_magnet,motor_speaker_magnet,,synthetic://images/motor_speaker_magnet/2bf9298df1ca.jpg,1.72,kg,4,intact,repair_shop,102.52,recycler_corrected,2026-01-26T07:29:00.000Z
MAT_000553,LOT_00298,motor_magnet,motor_hdd_assembly,,synthetic://images/motor_hdd_assembly/b859e6888db1.jpg,4.68,kg,10,intact,shop,1231.64,collector,2026-01-26T07:29:00.000Z
MAT_000554,LOT_00299,pcb,pcb_mobile,,synthetic://images/pcb_mobile/dc7005f47b04.jpg,0.15,kg,7,partially_dismantled,household,161.95,collector,2026-06-25T18:22:00.000Z
MAT_000555,LOT_00299,battery,battery_li_ion_laptop,,synthetic://images/battery_li_ion_laptop/342dbe18ad71.jpg,0.6,kg,2,burnt,street_pickup,55.47,collector,2026-06-25T18:22:00.000Z
MAT_000556,LOT_00300,pcb,pcb_motherboard,,synthetic://images/pcb_motherboard/a00cfaf9afe4.jpg,0.68,kg,1,intact,household,210.85,collector,2026-05-14T15:23:00.000Z
MAT_000557,LOT_00301,motor_magnet,motor_small_appliance,,synthetic://images/motor_small_appliance/1440f5d40c74.jpg,7.84,kg,6,intact,household,1036.84,collector,2026-07-09T16:00:00.000Z
MAT_000558,LOT_00301,cable,cable_aluminium,,synthetic://images/cable_aluminium/5380ef977d68.jpg,28.12,kg,1,burnt,office,1957.32,collector,2026-07-09T16:00:00.000Z
MAT_000559,LOT_00302,cable,cable_copper_house,,synthetic://images/cable_copper_house/df919c8bb1c5.jpg,44.94,kg,1,broken,household,16910.46,collector,2026-05-09T06:21:00.000Z
MAT_000560,LOT_00302,cable,cable_aluminium,,synthetic://images/cable_aluminium/1af6afec4566.jpg,28.61,kg,1,intact,household,4067.2,collector,2026-05-09T06:21:00.000Z
MAT_000561,LOT_00302,pcb,pcb_mobile,,synthetic://images/pcb_mobile/b7f54c9f6b8a.jpg,0.02,kg,1,partially_dismantled,shop,26.08,collector,2026-05-09T06:21:00.000Z
MAT_000562,LOT_00302,crt,crt_yoke,,synthetic://images/crt_yoke/25f839ab3a51.jpg,1.78,kg,3,partially_dismantled,street_pickup,137.37,collector,2026-05-09T06:21:00.000Z
MAT_000563,LOT_00303,mixed_plastic,plastic_hips_tv,,synthetic://images/plastic_hips_tv/57f27a9820cb.jpg,26.49,kg,1,intact,aggregator,658.01,collector,2025-10-14T17:54:00.000Z
MAT_000564,LOT_00303,mixed_plastic,plastic_hips_tv,,synthetic://images/plastic_hips_tv/1d57245af573.jpg,18.6,kg,1,broken,office,378.86,collector,2025-10-14T17:54:00.000Z
MAT_000565,LOT_00303,cable,cable_mixed_scrap,,synthetic://images/cable_mixed_scrap/debe57c1158e.jpg,15.15,kg,1,partially_dismantled,shop,3358.07,collector,2025-10-14T17:54:00.000Z
MAT_000566,LOT_00303,lcd_panel,lcd_laptop_panel,,synthetic://images/lcd_laptop_panel/dca6f7f121e2.jpg,1.15,kg,2,broken,office,47.63,collector,2025-10-14T17:54:00.000Z
MAT_000567,LOT_00304,cable,cable_mixed_scrap,,synthetic://images/cable_mixed_scrap/7efcc8da523c.jpg,27.59,kg,1,broken,shop,4628.15,collector,2026-06-15T10:59:00.000Z
MAT_000568,LOT_00304,mixed_plastic,plastic_abs_casing,,synthetic://images/plastic_abs_casing/fa320d48d17a.jpg,44.16,kg,1,broken,repair_shop,1163.83,collector,2026-06-15T10:59:00.000Z
MAT_000569,LOT_00304,pcb,pcb_mobile,,synthetic://images/pcb_mobile/2f08f01a9b4f.jpg,0.08,kg,4,broken,household,71.88,collector,2026-06-15T10:59:00.000Z
MAT_000570,LOT_00304,crt,crt_yoke,,synthetic://images/crt_yoke/f92c7f4ddadd.jpg,4.33,kg,8,intact,household,329.17,collector,2026-06-15T10:59:00.000Z
MAT_000571,LOT_00305,cable,cable_mixed_scrap,,synthetic://images/cable_mixed_scrap/0185f8bdc267.jpg,10.88,kg,1,broken,shop,1694.3,collector,2025-10-20T10:30:00.000Z
MAT_000572,LOT_00305,mixed_plastic,plastic_hips_tv,,synthetic://images/plastic_hips_tv/037d924f558b.jpg,14.57,kg,1,partially_dismantled,household,358.29,collector,2025-10-20T10:30:00.000Z
MAT_000573,LOT_00305,mixed_plastic,plastic_hips_tv,,synthetic://images/plastic_hips_tv/994ace4296f8.jpg,40.91,kg,1,intact,office,958.11,collector,2025-10-20T10:30:00.000Z
MAT_000574,LOT_00306,cable,cable_data_thin,,synthetic://images/cable_data_thin/f9a1eb8777f0.jpg,18.62,kg,1,partially_dismantled,shop,2488.84,collector,2026-05-04T08:41:00.000Z
MAT_000575,LOT_00306,battery,battery_button_cell,,synthetic://images/battery_button_cell/ebf353821de8.jpg,11.42,kg,1,wet,household,766.14,recycler_corrected,2026-05-04T08:41:00.000Z
MAT_000576,LOT_00307,battery,battery_lead_acid_ups,,synthetic://images/battery_lead_acid_ups/7a1e6700e3b0.jpg,43.92,kg,5,broken,household,3336.37,collector,2026-03-11T07:28:00.000Z
MAT_000577,LOT_00308,pcb,pcb_power_supply,,synthetic://images/pcb_power_supply/8b036f010c92.jpg,5.27,kg,5,intact,shop,787.02,recycler_corrected,2026-03-12T13:28:00.000Z
MAT_000578,LOT_00308,crt,crt_tv,,synthetic://images/crt_tv/0856cfb978c9.jpg,99.79,kg,6,intact,household,778.07,collector,2026-03-12T13:28:00.000Z
MAT_000579,LOT_00308,lcd_panel,led_backlight_strip,,synthetic://images/led_backlight_strip/32fa37879552.jpg,39.17,kg,1,intact,repair_shop,4147.71,recycler_corrected,2026-03-12T13:28:00.000Z
MAT_000580,LOT_00309,cable,cable_aluminium,,synthetic://images/cable_aluminium/c9b6f8a7d1d1.jpg,25.44,kg,1,intact,office,3918.52,collector,2025-12-26T17:31:00.000Z
MAT_000581,LOT_00309,pcb,pcb_cpu_processor,,synthetic://images/pcb_cpu_processor/844ca2643420.jpg,0.2,kg,8,intact,repair_shop,840.83,recycler_corrected,2025-12-26T17:31:00.000Z
MAT_000582,LOT_00309,crt,crt_monitor,,synthetic://images/crt_monitor/40c9ccf6317f.jpg,146.06,kg,11,intact,repair_shop,1319.37,recycler_corrected,2025-12-26T17:31:00.000Z
MAT_000583,LOT_00309,mixed_plastic,plastic_hips_tv,,synthetic://images/plastic_hips_tv/e16a9e870659.jpg,35.94,kg,1,burnt,shop,390.58,collector,2025-12-26T17:31:00.000Z
MAT_000584,LOT_00310,pcb,pcb_motherboard,,synthetic://images/pcb_motherboard/f9a3ad047d05.jpg,8.15,kg,12,partially_dismantled,repair_shop,2793.17,collector,2025-10-06T17:47:00.000Z
MAT_000585,LOT_00311,motor_magnet,motor_fan_ac,,synthetic://images/motor_fan_ac/b093ee207c58.jpg,40.03,kg,11,intact,street_pickup,6411.2,recycler_corrected,2025-11-04T17:48:00.000Z
MAT_000586,LOT_00311,crt,crt_yoke,,synthetic://images/crt_yoke/92497a0413f1.jpg,8.44,kg,12,partially_dismantled,shop,681.75,collector,2025-11-04T17:48:00.000Z
MAT_000587,LOT_00312,cable,cable_aluminium,,synthetic://images/cable_aluminium/ba16fb10efe1.jpg,38.3,kg,1,intact,aggregator,5777.55,collector,2026-04-26T11:20:00.000Z
MAT_000588,LOT_00313,motor_magnet,motor_speaker_magnet,,synthetic://images/motor_speaker_magnet/50ea6a7c4a5e.jpg,3.3,kg,9,intact,office,209.62,collector,2025-09-05T09:19:00.000Z
MAT_000589,LOT_00313,cable,cable_aluminium,,synthetic://images/cable_aluminium/201af273cefc.jpg,16.8,kg,1,intact,household,2268,collector,2025-09-05T09:19:00.000Z
MAT_000590,LOT_00313,battery,battery_button_cell,,synthetic://images/battery_button_cell/9bfea872cf50.jpg,31.81,kg,1,broken,shop,2582.6,collector,2025-09-05T09:19:00.000Z
MAT_000591,LOT_00314,crt,crt_yoke,,synthetic://images/crt_yoke/0ba3f9f9415b.jpg,1.48,kg,3,wet,shop,75.68,collector,2025-12-29T17:10:00.000Z
MAT_000592,LOT_00314,cable,cable_aluminium,,synthetic://images/cable_aluminium/b04cdbb1eccb.jpg,15.49,kg,1,burnt,aggregator,992.04,collector,2025-12-29T17:10:00.000Z
MAT_000593,LOT_00315,motor_magnet,motor_fan_ac,,synthetic://images/motor_fan_ac/0a296739f545.jpg,22.86,kg,8,broken,household,2718.62,recycler_corrected,2025-12-09T19:41:00.000Z
MAT_000594,LOT_00315,mixed_plastic,plastic_abs_casing,,synthetic://images/plastic_abs_casing/2f5797999be7.jpg,13.78,kg,1,intact,household,417.67,collector,2025-12-09T19:41:00.000Z
MAT_000595,LOT_00316,mixed_plastic,plastic_abs_casing,,synthetic://images/plastic_abs_casing/76545f09cc90.jpg,30.07,kg,1,intact,household,906.61,collector,2026-07-19T09:36:00.000Z
MAT_000596,LOT_00316,cable,cable_copper_house,,synthetic://images/cable_copper_house/0e5e21ef1120.jpg,16.32,kg,1,broken,office,5229.44,recycler_corrected,2026-07-19T09:36:00.000Z
MAT_000597,LOT_00317,cable,cable_aluminium,,synthetic://images/cable_aluminium/b7b3fca7fcb7.jpg,1.86,kg,1,broken,shop,220.01,recycler_corrected,2025-09-15T06:52:00.000Z
MAT_000598,LOT_00318,lcd_panel,led_backlight_strip,,synthetic://images/led_backlight_strip/bc184051254e.jpg,26.46,kg,1,intact,aggregator,2707.12,collector,2025-10-16T19:09:00.000Z
MAT_000599,LOT_00319,cable,cable_data_thin,,synthetic://images/cable_data_thin/eecac6caaefc.jpg,29.51,kg,1,intact,repair_shop,4314.36,collector,2025-11-04T16:58:00.000Z
MAT_000600,LOT_00319,cable,cable_aluminium,,synthetic://images/cable_aluminium/e5d7bafd94e1.jpg,8.19,kg,1,intact,repair_shop,1167.24,collector,2025-11-04T16:58:00.000Z
MAT_000601,LOT_00320,battery,battery_button_cell,,synthetic://images/battery_button_cell/4beca05d01d5.jpg,11.26,kg,1,broken,shop,875.68,collector,2026-06-03T18:03:00.000Z
MAT_000602,LOT_00320,pcb,pcb_tv_low_grade,,synthetic://images/pcb_tv_low_grade/e565b898cbd0.jpg,2.64,kg,5,intact,repair_shop,270.15,collector,2026-06-03T18:03:00.000Z
MAT_000603,LOT_00320,motor_magnet,motor_speaker_magnet,,synthetic://images/motor_speaker_magnet/94509b5c218a.jpg,0.68,kg,2,intact,office,41.65,collector,2026-06-03T18:03:00.000Z
MAT_000604,LOT_00321,motor_magnet,motor_hdd_assembly,,synthetic://images/motor_hdd_assembly/c3c7ddcab57e.jpg,3.78,kg,6,burnt,shop,480.28,recycler_corrected,2025-09-22T19:37:00.000Z
MAT_000605,LOT_00322,pcb,pcb_ram_gold,,synthetic://images/pcb_ram_gold/30344486a01f.jpg,0.04,kg,1,burnt,street_pickup,29.77,collector,2026-06-23T16:08:00.000Z
MAT_000606,LOT_00322,battery,battery_lead_acid_ups,,synthetic://images/battery_lead_acid_ups/9b037ac4028c.jpg,93.42,kg,12,intact,shop,8388.69,recycler_corrected,2026-06-23T16:08:00.000Z
MAT_000607,LOT_00323,battery,battery_li_ion_laptop,,synthetic://images/battery_li_ion_laptop/21f435a19cce.jpg,3.73,kg,12,intact,aggregator,841.23,collector,2025-09-29T09:15:00.000Z
MAT_000608,LOT_00324,mixed_plastic,plastic_mixed_dirty,,synthetic://images/plastic_mixed_dirty/cea6a4cab1c6.jpg,11.27,kg,1,broken,household,107.2,collector,2026-01-04T09:08:00.000Z
MAT_000609,LOT_00325,lcd_panel,lcd_monitor_panel,,synthetic://images/lcd_monitor_panel/30a98e7bfc8c.jpg,43.21,kg,12,broken,shop,846.83,recycler_corrected,2026-06-01T19:12:00.000Z
MAT_000610,LOT_00325,pcb,pcb_tv_low_grade,,synthetic://images/pcb_tv_low_grade/efa8f8bd92b0.jpg,4.22,kg,8,intact,aggregator,432.89,collector,2026-06-01T19:12:00.000Z
MAT_000611,LOT_00326,motor_magnet,motor_small_appliance,,synthetic://images/motor_small_appliance/d1851a0bce00.jpg,10.21,kg,8,partially_dismantled,repair_shop,1418.11,collector,2026-08-18T19:23:00.000Z
MAT_000612,LOT_00326,crt,crt_tv,,synthetic://images/crt_tv/0b092622758b.jpg,237.96,kg,11,partially_dismantled,street_pickup,1851.3,recycler_corrected,2026-08-18T19:23:00.000Z
MAT_000613,LOT_00326,motor_magnet,motor_small_appliance,,synthetic://images/motor_small_appliance/417c930a4c69.jpg,17.65,kg,12,partially_dismantled,shop,2451.48,recycler_corrected,2026-08-18T19:23:00.000Z
MAT_000614,LOT_00327,pcb,pcb_tv_low_grade,,synthetic://images/pcb_tv_low_grade/3d901fc0e3bf.jpg,2.78,kg,6,intact,repair_shop,284.48,collector,2026-06-07T10:43:00.000Z
MAT_000615,LOT_00328,battery,battery_lead_acid_ups,,synthetic://images/battery_lead_acid_ups/13bf81bb7266.jpg,48.12,kg,8,partially_dismantled,office,4698.41,collector,2026-01-17T10:00:00.000Z
MAT_000616,LOT_00328,cable,cable_mixed_scrap,,synthetic://images/cable_mixed_scrap/416a1380073c.jpg,15.67,kg,1,broken,aggregator,2563.97,collector,2026-01-17T10:00:00.000Z
MAT_000617,LOT_00328,motor_magnet,motor_fan_ac,,synthetic://images/motor_fan_ac/dec48eca273e.jpg,19.05,kg,6,partially_dismantled,shop,3203.6,recycler_corrected,2026-01-17T10:00:00.000Z
MAT_000618,LOT_00329,pcb,pcb_ram_gold,,synthetic://images/pcb_ram_gold/8de6aff769be.jpg,0.32,kg,12,partially_dismantled,aggregator,444.96,collector,2026-07-31T08:33:00.000Z
MAT_000619,LOT_00329,motor_magnet,motor_speaker_magnet,,synthetic://images/motor_speaker_magnet/a054d91fb45b.jpg,2.11,kg,5,intact,street_pickup,139.13,collector,2026-07-31T08:33:00.000Z
MAT_000620,LOT_00329,pcb,pcb_cpu_processor,,synthetic://images/pcb_cpu_processor/29fbc740a8a9.jpg,0.03,kg,2,partially_dismantled,household,116.95,collector,2026-07-31T08:33:00.000Z
MAT_000621,LOT_00330,pcb,pcb_mobile,,synthetic://images/pcb_mobile/c19d70a1e8ae.jpg,0.14,kg,8,intact,household,147.32,collector,2026-01-22T10:21:00.000Z
MAT_000622,LOT_00331,motor_magnet,motor_hdd_assembly,,synthetic://images/motor_hdd_assembly/0ec27325531b.jpg,1.73,kg,3,broken,aggregator,351.62,recycler_corrected,2026-03-21T14:23:00.000Z
MAT_000623,LOT_00332,cable,cable_data_thin,,synthetic://images/cable_data_thin/ec79788b2e24.jpg,33.55,kg,1,broken,repair_shop,3987.44,collector,2025-12-17T08:05:00.000Z
MAT_000624,LOT_00333,cable,cable_mixed_scrap,,synthetic://images/cable_mixed_scrap/0709f5f79597.jpg,35.15,kg,1,intact,shop,7118.58,collector,2025-11-23T08:11:00.000Z
MAT_000625,LOT_00334,pcb,pcb_tv_low_grade,,synthetic://images/pcb_tv_low_grade/b196171c2d34.jpg,3.48,kg,6,partially_dismantled,aggregator,434.28,collector,2025-09-17T08:40:00.000Z
MAT_000626,LOT_00334,mixed_plastic,plastic_mixed_dirty,,synthetic://images/plastic_mixed_dirty/431ad0b3ad2d.jpg,28.87,kg,1,broken,shop,272.24,collector,2025-09-17T08:40:00.000Z
MAT_000627,LOT_00335,pcb,pcb_tv_low_grade,,synthetic://images/pcb_tv_low_grade/6b9ba5798a23.jpg,2.84,kg,5,partially_dismantled,office,364.4,collector,2026-02-25T10:42:00.000Z
MAT_000628,LOT_00335,pcb,pcb_tv_low_grade,,synthetic://images/pcb_tv_low_grade/1eb7573e68e1.jpg,3.08,kg,7,intact,street_pickup,376.38,collector,2026-02-25T10:42:00.000Z
MAT_000629,LOT_00336,motor_magnet,motor_fan_ac,,synthetic://images/motor_fan_ac/308f7d016433.jpg,20.18,kg,7,intact,street_pickup,3313.35,collector,2026-07-10T07:54:00.000Z
MAT_000630,LOT_00336,battery,battery_button_cell,,synthetic://images/battery_button_cell/5e325423519c.jpg,4.31,kg,1,partially_dismantled,shop,477.39,collector,2026-07-10T07:54:00.000Z
MAT_000631,LOT_00336,motor_magnet,motor_hdd_assembly,,synthetic://images/motor_hdd_assembly/e77e7294fd69.jpg,2.99,kg,6,partially_dismantled,household,831.81,recycler_corrected,2026-07-10T07:54:00.000Z
MAT_000632,LOT_00336,cable,cable_mixed_scrap,,synthetic://images/cable_mixed_scrap/44675ed7c023.jpg,42.8,kg,1,partially_dismantled,aggregator,9221.24,collector,2026-07-10T07:54:00.000Z
MAT_000633,LOT_00337,pcb,pcb_mobile,,synthetic://images/pcb_mobile/379e24e3da11.jpg,0.16,kg,7,partially_dismantled,office,173.33,collector,2026-05-10T18:32:00.000Z
MAT_000634,LOT_00337,cable,cable_copper_house,,synthetic://images/cable_copper_house/366cc532163a.jpg,9.85,kg,1,broken,aggregator,3198.49,collector,2026-05-10T18:32:00.000Z
MAT_000635,LOT_00338,crt,crt_yoke,,synthetic://images/crt_yoke/8ad56cf40dc3.jpg,3.21,kg,6,intact,household,247.07,collector,2026-04-04T19:22:00.000Z
MAT_000636,LOT_00338,cable,cable_aluminium,,synthetic://images/cable_aluminium/48d05d60efec.jpg,2.36,kg,1,partially_dismantled,repair_shop,352.17,collector,2026-04-04T19:22:00.000Z
MAT_000637,LOT_00339,battery,battery_button_cell,,synthetic://images/battery_button_cell/9bcf6c8a0d85.jpg,12.81,kg,1,intact,household,1340.82,collector,2026-06-05T17:43:00.000Z
MAT_000638,LOT_00339,pcb,pcb_motherboard,,synthetic://images/pcb_motherboard/d4955a3981b3.jpg,3.85,kg,6,burnt,street_pickup,626.71,collector,2026-06-05T17:43:00.000Z
MAT_000639,LOT_00340,pcb,pcb_cpu_processor,,synthetic://images/pcb_cpu_processor/12f1e85142e2.jpg,0.02,kg,1,partially_dismantled,street_pickup,85.24,collector,2026-02-03T12:32:00.000Z
MAT_000640,LOT_00341,pcb,pcb_motherboard,,synthetic://images/pcb_motherboard/b0cbacaeb72e.jpg,0.81,kg,1,intact,office,251.25,collector,2025-11-18T15:15:00.000Z
MAT_000641,LOT_00342,pcb,pcb_mobile,,synthetic://images/pcb_mobile/3a7b59f29d7a.jpg,0.18,kg,8,intact,aggregator,223.53,collector,2026-01-06T11:00:00.000Z
MAT_000642,LOT_00342,pcb,pcb_mobile,,synthetic://images/pcb_mobile/6a1d9358a901.jpg,0.05,kg,2,burnt,aggregator,27.94,collector,2026-01-06T11:00:00.000Z
MAT_000643,LOT_00342,mixed_plastic,plastic_mixed_dirty,,synthetic://images/plastic_mixed_dirty/ee1083371033.jpg,3.03,kg,1,broken,repair_shop,29.07,collector,2026-01-06T11:00:00.000Z
MAT_000644,LOT_00343,mixed_plastic,plastic_hips_tv,,synthetic://images/plastic_hips_tv/197aa8f3acd8.jpg,23.18,kg,1,burnt,office,243.36,collector,2026-01-05T08:00:00.000Z
MAT_000645,LOT_00343,mixed_plastic,plastic_abs_casing,,synthetic://images/plastic_abs_casing/a56fcfd27dc2.jpg,30.51,kg,1,intact,office,1024.53,collector,2026-01-05T08:00:00.000Z
MAT_000646,LOT_00344,pcb,pcb_motherboard,,synthetic://images/pcb_motherboard/bd26a05d9594.jpg,6.32,kg,10,broken,aggregator,1734.76,collector,2025-11-20T18:33:00.000Z
MAT_000647,LOT_00345,cable,cable_mixed_scrap,,synthetic://images/cable_mixed_scrap/6f4eaa85f112.jpg,30.36,kg,1,partially_dismantled,shop,5994.34,collector,2025-11-14T19:07:00.000Z
MAT_000648,LOT_00345,crt,crt_yoke,,synthetic://images/crt_yoke/e38a54fbb029.jpg,5.04,kg,10,broken,street_pickup,297.15,collector,2025-11-14T19:07:00.000Z
MAT_000649,LOT_00345,motor_magnet,motor_small_appliance,,synthetic://images/motor_small_appliance/78ba8d7640fe.jpg,10.08,kg,7,partially_dismantled,aggregator,1424.92,collector,2025-11-14T19:07:00.000Z
MAT_000650,LOT_00346,motor_magnet,motor_speaker_magnet,,synthetic://images/motor_speaker_magnet/4176025cb1d4.jpg,4.04,kg,12,broken,street_pickup,248.79,collector,2025-11-20T07:06:00.000Z
MAT_000651,LOT_00346,pcb,pcb_power_supply,,synthetic://images/pcb_power_supply/7fbe0e80cb0c.jpg,2.67,kg,2,partially_dismantled,household,364.06,recycler_corrected,2025-11-20T07:06:00.000Z
MAT_000652,LOT_00347,crt,crt_monitor,,synthetic://images/crt_monitor/fc16ea8d197f.jpg,39.43,kg,3,intact,street_pickup,352.11,collector,2026-06-25T18:37:00.000Z
MAT_000653,LOT_00347,cable,cable_mixed_scrap,,synthetic://images/cable_mixed_scrap/1f25e1920d18.jpg,37.41,kg,1,burnt,household,3443.83,collector,2026-06-25T18:37:00.000Z
MAT_000654,LOT_00347,pcb,pcb_power_supply,,synthetic://images/pcb_power_supply/156b607e8dd1.jpg,7.01,kg,6,intact,office,1045.68,collector,2026-06-25T18:37:00.000Z
MAT_000655,LOT_00348,pcb,pcb_ram_gold,,synthetic://images/pcb_ram_gold/62c5b479a767.jpg,0.34,kg,12,partially_dismantled,repair_shop,534.35,collector,2025-11-03T06:37:00.000Z
MAT_000656,LOT_00348,cable,cable_data_thin,,synthetic://images/cable_data_thin/8bc1768789d0.jpg,23.29,kg,1,wet,aggregator,2296.93,collector,2025-11-03T06:37:00.000Z
MAT_000657,LOT_00349,battery,battery_button_cell,,synthetic://images/battery_button_cell/bee46afcd9f1.jpg,1.03,kg,1,intact,office,102.27,collector,2025-11-16T15:20:00.000Z
MAT_000658,LOT_00349,cable,cable_copper_house,,synthetic://images/cable_copper_house/9c69aeb899d4.jpg,6.91,kg,1,partially_dismantled,office,3033.6,collector,2025-11-16T15:20:00.000Z
MAT_000659,LOT_00350,motor_magnet,motor_hdd_assembly,,synthetic://images/motor_hdd_assembly/a08ec0589696.jpg,3.02,kg,5,intact,aggregator,846.23,collector,2026-05-06T17:18:00.000Z
MAT_000660,LOT_00351,pcb,pcb_ram_gold,,synthetic://images/pcb_ram_gold/1e13cbd233e1.jpg,0.23,kg,7,intact,street_pickup,372,recycler_corrected,2026-03-21T07:45:00.000Z
MAT_000661,LOT_00351,mixed_plastic,plastic_abs_casing,,synthetic://images/plastic_abs_casing/9754ed584fad.jpg,14.18,kg,1,partially_dismantled,street_pickup,523.65,collector,2026-03-21T07:45:00.000Z
MAT_000662,LOT_00352,mixed_plastic,plastic_mixed_dirty,,synthetic://images/plastic_mixed_dirty/83004e099be2.jpg,29.48,kg,1,intact,shop,408.3,collector,2026-07-23T19:46:00.000Z
MAT_000663,LOT_00353,cable,cable_data_thin,,synthetic://images/cable_data_thin/9eb85f84d6f1.jpg,29.56,kg,1,intact,household,4161.46,collector,2026-02-12T11:18:00.000Z
MAT_000664,LOT_00353,mixed_plastic,plastic_hips_tv,,synthetic://images/plastic_hips_tv/e1c7a7e18e6c.jpg,10.04,kg,1,intact,shop,249.29,collector,2026-02-12T11:18:00.000Z
MAT_000665,LOT_00354,motor_magnet,motor_fan_ac,,synthetic://images/motor_fan_ac/31c003ab6f53.jpg,7.49,kg,2,partially_dismantled,repair_shop,1150.5,collector,2026-04-11T10:31:00.000Z
MAT_000666,LOT_00354,pcb,pcb_power_supply,,synthetic://images/pcb_power_supply/b88bb433567b.jpg,12.55,kg,12,intact,shop,1685.84,collector,2026-04-11T10:31:00.000Z
MAT_000667,LOT_00355,crt,crt_yoke,,synthetic://images/crt_yoke/b027c6d58334.jpg,4.07,kg,7,broken,shop,228.75,collector,2025-12-12T14:53:00.000Z
MAT_000668,LOT_00355,cable,cable_copper_house,,synthetic://images/cable_copper_house/0fc9c5697bc6.jpg,8.25,kg,1,intact,repair_shop,3075.52,collector,2025-12-12T14:53:00.000Z
MAT_000669,LOT_00355,cable,cable_mixed_scrap,,synthetic://images/cable_mixed_scrap/32106a19d07f.jpg,22.82,kg,1,intact,household,4138.64,collector,2025-12-12T14:53:00.000Z
MAT_000670,LOT_00356,cable,cable_aluminium,,synthetic://images/cable_aluminium/7aced173ef58.jpg,23.53,kg,1,intact,street_pickup,3216.32,collector,2026-01-08T16:46:00.000Z
MAT_000671,LOT_00357,crt,crt_monitor,,synthetic://images/crt_monitor/7029ae61b88d.jpg,36.47,kg,3,wet,office,191.98,collector,2026-08-08T11:02:00.000Z
MAT_000672,LOT_00358,mixed_plastic,plastic_hips_tv,,synthetic://images/plastic_hips_tv/8781c3213be7.jpg,17.95,kg,1,intact,aggregator,474.06,collector,2025-10-28T06:28:00.000Z
MAT_000673,LOT_00359,lcd_panel,lcd_tv_panel,,synthetic://images/lcd_tv_panel/0186566f2dbc.jpg,74.35,kg,9,broken,household,1385.91,recycler_corrected,2026-07-26T17:42:00.000Z
MAT_000674,LOT_00359,battery,battery_button_cell,,synthetic://images/battery_button_cell/53ac5baf37ba.jpg,3.49,kg,1,broken,office,279.25,collector,2026-07-26T17:42:00.000Z
MAT_000675,LOT_00359,cable,cable_data_thin,,synthetic://images/cable_data_thin/b9ae6fa4fa76.jpg,28.6,kg,1,intact,street_pickup,3361.07,collector,2026-07-26T17:42:00.000Z
MAT_000676,LOT_00359,crt,crt_tv,,synthetic://images/crt_tv/90e6b82c524b.jpg,82.87,kg,4,burnt,street_pickup,220.86,collector,2026-07-26T17:42:00.000Z
MAT_000677,LOT_00360,crt,crt_monitor,,synthetic://images/crt_monitor/e0c6c8f1bf00.jpg,66.22,kg,5,intact,shop,548.38,collector,2026-02-20T16:47:00.000Z
MAT_000678,LOT_00360,mixed_plastic,plastic_abs_casing,,synthetic://images/plastic_abs_casing/067b3686e578.jpg,43.37,kg,1,broken,repair_shop,1194.22,collector,2026-02-20T16:47:00.000Z
MAT_000679,LOT_00361,mixed_plastic,plastic_mixed_dirty,,synthetic://images/plastic_mixed_dirty/7f8d39465124.jpg,24.81,kg,1,intact,repair_shop,306.16,collector,2026-07-01T10:32:00.000Z
MAT_000680,LOT_00362,lcd_panel,lcd_monitor_panel,,synthetic://images/lcd_monitor_panel/3d1c95d6ab42.jpg,37.59,kg,11,intact,office,888.63,collector,2025-11-15T17:54:00.000Z
MAT_000681,LOT_00363,cable,cable_data_thin,,synthetic://images/cable_data_thin/bf6172481375.jpg,3.91,kg,1,broken,household,470.93,collector,2025-12-19T14:52:00.000Z
MAT_000682,LOT_00363,cable,cable_data_thin,,synthetic://images/cable_data_thin/f39e078a7bc6.jpg,25.86,kg,1,intact,household,3798.32,collector,2025-12-19T14:52:00.000Z
MAT_000683,LOT_00364,pcb,pcb_power_supply,,synthetic://images/pcb_power_supply/101e94aef6c8.jpg,15.95,kg,12,intact,shop,2413.24,collector,2026-04-16T14:23:00.000Z
MAT_000684,LOT_00364,motor_magnet,motor_hdd_assembly,,synthetic://images/motor_hdd_assembly/e90bd3d2177c.jpg,1.97,kg,4,partially_dismantled,repair_shop,521.86,collector,2026-04-16T14:23:00.000Z
MAT_000685,LOT_00365,lcd_panel,lcd_laptop_panel,,synthetic://images/lcd_laptop_panel/c02c7c70e52d.jpg,3.54,kg,6,intact,repair_shop,161.92,recycler_corrected,2026-03-19T16:55:00.000Z
MAT_000686,LOT_00365,cable,cable_aluminium,,synthetic://images/cable_aluminium/56102c72e37b.jpg,13.67,kg,1,broken,office,1525.94,recycler_corrected,2026-03-19T16:55:00.000Z
MAT_000687,LOT_00366,pcb,pcb_ram_gold,,synthetic://images/pcb_ram_gold/1290dbfc3d5b.jpg,0.24,kg,8,burnt,aggregator,178.35,collector,2025-10-10T16:59:00.000Z
MAT_000688,LOT_00366,battery,battery_button_cell,,synthetic://images/battery_button_cell/57cafc765b9a.jpg,30.24,kg,1,broken,office,2356.94,collector,2025-10-10T16:59:00.000Z
MAT_000689,LOT_00366,pcb,pcb_ram_gold,,synthetic://images/pcb_ram_gold/636893570b1f.jpg,0.06,kg,2,intact,aggregator,99.08,collector,2025-10-10T16:59:00.000Z
MAT_000690,LOT_00366,motor_magnet,motor_hdd_assembly,,synthetic://images/motor_hdd_assembly/c0dad005cdae.jpg,5.78,kg,11,broken,repair_shop,1320.97,collector,2025-10-10T16:59:00.000Z
MAT_000691,LOT_00367,lcd_panel,lcd_tv_panel,,synthetic://images/lcd_tv_panel/f3e34334104b.jpg,71.55,kg,7,broken,street_pickup,1110.12,recycler_corrected,2026-05-07T10:23:00.000Z
MAT_000692,LOT_00367,cable,cable_aluminium,,synthetic://images/cable_aluminium/5bc8cbf7dd3f.jpg,43.77,kg,1,broken,household,4901.33,collector,2026-05-07T10:23:00.000Z
MAT_000693,LOT_00367,cable,cable_copper_house,,synthetic://images/cable_copper_house/9371b1bdeb80.jpg,19.81,kg,1,intact,office,6912.3,collector,2026-05-07T10:23:00.000Z
MAT_000694,LOT_00368,pcb,pcb_motherboard,,synthetic://images/pcb_motherboard/20d991bbe13b.jpg,7.95,kg,10,intact,shop,2875.83,collector,2026-06-15T13:12:00.000Z
MAT_000695,LOT_00368,lcd_panel,lcd_monitor_panel,,synthetic://images/lcd_monitor_panel/30fe9315eafe.jpg,16.17,kg,5,partially_dismantled,street_pickup,477.44,collector,2026-06-15T13:12:00.000Z
MAT_000696,LOT_00369,cable,cable_aluminium,,synthetic://images/cable_aluminium/6819adb27dab.jpg,8.98,kg,1,intact,aggregator,1225.23,collector,2026-02-08T14:09:00.000Z
MAT_000697,LOT_00369,cable,cable_copper_house,,synthetic://images/cable_copper_house/b038bd3e0ef8.jpg,18.07,kg,1,intact,shop,7185.72,collector,2026-02-08T14:09:00.000Z
MAT_000698,LOT_00369,mixed_plastic,plastic_mixed_dirty,,synthetic://images/plastic_mixed_dirty/06b925f5821b.jpg,20.66,kg,1,intact,aggregator,250.61,collector,2026-02-08T14:09:00.000Z
MAT_000699,LOT_00369,motor_magnet,motor_small_appliance,,synthetic://images/motor_small_appliance/0a6666e196dc.jpg,12.73,kg,10,wet,office,1196.03,collector,2026-02-08T14:09:00.000Z
MAT_000700,LOT_00370,pcb,pcb_cpu_processor,,synthetic://images/pcb_cpu_processor/211e2c8ae688.jpg,0.27,kg,12,broken,aggregator,876.67,collector,2026-07-16T16:03:00.000Z
MAT_000701,LOT_00371,battery,battery_li_ion_mobile,,synthetic://images/battery_li_ion_mobile/4c7e96294644.jpg,0.37,kg,10,intact,repair_shop,70.6,collector,2025-09-09T10:48:00.000Z
MAT_000702,LOT_00371,battery,battery_lead_acid_ups,,synthetic://images/battery_lead_acid_ups/1857f4ce928d.jpg,62.21,kg,8,intact,household,5842.48,collector,2025-09-09T10:48:00.000Z
MAT_000703,LOT_00371,pcb,pcb_ram_gold,,synthetic://images/pcb_ram_gold/c62f47713c4b.jpg,0.26,kg,9,intact,aggregator,426.85,collector,2025-09-09T10:48:00.000Z
MAT_000704,LOT_00372,cable,cable_mixed_scrap,,synthetic://images/cable_mixed_scrap/cdd8ccba4e36.jpg,34.52,kg,1,burnt,street_pickup,3177.79,collector,2026-06-28T17:06:00.000Z
MAT_000705,LOT_00373,pcb,pcb_ram_gold,,synthetic://images/pcb_ram_gold/c70c95fee4d9.jpg,0.05,kg,2,broken,street_pickup,56.86,collector,2025-10-17T13:25:00.000Z
MAT_000706,LOT_00373,battery,battery_button_cell,,synthetic://images/battery_button_cell/1eaca6985a68.jpg,36.85,kg,1,intact,shop,3657.36,collector,2025-10-17T13:25:00.000Z
MAT_000707,LOT_00374,pcb,pcb_cpu_processor,,synthetic://images/pcb_cpu_processor/453f6d83acca.jpg,0.02,kg,1,intact,street_pickup,83.69,collector,2026-03-02T16:18:00.000Z
MAT_000708,LOT_00374,pcb,pcb_cpu_processor,,synthetic://images/pcb_cpu_processor/d5561a607e0e.jpg,0.15,kg,6,broken,repair_shop,514.69,collector,2026-03-02T16:18:00.000Z
MAT_000709,LOT_00375,lcd_panel,led_backlight_strip,,synthetic://images/led_backlight_strip/9e15290c88a8.jpg,28.56,kg,1,partially_dismantled,office,2833.57,collector,2025-10-19T10:44:00.000Z
MAT_000710,LOT_00376,battery,battery_li_ion_mobile,,synthetic://images/battery_li_ion_mobile/7c96d9b18cde.jpg,0.12,kg,3,intact,aggregator,23.64,collector,2025-10-17T16:18:00.000Z
MAT_000711,LOT_00376,pcb,pcb_tv_low_grade,,synthetic://images/pcb_tv_low_grade/450900a2a244.jpg,1.06,kg,2,broken,household,97.75,collector,2025-10-17T16:18:00.000Z
MAT_000712,LOT_00377,battery,battery_li_ion_laptop,,synthetic://images/battery_li_ion_laptop/1f846ffca4f1.jpg,4.46,kg,10,intact,aggregator,968.76,collector,2025-12-04T07:58:00.000Z
MAT_000713,LOT_00377,crt,crt_monitor,,synthetic://images/crt_monitor/4af6476ade0a.jpg,131.63,kg,11,intact,aggregator,1067.01,recycler_corrected,2025-12-04T07:58:00.000Z
MAT_000714,LOT_00377,cable,cable_mixed_scrap,,synthetic://images/cable_mixed_scrap/21ac362c1e7f.jpg,7.02,kg,1,intact,office,1315.48,collector,2025-12-04T07:58:00.000Z
MAT_000715,LOT_00378,cable,cable_copper_house,,synthetic://images/cable_copper_house/69ef4d0e0c8d.jpg,7.68,kg,1,intact,repair_shop,2563.35,collector,2026-07-27T07:04:00.000Z
MAT_000716,LOT_00379,battery,battery_li_ion_laptop,,synthetic://images/battery_li_ion_laptop/8401fe6c9b99.jpg,1.15,kg,4,partially_dismantled,street_pickup,286.16,collector,2026-08-05T14:15:00.000Z
MAT_000717,LOT_00380,lcd_panel,lcd_monitor_panel,,synthetic://images/lcd_monitor_panel/b1a7ea7f701b.jpg,12.26,kg,3,broken,repair_shop,285.81,collector,2026-07-07T10:45:00.000Z
MAT_000718,LOT_00380,mixed_plastic,plastic_abs_casing,,synthetic://images/plastic_abs_casing/f03f3c421e5b.jpg,15.94,kg,1,intact,office,572.25,collector,2026-07-07T10:45:00.000Z
MAT_000719,LOT_00381,crt,crt_monitor,,synthetic://images/crt_monitor/12408706bb1f.jpg,70.25,kg,7,intact,household,656.28,collector,2026-05-20T11:42:00.000Z
MAT_000720,LOT_00381,pcb,pcb_cpu_processor,,synthetic://images/pcb_cpu_processor/852553745656.jpg,0.12,kg,6,intact,shop,572.38,recycler_corrected,2026-05-20T11:42:00.000Z
MAT_000721,LOT_00381,lcd_panel,lcd_monitor_panel,,synthetic://images/lcd_monitor_panel/3dc204ec749c.jpg,3.16,kg,1,burnt,office,37.95,collector,2026-05-20T11:42:00.000Z
MAT_000722,LOT_00382,cable,cable_data_thin,,synthetic://images/cable_data_thin/17cede750f30.jpg,18.38,kg,1,intact,shop,2587.54,collector,2026-07-17T12:36:00.000Z
MAT_000723,LOT_00382,pcb,pcb_tv_low_grade,,synthetic://images/pcb_tv_low_grade/f0b498266785.jpg,3.41,kg,9,burnt,street_pickup,178.09,collector,2026-07-17T12:36:00.000Z
MAT_000724,LOT_00383,mixed_plastic,plastic_mixed_dirty,,synthetic://images/plastic_mixed_dirty/b4103faa5c63.jpg,13.47,kg,1,partially_dismantled,shop,162.93,recycler_corrected,2025-10-27T18:34:00.000Z
MAT_000725,LOT_00384,pcb,pcb_cpu_processor,,synthetic://images/pcb_cpu_processor/e4c0cef48126.jpg,0.15,kg,9,intact,aggregator,627.39,collector,2025-11-19T10:23:00.000Z
MAT_000726,LOT_00385,crt,crt_yoke,,synthetic://images/crt_yoke/e9aeaca9b472.jpg,8.41,kg,12,partially_dismantled,aggregator,678.62,collector,2026-02-11T06:55:00.000Z
MAT_000727,LOT_00386,motor_magnet,motor_hdd_assembly,,synthetic://images/motor_hdd_assembly/ed907a9161e8.jpg,1,kg,2,intact,aggregator,262.02,collector,2026-04-22T07:26:00.000Z
MAT_000728,LOT_00387,mixed_plastic,plastic_abs_casing,,synthetic://images/plastic_abs_casing/bd622862254b.jpg,8.37,kg,1,intact,household,258.72,collector,2026-07-05T09:54:00.000Z
MAT_000729,LOT_00388,mixed_plastic,plastic_abs_casing,,synthetic://images/plastic_abs_casing/5405bed01d94.jpg,4.13,kg,1,broken,shop,114.87,collector,2026-03-10T11:23:00.000Z
MAT_000730,LOT_00388,pcb,pcb_power_supply,,synthetic://images/pcb_power_supply/bc52dfd47e7e.jpg,14.58,kg,10,intact,repair_shop,1855.89,collector,2026-03-10T11:23:00.000Z
MAT_000731,LOT_00388,lcd_panel,lcd_tv_panel,,synthetic://images/lcd_tv_panel/03e6600e4878.jpg,10.04,kg,1,intact,shop,209.84,collector,2026-03-10T11:23:00.000Z
MAT_000732,LOT_00389,cable,cable_mixed_scrap,,synthetic://images/cable_mixed_scrap/96eb531925af.jpg,22.88,kg,1,intact,household,4524.29,collector,2026-07-29T06:05:00.000Z
MAT_000733,LOT_00390,pcb,pcb_tv_low_grade,,synthetic://images/pcb_tv_low_grade/dad14b308e89.jpg,3.21,kg,5,intact,household,381.51,collector,2025-09-09T13:39:00.000Z
MAT_000734,LOT_00390,cable,cable_data_thin,,synthetic://images/cable_data_thin/69dd012912d5.jpg,4.99,kg,1,intact,shop,723.25,collector,2025-09-09T13:39:00.000Z
MAT_000735,LOT_00390,mixed_plastic,plastic_mixed_dirty,,synthetic://images/plastic_mixed_dirty/54396f17e8fd.jpg,35.82,kg,1,broken,shop,337.78,collector,2025-09-09T13:39:00.000Z
MAT_000736,LOT_00390,pcb,pcb_ram_gold,,synthetic://images/pcb_ram_gold/eb06d7053a8c.jpg,0.15,kg,4,partially_dismantled,shop,251.77,collector,2025-09-09T13:39:00.000Z
MAT_000737,LOT_00391,battery,battery_lead_acid_ups,,synthetic://images/battery_lead_acid_ups/700bfedf33e6.jpg,36.27,kg,6,broken,shop,2839.41,collector,2026-03-11T16:37:00.000Z
MAT_000738,LOT_00391,mixed_plastic,plastic_mixed_dirty,,synthetic://images/plastic_mixed_dirty/102375a67d74.jpg,34.94,kg,1,intact,repair_shop,407.75,recycler_corrected,2026-03-11T16:37:00.000Z
MAT_000739,LOT_00391,pcb,pcb_ram_gold,,synthetic://images/pcb_ram_gold/04c71d8b8761.jpg,0.34,kg,10,partially_dismantled,street_pickup,544.16,collector,2026-03-11T16:37:00.000Z
MAT_000740,LOT_00392,mixed_plastic,plastic_abs_casing,,synthetic://images/plastic_abs_casing/74b9b65d4d59.jpg,6.24,kg,1,intact,repair_shop,204.05,collector,2025-11-28T11:07:00.000Z
MAT_000741,LOT_00392,cable,cable_aluminium,,synthetic://images/cable_aluminium/8e296c2a5ccf.jpg,19.49,kg,1,partially_dismantled,repair_shop,3084.2,collector,2025-11-28T11:07:00.000Z
MAT_000742,LOT_00392,motor_magnet,motor_fan_ac,,synthetic://images/motor_fan_ac/0e6421c6ebb4.jpg,26.71,kg,9,broken,shop,3446.31,collector,2025-11-28T11:07:00.000Z
MAT_000743,LOT_00392,lcd_panel,lcd_tv_panel,,synthetic://images/lcd_tv_panel/d868bb65acdb.jpg,37.34,kg,4,partially_dismantled,shop,842.95,collector,2025-11-28T11:07:00.000Z
MAT_000744,LOT_00393,cable,cable_data_thin,,synthetic://images/cable_data_thin/c7fd2a2f913e.jpg,14.94,kg,1,partially_dismantled,shop,2029.27,collector,2025-10-31T07:06:00.000Z
MAT_000745,LOT_00394,pcb,pcb_ram_gold,,synthetic://images/pcb_ram_gold/bcf26472e463.jpg,0.18,kg,8,intact,office,287.74,collector,2025-09-22T11:35:00.000Z
MAT_000746,LOT_00394,battery,battery_li_ion_mobile,,synthetic://images/battery_li_ion_mobile/f43b475c7415.jpg,0.26,kg,6,partially_dismantled,street_pickup,53.72,collector,2025-09-22T11:35:00.000Z
MAT_000747,LOT_00394,motor_magnet,motor_speaker_magnet,,synthetic://images/motor_speaker_magnet/93e93054ec86.jpg,1.22,kg,3,intact,shop,86.57,collector,2025-09-22T11:35:00.000Z
MAT_000748,LOT_00395,pcb,pcb_cpu_processor,,synthetic://images/pcb_cpu_processor/fd0929329377.jpg,0.02,kg,1,broken,street_pickup,65.78,collector,2026-05-28T11:20:00.000Z
MAT_000749,LOT_00396,pcb,pcb_cpu_processor,,synthetic://images/pcb_cpu_processor/395d348342e0.jpg,0.18,kg,9,partially_dismantled,office,701.35,collector,2025-12-09T09:37:00.000Z
MAT_000750,LOT_00396,motor_magnet,motor_small_appliance,,synthetic://images/motor_small_appliance/f36f892bc184.jpg,5.51,kg,3,partially_dismantled,office,639.64,collector,2025-12-09T09:37:00.000Z
MAT_000751,LOT_00396,lcd_panel,lcd_monitor_panel,,synthetic://images/lcd_monitor_panel/ae52745cf7bc.jpg,8.52,kg,2,partially_dismantled,repair_shop,201.2,recycler_corrected,2025-12-09T09:37:00.000Z
MAT_000752,LOT_00397,mixed_plastic,plastic_mixed_dirty,,synthetic://images/plastic_mixed_dirty/b9d0c89e689c.jpg,34.85,kg,1,intact,repair_shop,412.62,recycler_corrected,2026-06-30T06:03:00.000Z
MAT_000753,LOT_00398,cable,cable_data_thin,,synthetic://images/cable_data_thin/f28723282acb.jpg,12.33,kg,1,partially_dismantled,street_pickup,1651.71,collector,2026-03-29T17:22:00.000Z
MAT_000754,LOT_00399,cable,cable_aluminium,,synthetic://images/cable_aluminium/d80467a5e86f.jpg,38.37,kg,1,intact,aggregator,5353.38,collector,2025-10-18T09:10:00.000Z
MAT_000755,LOT_00399,pcb,pcb_motherboard,,synthetic://images/pcb_motherboard/3aff778e8f4d.jpg,1.95,kg,3,partially_dismantled,shop,634.89,collector,2025-10-18T09:10:00.000Z
MAT_000756,LOT_00399,battery,battery_li_ion_laptop,,synthetic://images/battery_li_ion_laptop/b71bf8471149.jpg,3.93,kg,10,intact,street_pickup,849.94,collector,2025-10-18T09:10:00.000Z
MAT_000757,LOT_00399,cable,cable_data_thin,,synthetic://images/cable_data_thin/e5c9852aad81.jpg,28.95,kg,1,partially_dismantled,aggregator,3934.65,collector,2025-10-18T09:10:00.000Z
MAT_000758,LOT_00400,cable,cable_data_thin,,synthetic://images/cable_data_thin/25eef9559cbe.jpg,31.73,kg,1,intact,shop,4910.85,collector,2026-02-10T10:25:00.000Z
MAT_000759,LOT_00400,mixed_plastic,plastic_abs_casing,,synthetic://images/plastic_abs_casing/0ccace294ad3.jpg,7.7,kg,1,intact,repair_shop,298.45,collector,2026-02-10T10:25:00.000Z
MAT_000760,LOT_00401,pcb,pcb_tv_low_grade,,synthetic://images/pcb_tv_low_grade/ba03fdbdf595.jpg,5.33,kg,12,broken,street_pickup,449.04,collector,2026-03-01T08:05:00.000Z
MAT_000761,LOT_00401,motor_magnet,motor_fan_ac,,synthetic://images/motor_fan_ac/cdc774bcd120.jpg,7.76,kg,2,broken,aggregator,926.74,collector,2026-03-01T08:05:00.000Z
MAT_000762,LOT_00401,cable,cable_copper_house,,synthetic://images/cable_copper_house/091c633add49.jpg,14.53,kg,1,intact,office,4880.05,collector,2026-03-01T08:05:00.000Z
MAT_000763,LOT_00402,mixed_plastic,plastic_abs_casing,,synthetic://images/plastic_abs_casing/bf28f0e2d06b.jpg,38.49,kg,1,intact,aggregator,1291.72,collector,2025-12-24T12:21:00.000Z
MAT_000764,LOT_00402,cable,cable_mixed_scrap,,synthetic://images/cable_mixed_scrap/a36dad33ae8c.jpg,15.12,kg,1,partially_dismantled,household,2975,collector,2025-12-24T12:21:00.000Z
MAT_000765,LOT_00403,mixed_plastic,plastic_hips_tv,,synthetic://images/plastic_hips_tv/e73a52909949.jpg,3.33,kg,1,intact,office,80.42,collector,2025-12-31T09:02:00.000Z
MAT_000766,LOT_00404,lcd_panel,lcd_laptop_panel,,synthetic://images/lcd_laptop_panel/f1c72212945b.jpg,0.46,kg,1,broken,aggregator,19.31,collector,2026-07-18T10:08:00.000Z
MAT_000767,LOT_00404,battery,battery_button_cell,,synthetic://images/battery_button_cell/3e4b683bf356.jpg,34.44,kg,1,wet,shop,2263.98,collector,2026-07-18T10:08:00.000Z
MAT_000768,LOT_00404,motor_magnet,motor_small_appliance,,synthetic://images/motor_small_appliance/7fe73f35cf43.jpg,11.5,kg,6,partially_dismantled,repair_shop,1596.92,collector,2026-07-18T10:08:00.000Z
MAT_000769,LOT_00405,pcb,pcb_motherboard,,synthetic://images/pcb_motherboard/405461c9db3b.jpg,10.19,kg,11,intact,shop,2776.47,collector,2026-07-18T07:21:00.000Z
MAT_000770,LOT_00405,cable,cable_copper_house,,synthetic://images/cable_copper_house/e60a98a4b84e.jpg,37.03,kg,1,broken,office,10615.16,collector,2026-07-18T07:21:00.000Z
MAT_000771,LOT_00406,mixed_plastic,plastic_hips_tv,,synthetic://images/plastic_hips_tv/ab8cbf1e8b18.jpg,39.96,kg,1,intact,aggregator,1043.36,collector,2026-06-14T06:55:00.000Z
MAT_000772,LOT_00407,mixed_plastic,plastic_abs_casing,,synthetic://images/plastic_abs_casing/fccb81c52ce8.jpg,36.88,kg,1,intact,street_pickup,1238.43,collector,2026-01-19T11:17:00.000Z
MAT_000773,LOT_00408,cable,cable_data_thin,,synthetic://images/cable_data_thin/0d9cc1a71c9a.jpg,7.92,kg,1,broken,household,819.33,recycler_corrected,2026-01-18T10:52:00.000Z
MAT_000774,LOT_00408,pcb,pcb_mobile,,synthetic://images/pcb_mobile/7f16c27023a2.jpg,0.16,kg,7,intact,repair_shop,166.41,collector,2026-01-18T10:52:00.000Z
MAT_000775,LOT_00409,cable,cable_copper_house,,synthetic://images/cable_copper_house/a4fb994f25c7.jpg,39.08,kg,1,broken,aggregator,10861.22,collector,2025-11-28T18:29:00.000Z
MAT_000776,LOT_00409,pcb,pcb_ram_gold,,synthetic://images/pcb_ram_gold/a3b0501bbab8.jpg,0.38,kg,11,intact,household,527,collector,2025-11-28T18:29:00.000Z
MAT_000777,LOT_00410,pcb,pcb_cpu_processor,,synthetic://images/pcb_cpu_processor/f9b7441b81c1.jpg,0.09,kg,6,intact,household,368.18,collector,2025-10-30T08:06:00.000Z
MAT_000778,LOT_00410,crt,crt_tv,,synthetic://images/crt_tv/6d1a0869e918.jpg,141.28,kg,8,intact,household,1034.64,collector,2025-10-30T08:06:00.000Z
MAT_000779,LOT_00410,motor_magnet,motor_hdd_assembly,,synthetic://images/motor_hdd_assembly/bbf64c12b760.jpg,6.66,kg,12,partially_dismantled,street_pickup,1960.49,collector,2025-10-30T08:06:00.000Z
MAT_000780,LOT_00411,cable,cable_copper_house,,synthetic://images/cable_copper_house/cc7aee47030f.jpg,19.61,kg,1,intact,repair_shop,8166,collector,2026-03-30T10:39:00.000Z
MAT_000781,LOT_00411,pcb,pcb_motherboard,,synthetic://images/pcb_motherboard/a6f6d54b5c6a.jpg,0.64,kg,1,broken,street_pickup,169.34,recycler_corrected,2026-03-30T10:39:00.000Z
MAT_000782,LOT_00412,pcb,pcb_mobile,,synthetic://images/pcb_mobile/47cdb3f9db4c.jpg,0.04,kg,2,partially_dismantled,street_pickup,52.16,collector,2025-12-07T13:00:00.000Z
MAT_000783,LOT_00413,cable,cable_aluminium,,synthetic://images/cable_aluminium/2e2b6adf5292.jpg,38.63,kg,1,intact,shop,5953.27,recycler_corrected,2025-11-16T18:15:00.000Z
MAT_000784,LOT_00413,cable,cable_aluminium,,synthetic://images/cable_aluminium/21c5251fb7ea.jpg,19.88,kg,1,intact,office,3063.71,collector,2025-11-16T18:15:00.000Z
MAT_000785,LOT_00413,pcb,pcb_ram_gold,,synthetic://images/pcb_ram_gold/ff4a9bf74402.jpg,0.34,kg,12,intact,shop,530.05,collector,2025-11-16T18:15:00.000Z
MAT_000786,LOT_00413,battery,battery_li_ion_laptop,,synthetic://images/battery_li_ion_laptop/777b48c3a015.jpg,4.55,kg,11,partially_dismantled,street_pickup,1108.76,collector,2025-11-16T18:15:00.000Z
MAT_000787,LOT_00414,motor_magnet,motor_fan_ac,,synthetic://images/motor_fan_ac/7d5222b5e099.jpg,17.44,kg,7,partially_dismantled,office,2606.71,collector,2026-05-29T09:25:00.000Z
MAT_000788,LOT_00414,crt,crt_tv,,synthetic://images/crt_tv/0b2925a3035e.jpg,227.26,kg,11,wet,street_pickup,981.41,collector,2026-05-29T09:25:00.000Z
MAT_000789,LOT_00415,pcb,pcb_tv_low_grade,,synthetic://images/pcb_tv_low_grade/f0ac77daa0fe.jpg,4,kg,9,intact,repair_shop,488.8,collector,2026-02-11T11:16:00.000Z
MAT_000790,LOT_00416,mixed_plastic,plastic_abs_casing,,synthetic://images/plastic_abs_casing/569bd91ced98.jpg,28.58,kg,1,partially_dismantled,shop,978.29,collector,2026-02-23T07:55:00.000Z
MAT_000791,LOT_00417,mixed_plastic,plastic_abs_casing,,synthetic://images/plastic_abs_casing/96180438e828.jpg,27.77,kg,1,wet,shop,677.45,collector,2026-06-07T13:52:00.000Z
MAT_000792,LOT_00418,battery,battery_lead_acid_ups,,synthetic://images/battery_lead_acid_ups/84ee56d779f2.jpg,36.85,kg,6,intact,street_pickup,3755.75,collector,2026-04-02T15:46:00.000Z
MAT_000793,LOT_00419,cable,cable_mixed_scrap,,synthetic://images/cable_mixed_scrap/84d560ad4d3f.jpg,26.25,kg,1,burnt,street_pickup,2488.66,collector,2026-02-04T14:28:00.000Z
MAT_000794,LOT_00419,cable,cable_aluminium,,synthetic://images/cable_aluminium/02d02ea97779.jpg,41.48,kg,1,intact,shop,6195.87,collector,2026-02-04T14:28:00.000Z
MAT_000795,LOT_00419,lcd_panel,lcd_laptop_panel,,synthetic://images/lcd_laptop_panel/b4b01b0c29cf.jpg,3.08,kg,5,intact,shop,166.04,collector,2026-02-04T14:28:00.000Z
MAT_000796,LOT_00420,pcb,pcb_motherboard,,synthetic://images/pcb_motherboard/305d9eb6458d.jpg,8.55,kg,11,broken,household,2517.79,collector,2025-10-26T16:52:00.000Z
MAT_000797,LOT_00421,cable,cable_copper_house,,synthetic://images/cable_copper_house/258ac432c7fa.jpg,1.42,kg,1,burnt,household,242.66,collector,2025-11-18T13:34:00.000Z
MAT_000798,LOT_00422,motor_magnet,motor_small_appliance,,synthetic://images/motor_small_appliance/547c95cb1d43.jpg,10.67,kg,7,partially_dismantled,street_pickup,1423.18,collector,2026-01-18T14:36:00.000Z
MAT_000799,LOT_00423,motor_magnet,motor_small_appliance,,synthetic://images/motor_small_appliance/851fec108d6b.jpg,5.42,kg,4,partially_dismantled,household,767.09,collector,2025-10-18T06:27:00.000Z
MAT_000800,LOT_00423,mixed_plastic,plastic_mixed_dirty,,synthetic://images/plastic_mixed_dirty/6ff1ecbf2c8e.jpg,16.3,kg,1,intact,repair_shop,200.16,collector,2025-10-18T06:27:00.000Z
MAT_000801,LOT_00424,mixed_plastic,plastic_mixed_dirty,,synthetic://images/plastic_mixed_dirty/ae8de887b432.jpg,43.42,kg,1,partially_dismantled,household,523.84,collector,2025-12-11T08:14:00.000Z
MAT_000802,LOT_00425,motor_magnet,motor_small_appliance,,synthetic://images/motor_small_appliance/6f292ecfae38.jpg,12.84,kg,11,broken,shop,1530.57,collector,2025-10-02T16:51:00.000Z
MAT_000803,LOT_00425,mixed_plastic,plastic_hips_tv,,synthetic://images/plastic_hips_tv/131eff4f9934.jpg,25.33,kg,1,intact,household,668.97,collector,2025-10-02T16:51:00.000Z
MAT_000804,LOT_00425,cable,cable_aluminium,,synthetic://images/cable_aluminium/2892d52d6f45.jpg,39.59,kg,1,intact,street_pickup,5642.37,collector,2025-10-02T16:51:00.000Z
MAT_000805,LOT_00426,cable,cable_data_thin,,synthetic://images/cable_data_thin/01c8c259cede.jpg,6.64,kg,1,partially_dismantled,aggregator,901.9,recycler_corrected,2025-10-22T18:08:00.000Z
MAT_000806,LOT_00426,mixed_plastic,plastic_mixed_dirty,,synthetic://images/plastic_mixed_dirty/b58063c4dea6.jpg,13.78,kg,1,broken,office,123.73,collector,2025-10-22T18:08:00.000Z
MAT_000807,LOT_00426,crt,crt_monitor,,synthetic://images/crt_monitor/e96748eedf29.jpg,22.61,kg,2,wet,aggregator,132.95,recycler_corrected,2025-10-22T18:08:00.000Z
MAT_000808,LOT_00427,battery,battery_li_ion_mobile,,synthetic://images/battery_li_ion_mobile/4e05fd20d07e.jpg,0.19,kg,5,intact,street_pickup,34.44,collector,2026-07-01T07:19:00.000Z
MAT_000809,LOT_00428,motor_magnet,motor_hdd_assembly,,synthetic://images/motor_hdd_assembly/9e8aad0252ed.jpg,1.97,kg,4,partially_dismantled,repair_shop,538.25,recycler_corrected,2026-01-10T07:16:00.000Z
MAT_000810,LOT_00429,pcb,pcb_ram_gold,,synthetic://images/pcb_ram_gold/f276b46bc4a6.jpg,0.35,kg,10,intact,household,578.56,collector,2026-08-28T18:14:00.000Z
MAT_000811,LOT_00429,cable,cable_data_thin,,synthetic://images/cable_data_thin/452e16f36c71.jpg,41.47,kg,1,partially_dismantled,street_pickup,6546.33,recycler_corrected,2026-08-28T18:14:00.000Z
MAT_000812,LOT_00430,pcb,pcb_power_supply,,synthetic://images/pcb_power_supply/78113452844e.jpg,5.15,kg,4,burnt,street_pickup,309.22,collector,2026-02-03T10:02:00.000Z
MAT_000813,LOT_00430,lcd_panel,led_backlight_strip,,synthetic://images/led_backlight_strip/b8affd715260.jpg,1.36,kg,1,intact,street_pickup,114.45,collector,2026-02-03T10:02:00.000Z
MAT_000814,LOT_00430,motor_magnet,motor_speaker_magnet,,synthetic://images/motor_speaker_magnet/74c2b0b026cc.jpg,0.32,kg,1,partially_dismantled,repair_shop,21.1,collector,2026-02-03T10:02:00.000Z
MAT_000815,LOT_00431,pcb,pcb_mobile,,synthetic://images/pcb_mobile/097d82c7f4a7.jpg,0.03,kg,2,burnt,aggregator,16.75,collector,2026-03-03T14:19:00.000Z
MAT_000816,LOT_00431,cable,cable_mixed_scrap,,synthetic://images/cable_mixed_scrap/5eb846ee60f3.jpg,21.25,kg,1,partially_dismantled,office,4452.24,collector,2026-03-03T14:19:00.000Z
MAT_000817,LOT_00432,pcb,pcb_power_supply,,synthetic://images/pcb_power_supply/5b42affe13ac.jpg,10.67,kg,8,intact,shop,1535.41,collector,2026-05-07T17:58:00.000Z
MAT_000818,LOT_00432,lcd_panel,lcd_monitor_panel,,synthetic://images/lcd_monitor_panel/dd542d8b0b2d.jpg,3.26,kg,1,wet,aggregator,54.33,recycler_corrected,2026-05-07T17:58:00.000Z
MAT_000819,LOT_00433,pcb,pcb_ram_gold,,synthetic://images/pcb_ram_gold/0d593da87971.jpg,0.07,kg,2,partially_dismantled,repair_shop,120.46,collector,2026-06-25T17:41:00.000Z
MAT_000820,LOT_00433,pcb,pcb_mobile,,synthetic://images/pcb_mobile/e66e264c2a27.jpg,0.16,kg,9,burnt,shop,89.39,collector,2026-06-25T17:41:00.000Z
MAT_000821,LOT_00433,pcb,pcb_ram_gold,,synthetic://images/pcb_ram_gold/5c53bb96451c.jpg,0.21,kg,7,broken,repair_shop,282.23,collector,2026-06-25T17:41:00.000Z
MAT_000822,LOT_00434,cable,cable_mixed_scrap,,synthetic://images/cable_mixed_scrap/7d1305cf55b4.jpg,27.67,kg,1,intact,street_pickup,5185.08,collector,2025-12-05T12:44:00.000Z
MAT_000823,LOT_00435,pcb,pcb_motherboard,,synthetic://images/pcb_motherboard/88d0b68c34b6.jpg,3.46,kg,5,burnt,shop,554.95,collector,2025-12-13T09:47:00.000Z
MAT_000824,LOT_00436,motor_magnet,motor_hdd_assembly,,synthetic://images/motor_hdd_assembly/36d12e845beb.jpg,4.26,kg,8,partially_dismantled,aggregator,1187.89,collector,2026-04-20T15:10:00.000Z
MAT_000825,LOT_00436,pcb,pcb_cpu_processor,,synthetic://images/pcb_cpu_processor/92a367ff2f5d.jpg,0.22,kg,10,partially_dismantled,shop,954.08,collector,2026-04-20T15:10:00.000Z
MAT_000826,LOT_00436,cable,cable_mixed_scrap,,synthetic://images/cable_mixed_scrap/88051ee981ab.jpg,32.18,kg,1,broken,shop,5363.54,collector,2026-04-20T15:10:00.000Z
MAT_000827,LOT_00437,battery,battery_lead_acid_ups,,synthetic://images/battery_lead_acid_ups/43bb7b164645.jpg,32.22,kg,4,broken,office,2354.06,collector,2026-04-04T10:22:00.000Z
MAT_000828,LOT_00437,cable,cable_copper_house,,synthetic://images/cable_copper_house/8e4f18f15d94.jpg,38.89,kg,1,broken,repair_shop,12601.89,recycler_corrected,2026-04-04T10:22:00.000Z
MAT_000829,LOT_00438,battery,battery_li_ion_mobile,,synthetic://images/battery_li_ion_mobile/eed1b6fcb7d7.jpg,0.36,kg,10,burnt,repair_shop,29.32,collector,2026-07-18T17:44:00.000Z
MAT_000830,LOT_00439,pcb,pcb_ram_gold,,synthetic://images/pcb_ram_gold/9b6b79b7a8ad.jpg,0.38,kg,11,intact,repair_shop,630.11,recycler_corrected,2026-03-20T12:40:00.000Z
MAT_000831,LOT_00439,pcb,pcb_cpu_processor,,synthetic://images/pcb_cpu_processor/501f2ca93366.jpg,0.11,kg,6,intact,household,443.04,collector,2026-03-20T12:40:00.000Z
MAT_000832,LOT_00440,pcb,pcb_ram_gold,,synthetic://images/pcb_ram_gold/3bdadb21ecb7.jpg,0.33,kg,9,broken,aggregator,448.23,collector,2025-11-28T06:32:00.000Z
MAT_000833,LOT_00441,mixed_plastic,plastic_abs_casing,,synthetic://images/plastic_abs_casing/1f07ecd35e78.jpg,31.12,kg,1,intact,aggregator,1017.62,collector,2026-01-24T06:27:00.000Z
MAT_000834,LOT_00442,pcb,pcb_tv_low_grade,,synthetic://images/pcb_tv_low_grade/97c09b4547c4.jpg,1.04,kg,2,broken,repair_shop,96.78,collector,2026-04-15T11:28:00.000Z
MAT_000835,LOT_00442,motor_magnet,motor_small_appliance,,synthetic://images/motor_small_appliance/7ebf3faaf7a5.jpg,9.67,kg,6,broken,repair_shop,1151.11,collector,2026-04-15T11:28:00.000Z
MAT_000836,LOT_00443,mixed_plastic,plastic_abs_casing,,synthetic://images/plastic_abs_casing/d56f3aeac2bb.jpg,19.28,kg,1,intact,household,647.04,collector,2025-12-13T17:21:00.000Z
MAT_000837,LOT_00443,pcb,pcb_ram_gold,,synthetic://images/pcb_ram_gold/538e0c683209.jpg,0.11,kg,3,partially_dismantled,office,191.02,recycler_corrected,2025-12-13T17:21:00.000Z
MAT_000838,LOT_00444,battery,battery_li_ion_mobile,,synthetic://images/battery_li_ion_mobile/41131cebe63f.jpg,0.13,kg,3,intact,street_pickup,24.72,collector,2025-09-18T12:32:00.000Z
MAT_000839,LOT_00445,battery,battery_button_cell,,synthetic://images/battery_button_cell/8b2c52813059.jpg,40.94,kg,1,partially_dismantled,shop,4272.91,collector,2025-11-02T06:52:00.000Z
MAT_000840,LOT_00445,cable,cable_copper_house,,synthetic://images/cable_copper_house/40854382cb64.jpg,42.56,kg,1,intact,shop,14424.86,collector,2025-11-02T06:52:00.000Z
MAT_000841,LOT_00446,motor_magnet,motor_hdd_assembly,,synthetic://images/motor_hdd_assembly/4aa718463b10.jpg,4.56,kg,9,partially_dismantled,household,1148.26,collector,2026-01-25T12:05:00.000Z
MAT_000842,LOT_00446,motor_magnet,motor_fan_ac,,synthetic://images/motor_fan_ac/bdd4ae89f4cc.jpg,18.15,kg,5,partially_dismantled,household,2790.4,collector,2026-01-25T12:05:00.000Z
MAT_000843,LOT_00447,cable,cable_mixed_scrap,,synthetic://images/cable_mixed_scrap/8631ce85540c.jpg,33.6,kg,1,partially_dismantled,street_pickup,7220.76,collector,2025-12-27T16:21:00.000Z
MAT_000844,LOT_00448,motor_magnet,motor_small_appliance,,synthetic://images/motor_small_appliance/012e28198ac8.jpg,12.79,kg,8,intact,household,1719.74,collector,2026-08-07T06:03:00.000Z
MAT_000845,LOT_00449,pcb,pcb_cpu_processor,,synthetic://images/pcb_cpu_processor/222d63acbeca.jpg,0.17,kg,8,intact,aggregator,710.73,collector,2026-05-04T11:19:00.000Z
MAT_000846,LOT_00450,pcb,pcb_power_supply,,synthetic://images/pcb_power_supply/ea9841087502.jpg,15.88,kg,11,broken,repair_shop,1975.51,collector,2025-11-18T16:43:00.000Z
MAT_000847,LOT_00450,cable,cable_copper_house,,synthetic://images/cable_copper_house/13fd9644c2ab.jpg,32.67,kg,1,partially_dismantled,street_pickup,15612.21,collector,2025-11-18T16:43:00.000Z
MAT_000848,LOT_00451,battery,battery_li_ion_mobile,,synthetic://images/battery_li_ion_mobile/a279d2aa7077.jpg,0.41,kg,8,partially_dismantled,aggregator,84.8,collector,2025-12-17T06:44:00.000Z
MAT_000849,LOT_00451,pcb,pcb_cpu_processor,,synthetic://images/pcb_cpu_processor/68964e85f063.jpg,0.05,kg,3,broken,street_pickup,173.08,collector,2025-12-17T06:44:00.000Z
MAT_000850,LOT_00452,cable,cable_copper_house,,synthetic://images/cable_copper_house/cfc0249ee3ee.jpg,26.93,kg,1,intact,repair_shop,12306.47,collector,2026-04-22T08:43:00.000Z
MAT_000851,LOT_00453,crt,crt_yoke,,synthetic://images/crt_yoke/3464df790090.jpg,5.44,kg,7,broken,street_pickup,366.59,collector,2026-01-23T09:43:00.000Z
MAT_000852,LOT_00454,crt,crt_yoke,,synthetic://images/crt_yoke/e884406051b7.jpg,2.38,kg,4,broken,shop,148.77,collector,2025-12-26T14:56:00.000Z
MAT_000853,LOT_00454,crt,crt_monitor,,synthetic://images/crt_monitor/22e4ca8cafe6.jpg,145.64,kg,12,broken,street_pickup,1078.78,collector,2025-12-26T14:56:00.000Z
MAT_000854,LOT_00455,battery,battery_lead_acid_ups,,synthetic://images/battery_lead_acid_ups/5b6655899147.jpg,62.85,kg,7,intact,street_pickup,5923.3,collector,2025-10-03T10:37:00.000Z
MAT_000855,LOT_00456,battery,battery_li_ion_laptop,,synthetic://images/battery_li_ion_laptop/afc8308d76b8.jpg,3.76,kg,9,intact,street_pickup,865.78,collector,2026-07-06T10:13:00.000Z
MAT_000856,LOT_00456,lcd_panel,lcd_tv_panel,,synthetic://images/lcd_tv_panel/2fa46511e8d4.jpg,30.95,kg,5,intact,street_pickup,678.42,collector,2026-07-06T10:13:00.000Z
MAT_000857,LOT_00457,pcb,pcb_cpu_processor,,synthetic://images/pcb_cpu_processor/0dbbb5d0cdbf.jpg,0.11,kg,6,partially_dismantled,aggregator,412.85,recycler_corrected,2026-01-20T07:26:00.000Z
MAT_000858,LOT_00458,cable,cable_mixed_scrap,,synthetic://images/cable_mixed_scrap/84d58529087a.jpg,39.37,kg,1,intact,repair_shop,8311.01,recycler_corrected,2025-11-17T07:57:00.000Z
MAT_000859,LOT_00459,pcb,pcb_mobile,,synthetic://images/pcb_mobile/2badc339f39d.jpg,0.2,kg,10,intact,street_pickup,207.84,collector,2026-02-01T13:28:00.000Z
MAT_000860,LOT_00459,battery,battery_button_cell,,synthetic://images/battery_button_cell/478da43d9591.jpg,39.75,kg,1,intact,street_pickup,3803.28,collector,2026-02-01T13:28:00.000Z
MAT_000861,LOT_00460,lcd_panel,lcd_tv_panel,,synthetic://images/lcd_tv_panel/8ca70d551683.jpg,19.51,kg,2,partially_dismantled,shop,426.1,collector,2025-10-21T15:01:00.000Z
MAT_000862,LOT_00461,mixed_plastic,plastic_abs_casing,,synthetic://images/plastic_abs_casing/5d4585ff7c0a.jpg,21.27,kg,1,intact,household,718.71,collector,2025-09-09T12:19:00.000Z
MAT_000863,LOT_00461,mixed_plastic,plastic_abs_casing,,synthetic://images/plastic_abs_casing/ca64258c8088.jpg,23.18,kg,1,partially_dismantled,aggregator,822.41,collector,2025-09-09T12:19:00.000Z
MAT_000864,LOT_00462,pcb,pcb_cpu_processor,,synthetic://images/pcb_cpu_processor/9f04f1b3156b.jpg,0.12,kg,7,broken,household,351.72,collector,2026-01-07T13:54:00.000Z
MAT_000865,LOT_00463,battery,battery_lead_acid_ups,,synthetic://images/battery_lead_acid_ups/cefcff329a64.jpg,56.44,kg,10,broken,street_pickup,4312.63,collector,2026-05-02T16:31:00.000Z
MAT_000866,LOT_00464,pcb,pcb_ram_gold,,synthetic://images/pcb_ram_gold/eb6fb43a72f3.jpg,0.13,kg,4,broken,street_pickup,176.04,collector,2026-05-20T14:01:00.000Z
MAT_000867,LOT_00464,mixed_plastic,plastic_abs_casing,,synthetic://images/plastic_abs_casing/47cfa55a14b4.jpg,8.72,kg,1,intact,office,303.89,collector,2026-05-20T14:01:00.000Z
MAT_000868,LOT_00465,battery,battery_lead_acid_ups,,synthetic://images/battery_lead_acid_ups/9436ec4a0e96.jpg,46.84,kg,8,partially_dismantled,repair_shop,5068.21,recycler_corrected,2025-12-09T19:27:00.000Z
MAT_000869,LOT_00466,cable,cable_data_thin,,synthetic://images/cable_data_thin/1b6380fc9c4b.jpg,17.39,kg,1,intact,household,2447.12,collector,2026-03-26T10:58:00.000Z
MAT_000870,LOT_00467,mixed_plastic,plastic_abs_casing,,synthetic://images/plastic_abs_casing/0a4a2c2879cd.jpg,12.66,kg,1,partially_dismantled,office,458.87,collector,2026-04-16T07:49:00.000Z
MAT_000871,LOT_00468,mixed_plastic,plastic_hips_tv,,synthetic://images/plastic_hips_tv/a7f1781cf00b.jpg,43.81,kg,1,burnt,street_pickup,497,collector,2026-04-26T13:10:00.000Z
MAT_000872,LOT_00469,motor_magnet,motor_small_appliance,,synthetic://images/motor_small_appliance/c388989d0b4e.jpg,5.37,kg,4,intact,shop,720.76,collector,2026-02-21T12:50:00.000Z
MAT_000873,LOT_00469,crt,crt_monitor,,synthetic://images/crt_monitor/2c4cc00e99c4.jpg,101.01,kg,7,intact,aggregator,836.48,recycler_corrected,2026-02-21T12:50:00.000Z
MAT_000874,LOT_00470,pcb,pcb_mobile,,synthetic://images/pcb_mobile/2ab28104b8a7.jpg,0.07,kg,3,partially_dismantled,household,91.25,recycler_corrected,2026-06-06T16:15:00.000Z
MAT_000875,LOT_00470,pcb,pcb_motherboard,,synthetic://images/pcb_motherboard/08a56284bdeb.jpg,1.78,kg,2,intact,shop,611.7,collector,2026-06-06T16:15:00.000Z
MAT_000876,LOT_00471,cable,cable_aluminium,,synthetic://images/cable_aluminium/147a7382f89f.jpg,1.03,kg,1,partially_dismantled,aggregator,146.43,collector,2025-10-28T07:22:00.000Z
MAT_000877,LOT_00472,motor_magnet,motor_speaker_magnet,,synthetic://images/motor_speaker_magnet/8f0d073eaf9d.jpg,1.44,kg,4,intact,aggregator,102.74,collector,2025-11-09T15:04:00.000Z
MAT_000878,LOT_00472,pcb,pcb_tv_low_grade,,synthetic://images/pcb_tv_low_grade/3a6e505f7559.jpg,2.62,kg,5,intact,repair_shop,269.55,collector,2025-11-09T15:04:00.000Z
MAT_000879,LOT_00472,cable,cable_data_thin,,synthetic://images/cable_data_thin/3808b43d7d0e.jpg,29.21,kg,1,burnt,street_pickup,1701.69,recycler_corrected,2025-11-09T15:04:00.000Z
MAT_000880,LOT_00472,mixed_plastic,plastic_mixed_dirty,,synthetic://images/plastic_mixed_dirty/e6f2f94106ee.jpg,5.29,kg,1,intact,repair_shop,64.75,collector,2025-11-09T15:04:00.000Z
MAT_000881,LOT_00473,motor_magnet,motor_fan_ac,,synthetic://images/motor_fan_ac/2595054f0d83.jpg,3.9,kg,1,partially_dismantled,office,587.1,collector,2025-11-24T18:35:00.000Z
MAT_000882,LOT_00473,cable,cable_data_thin,,synthetic://images/cable_data_thin/d5d32a5bdcd3.jpg,31.76,kg,1,broken,household,3371.55,collector,2025-11-24T18:35:00.000Z
MAT_000883,LOT_00473,cable,cable_mixed_scrap,,synthetic://images/cable_mixed_scrap/3d4c53373a02.jpg,41.81,kg,1,partially_dismantled,repair_shop,8255.05,collector,2025-11-24T18:35:00.000Z
MAT_000884,LOT_00474,mixed_plastic,plastic_mixed_dirty,,synthetic://images/plastic_mixed_dirty/da93d24e34c6.jpg,3.82,kg,1,broken,street_pickup,34.8,collector,2026-03-02T10:54:00.000Z
MAT_000885,LOT_00474,cable,cable_copper_house,,synthetic://images/cable_copper_house/8e3f76a5f5dc.jpg,39.5,kg,1,intact,office,13266.47,recycler_corrected,2026-03-02T10:54:00.000Z
MAT_000886,LOT_00475,pcb,pcb_motherboard,,synthetic://images/pcb_motherboard/8d4fbe2a402c.jpg,5.65,kg,8,burnt,shop,838.47,collector,2025-12-22T09:16:00.000Z
MAT_000887,LOT_00476,crt,crt_tv,,synthetic://images/crt_tv/88849440831e.jpg,229.28,kg,11,partially_dismantled,aggregator,1931.78,collector,2026-02-08T10:00:00.000Z
MAT_000888,LOT_00476,motor_magnet,motor_hdd_assembly,,synthetic://images/motor_hdd_assembly/8790d6f2aa07.jpg,7,kg,11,broken,shop,1499.92,recycler_corrected,2026-02-08T10:00:00.000Z
MAT_000889,LOT_00476,mixed_plastic,plastic_mixed_dirty,,synthetic://images/plastic_mixed_dirty/75e2f10e7745.jpg,28.29,kg,1,partially_dismantled,repair_shop,348.43,recycler_corrected,2026-02-08T10:00:00.000Z
MAT_000890,LOT_00476,motor_magnet,motor_hdd_assembly,,synthetic://images/motor_hdd_assembly/b94648b23653.jpg,3.41,kg,5,broken,street_pickup,730.68,collector,2026-02-08T10:00:00.000Z
MAT_000891,LOT_00477,pcb,pcb_tv_low_grade,,synthetic://images/pcb_tv_low_grade/7858d8a2cade.jpg,4.18,kg,11,partially_dismantled,office,450.22,collector,2026-04-22T13:14:00.000Z
MAT_000892,LOT_00478,crt,crt_yoke,,synthetic://images/crt_yoke/a939a3c8a62c.jpg,5.53,kg,11,wet,office,299.5,collector,2026-05-20T14:37:00.000Z
MAT_000893,LOT_00478,cable,cable_aluminium,,synthetic://images/cable_aluminium/ed7a2f608227.jpg,42.81,kg,1,broken,aggregator,4990.41,collector,2026-05-20T14:37:00.000Z
MAT_000894,LOT_00478,pcb,pcb_motherboard,,synthetic://images/pcb_motherboard/6239c7314364.jpg,6.14,kg,6,intact,aggregator,2157.41,collector,2026-05-20T14:37:00.000Z
MAT_000895,LOT_00479,pcb,pcb_tv_low_grade,,synthetic://images/pcb_tv_low_grade/7d3411a38594.jpg,4.8,kg,12,intact,office,519.22,collector,2025-11-13T08:01:00.000Z
MAT_000896,LOT_00479,crt,crt_tv,,synthetic://images/crt_tv/61879ffa1886.jpg,193.75,kg,12,broken,shop,955.66,collector,2025-11-13T08:01:00.000Z
MAT_000897,LOT_00480,mixed_plastic,plastic_abs_casing,,synthetic://images/plastic_abs_casing/346978473608.jpg,35.45,kg,1,partially_dismantled,repair_shop,1217.18,collector,2025-09-15T18:58:00.000Z
MAT_000898,LOT_00480,motor_magnet,motor_small_appliance,,synthetic://images/motor_small_appliance/20edd4512a0c.jpg,6.59,kg,5,partially_dismantled,repair_shop,918.29,collector,2025-09-15T18:58:00.000Z
MAT_000899,LOT_00481,mixed_plastic,plastic_abs_casing,,synthetic://images/plastic_abs_casing/bba4b90799ab.jpg,31.85,kg,1,burnt,household,471.4,collector,2026-08-21T14:17:00.000Z
MAT_000900,LOT_00481,cable,cable_copper_house,,synthetic://images/cable_copper_house/fe4e8d0b63dc.jpg,3.62,kg,1,partially_dismantled,repair_shop,1509.19,collector,2026-08-21T14:17:00.000Z
MAT_000901,LOT_00482,motor_magnet,motor_speaker_magnet,,synthetic://images/motor_speaker_magnet/474527f5a1a7.jpg,3.66,kg,9,intact,office,271.65,collector,2026-01-21T17:04:00.000Z
MAT_000902,LOT_00482,pcb,pcb_cpu_processor,,synthetic://images/pcb_cpu_processor/68b113f1ccde.jpg,0.15,kg,6,wet,household,443.36,collector,2026-01-21T17:04:00.000Z
MAT_000903,LOT_00482,pcb,pcb_ram_gold,,synthetic://images/pcb_ram_gold/b32777eb6ca5.jpg,0.27,kg,8,intact,office,435.94,collector,2026-01-21T17:04:00.000Z
MAT_000904,LOT_00483,cable,cable_copper_house,,synthetic://images/cable_copper_house/cfb0b13c2310.jpg,3.65,kg,1,intact,street_pickup,1674.95,recycler_corrected,2026-04-06T19:35:00.000Z
MAT_000905,LOT_00483,motor_magnet,motor_speaker_magnet,,synthetic://images/motor_speaker_magnet/7fb90fa68183.jpg,0.66,kg,2,partially_dismantled,repair_shop,48.7,collector,2026-04-06T19:35:00.000Z
MAT_000906,LOT_00484,pcb,pcb_mobile,,synthetic://images/pcb_mobile/93609916158d.jpg,0.26,kg,10,partially_dismantled,aggregator,338.74,collector,2025-11-13T17:59:00.000Z
MAT_000907,LOT_00485,battery,battery_li_ion_mobile,,synthetic://images/battery_li_ion_mobile/9d113e02803c.jpg,0.55,kg,11,partially_dismantled,household,113.89,collector,2025-11-07T10:34:00.000Z
MAT_000908,LOT_00485,battery,battery_li_ion_mobile,,synthetic://images/battery_li_ion_mobile/ca7a168322aa.jpg,0.04,kg,1,intact,shop,7.89,collector,2025-11-07T10:34:00.000Z
MAT_000909,LOT_00485,battery,battery_button_cell,,synthetic://images/battery_button_cell/5bbca4e49853.jpg,13.45,kg,1,broken,repair_shop,1240.87,collector,2025-11-07T10:34:00.000Z
MAT_000910,LOT_00485,battery,battery_lead_acid_ups,,synthetic://images/battery_lead_acid_ups/368b418f7c98.jpg,33.63,kg,4,partially_dismantled,street_pickup,3286.79,collector,2025-11-07T10:34:00.000Z
MAT_000911,LOT_00486,mixed_plastic,plastic_hips_tv,,synthetic://images/plastic_hips_tv/c0068d1614a2.jpg,28.73,kg,1,intact,office,748.13,collector,2026-07-29T06:55:00.000Z
MAT_000912,LOT_00486,pcb,pcb_power_supply,,synthetic://images/pcb_power_supply/b984d82ffef6.jpg,3.96,kg,3,intact,office,595.9,collector,2026-07-29T06:55:00.000Z
MAT_000913,LOT_00487,motor_magnet,motor_hdd_assembly,,synthetic://images/motor_hdd_assembly/154d5fb8a69f.jpg,3.47,kg,5,broken,household,784.28,recycler_corrected,2026-02-15T09:12:00.000Z
MAT_000914,LOT_00488,pcb,pcb_power_supply,,synthetic://images/pcb_power_supply/64d9ddfd1207.jpg,3.04,kg,2,broken,household,376.09,collector,2026-04-01T09:14:00.000Z
MAT_000915,LOT_00488,pcb,pcb_cpu_processor,,synthetic://images/pcb_cpu_processor/9dccaee00cfb.jpg,0.11,kg,5,intact,aggregator,460.88,collector,2026-04-01T09:14:00.000Z
MAT_000916,LOT_00488,cable,cable_copper_house,,synthetic://images/cable_copper_house/ac02ff5d6c1f.jpg,43.61,kg,1,intact,household,19169.21,recycler_corrected,2026-04-01T09:14:00.000Z
MAT_000917,LOT_00488,cable,cable_copper_house,,synthetic://images/cable_copper_house/cc3f5f10c7eb.jpg,20.35,kg,1,wet,repair_shop,6261.53,collector,2026-04-01T09:14:00.000Z
MAT_000918,LOT_00489,battery,battery_li_ion_mobile,,synthetic://images/battery_li_ion_mobile/9b5081e9c38b.jpg,0.23,kg,5,intact,shop,41.69,collector,2026-07-21T08:33:00.000Z
MAT_000919,LOT_00490,cable,cable_data_thin,,synthetic://images/cable_data_thin/3e2b2700c9af.jpg,1.73,kg,1,broken,repair_shop,189.68,collector,2026-01-28T17:13:00.000Z
MAT_000920,LOT_00491,mixed_plastic,plastic_hips_tv,,synthetic://images/plastic_hips_tv/054dc305e264.jpg,35.95,kg,1,broken,shop,778.54,collector,2025-09-29T06:35:00.000Z
MAT_000921,LOT_00491,cable,cable_aluminium,,synthetic://images/cable_aluminium/46acfe5d687f.jpg,3.67,kg,1,partially_dismantled,household,550.09,collector,2025-09-29T06:35:00.000Z
MAT_000922,LOT_00491,cable,cable_data_thin,,synthetic://images/cable_data_thin/11c04c12caef.jpg,39.41,kg,1,broken,office,4683.91,collector,2025-09-29T06:35:00.000Z
MAT_000923,LOT_00492,mixed_plastic,plastic_mixed_dirty,,synthetic://images/plastic_mixed_dirty/7996c7b776e3.jpg,35.61,kg,1,broken,street_pickup,277.4,collector,2025-11-11T14:32:00.000Z
MAT_000924,LOT_00493,cable,cable_aluminium,,synthetic://images/cable_aluminium/47e66465c076.jpg,4.93,kg,1,broken,aggregator,544.01,collector,2025-12-29T15:27:00.000Z
MAT_000925,LOT_00494,mixed_plastic,plastic_hips_tv,,synthetic://images/plastic_hips_tv/81fbd5703fce.jpg,37.81,kg,1,broken,repair_shop,714.34,collector,2026-06-16T13:37:00.000Z
MAT_000926,LOT_00494,cable,cable_aluminium,,synthetic://images/cable_aluminium/2e26e6f5ad4f.jpg,10.91,kg,1,broken,aggregator,1220.62,recycler_corrected,2026-06-16T13:37:00.000Z
MAT_000927,LOT_00494,battery,battery_lead_acid_ups,,synthetic://images/battery_lead_acid_ups/fb62a7c22e2c.jpg,28.46,kg,4,broken,office,2034.54,recycler_corrected,2026-06-16T13:37:00.000Z
MAT_000928,LOT_00494,battery,battery_li_ion_laptop,,synthetic://images/battery_li_ion_laptop/d6d9260304bd.jpg,1.36,kg,3,burnt,office,125.74,collector,2026-06-16T13:37:00.000Z
MAT_000929,LOT_00495,mixed_plastic,plastic_abs_casing,,synthetic://images/plastic_abs_casing/04de2665a173.jpg,7.84,kg,1,broken,shop,204.95,collector,2026-05-24T16:21:00.000Z
MAT_000930,LOT_00495,crt,crt_monitor,,synthetic://images/crt_monitor/0fca94579420.jpg,78.77,kg,8,intact,household,716.41,collector,2026-05-24T16:21:00.000Z
MAT_000931,LOT_00495,cable,cable_mixed_scrap,,synthetic://images/cable_mixed_scrap/c4f042742f18.jpg,19.35,kg,1,partially_dismantled,repair_shop,4156.96,collector,2026-05-24T16:21:00.000Z
MAT_000932,LOT_00496,battery,battery_li_ion_laptop,,synthetic://images/battery_li_ion_laptop/17b583f4835f.jpg,2.01,kg,7,intact,household,455.37,collector,2025-10-03T16:40:00.000Z
MAT_000933,LOT_00496,cable,cable_mixed_scrap,,synthetic://images/cable_mixed_scrap/9250eaca210a.jpg,38.64,kg,1,intact,office,7602.03,collector,2025-10-03T16:40:00.000Z
MAT_000934,LOT_00497,pcb,pcb_cpu_processor,,synthetic://images/pcb_cpu_processor/75cf70bc5185.jpg,0.11,kg,6,intact,street_pickup,464.36,recycler_corrected,2025-12-23T09:07:00.000Z
MAT_000935,LOT_00497,crt,crt_yoke,,synthetic://images/crt_yoke/93687d6be6b0.jpg,2.04,kg,3,partially_dismantled,repair_shop,164.7,recycler_corrected,2025-12-23T09:07:00.000Z
MAT_000936,LOT_00498,motor_magnet,motor_speaker_magnet,,synthetic://images/motor_speaker_magnet/2fd7bba52f48.jpg,3.53,kg,9,partially_dismantled,street_pickup,275.43,collector,2026-04-06T08:33:00.000Z
MAT_000937,LOT_00499,cable,cable_copper_house,,synthetic://images/cable_copper_house/e8bdd4dd59bd.jpg,28.7,kg,1,intact,aggregator,11463.07,recycler_corrected,2025-12-10T13:04:00.000Z
MAT_000938,LOT_00499,cable,cable_data_thin,,synthetic://images/cable_data_thin/901ede116879.jpg,1.82,kg,1,intact,household,223.33,collector,2025-12-10T13:04:00.000Z
MAT_000939,LOT_00500,pcb,pcb_mobile,,synthetic://images/pcb_mobile/9b762782373e.jpg,0.17,kg,10,intact,household,176.67,collector,2026-02-25T14:13:00.000Z
MAT_000940,LOT_00500,motor_magnet,motor_hdd_assembly,,synthetic://images/motor_hdd_assembly/a9a0a3d2d523.jpg,1.99,kg,3,intact,household,517,recycler_corrected,2026-02-25T14:13:00.000Z
MAT_000941,LOT_00501,cable,cable_mixed_scrap,,synthetic://images/cable_mixed_scrap/33170dc1aab1.jpg,4.43,kg,1,intact,office,867.35,collector,2026-01-12T08:42:00.000Z
MAT_000942,LOT_00501,pcb,pcb_mobile,,synthetic://images/pcb_mobile/203f9337b741.jpg,0.26,kg,11,intact,aggregator,270.42,collector,2026-01-12T08:42:00.000Z
MAT_000943,LOT_00502,pcb,pcb_motherboard,,synthetic://images/pcb_motherboard/1803628fd3bf.jpg,3.66,kg,4,intact,street_pickup,1303.73,collector,2026-02-26T16:06:00.000Z
MAT_000944,LOT_00502,pcb,pcb_cpu_processor,,synthetic://images/pcb_cpu_processor/fffba0852adc.jpg,0.09,kg,5,partially_dismantled,office,400.97,collector,2026-02-26T16:06:00.000Z
MAT_000945,LOT_00502,lcd_panel,lcd_laptop_panel,,synthetic://images/lcd_laptop_panel/0a63ae68ef75.jpg,5.92,kg,10,intact,office,330.1,collector,2026-02-26T16:06:00.000Z
MAT_000946,LOT_00502,crt,crt_monitor,,synthetic://images/crt_monitor/de697fd1ddc4.jpg,52.98,kg,4,intact,street_pickup,465.48,collector,2026-02-26T16:06:00.000Z
MAT_000947,LOT_00503,mixed_plastic,plastic_hips_tv,,synthetic://images/plastic_hips_tv/a739da0ee04d.jpg,18.52,kg,1,intact,shop,433.37,collector,2026-03-09T06:44:00.000Z
MAT_000948,LOT_00504,crt,crt_yoke,,synthetic://images/crt_yoke/9bb3b0cbc385.jpg,8.92,kg,12,intact,repair_shop,641.35,collector,2026-01-22T13:32:00.000Z
MAT_000949,LOT_00504,lcd_panel,led_backlight_strip,,synthetic://images/led_backlight_strip/5d4dcf5e374c.jpg,41.85,kg,1,partially_dismantled,repair_shop,4052.82,collector,2026-01-22T13:32:00.000Z
MAT_000950,LOT_00505,cable,cable_mixed_scrap,,synthetic://images/cable_mixed_scrap/ecb6aea96364.jpg,15.2,kg,1,intact,shop,3096.7,collector,2025-10-10T13:39:00.000Z
MAT_000951,LOT_00505,cable,cable_data_thin,,synthetic://images/cable_data_thin/8ce7894aa24d.jpg,32.57,kg,1,broken,shop,3899.55,collector,2025-10-10T13:39:00.000Z
MAT_000952,LOT_00506,mixed_plastic,plastic_hips_tv,,synthetic://images/plastic_hips_tv/5625e95d0f4e.jpg,28.88,kg,1,partially_dismantled,shop,800.86,collector,2025-10-02T12:34:00.000Z
MAT_000953,LOT_00506,motor_magnet,motor_small_appliance,,synthetic://images/motor_small_appliance/2ff720de6859.jpg,13.35,kg,7,partially_dismantled,street_pickup,2037.72,collector,2025-10-02T12:34:00.000Z
MAT_000954,LOT_00506,crt,crt_tv,,synthetic://images/crt_tv/e710b537e85a.jpg,105.94,kg,7,intact,aggregator,820.57,collector,2025-10-02T12:34:00.000Z
MAT_000955,LOT_00507,pcb,pcb_power_supply,,synthetic://images/pcb_power_supply/65ef2496d375.jpg,13.89,kg,10,broken,household,1529.88,collector,2026-07-12T07:00:00.000Z
MAT_000956,LOT_00508,pcb,pcb_mobile,,synthetic://images/pcb_mobile/3689df0ccecb.jpg,0.06,kg,3,intact,office,75.19,collector,2025-11-15T10:42:00.000Z
MAT_000957,LOT_00509,lcd_panel,lcd_laptop_panel,,synthetic://images/lcd_laptop_panel/3f4e9b9700cf.jpg,4.08,kg,7,intact,aggregator,187.68,collector,2026-07-22T17:55:00.000Z
MAT_000958,LOT_00509,crt,crt_yoke,,synthetic://images/crt_yoke/58ccaed34a22.jpg,1.58,kg,3,intact,repair_shop,108.9,recycler_corrected,2026-07-22T17:55:00.000Z
MAT_000959,LOT_00509,cable,cable_aluminium,,synthetic://images/cable_aluminium/34251b2143a2.jpg,11.23,kg,1,intact,office,1331.99,collector,2026-07-22T17:55:00.000Z
MAT_000960,LOT_00510,mixed_plastic,plastic_hips_tv,,synthetic://images/plastic_hips_tv/33584a0d21b0.jpg,3.69,kg,1,intact,repair_shop,97.45,recycler_corrected,2025-10-08T18:14:00.000Z
MAT_000961,LOT_00511,lcd_panel,led_backlight_strip,,synthetic://images/led_backlight_strip/22e7fe3289a4.jpg,41.65,kg,1,partially_dismantled,household,4094.67,collector,2025-12-26T07:22:00.000Z
MAT_000962,LOT_00511,cable,cable_mixed_scrap,,synthetic://images/cable_mixed_scrap/17c160f4d24c.jpg,4.96,kg,1,intact,aggregator,929.45,recycler_corrected,2025-12-26T07:22:00.000Z
MAT_000963,LOT_00512,mixed_plastic,plastic_mixed_dirty,,synthetic://images/plastic_mixed_dirty/7c916e3d1096.jpg,21.69,kg,1,partially_dismantled,office,219.55,collector,2026-06-20T11:58:00.000Z
MAT_000964,LOT_00513,cable,cable_mixed_scrap,,synthetic://images/cable_mixed_scrap/4d1cf7181e5a.jpg,9.52,kg,1,partially_dismantled,repair_shop,1873.85,collector,2026-03-31T09:52:00.000Z
MAT_000965,LOT_00513,cable,cable_aluminium,,synthetic://images/cable_aluminium/c8a24a1ef872.jpg,35.12,kg,1,broken,shop,3924.07,recycler_corrected,2026-03-31T09:52:00.000Z
MAT_000966,LOT_00513,mixed_plastic,plastic_abs_casing,,synthetic://images/plastic_abs_casing/e53b2b297ccc.jpg,38.85,kg,1,intact,aggregator,1317.79,collector,2026-03-31T09:52:00.000Z
MAT_000967,LOT_00513,lcd_panel,lcd_monitor_panel,,synthetic://images/lcd_monitor_panel/a57407eed346.jpg,38.98,kg,11,partially_dismantled,household,978.2,collector,2026-03-31T09:52:00.000Z
MAT_000968,LOT_00514,pcb,pcb_mobile,,synthetic://images/pcb_mobile/703e52c55d79.jpg,0.22,kg,11,partially_dismantled,aggregator,286.86,collector,2026-01-05T10:41:00.000Z
MAT_000969,LOT_00514,battery,battery_lead_acid_ups,,synthetic://images/battery_lead_acid_ups/4ae6d79a662c.jpg,37.85,kg,6,broken,shop,2886.13,collector,2026-01-05T10:41:00.000Z
MAT_000970,LOT_00514,cable,cable_copper_house,,synthetic://images/cable_copper_house/5e62ea3cee79.jpg,2.75,kg,1,intact,aggregator,1250.15,collector,2026-01-05T10:41:00.000Z
MAT_000971,LOT_00515,pcb,pcb_power_supply,,synthetic://images/pcb_power_supply/e4e840ac402b.jpg,14.8,kg,12,burnt,repair_shop,1007.66,collector,2026-05-27T17:36:00.000Z
MAT_000972,LOT_00515,mixed_plastic,plastic_mixed_dirty,,synthetic://images/plastic_mixed_dirty/a69006ee252f.jpg,20.63,kg,1,partially_dismantled,shop,256.26,collector,2026-05-27T17:36:00.000Z
MAT_000973,LOT_00515,pcb,pcb_mobile,,synthetic://images/pcb_mobile/736c60fe2050.jpg,0.04,kg,2,intact,shop,49.67,recycler_corrected,2026-05-27T17:36:00.000Z
MAT_000974,LOT_00515,pcb,pcb_power_supply,,synthetic://images/pcb_power_supply/1ef9cab56924.jpg,14.83,kg,12,burnt,household,1009.7,recycler_corrected,2026-05-27T17:36:00.000Z
MAT_000975,LOT_00516,pcb,pcb_cpu_processor,,synthetic://images/pcb_cpu_processor/d744aa24e8dc.jpg,0.24,kg,11,burnt,street_pickup,455.92,collector,2025-12-21T09:50:00.000Z
MAT_000976,LOT_00516,pcb,pcb_tv_low_grade,,synthetic://images/pcb_tv_low_grade/af30d87d35a7.jpg,1.16,kg,3,intact,aggregator,131.9,collector,2025-12-21T09:50:00.000Z
MAT_000977,LOT_00517,cable,cable_mixed_scrap,,synthetic://images/cable_mixed_scrap/e06af9b43f0a.jpg,18.08,kg,1,partially_dismantled,repair_shop,3841.6,collector,2025-12-04T11:25:00.000Z
MAT_000978,LOT_00517,pcb,pcb_ram_gold,,synthetic://images/pcb_ram_gold/5d04790a608d.jpg,0.03,kg,1,intact,office,48.44,collector,2025-12-04T11:25:00.000Z
MAT_000979,LOT_00518,battery,battery_li_ion_mobile,,synthetic://images/battery_li_ion_mobile/6363752e0583.jpg,0.12,kg,3,wet,street_pickup,16.29,collector,2025-11-11T17:11:00.000Z
MAT_000980,LOT_00518,mixed_plastic,plastic_mixed_dirty,,synthetic://images/plastic_mixed_dirty/aff1978d1ad2.jpg,18.77,kg,1,intact,street_pickup,229.74,collector,2025-11-11T17:11:00.000Z
MAT_000981,LOT_00519,battery,battery_lead_acid_ups,,synthetic://images/battery_lead_acid_ups/88f1d183f1c3.jpg,46.6,kg,8,broken,repair_shop,2695.86,collector,2026-08-27T16:16:00.000Z
MAT_000982,LOT_00519,cable,cable_aluminium,,synthetic://images/cable_aluminium/16d791217cb4.jpg,16.85,kg,1,intact,aggregator,1962.35,collector,2026-08-27T16:16:00.000Z
MAT_000983,LOT_00519,mixed_plastic,plastic_abs_casing,,synthetic://images/plastic_abs_casing/0753f3541df0.jpg,17.9,kg,1,partially_dismantled,household,550.69,collector,2026-08-27T16:16:00.000Z
MAT_000984,LOT_00520,cable,cable_mixed_scrap,,synthetic://images/cable_mixed_scrap/ac5e3f322e3f.jpg,22.88,kg,1,partially_dismantled,aggregator,4390.15,collector,2026-05-11T19:37:00.000Z
MAT_000985,LOT_00521,pcb,pcb_power_supply,,synthetic://images/pcb_power_supply/7cc1580244c3.jpg,8.99,kg,6,intact,household,1313.08,collector,2026-08-25T17:11:00.000Z
MAT_000986,LOT_00522,cable,cable_aluminium,,synthetic://images/cable_aluminium/122e8a228916.jpg,22.77,kg,1,intact,shop,3102.64,collector,2026-03-30T19:24:00.000Z
MAT_000987,LOT_00522,cable,cable_copper_house,,synthetic://images/cable_copper_house/9e9c25a613a8.jpg,3.94,kg,1,broken,shop,1279.4,collector,2026-03-30T19:24:00.000Z
MAT_000988,LOT_00523,battery,battery_lead_acid_ups,,synthetic://images/battery_lead_acid_ups/07ee6ebe3cea.jpg,12.29,kg,2,intact,household,989.96,collector,2025-09-12T16:09:00.000Z
MAT_000989,LOT_00524,battery,battery_li_ion_mobile,,synthetic://images/battery_li_ion_mobile/f07358710231.jpg,0.11,kg,3,broken,street_pickup,17.49,collector,2025-11-02T11:19:00.000Z
MAT_000990,LOT_00525,lcd_panel,lcd_laptop_panel,,synthetic://images/lcd_laptop_panel/c73298c62014.jpg,2.53,kg,6,partially_dismantled,repair_shop,147.83,collector,2025-09-28T12:04:00.000Z
MAT_000991,LOT_00525,cable,cable_mixed_scrap,,synthetic://images/cable_mixed_scrap/115fd3b92032.jpg,28.72,kg,1,burnt,repair_shop,2633.01,collector,2025-09-28T12:04:00.000Z
MAT_000992,LOT_00526,cable,cable_aluminium,,synthetic://images/cable_aluminium/37996acbc478.jpg,16.88,kg,1,intact,repair_shop,2263.95,collector,2025-11-24T14:02:00.000Z
MAT_000993,LOT_00527,cable,cable_mixed_scrap,,synthetic://images/cable_mixed_scrap/b89f399a150d.jpg,11,kg,1,partially_dismantled,household,2171.86,collector,2025-11-23T19:26:00.000Z
MAT_000994,LOT_00527,pcb,pcb_tv_low_grade,,synthetic://images/pcb_tv_low_grade/16158bcc023d.jpg,4.3,kg,9,intact,street_pickup,442.38,collector,2025-11-23T19:26:00.000Z
MAT_000995,LOT_00528,lcd_panel,led_backlight_strip,,synthetic://images/led_backlight_strip/267f7b417649.jpg,41.06,kg,1,wet,street_pickup,3048.66,collector,2026-01-13T15:31:00.000Z
MAT_000996,LOT_00529,battery,battery_li_ion_mobile,,synthetic://images/battery_li_ion_mobile/4054c2649cd1.jpg,0.29,kg,8,intact,repair_shop,55.71,collector,2026-04-20T09:02:00.000Z
MAT_000997,LOT_00529,mixed_plastic,plastic_hips_tv,,synthetic://images/plastic_hips_tv/a472f60f4716.jpg,23.12,kg,1,broken,office,477.94,collector,2026-04-20T09:02:00.000Z
MAT_000998,LOT_00529,cable,cable_copper_house,,synthetic://images/cable_copper_house/d2dcdbc46885.jpg,8.71,kg,1,intact,household,3672.4,collector,2026-04-20T09:02:00.000Z
MAT_000999,LOT_00530,pcb,pcb_ram_gold,,synthetic://images/pcb_ram_gold/3ee362867e87.jpg,0.04,kg,1,broken,household,50,collector,2026-03-24T09:44:00.000Z
MAT_001000,LOT_00531,motor_magnet,motor_small_appliance,,synthetic://images/motor_small_appliance/48e7e9cdff1b.jpg,19.16,kg,11,wet,office,1802.3,collector,2026-06-14T08:29:00.000Z
MAT_001001,LOT_00532,crt,crt_tv,,synthetic://images/crt_tv/0ed320c4426d.jpg,36,kg,2,partially_dismantled,shop,285.77,collector,2025-09-25T18:16:00.000Z
MAT_001002,LOT_00533,motor_magnet,motor_speaker_magnet,,synthetic://images/motor_speaker_magnet/24f23a38d115.jpg,6.09,kg,12,intact,household,457.36,collector,2025-11-27T16:22:00.000Z
MAT_001003,LOT_00533,motor_magnet,motor_speaker_magnet,,synthetic://images/motor_speaker_magnet/ee2da616fe0e.jpg,2.87,kg,7,intact,office,215.54,collector,2025-11-27T16:22:00.000Z
MAT_001004,LOT_00534,crt,crt_monitor,,synthetic://images/crt_monitor/7e590bc8be37.jpg,45.94,kg,4,broken,office,309.65,recycler_corrected,2026-07-07T08:59:00.000Z
MAT_001005,LOT_00534,pcb,pcb_tv_low_grade,,synthetic://images/pcb_tv_low_grade/08a08c17b40d.jpg,4.73,kg,12,partially_dismantled,household,506.43,collector,2026-07-07T08:59:00.000Z
MAT_001006,LOT_00535,crt,crt_tv,,synthetic://images/crt_tv/b3606b123e3b.jpg,116.01,kg,5,broken,aggregator,731.93,recycler_corrected,2026-06-20T13:40:00.000Z
MAT_001007,LOT_00535,pcb,pcb_ram_gold,,synthetic://images/pcb_ram_gold/89775216c0ff.jpg,0.03,kg,1,broken,repair_shop,40.32,collector,2026-06-20T13:40:00.000Z
MAT_001008,LOT_00535,motor_magnet,motor_small_appliance,,synthetic://images/motor_small_appliance/aec28b71d2c5.jpg,4.49,kg,3,intact,aggregator,655.85,collector,2026-06-20T13:40:00.000Z
MAT_001009,LOT_00536,battery,battery_button_cell,,synthetic://images/battery_button_cell/555ef769242e.jpg,11.63,kg,1,intact,household,1032.74,collector,2026-06-28T14:06:00.000Z
MAT_001010,LOT_00536,pcb,pcb_motherboard,,synthetic://images/pcb_motherboard/22551ea19907.jpg,0.92,kg,1,broken,office,224.77,collector,2026-06-28T14:06:00.000Z
MAT_001011,LOT_00537,pcb,pcb_tv_low_grade,,synthetic://images/pcb_tv_low_grade/b6d6ae97731f.jpg,2.88,kg,5,partially_dismantled,street_pickup,310.26,collector,2026-05-28T11:21:00.000Z
MAT_001012,LOT_00537,pcb,pcb_motherboard,,synthetic://images/pcb_motherboard/b7a174ee68f6.jpg,6.35,kg,9,wet,aggregator,1450.85,recycler_corrected,2026-05-28T11:21:00.000Z
MAT_001013,LOT_00537,cable,cable_data_thin,,synthetic://images/cable_data_thin/e9a8f5974aa1.jpg,11.97,kg,1,broken,household,1265.5,collector,2026-05-28T11:21:00.000Z
MAT_001014,LOT_00538,battery,battery_lead_acid_ups,,synthetic://images/battery_lead_acid_ups/6d2e1b59ee07.jpg,57.6,kg,8,wet,shop,3236.82,collector,2026-04-20T13:38:00.000Z
MAT_001015,LOT_00539,motor_magnet,motor_fan_ac,,synthetic://images/motor_fan_ac/9f2a377664ad.jpg,17.25,kg,7,intact,aggregator,2762.76,collector,2026-01-28T14:00:00.000Z
MAT_001016,LOT_00539,pcb,pcb_mobile,,synthetic://images/pcb_mobile/b4072fc85a51.jpg,0.02,kg,1,broken,repair_shop,20.37,collector,2026-01-28T14:00:00.000Z
MAT_001017,LOT_00539,cable,cable_mixed_scrap,,synthetic://images/cable_mixed_scrap/a57f9eabc553.jpg,37.58,kg,1,partially_dismantled,office,7873.65,collector,2026-01-28T14:00:00.000Z
MAT_001018,LOT_00540,motor_magnet,motor_speaker_magnet,,synthetic://images/motor_speaker_magnet/189b6c94b76c.jpg,2.36,kg,5,broken,shop,144.73,recycler_corrected,2026-04-01T13:20:00.000Z
MAT_001019,LOT_00540,motor_magnet,motor_speaker_magnet,,synthetic://images/motor_speaker_magnet/14773a1132bd.jpg,0.94,kg,2,partially_dismantled,repair_shop,70.13,collector,2026-04-01T13:20:00.000Z
MAT_001020,LOT_00541,lcd_panel,led_backlight_strip,,synthetic://images/led_backlight_strip/1b37bca70265.jpg,20.73,kg,1,intact,office,1940.95,collector,2025-12-25T17:06:00.000Z
MAT_001021,LOT_00542,cable,cable_data_thin,,synthetic://images/cable_data_thin/4b7bc369a8a3.jpg,19.75,kg,1,partially_dismantled,repair_shop,3005.69,collector,2025-09-17T13:19:00.000Z
MAT_001022,LOT_00543,cable,cable_aluminium,,synthetic://images/cable_aluminium/40c3b4115518.jpg,43.02,kg,1,partially_dismantled,shop,6149.13,collector,2026-03-24T06:02:00.000Z
MAT_001023,LOT_00544,cable,cable_copper_house,,synthetic://images/cable_copper_house/2e80328dea46.jpg,3.92,kg,1,intact,repair_shop,1792.18,collector,2026-09-01T18:06:00.000Z
MAT_001024,LOT_00545,battery,battery_lead_acid_ups,,synthetic://images/battery_lead_acid_ups/abdcfb109fe8.jpg,106.01,kg,12,intact,office,10136.14,collector,2025-10-23T14:51:00.000Z
MAT_001025,LOT_00545,battery,battery_li_ion_mobile,,synthetic://images/battery_li_ion_mobile/a7a41c2ba8e4.jpg,0.51,kg,11,intact,street_pickup,100.46,collector,2025-10-23T14:51:00.000Z
MAT_001026,LOT_00545,battery,battery_li_ion_mobile,,synthetic://images/battery_li_ion_mobile/69a4efdf5df2.jpg,0.22,kg,5,partially_dismantled,repair_shop,45.5,collector,2025-10-23T14:51:00.000Z
MAT_001027,LOT_00546,motor_magnet,motor_fan_ac,,synthetic://images/motor_fan_ac/a3bf293c99e7.jpg,5.07,kg,2,partially_dismantled,street_pickup,837.65,collector,2026-02-16T14:55:00.000Z
MAT_001028,LOT_00546,pcb,pcb_motherboard,,synthetic://images/pcb_motherboard/525217da340d.jpg,6.26,kg,8,intact,repair_shop,2128.71,collector,2026-02-16T14:55:00.000Z
MAT_001029,LOT_00547,pcb,pcb_motherboard,,synthetic://images/pcb_motherboard/2804af49ef90.jpg,5.1,kg,5,broken,aggregator,1354.17,recycler_corrected,2026-01-06T17:43:00.000Z
MAT_001030,LOT_00548,pcb,pcb_cpu_processor,,synthetic://images/pcb_cpu_processor/a6554add33b9.jpg,0.07,kg,3,partially_dismantled,household,350.78,collector,2025-11-05T08:44:00.000Z
MAT_001031,LOT_00549,motor_magnet,motor_small_appliance,,synthetic://images/motor_small_appliance/479981728389.jpg,1.83,kg,1,intact,shop,253.51,collector,2025-09-05T17:03:00.000Z
MAT_001032,LOT_00550,motor_magnet,motor_fan_ac,,synthetic://images/motor_fan_ac/9b160e08d857.jpg,14.51,kg,4,intact,office,2283.15,collector,2025-12-09T17:22:00.000Z
MAT_001033,LOT_00550,motor_magnet,motor_hdd_assembly,,synthetic://images/motor_hdd_assembly/0ce77dc32e03.jpg,4.72,kg,9,partially_dismantled,street_pickup,1392.19,collector,2025-12-09T17:22:00.000Z
MAT_001034,LOT_00551,pcb,pcb_power_supply,,synthetic://images/pcb_power_supply/1568c0664978.jpg,14.77,kg,12,partially_dismantled,street_pickup,2168.55,collector,2025-12-02T18:45:00.000Z
MAT_001035,LOT_00551,pcb,pcb_ram_gold,,synthetic://images/pcb_ram_gold/307f980bc8d1.jpg,0.2,kg,6,broken,household,249.45,collector,2025-12-02T18:45:00.000Z
MAT_001036,LOT_00551,lcd_panel,lcd_tv_panel,,synthetic://images/lcd_tv_panel/11dd47c37216.jpg,7.42,kg,1,wet,office,110.74,recycler_corrected,2025-12-02T18:45:00.000Z
MAT_001037,LOT_00552,mixed_plastic,plastic_hips_tv,,synthetic://images/plastic_hips_tv/4e9efa24ea54.jpg,34.61,kg,1,intact,household,853.48,collector,2025-09-10T19:44:00.000Z
MAT_001038,LOT_00553,battery,battery_li_ion_mobile,,synthetic://images/battery_li_ion_mobile/5988f7165ee9.jpg,0.37,kg,10,broken,household,59.76,collector,2025-10-21T13:36:00.000Z
MAT_001039,LOT_00553,cable,cable_copper_house,,synthetic://images/cable_copper_house/ebc3040dc519.jpg,20.72,kg,1,wet,street_pickup,6621.51,collector,2025-10-21T13:36:00.000Z
MAT_001040,LOT_00554,mixed_plastic,plastic_mixed_dirty,,synthetic://images/plastic_mixed_dirty/d037f9e12170.jpg,36,kg,1,partially_dismantled,aggregator,464.18,collector,2025-10-12T08:42:00.000Z
MAT_001041,LOT_00554,battery,battery_button_cell,,synthetic://images/battery_button_cell/17f2f49cd4fa.jpg,16.53,kg,1,broken,aggregator,1288.36,collector,2025-10-12T08:42:00.000Z
MAT_001042,LOT_00554,crt,crt_yoke,,synthetic://images/crt_yoke/f49071272a5b.jpg,7.26,kg,10,partially_dismantled,repair_shop,553.35,collector,2025-10-12T08:42:00.000Z
MAT_001043,LOT_00554,battery,battery_lead_acid_ups,,synthetic://images/battery_lead_acid_ups/503a45ec7e07.jpg,17.36,kg,2,burnt,household,714.8,collector,2025-10-12T08:42:00.000Z
MAT_001044,LOT_00555,pcb,pcb_mobile,,synthetic://images/pcb_mobile/a19a8a37ab67.jpg,0.1,kg,6,intact,aggregator,114.34,recycler_corrected,2026-07-06T06:18:00.000Z
MAT_001045,LOT_00555,motor_magnet,motor_speaker_magnet,,synthetic://images/motor_speaker_magnet/2d87d3c39f58.jpg,2.26,kg,5,intact,street_pickup,155.28,collector,2026-07-06T06:18:00.000Z
MAT_001046,LOT_00555,mixed_plastic,plastic_hips_tv,,synthetic://images/plastic_hips_tv/5789331254c8.jpg,38.95,kg,1,intact,shop,980.76,collector,2026-07-06T06:18:00.000Z
MAT_001047,LOT_00556,battery,battery_lead_acid_ups,,synthetic://images/battery_lead_acid_ups/e06b60db866e.jpg,70.52,kg,12,partially_dismantled,aggregator,5944.28,collector,2026-04-03T12:12:00.000Z
MAT_001048,LOT_00556,mixed_plastic,plastic_abs_casing,,synthetic://images/plastic_abs_casing/a68a6ead245e.jpg,21.5,kg,1,intact,shop,648.44,collector,2026-04-03T12:12:00.000Z
MAT_001049,LOT_00556,battery,battery_li_ion_mobile,,synthetic://images/battery_li_ion_mobile/efb6d4abed12.jpg,0.4,kg,8,burnt,street_pickup,30.53,collector,2026-04-03T12:12:00.000Z
MAT_001050,LOT_00556,mixed_plastic,plastic_hips_tv,,synthetic://images/plastic_hips_tv/6d960f3c1940.jpg,42.68,kg,1,intact,street_pickup,957.74,collector,2026-04-03T12:12:00.000Z
MAT_001051,LOT_00557,pcb,pcb_tv_low_grade,,synthetic://images/pcb_tv_low_grade/546b5398b5da.jpg,3.62,kg,7,intact,office,380.79,collector,2026-02-09T13:57:00.000Z
MAT_001052,LOT_00557,mixed_plastic,plastic_hips_tv,,synthetic://images/plastic_hips_tv/e48dbe1bd417.jpg,8.24,kg,1,intact,street_pickup,195.29,collector,2026-02-09T13:57:00.000Z
MAT_001053,LOT_00557,battery,battery_li_ion_mobile,,synthetic://images/battery_li_ion_mobile/1e19934fa24e.jpg,0.08,kg,2,broken,office,12.37,collector,2026-02-09T13:57:00.000Z
MAT_001054,LOT_00558,lcd_panel,led_backlight_strip,,synthetic://images/led_backlight_strip/6941a2ec116e.jpg,4.83,kg,1,partially_dismantled,shop,537.93,collector,2026-02-06T16:36:00.000Z
MAT_001055,LOT_00558,cable,cable_mixed_scrap,,synthetic://images/cable_mixed_scrap/7e16d5b378d1.jpg,30.6,kg,1,wet,repair_shop,4497.34,collector,2026-02-06T16:36:00.000Z
MAT_001056,LOT_00558,lcd_panel,lcd_monitor_panel,,synthetic://images/lcd_monitor_panel/4bfb88a5a496.jpg,14.29,kg,5,broken,household,315.09,collector,2026-02-06T16:36:00.000Z
MAT_001057,LOT_00558,pcb,pcb_ram_gold,,synthetic://images/pcb_ram_gold/2721c3b9c6b9.jpg,0.12,kg,4,partially_dismantled,street_pickup,235.6,collector,2026-02-06T16:36:00.000Z
MAT_001058,LOT_00559,pcb,pcb_cpu_processor,,synthetic://images/pcb_cpu_processor/f21d214c861e.jpg,0.02,kg,1,partially_dismantled,household,100.5,collector,2026-02-11T15:57:00.000Z
MAT_001059,LOT_00560,mixed_plastic,plastic_hips_tv,,synthetic://images/plastic_hips_tv/6f80cd293893.jpg,3.92,kg,1,burnt,shop,41.63,collector,2026-07-04T10:12:00.000Z
MAT_001060,LOT_00561,pcb,pcb_mobile,,synthetic://images/pcb_mobile/b6de1dddb5e4.jpg,0.26,kg,12,intact,aggregator,326.99,collector,2026-02-14T13:33:00.000Z
MAT_001061,LOT_00562,lcd_panel,lcd_laptop_panel,,synthetic://images/lcd_laptop_panel/1f4c3d88e63a.jpg,3.36,kg,7,partially_dismantled,aggregator,166.94,collector,2026-05-29T07:01:00.000Z
MAT_001062,LOT_00562,pcb,pcb_power_supply,,synthetic://images/pcb_power_supply/6161b4504f3b.jpg,12.99,kg,11,partially_dismantled,aggregator,1840.65,collector,2026-05-29T07:01:00.000Z
MAT_001063,LOT_00563,pcb,pcb_ram_gold,,synthetic://images/pcb_ram_gold/88f02f93beb3.jpg,0.12,kg,4,intact,aggregator,188.31,collector,2026-02-12T12:14:00.000Z
MAT_001064,LOT_00564,pcb,pcb_ram_gold,,synthetic://images/pcb_ram_gold/28bb56720dd4.jpg,0.45,kg,12,broken,office,511.75,collector,2025-10-15T18:56:00.000Z
MAT_001065,LOT_00565,pcb,pcb_ram_gold,,synthetic://images/pcb_ram_gold/556c52fc5434.jpg,0.32,kg,11,intact,household,511.53,collector,2025-09-18T17:31:00.000Z
MAT_001066,LOT_00566,battery,battery_li_ion_laptop,,synthetic://images/battery_li_ion_laptop/d9fe39c3f954.jpg,4.68,kg,12,intact,repair_shop,1196.72,collector,2025-10-31T14:09:00.000Z
MAT_001067,LOT_00567,battery,battery_lead_acid_ups,,synthetic://images/battery_lead_acid_ups/24996db4a282.jpg,24.35,kg,3,wet,aggregator,1485.98,collector,2026-06-12T09:53:00.000Z
MAT_001068,LOT_00567,mixed_plastic,plastic_mixed_dirty,,synthetic://images/plastic_mixed_dirty/f6642b4ba517.jpg,22.76,kg,1,intact,repair_shop,287.23,collector,2026-06-12T09:53:00.000Z
MAT_001069,LOT_00568,cable,cable_data_thin,,synthetic://images/cable_data_thin/ac6c499d058c.jpg,16.95,kg,1,intact,household,2174.35,collector,2026-02-22T13:54:00.000Z
MAT_001070,LOT_00568,battery,battery_lead_acid_ups,,synthetic://images/battery_lead_acid_ups/b29134dbe79a.jpg,34.56,kg,4,intact,shop,3187.47,collector,2026-02-22T13:54:00.000Z
MAT_001071,LOT_00568,battery,battery_li_ion_laptop,,synthetic://images/battery_li_ion_laptop/4ab334ac7558.jpg,2.69,kg,6,broken,aggregator,483.67,collector,2026-02-22T13:54:00.000Z
MAT_001072,LOT_00568,pcb,pcb_cpu_processor,,synthetic://images/pcb_cpu_processor/c2f18af7b83e.jpg,0.18,kg,11,intact,repair_shop,730.63,collector,2026-02-22T13:54:00.000Z
MAT_001073,LOT_00569,pcb,pcb_motherboard,,synthetic://images/pcb_motherboard/575e37a4ec09.jpg,7.98,kg,8,partially_dismantled,household,2896.37,collector,2026-05-25T15:09:00.000Z
MAT_001074,LOT_00569,cable,cable_data_thin,,synthetic://images/cable_data_thin/7256584695fd.jpg,29.04,kg,1,broken,household,3811.95,collector,2026-05-25T15:09:00.000Z
MAT_001075,LOT_00570,mixed_plastic,plastic_abs_casing,,synthetic://images/plastic_abs_casing/8532f1625b88.jpg,37.66,kg,1,partially_dismantled,office,1289.1,collector,2026-02-24T16:48:00.000Z
MAT_001076,LOT_00570,cable,cable_copper_house,,synthetic://images/cable_copper_house/eafde6f034db.jpg,31.54,kg,1,broken,street_pickup,10742.11,collector,2026-02-24T16:48:00.000Z
MAT_001077,LOT_00571,pcb,pcb_motherboard,,synthetic://images/pcb_motherboard/b5ccfa3c1a0d.jpg,6.84,kg,9,partially_dismantled,aggregator,2439.37,collector,2026-03-06T06:23:00.000Z
MAT_001078,LOT_00571,motor_magnet,motor_small_appliance,,synthetic://images/motor_small_appliance/ab9d2b7769e4.jpg,10.58,kg,6,intact,street_pickup,1406.51,collector,2026-03-06T06:23:00.000Z
MAT_001079,LOT_00571,crt,crt_monitor,,synthetic://images/crt_monitor/cfc352db9948.jpg,11.19,kg,1,partially_dismantled,office,94.58,recycler_corrected,2026-03-06T06:23:00.000Z
MAT_001080,LOT_00571,motor_magnet,motor_speaker_magnet,,synthetic://images/motor_speaker_magnet/86758d8f4ff3.jpg,0.45,kg,1,partially_dismantled,repair_shop,31.07,collector,2026-03-06T06:23:00.000Z
MAT_001081,LOT_00572,pcb,pcb_mobile,,synthetic://images/pcb_mobile/b85617ccd892.jpg,0.15,kg,6,partially_dismantled,household,196.05,collector,2026-06-16T07:20:00.000Z
MAT_001082,LOT_00572,pcb,pcb_motherboard,,synthetic://images/pcb_motherboard/a0aaf8ea2085.jpg,8.94,kg,9,burnt,household,1401.85,collector,2026-06-16T07:20:00.000Z
MAT_001083,LOT_00573,battery,battery_button_cell,,synthetic://images/battery_button_cell/52711f2895db.jpg,44.34,kg,1,intact,office,4634.42,collector,2026-03-02T18:21:00.000Z
MAT_001084,LOT_00573,mixed_plastic,plastic_hips_tv,,synthetic://images/plastic_hips_tv/43c4aca69e40.jpg,16.85,kg,1,partially_dismantled,office,429.22,collector,2026-03-02T18:21:00.000Z
MAT_001085,LOT_00574,cable,cable_mixed_scrap,,synthetic://images/cable_mixed_scrap/a6a302fc5978.jpg,32.05,kg,1,broken,street_pickup,5546.87,collector,2026-01-06T18:34:00.000Z
MAT_001086,LOT_00574,cable,cable_mixed_scrap,,synthetic://images/cable_mixed_scrap/509c298b6fb5.jpg,33.49,kg,1,intact,street_pickup,7068.4,collector,2026-01-06T18:34:00.000Z
MAT_001087,LOT_00575,lcd_panel,lcd_monitor_panel,,synthetic://images/lcd_monitor_panel/d2dece584e10.jpg,8.71,kg,3,partially_dismantled,household,220.04,collector,2026-04-19T13:16:00.000Z
MAT_001088,LOT_00576,mixed_plastic,plastic_mixed_dirty,,synthetic://images/plastic_mixed_dirty/5906dcee42ab.jpg,24.19,kg,1,partially_dismantled,street_pickup,295.4,collector,2026-08-03T07:30:00.000Z
MAT_001089,LOT_00577,pcb,pcb_motherboard,,synthetic://images/pcb_motherboard/5be3192813a0.jpg,9.24,kg,10,burnt,household,1155.09,collector,2026-04-16T12:49:00.000Z
MAT_001090,LOT_00578,motor_magnet,motor_hdd_assembly,,synthetic://images/motor_hdd_assembly/cfe742927455.jpg,5.35,kg,8,intact,aggregator,1456.16,collector,2026-03-29T15:02:00.000Z
MAT_001091,LOT_00578,cable,cable_mixed_scrap,,synthetic://images/cable_mixed_scrap/349a541a3ae1.jpg,38.77,kg,1,intact,repair_shop,7267.82,collector,2026-03-29T15:02:00.000Z
MAT_001092,LOT_00579,battery,battery_li_ion_laptop,,synthetic://images/battery_li_ion_laptop/de46da924251.jpg,0.76,kg,2,partially_dismantled,aggregator,196.69,collector,2025-09-20T13:22:00.000Z
MAT_001093,LOT_00579,cable,cable_copper_house,,synthetic://images/cable_copper_house/78c7ff17c2c5.jpg,44.55,kg,1,partially_dismantled,household,19603.98,collector,2025-09-20T13:22:00.000Z
MAT_001094,LOT_00579,battery,battery_button_cell,,synthetic://images/battery_button_cell/6d91735bd87d.jpg,23.97,kg,1,broken,household,2015.86,collector,2025-09-20T13:22:00.000Z
MAT_001095,LOT_00580,mixed_plastic,plastic_mixed_dirty,,synthetic://images/plastic_mixed_dirty/33f832f5044b.jpg,37.25,kg,1,intact,office,455.94,collector,2025-11-04T12:13:00.000Z
MAT_001096,LOT_00580,pcb,pcb_ram_gold,,synthetic://images/pcb_ram_gold/d9b0835f6c9c.jpg,0.06,kg,2,partially_dismantled,office,104.36,collector,2025-11-04T12:13:00.000Z
MAT_001097,LOT_00581,motor_magnet,motor_speaker_magnet,,synthetic://images/motor_speaker_magnet/810e6aadc7dd.jpg,3.22,kg,8,burnt,shop,108.02,collector,2026-01-11T16:53:00.000Z
MAT_001098,LOT_00581,pcb,pcb_motherboard,,synthetic://images/pcb_motherboard/b624164114a3.jpg,3.52,kg,4,broken,shop,954.21,collector,2026-01-11T16:53:00.000Z
MAT_001099,LOT_00582,cable,cable_data_thin,,synthetic://images/cable_data_thin/06eb5c3f8f85.jpg,3.61,kg,1,burnt,aggregator,210.34,collector,2025-09-13T10:39:00.000Z
MAT_001100,LOT_00583,cable,cable_aluminium,,synthetic://images/cable_aluminium/7670983eedf4.jpg,29.08,kg,1,intact,repair_shop,4502.17,recycler_corrected,2026-06-17T16:35:00.000Z
MAT_001101,LOT_00583,pcb,pcb_cpu_processor,,synthetic://images/pcb_cpu_processor/c8bd5ee7ff79.jpg,0.13,kg,6,partially_dismantled,office,557.36,collector,2026-06-17T16:35:00.000Z
MAT_001102,LOT_00584,pcb,pcb_ram_gold,,synthetic://images/pcb_ram_gold/c8373ea6d5f7.jpg,0.04,kg,1,intact,office,60.8,collector,2026-07-19T16:45:00.000Z
MAT_001103,LOT_00585,crt,crt_tv,,synthetic://images/crt_tv/84aa898833c7.jpg,153.2,kg,9,broken,office,975.62,collector,2026-05-10T18:26:00.000Z
MAT_001104,LOT_00585,motor_magnet,motor_small_appliance,,synthetic://images/motor_small_appliance/259e12ca526f.jpg,13.82,kg,10,intact,repair_shop,2037.48,collector,2026-05-10T18:26:00.000Z
MAT_001105,LOT_00585,mixed_plastic,plastic_abs_casing,,synthetic://images/plastic_abs_casing/edc9e1554def.jpg,4.2,kg,1,intact,household,147.71,collector,2026-05-10T18:26:00.000Z
MAT_001106,LOT_00586,mixed_plastic,plastic_hips_tv,,synthetic://images/plastic_hips_tv/87b02f7d2ed6.jpg,39.03,kg,1,partially_dismantled,repair_shop,967.16,collector,2026-07-22T12:36:00.000Z
MAT_001107,LOT_00586,mixed_plastic,plastic_mixed_dirty,,synthetic://images/plastic_mixed_dirty/e23338033c99.jpg,30.56,kg,1,intact,street_pickup,352.36,collector,2026-07-22T12:36:00.000Z
MAT_001108,LOT_00587,battery,battery_li_ion_laptop,,synthetic://images/battery_li_ion_laptop/c9f9a0eae3d5.jpg,1.53,kg,4,broken,office,304.92,collector,2025-09-02T07:42:00.000Z
MAT_001109,LOT_00587,pcb,pcb_ram_gold,,synthetic://images/pcb_ram_gold/ee5a82137c0a.jpg,0.16,kg,5,intact,shop,255.77,collector,2025-09-02T07:42:00.000Z
MAT_001110,LOT_00588,pcb,pcb_mobile,,synthetic://images/pcb_mobile/26b7734ef24a.jpg,0.11,kg,5,burnt,household,60.5,collector,2026-08-31T18:09:00.000Z
MAT_001111,LOT_00588,pcb,pcb_mobile,,synthetic://images/pcb_mobile/dc84b031f4bd.jpg,0.19,kg,9,burnt,shop,104.5,collector,2026-08-31T18:09:00.000Z
MAT_001112,LOT_00589,motor_magnet,motor_speaker_magnet,,synthetic://images/motor_speaker_magnet/e077c0a68833.jpg,4.13,kg,10,partially_dismantled,office,322.98,collector,2025-11-02T16:12:00.000Z
MAT_001113,LOT_00589,motor_magnet,motor_fan_ac,,synthetic://images/motor_fan_ac/8c8aa90e1da6.jpg,37.61,kg,10,intact,office,6023.62,collector,2025-11-02T16:12:00.000Z
MAT_001114,LOT_00590,cable,cable_copper_house,,synthetic://images/cable_copper_house/c73b00b88d69.jpg,20.39,kg,1,broken,street_pickup,5629.39,collector,2025-12-31T17:10:00.000Z
MAT_001115,LOT_00591,mixed_plastic,plastic_mixed_dirty,,synthetic://images/plastic_mixed_dirty/d73baac76c33.jpg,33.69,kg,1,intact,office,408.66,collector,2026-02-27T13:13:00.000Z
MAT_001116,LOT_00591,pcb,pcb_power_supply,,synthetic://images/pcb_power_supply/c1b4a8cfa7e3.jpg,12.17,kg,11,intact,repair_shop,1555.81,recycler_corrected,2026-02-27T13:13:00.000Z
MAT_001117,LOT_00592,cable,cable_mixed_scrap,,synthetic://images/cable_mixed_scrap/c4065972ce88.jpg,25.62,kg,1,burnt,office,2162.26,recycler_corrected,2026-07-11T18:17:00.000Z
MAT_001118,LOT_00593,pcb,pcb_motherboard,,synthetic://images/pcb_motherboard/0f5376b61604.jpg,7.54,kg,8,wet,street_pickup,1892.9,collector,2025-11-26T14:29:00.000Z
MAT_001119,LOT_00594,motor_magnet,motor_hdd_assembly,,synthetic://images/motor_hdd_assembly/be131e4554da.jpg,4.17,kg,6,partially_dismantled,shop,1160.08,collector,2026-07-07T09:38:00.000Z
MAT_001120,LOT_00595,cable,cable_data_thin,,synthetic://images/cable_data_thin/b8c8953bbd10.jpg,35.43,kg,1,partially_dismantled,household,4784.11,collector,2026-04-16T15:37:00.000Z
MAT_001121,LOT_00596,mixed_plastic,plastic_abs_casing,,synthetic://images/plastic_abs_casing/61baab120b50.jpg,3.8,kg,1,intact,office,127.6,collector,2026-02-02T17:28:00.000Z
MAT_001122,LOT_00596,pcb,pcb_tv_low_grade,,synthetic://images/pcb_tv_low_grade/dcecf2cf5e4c.jpg,5.42,kg,9,wet,aggregator,390.33,collector,2026-02-02T17:28:00.000Z
MAT_001123,LOT_00597,crt,crt_yoke,,synthetic://images/crt_yoke/5a2a33ceb85d.jpg,3.48,kg,7,wet,aggregator,187.23,recycler_corrected,2026-03-04T18:35:00.000Z
MAT_001124,LOT_00597,pcb,pcb_power_supply,,synthetic://images/pcb_power_supply/d225a870114e.jpg,1.09,kg,1,intact,household,154.64,collector,2026-03-04T18:35:00.000Z
MAT_001125,LOT_00598,cable,cable_data_thin,,synthetic://images/cable_data_thin/5d056c55445a.jpg,32.72,kg,1,intact,aggregator,5237.82,recycler_corrected,2026-05-27T14:47:00.000Z
MAT_001126,LOT_00598,battery,battery_lead_acid_ups,,synthetic://images/battery_lead_acid_ups/84886932b7e1.jpg,7.8,kg,1,intact,repair_shop,791.86,collector,2026-05-27T14:47:00.000Z
MAT_001127,LOT_00598,cable,cable_mixed_scrap,,synthetic://images/cable_mixed_scrap/2323ea5a913e.jpg,22.03,kg,1,intact,aggregator,4669.26,collector,2026-05-27T14:47:00.000Z
MAT_001128,LOT_00599,cable,cable_data_thin,,synthetic://images/cable_data_thin/5992068dfa00.jpg,9.93,kg,1,broken,repair_shop,1183.77,collector,2026-05-11T19:39:00.000Z
MAT_001129,LOT_00600,battery,battery_lead_acid_ups,,synthetic://images/battery_lead_acid_ups/7633dbfa286c.jpg,35.39,kg,4,burnt,repair_shop,1346.5,collector,2026-03-06T15:22:00.000Z
MAT_001130,LOT_00600,crt,crt_yoke,,synthetic://images/crt_yoke/881943be8e58.jpg,6.16,kg,12,intact,aggregator,448.69,collector,2026-03-06T15:22:00.000Z
MAT_001131,LOT_00601,crt,crt_tv,,synthetic://images/crt_tv/37bd931d26ae.jpg,160.17,kg,9,intact,repair_shop,1240.61,collector,2025-10-24T15:34:00.000Z
MAT_001132,LOT_00601,cable,cable_mixed_scrap,,synthetic://images/cable_mixed_scrap/18e3c0a84109.jpg,3.6,kg,1,broken,shop,601.41,recycler_corrected,2025-10-24T15:34:00.000Z
MAT_001133,LOT_00602,lcd_panel,lcd_tv_panel,,synthetic://images/lcd_tv_panel/de9db49c6d23.jpg,20.33,kg,2,burnt,office,190.29,collector,2025-10-27T10:41:00.000Z
MAT_001134,LOT_00602,mixed_plastic,plastic_abs_casing,,synthetic://images/plastic_abs_casing/ec5ee29a0a38.jpg,40.05,kg,1,broken,street_pickup,1147.46,collector,2025-10-27T10:41:00.000Z
MAT_001135,LOT_00603,pcb,pcb_power_supply,,synthetic://images/pcb_power_supply/5b96afe954c9.jpg,5.24,kg,5,intact,office,684.19,collector,2025-09-20T15:47:00.000Z
MAT_001136,LOT_00604,motor_magnet,motor_small_appliance,,synthetic://images/motor_small_appliance/0c410b91e6cc.jpg,5.75,kg,4,partially_dismantled,repair_shop,875.08,collector,2026-03-17T08:04:00.000Z
MAT_001137,LOT_00604,motor_magnet,motor_small_appliance,,synthetic://images/motor_small_appliance/afe5c73e1d5c.jpg,9.14,kg,5,intact,repair_shop,1324.75,collector,2026-03-17T08:04:00.000Z
MAT_001138,LOT_00604,pcb,pcb_motherboard,,synthetic://images/pcb_motherboard/6a86b9b68dfe.jpg,1.4,kg,2,intact,repair_shop,465.75,collector,2026-03-17T08:04:00.000Z
MAT_001139,LOT_00604,mixed_plastic,plastic_mixed_dirty,,synthetic://images/plastic_mixed_dirty/f39ac914b126.jpg,34.19,kg,1,broken,aggregator,325.5,recycler_corrected,2026-03-17T08:04:00.000Z
MAT_001140,LOT_00605,motor_magnet,motor_hdd_assembly,,synthetic://images/motor_hdd_assembly/9fe31018889f.jpg,4.67,kg,8,intact,street_pickup,1301.58,collector,2025-10-06T17:46:00.000Z
MAT_001141,LOT_00605,cable,cable_mixed_scrap,,synthetic://images/cable_mixed_scrap/14e33ea589bc.jpg,25.02,kg,1,partially_dismantled,office,4989.13,recycler_corrected,2025-10-06T17:46:00.000Z
MAT_001142,LOT_00605,battery,battery_li_ion_laptop,,synthetic://images/battery_li_ion_laptop/f435fb331e85.jpg,1.48,kg,4,partially_dismantled,street_pickup,319.28,collector,2025-10-06T17:46:00.000Z
MAT_001143,LOT_00606,pcb,pcb_mobile,,synthetic://images/pcb_mobile/26b88762d808.jpg,0.12,kg,8,partially_dismantled,shop,130.19,collector,2026-05-07T08:29:00.000Z
MAT_001144,LOT_00606,pcb,pcb_mobile,,synthetic://images/pcb_mobile/c033e9087c03.jpg,0.17,kg,7,broken,aggregator,144.04,collector,2026-05-07T08:29:00.000Z
MAT_001145,LOT_00606,battery,battery_lead_acid_ups,,synthetic://images/battery_lead_acid_ups/e9b8f9df3a94.jpg,65.8,kg,10,intact,repair_shop,5650.32,collector,2026-05-07T08:29:00.000Z
MAT_001146,LOT_00606,cable,cable_mixed_scrap,,synthetic://images/cable_mixed_scrap/8c5394b934a5.jpg,6.44,kg,1,intact,repair_shop,1269.9,collector,2026-05-07T08:29:00.000Z
MAT_001147,LOT_00607,motor_magnet,motor_speaker_magnet,,synthetic://images/motor_speaker_magnet/10e35faee4c1.jpg,1.87,kg,6,intact,household,134.41,collector,2025-09-04T08:44:00.000Z
MAT_001148,LOT_00608,pcb,pcb_motherboard,,synthetic://images/pcb_motherboard/48c3105b8237.jpg,9.52,kg,11,intact,household,3147.22,collector,2026-02-16T07:16:00.000Z
MAT_001149,LOT_00608,pcb,pcb_cpu_processor,,synthetic://images/pcb_cpu_processor/8a71b3472767.jpg,0.13,kg,6,intact,repair_shop,527.67,collector,2026-02-16T07:16:00.000Z
MAT_001150,LOT_00608,cable,cable_aluminium,,synthetic://images/cable_aluminium/2aa625e0d4ce.jpg,20.05,kg,1,broken,repair_shop,2243.21,recycler_corrected,2026-02-16T07:16:00.000Z
MAT_001151,LOT_00609,pcb,pcb_tv_low_grade,,synthetic://images/pcb_tv_low_grade/c3eada3874dd.jpg,5.52,kg,12,burnt,aggregator,295.22,collector,2025-09-13T19:09:00.000Z
MAT_001152,LOT_00609,cable,cable_aluminium,,synthetic://images/cable_aluminium/d272ab9ffb10.jpg,9.2,kg,1,partially_dismantled,repair_shop,1378.97,recycler_corrected,2025-09-13T19:09:00.000Z
MAT_001153,LOT_00610,pcb,pcb_motherboard,,synthetic://images/pcb_motherboard/34b618c2d06b.jpg,10.43,kg,11,partially_dismantled,street_pickup,3491.01,collector,2026-04-15T09:32:00.000Z
MAT_001154,LOT_00611,pcb,pcb_tv_low_grade,,synthetic://images/pcb_tv_low_grade/1b8e0d76e864.jpg,1.7,kg,3,intact,street_pickup,187,collector,2026-01-29T15:58:00.000Z
MAT_001155,LOT_00611,motor_magnet,motor_fan_ac,,synthetic://images/motor_fan_ac/9efa68a95478.jpg,22.16,kg,6,intact,repair_shop,3486.88,collector,2026-01-29T15:58:00.000Z
MAT_001156,LOT_00612,cable,cable_mixed_scrap,,synthetic://images/cable_mixed_scrap/d0bbeb950ada.jpg,33.21,kg,1,intact,household,6814.36,collector,2026-07-28T11:37:00.000Z
MAT_001157,LOT_00612,mixed_plastic,plastic_mixed_dirty,,synthetic://images/plastic_mixed_dirty/c64bfcc3e112.jpg,28.68,kg,1,intact,shop,353.91,collector,2026-07-28T11:37:00.000Z
MAT_001158,LOT_00612,motor_magnet,motor_small_appliance,,synthetic://images/motor_small_appliance/c16bfda4ebcb.jpg,20.25,kg,11,intact,street_pickup,2946.78,collector,2026-07-28T11:37:00.000Z
MAT_001159,LOT_00613,cable,cable_copper_house,,synthetic://images/cable_copper_house/aaf3a07aa8bc.jpg,33.58,kg,1,intact,aggregator,13423.27,collector,2025-11-07T17:24:00.000Z
MAT_001160,LOT_00613,lcd_panel,lcd_monitor_panel,,synthetic://images/lcd_monitor_panel/d3feddeb5aae.jpg,10.77,kg,4,partially_dismantled,repair_shop,269.14,collector,2025-11-07T17:24:00.000Z
MAT_001161,LOT_00614,lcd_panel,lcd_monitor_panel,,synthetic://images/lcd_monitor_panel/7cd71d7cf1e1.jpg,21.38,kg,6,broken,shop,417.08,collector,2026-02-03T08:49:00.000Z
MAT_001162,LOT_00614,motor_magnet,motor_speaker_magnet,,synthetic://images/motor_speaker_magnet/8e70b5b7c326.jpg,2.83,kg,6,intact,household,177.02,collector,2026-02-03T08:49:00.000Z
MAT_001163,LOT_00615,motor_magnet,motor_small_appliance,,synthetic://images/motor_small_appliance/1d09f10c4c62.jpg,20.22,kg,11,intact,household,2415.89,collector,2026-06-04T15:12:00.000Z
MAT_001164,LOT_00616,motor_magnet,motor_fan_ac,,synthetic://images/motor_fan_ac/9ae7b3d69e73.jpg,16.95,kg,6,broken,repair_shop,1968.65,collector,2026-03-09T11:26:00.000Z
MAT_001165,LOT_00617,cable,cable_mixed_scrap,,synthetic://images/cable_mixed_scrap/f74211acf029.jpg,21.77,kg,1,partially_dismantled,office,4678.45,collector,2026-04-02T07:30:00.000Z
MAT_001166,LOT_00618,cable,cable_copper_house,,synthetic://images/cable_copper_house/4b0318568794.jpg,32.35,kg,1,burnt,household,6680.29,collector,2026-04-25T14:48:00.000Z
MAT_001167,LOT_00618,battery,battery_li_ion_laptop,,synthetic://images/battery_li_ion_laptop/affcab652c01.jpg,4.73,kg,11,intact,office,1237.42,recycler_corrected,2026-04-25T14:48:00.000Z
MAT_001168,LOT_00618,motor_magnet,motor_small_appliance,,synthetic://images/motor_small_appliance/c2ff4860f9f1.jpg,8.18,kg,5,partially_dismantled,office,1246.87,collector,2026-04-25T14:48:00.000Z
MAT_001169,LOT_00619,crt,crt_monitor,,synthetic://images/crt_monitor/3fb40a269721.jpg,18.04,kg,2,partially_dismantled,repair_shop,155.7,collector,2026-07-06T08:24:00.000Z
MAT_001170,LOT_00620,cable,cable_mixed_scrap,,synthetic://images/cable_mixed_scrap/6bee7954a0c6.jpg,3.87,kg,1,broken,household,592.41,collector,2026-01-10T12:55:00.000Z
MAT_001171,LOT_00621,pcb,pcb_ram_gold,,synthetic://images/pcb_ram_gold/afdbf2ee01a5.jpg,0.04,kg,1,broken,household,53.05,collector,2026-02-25T11:11:00.000Z
MAT_001172,LOT_00621,cable,cable_copper_house,,synthetic://images/cable_copper_house/5bdafc1e0c16.jpg,31.63,kg,1,intact,repair_shop,14401.14,collector,2026-02-25T11:11:00.000Z
MAT_001173,LOT_00621,pcb,pcb_mobile,,synthetic://images/pcb_mobile/2da74b7d88e3.jpg,0.1,kg,4,intact,shop,124.18,collector,2026-02-25T11:11:00.000Z
MAT_001174,LOT_00621,motor_magnet,motor_fan_ac,,synthetic://images/motor_fan_ac/a90f03ba26db.jpg,24.12,kg,9,intact,shop,3854.62,recycler_corrected,2026-02-25T11:11:00.000Z
MAT_001175,LOT_00622,cable,cable_data_thin,,synthetic://images/cable_data_thin/d6a588de4a35.jpg,43.86,kg,1,intact,household,5631.19,collector,2026-06-15T08:42:00.000Z
MAT_001176,LOT_00623,battery,battery_li_ion_mobile,,synthetic://images/battery_li_ion_mobile/764941e139ab.jpg,0.12,kg,3,partially_dismantled,repair_shop,24.82,collector,2025-12-04T08:44:00.000Z
MAT_001177,LOT_00624,pcb,pcb_power_supply,,synthetic://images/pcb_power_supply/eb226db0cfac.jpg,12.37,kg,8,broken,shop,1513.9,collector,2026-02-23T08:52:00.000Z
MAT_001178,LOT_00625,cable,cable_data_thin,,synthetic://images/cable_data_thin/dc6e396de7d8.jpg,8.34,kg,1,intact,household,1077.28,collector,2025-12-15T13:42:00.000Z
MAT_001179,LOT_00625,cable,cable_mixed_scrap,,synthetic://images/cable_mixed_scrap/cf641849e92f.jpg,4.92,kg,1,broken,aggregator,756.01,collector,2025-12-15T13:42:00.000Z
MAT_001180,LOT_00626,mixed_plastic,plastic_hips_tv,,synthetic://images/plastic_hips_tv/ef9231f6d0e5.jpg,2.07,kg,1,broken,street_pickup,40.16,collector,2026-03-09T15:02:00.000Z
MAT_001181,LOT_00627,pcb,pcb_cpu_processor,,synthetic://images/pcb_cpu_processor/16317a4804e8.jpg,0.13,kg,7,partially_dismantled,shop,549.07,collector,2026-08-12T13:35:00.000Z
MAT_001182,LOT_00628,motor_magnet,motor_fan_ac,,synthetic://images/motor_fan_ac/c3297e60e931.jpg,13.46,kg,5,broken,shop,1698.96,collector,2026-07-27T08:42:00.000Z
MAT_001183,LOT_00629,motor_magnet,motor_fan_ac,,synthetic://images/motor_fan_ac/0ef6583d13cd.jpg,27.03,kg,9,broken,office,3639.21,collector,2026-08-19T15:52:00.000Z
MAT_001184,LOT_00629,mixed_plastic,plastic_hips_tv,,synthetic://images/plastic_hips_tv/bd76a0c68eb2.jpg,27.14,kg,1,intact,shop,692.34,recycler_corrected,2026-08-19T15:52:00.000Z
MAT_001185,LOT_00629,mixed_plastic,plastic_abs_casing,,synthetic://images/plastic_abs_casing/8660e95893fa.jpg,43.88,kg,1,intact,shop,1530.97,collector,2026-08-19T15:52:00.000Z
MAT_001186,LOT_00630,cable,cable_aluminium,,synthetic://images/cable_aluminium/fd101460d31f.jpg,35.82,kg,1,intact,household,5343.27,collector,2026-03-13T18:09:00.000Z
MAT_001187,LOT_00630,motor_magnet,motor_hdd_assembly,,synthetic://images/motor_hdd_assembly/65de4d84bbaf.jpg,4.21,kg,7,broken,repair_shop,968.13,collector,2026-03-13T18:09:00.000Z
MAT_001188,LOT_00631,battery,battery_button_cell,,synthetic://images/battery_button_cell/5eabbe4ef321.jpg,30.13,kg,1,burnt,shop,1691.29,collector,2025-12-18T14:51:00.000Z
MAT_001189,LOT_00631,cable,cable_aluminium,,synthetic://images/cable_aluminium/ef969207293e.jpg,42.98,kg,1,partially_dismantled,shop,7138.51,collector,2025-12-18T14:51:00.000Z
MAT_001190,LOT_00632,mixed_plastic,plastic_abs_casing,,synthetic://images/plastic_abs_casing/06e5df447fe1.jpg,24.4,kg,1,wet,street_pickup,606.51,collector,2026-02-16T17:56:00.000Z
MAT_001191,LOT_00633,pcb,pcb_cpu_processor,,synthetic://images/pcb_cpu_processor/3cf6e5ae217d.jpg,0.25,kg,12,partially_dismantled,shop,1057.25,collector,2026-01-01T08:14:00.000Z
MAT_001192,LOT_00634,cable,cable_aluminium,,synthetic://images/cable_aluminium/bc34ff01d17f.jpg,26.14,kg,1,broken,shop,2881.91,collector,2025-10-10T17:56:00.000Z
MAT_001193,LOT_00635,mixed_plastic,plastic_mixed_dirty,,synthetic://images/plastic_mixed_dirty/f1a1bc133c29.jpg,28.01,kg,1,broken,office,266.66,collector,2026-03-30T12:20:00.000Z
MAT_001194,LOT_00636,cable,cable_aluminium,,synthetic://images/cable_aluminium/9512e5885b64.jpg,21.09,kg,1,partially_dismantled,shop,3089.6,collector,2025-11-19T11:17:00.000Z
MAT_001195,LOT_00636,pcb,pcb_mobile,,synthetic://images/pcb_mobile/3ba2c4f5505d.jpg,0.18,kg,12,intact,street_pickup,187.22,collector,2025-11-19T11:17:00.000Z
MAT_001196,LOT_00637,mixed_plastic,plastic_hips_tv,,synthetic://images/plastic_hips_tv/c811bbc35167.jpg,17.59,kg,1,wet,street_pickup,325.19,collector,2025-09-25T16:10:00.000Z
MAT_001197,LOT_00637,battery,battery_button_cell,,synthetic://images/battery_button_cell/4dcdd99f6c09.jpg,12.56,kg,1,partially_dismantled,street_pickup,1463.6,collector,2025-09-25T16:10:00.000Z
MAT_001198,LOT_00637,mixed_plastic,plastic_abs_casing,,synthetic://images/plastic_abs_casing/df1a5b7c068f.jpg,3.78,kg,1,intact,household,133.06,collector,2025-09-25T16:10:00.000Z
MAT_001199,LOT_00638,battery,battery_li_ion_mobile,,synthetic://images/battery_li_ion_mobile/2ac21e8ee08e.jpg,0.08,kg,2,burnt,aggregator,6.53,collector,2026-07-04T14:12:00.000Z
MAT_001200,LOT_00639,battery,battery_li_ion_mobile,,synthetic://images/battery_li_ion_mobile/abe257b7a0fe.jpg,0.1,kg,2,partially_dismantled,aggregator,19.77,collector,2025-12-15T06:35:00.000Z
MAT_001201,LOT_00639,cable,cable_aluminium,,synthetic://images/cable_aluminium/4ee267df3d60.jpg,17.94,kg,1,wet,household,1689.93,collector,2025-12-15T06:35:00.000Z
MAT_001202,LOT_00640,pcb,pcb_tv_low_grade,,synthetic://images/pcb_tv_low_grade/103a46b96f13.jpg,2.55,kg,6,broken,household,256.92,collector,2026-06-18T14:24:00.000Z
MAT_001203,LOT_00641,pcb,pcb_tv_low_grade,,synthetic://images/pcb_tv_low_grade/dccd0ccf341d.jpg,4.06,kg,8,intact,repair_shop,456.1,recycler_corrected,2026-04-01T10:20:00.000Z
MAT_001204,LOT_00642,crt,crt_yoke,,synthetic://images/crt_yoke/3e6ba8847f12.jpg,0.57,kg,1,wet,repair_shop,29.33,collector,2026-05-25T19:52:00.000Z
MAT_001205,LOT_00642,cable,cable_data_thin,,synthetic://images/cable_data_thin/fefdcacf8878.jpg,4.11,kg,1,burnt,street_pickup,268.88,collector,2026-05-25T19:52:00.000Z
MAT_001206,LOT_00643,cable,cable_data_thin,,synthetic://images/cable_data_thin/548921cccc47.jpg,18.01,kg,1,wet,shop,1607.52,collector,2026-07-23T15:48:00.000Z
MAT_001207,LOT_00644,battery,battery_li_ion_mobile,,synthetic://images/battery_li_ion_mobile/619bed4d06d8.jpg,0.09,kg,2,burnt,office,7.42,collector,2026-03-14T09:59:00.000Z
MAT_001208,LOT_00644,battery,battery_button_cell,,synthetic://images/battery_button_cell/fd4943f1c351.jpg,6.06,kg,1,intact,household,601.76,collector,2026-03-14T09:59:00.000Z
MAT_001209,LOT_00645,cable,cable_data_thin,,synthetic://images/cable_data_thin/6caa97723c3f.jpg,17,kg,1,intact,repair_shop,2476.39,collector,2026-01-22T09:09:00.000Z
MAT_001210,LOT_00645,pcb,pcb_cpu_processor,,synthetic://images/pcb_cpu_processor/c6c87b5b16ea.jpg,0.2,kg,10,partially_dismantled,household,886.71,collector,2026-01-22T09:09:00.000Z
MAT_001211,LOT_00645,motor_magnet,motor_fan_ac,,synthetic://images/motor_fan_ac/73dfeffa0f27.jpg,33.36,kg,10,broken,office,4381.21,collector,2026-01-22T09:09:00.000Z
MAT_001212,LOT_00645,mixed_plastic,plastic_mixed_dirty,,synthetic://images/plastic_mixed_dirty/2d73a160d7fe.jpg,12.39,kg,1,partially_dismantled,street_pickup,152.21,collector,2026-01-22T09:09:00.000Z
MAT_001213,LOT_00646,cable,cable_mixed_scrap,,synthetic://images/cable_mixed_scrap/475d7063fee3.jpg,8.48,kg,1,intact,shop,1589.66,collector,2026-03-06T14:58:00.000Z
MAT_001214,LOT_00646,motor_magnet,motor_small_appliance,,synthetic://images/motor_small_appliance/2a8e4d9103b9.jpg,12.59,kg,10,burnt,street_pickup,760.37,collector,2026-03-06T14:58:00.000Z
MAT_001215,LOT_00647,battery,battery_lead_acid_ups,,synthetic://images/battery_lead_acid_ups/10bff8264252.jpg,92.29,kg,11,intact,office,8794.83,collector,2025-09-25T08:30:00.000Z
MAT_001216,LOT_00648,mixed_plastic,plastic_abs_casing,,synthetic://images/plastic_abs_casing/a2f38557f1f9.jpg,27.06,kg,1,broken,aggregator,765.97,collector,2026-04-25T16:00:00.000Z
MAT_001217,LOT_00648,pcb,pcb_cpu_processor,,synthetic://images/pcb_cpu_processor/d2f30664dab2.jpg,0.27,kg,11,intact,shop,1082.92,collector,2026-04-25T16:00:00.000Z
MAT_001218,LOT_00648,pcb,pcb_power_supply,,synthetic://images/pcb_power_supply/8e87f61a7bc7.jpg,13.86,kg,9,partially_dismantled,household,1860.46,collector,2026-04-25T16:00:00.000Z
MAT_001219,LOT_00649,pcb,pcb_cpu_processor,,synthetic://images/pcb_cpu_processor/45fd445312dc.jpg,0.02,kg,1,burnt,household,38,collector,2026-01-22T13:43:00.000Z
MAT_001220,LOT_00649,cable,cable_mixed_scrap,,synthetic://images/cable_mixed_scrap/68976264f761.jpg,21,kg,1,partially_dismantled,repair_shop,4399.86,collector,2026-01-22T13:43:00.000Z
MAT_001221,LOT_00650,pcb,pcb_motherboard,,synthetic://images/pcb_motherboard/da3aefeb9aaa.jpg,3.46,kg,5,intact,shop,997.66,collector,2025-10-02T13:13:00.000Z
MAT_001222,LOT_00651,mixed_plastic,plastic_abs_casing,,synthetic://images/plastic_abs_casing/0f0644cf7bc8.jpg,19.81,kg,1,broken,street_pickup,567.9,collector,2026-07-27T09:01:00.000Z
MAT_001223,LOT_00651,cable,cable_aluminium,,synthetic://images/cable_aluminium/5c1ba2b9ec85.jpg,20.61,kg,1,intact,shop,2930.33,collector,2026-07-27T09:01:00.000Z
MAT_001224,LOT_00651,motor_magnet,motor_fan_ac,,synthetic://images/motor_fan_ac/0485b35d50fe.jpg,17.68,kg,7,intact,repair_shop,2522.23,recycler_corrected,2026-07-27T09:01:00.000Z
MAT_001225,LOT_00651,battery,battery_button_cell,,synthetic://images/battery_button_cell/80ca5d1a0716.jpg,9.35,kg,1,partially_dismantled,shop,847.64,recycler_corrected,2026-07-27T09:01:00.000Z
MAT_001226,LOT_00652,cable,cable_aluminium,,synthetic://images/cable_aluminium/eddfd8bdf68f.jpg,3.82,kg,1,partially_dismantled,shop,547.74,collector,2026-07-13T07:58:00.000Z
MAT_001227,LOT_00653,cable,cable_mixed_scrap,,synthetic://images/cable_mixed_scrap/18aba45bfd7d.jpg,9.09,kg,1,partially_dismantled,household,1962.16,collector,2025-11-13T13:29:00.000Z
MAT_001228,LOT_00654,crt,crt_monitor,,synthetic://images/crt_monitor/3fc101401ad4.jpg,107.32,kg,10,broken,street_pickup,728.77,collector,2026-03-24T11:27:00.000Z
MAT_001229,LOT_00655,pcb,pcb_mobile,,synthetic://images/pcb_mobile/5b526577e07f.jpg,0.11,kg,6,partially_dismantled,office,113.68,collector,2026-02-13T09:36:00.000Z
MAT_001230,LOT_00655,cable,cable_copper_house,,synthetic://images/cable_copper_house/d4fc17b95aed.jpg,8,kg,1,intact,street_pickup,2994,collector,2026-02-13T09:36:00.000Z
MAT_001231,LOT_00656,cable,cable_aluminium,,synthetic://images/cable_aluminium/0965b7938e6e.jpg,26.76,kg,1,burnt,street_pickup,1718.03,collector,2026-08-20T07:46:00.000Z
MAT_001232,LOT_00657,battery,battery_lead_acid_ups,,synthetic://images/battery_lead_acid_ups/03d4187fc6ac.jpg,73.3,kg,10,intact,office,6994.23,collector,2026-01-05T07:07:00.000Z
MAT_001233,LOT_00658,pcb,pcb_tv_low_grade,,synthetic://images/pcb_tv_low_grade/b62d5db38e0d.jpg,3.39,kg,9,partially_dismantled,street_pickup,364.24,collector,2026-06-18T10:21:00.000Z
MAT_001234,LOT_00659,cable,cable_data_thin,,synthetic://images/cable_data_thin/6eb81c01b436.jpg,20.46,kg,1,partially_dismantled,repair_shop,3051.02,collector,2026-07-30T18:02:00.000Z
MAT_001235,LOT_00660,pcb,pcb_tv_low_grade,,synthetic://images/pcb_tv_low_grade/e9b42d5c81f0.jpg,2.13,kg,4,intact,aggregator,232.19,collector,2026-02-23T16:44:00.000Z
MAT_001236,LOT_00660,cable,cable_data_thin,,synthetic://images/cable_data_thin/4d1c00b1d720.jpg,37.27,kg,1,intact,household,4295.74,collector,2026-02-23T16:44:00.000Z
MAT_001237,LOT_00660,motor_magnet,motor_small_appliance,,synthetic://images/motor_small_appliance/8cd09f13e4fb.jpg,16.29,kg,11,broken,repair_shop,1473.9,collector,2026-02-23T16:44:00.000Z
MAT_001238,LOT_00661,mixed_plastic,plastic_mixed_dirty,,synthetic://images/plastic_mixed_dirty/5917f704a892.jpg,39.42,kg,1,broken,repair_shop,358.15,collector,2026-01-14T07:29:00.000Z
MAT_001239,LOT_00661,pcb,pcb_motherboard,,synthetic://images/pcb_motherboard/5ba559ea8f5a.jpg,2.58,kg,3,partially_dismantled,household,756.22,recycler_corrected,2026-01-14T07:29:00.000Z
MAT_001240,LOT_00661,mixed_plastic,plastic_mixed_dirty,,synthetic://images/plastic_mixed_dirty/bcaec973bafb.jpg,1.42,kg,1,partially_dismantled,street_pickup,15.69,collector,2026-01-14T07:29:00.000Z
MAT_001241,LOT_00662,pcb,pcb_power_supply,,synthetic://images/pcb_power_supply/f1187f6f272e.jpg,4.95,kg,5,intact,shop,814.37,collector,2025-09-03T08:55:00.000Z
MAT_001242,LOT_00662,cable,cable_aluminium,,synthetic://images/cable_aluminium/8bfa4efe070c.jpg,36.8,kg,1,intact,repair_shop,5834.27,recycler_corrected,2025-09-03T08:55:00.000Z
MAT_001243,LOT_00663,cable,cable_copper_house,,synthetic://images/cable_copper_house/46bf6cc18d51.jpg,19.63,kg,1,partially_dismantled,repair_shop,6992.66,collector,2025-11-10T17:49:00.000Z
MAT_001244,LOT_00663,mixed_plastic,plastic_mixed_dirty,,synthetic://images/plastic_mixed_dirty/0fcde1ef7ef6.jpg,41.2,kg,1,intact,household,418.18,collector,2025-11-10T17:49:00.000Z
MAT_001245,LOT_00663,cable,cable_mixed_scrap,,synthetic://images/cable_mixed_scrap/f27e7b5ef594.jpg,5.14,kg,1,partially_dismantled,household,984.3,collector,2025-11-10T17:49:00.000Z
MAT_001246,LOT_00664,mixed_plastic,plastic_abs_casing,,synthetic://images/plastic_abs_casing/81f5bdd058e8.jpg,3.33,kg,1,partially_dismantled,household,125.52,collector,2026-07-10T14:43:00.000Z
MAT_001247,LOT_00664,cable,cable_mixed_scrap,,synthetic://images/cable_mixed_scrap/93ab70597af9.jpg,29.62,kg,1,wet,aggregator,4254.41,collector,2026-07-10T14:43:00.000Z
MAT_001248,LOT_00665,mixed_plastic,plastic_abs_casing,,synthetic://images/plastic_abs_casing/88b438d51b1d.jpg,17.65,kg,1,intact,aggregator,592.69,collector,2026-02-16T13:53:00.000Z
MAT_001249,LOT_00665,cable,cable_copper_house,,synthetic://images/cable_copper_house/51b7baa18c50.jpg,37.63,kg,1,intact,shop,14963.95,collector,2026-02-16T13:53:00.000Z
MAT_001250,LOT_00665,cable,cable_aluminium,,synthetic://images/cable_aluminium/619a294fdfe9.jpg,29.83,kg,1,partially_dismantled,office,4273.51,collector,2026-02-16T13:53:00.000Z
MAT_001251,LOT_00666,battery,battery_lead_acid_ups,,synthetic://images/battery_lead_acid_ups/52e3bfe5baf9.jpg,56.41,kg,10,partially_dismantled,shop,6383.21,collector,2025-12-09T09:27:00.000Z
MAT_001252,LOT_00667,battery,battery_li_ion_mobile,,synthetic://images/battery_li_ion_mobile/943c01fde823.jpg,0.38,kg,10,partially_dismantled,aggregator,73.86,collector,2026-08-23T14:27:00.000Z
MAT_001253,LOT_00667,mixed_plastic,plastic_mixed_dirty,,synthetic://images/plastic_mixed_dirty/eac195bc2f73.jpg,26.08,kg,1,intact,shop,312.44,collector,2026-08-23T14:27:00.000Z
MAT_001254,LOT_00667,battery,battery_lead_acid_ups,,synthetic://images/battery_lead_acid_ups/22e42f7136cd.jpg,65.54,kg,12,intact,street_pickup,6213.95,collector,2026-08-23T14:27:00.000Z
MAT_001255,LOT_00668,cable,cable_data_thin,,synthetic://images/cable_data_thin/d95b28babcbc.jpg,34.36,kg,1,broken,street_pickup,4096.11,recycler_corrected,2026-05-04T07:52:00.000Z
MAT_001256,LOT_00668,pcb,pcb_ram_gold,,synthetic://images/pcb_ram_gold/8c201a5bf116.jpg,0.21,kg,8,broken,household,278.29,collector,2026-05-04T07:52:00.000Z
MAT_001257,LOT_00668,mixed_plastic,plastic_hips_tv,,synthetic://images/plastic_hips_tv/f8af06027aad.jpg,26.62,kg,1,burnt,aggregator,320.32,recycler_corrected,2026-05-04T07:52:00.000Z
MAT_001258,LOT_00669,battery,battery_li_ion_mobile,,synthetic://images/battery_li_ion_mobile/ab5c1b6e4eca.jpg,0.42,kg,10,partially_dismantled,aggregator,84.53,collector,2025-10-14T06:15:00.000Z
MAT_001259,LOT_00670,motor_magnet,motor_speaker_magnet,,synthetic://images/motor_speaker_magnet/2549c1bed272.jpg,2.8,kg,6,wet,household,136.14,recycler_corrected,2026-01-31T06:05:00.000Z
MAT_001260,LOT_00670,battery,battery_lead_acid_ups,,synthetic://images/battery_lead_acid_ups/91ff5b00bfb9.jpg,5.76,kg,1,intact,household,557.4,collector,2026-01-31T06:05:00.000Z
MAT_001261,LOT_00670,mixed_plastic,plastic_hips_tv,,synthetic://images/plastic_hips_tv/eae289d891a9.jpg,39.3,kg,1,intact,aggregator,978.18,collector,2026-01-31T06:05:00.000Z
MAT_001262,LOT_00670,cable,cable_data_thin,,synthetic://images/cable_data_thin/9acec79ace0a.jpg,37.54,kg,1,partially_dismantled,shop,5547.94,collector,2026-01-31T06:05:00.000Z
MAT_001263,LOT_00671,crt,crt_tv,,synthetic://images/crt_tv/0d19c08882f7.jpg,252.02,kg,11,partially_dismantled,street_pickup,2056.05,collector,2026-08-02T14:23:00.000Z
MAT_001264,LOT_00671,lcd_panel,lcd_tv_panel,,synthetic://images/lcd_tv_panel/5dec42902a43.jpg,100.79,kg,11,partially_dismantled,household,2158.29,recycler_corrected,2026-08-02T14:23:00.000Z
MAT_001265,LOT_00672,pcb,pcb_tv_low_grade,,synthetic://images/pcb_tv_low_grade/ee936e24d703.jpg,1.82,kg,3,partially_dismantled,repair_shop,220.5,collector,2026-04-19T11:01:00.000Z
MAT_001266,LOT_00672,lcd_panel,lcd_tv_panel,,synthetic://images/lcd_tv_panel/1fbaa27143ea.jpg,64.77,kg,7,intact,street_pickup,1450.34,collector,2026-04-19T11:01:00.000Z
MAT_001267,LOT_00672,cable,cable_data_thin,,synthetic://images/cable_data_thin/b9a4a6385c53.jpg,5.8,kg,1,broken,office,694.47,collector,2026-04-19T11:01:00.000Z
MAT_001268,LOT_00673,motor_magnet,motor_speaker_magnet,,synthetic://images/motor_speaker_magnet/789a8b551d21.jpg,3.18,kg,9,partially_dismantled,household,258.54,collector,2026-08-29T08:22:00.000Z
MAT_001269,LOT_00674,mixed_plastic,plastic_abs_casing,,synthetic://images/plastic_abs_casing/12f49344019d.jpg,38.35,kg,1,partially_dismantled,office,1416.21,recycler_corrected,2026-03-10T18:12:00.000Z
MAT_001270,LOT_00675,motor_magnet,motor_fan_ac,,synthetic://images/motor_fan_ac/77f5e30ba393.jpg,25.24,kg,9,partially_dismantled,office,4316.91,recycler_corrected,2026-05-17T19:32:00.000Z
MAT_001271,LOT_00675,pcb,pcb_ram_gold,,synthetic://images/pcb_ram_gold/36893f5ca94f.jpg,0.3,kg,12,burnt,household,218.17,collector,2026-05-17T19:32:00.000Z
MAT_001272,LOT_00675,pcb,pcb_motherboard,,synthetic://images/pcb_motherboard/97a6f1b906b8.jpg,1.21,kg,2,intact,aggregator,403.9,collector,2026-05-17T19:32:00.000Z
MAT_001273,LOT_00675,mixed_plastic,plastic_abs_casing,,synthetic://images/plastic_abs_casing/eb9d64930595.jpg,33.25,kg,1,partially_dismantled,street_pickup,1227.87,recycler_corrected,2026-05-17T19:32:00.000Z
MAT_001274,LOT_00676,mixed_plastic,plastic_mixed_dirty,,synthetic://images/plastic_mixed_dirty/eb67d09e7b1f.jpg,28.64,kg,1,intact,household,350.55,collector,2025-11-17T09:04:00.000Z
MAT_001275,LOT_00677,cable,cable_mixed_scrap,,synthetic://images/cable_mixed_scrap/3b6e38376a54.jpg,42.51,kg,1,broken,shop,7130.94,collector,2026-07-19T16:01:00.000Z
MAT_001276,LOT_00677,pcb,pcb_ram_gold,,synthetic://images/pcb_ram_gold/5aabbf7faa4e.jpg,0.21,kg,9,intact,shop,321.89,recycler_corrected,2026-07-19T16:01:00.000Z
MAT_001277,LOT_00677,battery,battery_button_cell,,synthetic://images/battery_button_cell/74eac29fb356.jpg,6.94,kg,1,intact,repair_shop,698.44,collector,2026-07-19T16:01:00.000Z
MAT_001278,LOT_00678,lcd_panel,lcd_laptop_panel,,synthetic://images/lcd_laptop_panel/b75b8706403b.jpg,1.23,kg,2,partially_dismantled,office,58.45,collector,2026-08-15T12:44:00.000Z
MAT_001279,LOT_00679,battery,battery_li_ion_laptop,,synthetic://images/battery_li_ion_laptop/0497e04c9a3f.jpg,4.89,kg,12,intact,office,1036.58,collector,2026-07-31T06:42:00.000Z
MAT_001280,LOT_00680,pcb,pcb_tv_low_grade,,synthetic://images/pcb_tv_low_grade/4e7b320007df.jpg,5.19,kg,10,broken,household,496.69,collector,2026-08-01T11:37:00.000Z
MAT_001281,LOT_00680,motor_magnet,motor_hdd_assembly,,synthetic://images/motor_hdd_assembly/570ef2a27841.jpg,3.68,kg,7,broken,aggregator,699.99,recycler_corrected,2026-08-01T11:37:00.000Z
MAT_001282,LOT_00681,crt,crt_tv,,synthetic://images/crt_tv/58ce5dfe56f0.jpg,151.96,kg,8,partially_dismantled,street_pickup,956.49,collector,2026-02-03T06:46:00.000Z
MAT_001283,LOT_00682,lcd_panel,lcd_monitor_panel,,synthetic://images/lcd_monitor_panel/8359736200e4.jpg,12.77,kg,3,intact,office,306.74,collector,2026-02-27T10:08:00.000Z
MAT_001284,LOT_00683,motor_magnet,motor_small_appliance,,synthetic://images/motor_small_appliance/391637b15214.jpg,22.89,kg,12,intact,shop,3322.94,collector,2026-04-03T13:08:00.000Z
MAT_001285,LOT_00684,pcb,pcb_motherboard,,synthetic://images/pcb_motherboard/f555d086f427.jpg,5.16,kg,7,intact,shop,1440.41,collector,2026-05-22T14:03:00.000Z
MAT_001286,LOT_00685,lcd_panel,lcd_laptop_panel,,synthetic://images/lcd_laptop_panel/fe09a9b2e641.jpg,4.3,kg,8,intact,aggregator,241.06,recycler_corrected,2025-11-06T14:06:00.000Z
MAT_001287,LOT_00686,cable,cable_data_thin,,synthetic://images/cable_data_thin/369b0bbe060c.jpg,24.17,kg,1,intact,shop,3025.6,collector,2026-07-24T16:31:00.000Z
MAT_001288,LOT_00686,pcb,pcb_ram_gold,,synthetic://images/pcb_ram_gold/87f0675529eb.jpg,0.07,kg,2,intact,household,94.97,collector,2026-07-24T16:31:00.000Z
MAT_001289,LOT_00687,cable,cable_aluminium,,synthetic://images/cable_aluminium/58386a456c17.jpg,9.01,kg,1,burnt,household,577.85,collector,2025-11-26T08:20:00.000Z
MAT_001290,LOT_00687,cable,cable_aluminium,,synthetic://images/cable_aluminium/4366f661c34e.jpg,41.87,kg,1,wet,repair_shop,4177.12,collector,2025-11-26T08:20:00.000Z
MAT_001291,LOT_00688,motor_magnet,motor_fan_ac,,synthetic://images/motor_fan_ac/62036dde1cb3.jpg,10.03,kg,4,partially_dismantled,household,1684.41,collector,2025-09-27T07:26:00.000Z
MAT_001292,LOT_00688,motor_magnet,motor_fan_ac,,synthetic://images/motor_fan_ac/9b38f806cac4.jpg,34.9,kg,11,intact,office,5581.91,collector,2025-09-27T07:26:00.000Z
MAT_001293,LOT_00688,motor_magnet,motor_fan_ac,,synthetic://images/motor_fan_ac/5b2dd45bbd8d.jpg,26.01,kg,7,intact,aggregator,4160.04,collector,2025-09-27T07:26:00.000Z
MAT_001294,LOT_00689,pcb,pcb_power_supply,,synthetic://images/pcb_power_supply/f6636f5dab20.jpg,11.79,kg,8,wet,office,1346.89,collector,2026-05-20T06:53:00.000Z
MAT_001295,LOT_00690,pcb,pcb_power_supply,,synthetic://images/pcb_power_supply/4483bc6f4028.jpg,11.22,kg,9,intact,shop,1578.09,collector,2026-04-04T07:03:00.000Z
MAT_001296,LOT_00691,pcb,pcb_power_supply,,synthetic://images/pcb_power_supply/3639ad1dbacf.jpg,6.21,kg,6,burnt,household,424.04,collector,2025-09-21T09:59:00.000Z
MAT_001297,LOT_00691,cable,cable_copper_house,,synthetic://images/cable_copper_house/a312dc1d63cb.jpg,21.03,kg,1,wet,street_pickup,6730.29,recycler_corrected,2025-09-21T09:59:00.000Z
MAT_001298,LOT_00692,cable,cable_mixed_scrap,,synthetic://images/cable_mixed_scrap/461dc52fe626.jpg,42.54,kg,1,intact,office,8980.19,collector,2025-11-02T14:32:00.000Z
MAT_001299,LOT_00692,motor_magnet,motor_fan_ac,,synthetic://images/motor_fan_ac/f826651e60b9.jpg,9.39,kg,4,broken,office,1211.56,collector,2025-11-02T14:32:00.000Z
MAT_001300,LOT_00693,lcd_panel,lcd_laptop_panel,,synthetic://images/lcd_laptop_panel/d54dc0b3a7e4.jpg,0.53,kg,1,partially_dismantled,household,30.32,recycler_corrected,2026-07-24T13:04:00.000Z
MAT_001301,LOT_00693,battery,battery_li_ion_mobile,,synthetic://images/battery_li_ion_mobile/af145ed2e687.jpg,0.36,kg,8,intact,aggregator,65.26,collector,2026-07-24T13:04:00.000Z
MAT_001302,LOT_00694,pcb,pcb_motherboard,,synthetic://images/pcb_motherboard/5431502d1802.jpg,10.02,kg,10,broken,office,2729.08,collector,2026-08-26T16:19:00.000Z
MAT_001303,LOT_00695,pcb,pcb_ram_gold,,synthetic://images/pcb_ram_gold/038bacd95d17.jpg,0.03,kg,1,broken,household,32.58,collector,2026-07-17T09:04:00.000Z
MAT_001304,LOT_00695,motor_magnet,motor_small_appliance,,synthetic://images/motor_small_appliance/1a333a62b0cf.jpg,15.31,kg,9,wet,aggregator,1198.48,collector,2026-07-17T09:04:00.000Z
MAT_001305,LOT_00696,lcd_panel,lcd_laptop_panel,,synthetic://images/lcd_laptop_panel/c7bae22d1aee.jpg,0.81,kg,2,intact,street_pickup,42.98,collector,2026-04-23T11:28:00.000Z
MAT_001306,LOT_00696,motor_magnet,motor_small_appliance,,synthetic://images/motor_small_appliance/c8df8bc1556f.jpg,10.16,kg,6,broken,repair_shop,1209.44,collector,2026-04-23T11:28:00.000Z
MAT_001307,LOT_00697,motor_magnet,motor_fan_ac,,synthetic://images/motor_fan_ac/afb53decfa49.jpg,9.77,kg,3,partially_dismantled,street_pickup,1684.34,collector,2026-07-14T07:11:00.000Z
MAT_001308,LOT_00697,motor_magnet,motor_fan_ac,,synthetic://images/motor_fan_ac/154fd9b4bd38.jpg,28.7,kg,12,intact,repair_shop,4712.25,collector,2026-07-14T07:11:00.000Z
MAT_001309,LOT_00697,pcb,pcb_mobile,,synthetic://images/pcb_mobile/5242d1881a4f.jpg,0.17,kg,10,intact,aggregator,211.06,collector,2026-07-14T07:11:00.000Z
MAT_001310,LOT_00698,pcb,pcb_tv_low_grade,,synthetic://images/pcb_tv_low_grade/8b2ba8daab05.jpg,3.38,kg,7,broken,office,282.62,collector,2026-07-16T13:16:00.000Z
MAT_001311,LOT_00698,mixed_plastic,plastic_hips_tv,,synthetic://images/plastic_hips_tv/0bd38f83bf1f.jpg,19.23,kg,1,intact,aggregator,439.79,collector,2026-07-16T13:16:00.000Z
MAT_001312,LOT_00699,cable,cable_aluminium,,synthetic://images/cable_aluminium/ea5628c003ed.jpg,20.04,kg,1,intact,household,2728.05,recycler_corrected,2026-04-08T15:07:00.000Z
MAT_001313,LOT_00699,cable,cable_mixed_scrap,,synthetic://images/cable_mixed_scrap/a041d82503d7.jpg,13.64,kg,1,broken,repair_shop,2210.56,collector,2026-04-08T15:07:00.000Z
MAT_001314,LOT_00699,cable,cable_mixed_scrap,,synthetic://images/cable_mixed_scrap/510debadb326.jpg,19.36,kg,1,broken,street_pickup,3137.57,recycler_corrected,2026-04-08T15:07:00.000Z
MAT_001315,LOT_00700,cable,cable_copper_house,,synthetic://images/cable_copper_house/9e932826cbeb.jpg,7.84,kg,1,intact,shop,3569.55,collector,2026-03-14T14:42:00.000Z
MAT_001316,LOT_00700,lcd_panel,lcd_monitor_panel,,synthetic://images/lcd_monitor_panel/4fea7dc5c9bf.jpg,29.55,kg,9,wet,street_pickup,571.32,collector,2026-03-14T14:42:00.000Z
MAT_001317,LOT_00700,pcb,pcb_ram_gold,,synthetic://images/pcb_ram_gold/237608a527f5.jpg,0.25,kg,10,partially_dismantled,office,424.56,collector,2026-03-14T14:42:00.000Z
MAT_001318,LOT_00701,cable,cable_data_thin,,synthetic://images/cable_data_thin/a8a97b676b8c.jpg,43.23,kg,1,intact,street_pickup,6979.48,collector,2026-08-30T12:54:00.000Z
MAT_001319,LOT_00701,pcb,pcb_power_supply,,synthetic://images/pcb_power_supply/86e5ede58a10.jpg,13.03,kg,12,intact,street_pickup,2195.55,recycler_corrected,2026-08-30T12:54:00.000Z
MAT_001320,LOT_00701,lcd_panel,lcd_tv_panel,,synthetic://images/lcd_tv_panel/f35cdc4df1a7.jpg,26.79,kg,4,partially_dismantled,shop,616.6,collector,2026-08-30T12:54:00.000Z
MAT_001321,LOT_00702,pcb,pcb_mobile,,synthetic://images/pcb_mobile/1b67a82f1c08.jpg,0.16,kg,9,partially_dismantled,aggregator,208.8,collector,2025-09-11T09:52:00.000Z
MAT_001322,LOT_00702,lcd_panel,lcd_laptop_panel,,synthetic://images/lcd_laptop_panel/d13772e76b1a.jpg,4.71,kg,9,wet,office,184.53,recycler_corrected,2025-09-11T09:52:00.000Z
MAT_001323,LOT_00702,pcb,pcb_mobile,,synthetic://images/pcb_mobile/f1f7c9b8a6e0.jpg,0.04,kg,2,burnt,shop,22.37,collector,2025-09-11T09:52:00.000Z
MAT_001324,LOT_00703,lcd_panel,lcd_laptop_panel,,synthetic://images/lcd_laptop_panel/7f150e7994ad.jpg,3.92,kg,10,broken,street_pickup,150.18,recycler_corrected,2026-04-11T11:59:00.000Z
MAT_001325,LOT_00703,pcb,pcb_power_supply,,synthetic://images/pcb_power_supply/50b1f5f2f09b.jpg,4.02,kg,3,intact,office,513.92,collector,2026-04-11T11:59:00.000Z
MAT_001326,LOT_00703,mixed_plastic,plastic_mixed_dirty,,synthetic://images/plastic_mixed_dirty/144f35ec3b5c.jpg,13.34,kg,1,broken,repair_shop,134.88,collector,2026-04-11T11:59:00.000Z
MAT_001327,LOT_00704,lcd_panel,led_backlight_strip,,synthetic://images/led_backlight_strip/dd144d329926.jpg,9.14,kg,1,broken,aggregator,766.79,recycler_corrected,2025-11-16T12:39:00.000Z
MAT_001328,LOT_00705,lcd_panel,lcd_monitor_panel,,synthetic://images/lcd_monitor_panel/efd9e7bc27ec.jpg,33.23,kg,10,intact,repair_shop,744.02,collector,2026-01-27T15:04:00.000Z
MAT_001329,LOT_00705,lcd_panel,lcd_tv_panel,,synthetic://images/lcd_tv_panel/2a7400bc234b.jpg,18.89,kg,2,partially_dismantled,household,437.75,collector,2026-01-27T15:04:00.000Z
MAT_001330,LOT_00706,motor_magnet,motor_small_appliance,,synthetic://images/motor_small_appliance/2cb31121b878.jpg,10.67,kg,7,intact,office,1548.96,collector,2026-04-20T16:49:00.000Z
MAT_001331,LOT_00707,cable,cable_mixed_scrap,,synthetic://images/cable_mixed_scrap/6cc176eb7164.jpg,13.21,kg,1,partially_dismantled,street_pickup,2837.49,collector,2026-06-05T17:42:00.000Z
MAT_001332,LOT_00708,pcb,pcb_motherboard,,synthetic://images/pcb_motherboard/495c55b797a5.jpg,6.57,kg,8,intact,street_pickup,2308.5,collector,2026-05-29T08:39:00.000Z
MAT_001333,LOT_00709,cable,cable_mixed_scrap,,synthetic://images/cable_mixed_scrap/2d21d031fb97.jpg,3.73,kg,1,partially_dismantled,repair_shop,793.17,collector,2025-11-03T08:48:00.000Z
MAT_001334,LOT_00709,crt,crt_monitor,,synthetic://images/crt_monitor/a336d3014507.jpg,35.11,kg,3,partially_dismantled,shop,314.46,collector,2025-11-03T08:48:00.000Z
MAT_001335,LOT_00710,cable,cable_mixed_scrap,,synthetic://images/cable_mixed_scrap/aecc7f740f73.jpg,35.42,kg,1,intact,repair_shop,6713.51,collector,2026-05-03T18:18:00.000Z
MAT_001336,LOT_00710,battery,battery_li_ion_mobile,,synthetic://images/battery_li_ion_mobile/99d2dc06c39d.jpg,0.21,kg,6,wet,street_pickup,26.88,collector,2026-05-03T18:18:00.000Z
MAT_001337,LOT_00711,pcb,pcb_tv_low_grade,,synthetic://images/pcb_tv_low_grade/94aa2a80430a.jpg,6.3,kg,10,partially_dismantled,street_pickup,660.11,collector,2026-08-05T18:07:00.000Z
MAT_001338,LOT_00711,pcb,pcb_mobile,,synthetic://images/pcb_mobile/aeb19dd95de4.jpg,0.02,kg,1,broken,aggregator,16.86,collector,2026-08-05T18:07:00.000Z
MAT_001339,LOT_00712,cable,cable_copper_house,,synthetic://images/cable_copper_house/218274eaadd3.jpg,18.18,kg,1,wet,repair_shop,4448.88,collector,2026-07-25T06:29:00.000Z
MAT_001340,LOT_00712,cable,cable_aluminium,,synthetic://images/cable_aluminium/936a0f4d265d.jpg,6.58,kg,1,intact,aggregator,898.56,recycler_corrected,2026-07-25T06:29:00.000Z
MAT_001341,LOT_00712,cable,cable_data_thin,,synthetic://images/cable_data_thin/8de583edad6c.jpg,19.21,kg,1,intact,repair_shop,2404.71,collector,2026-07-25T06:29:00.000Z
MAT_001342,LOT_00713,pcb,pcb_mobile,,synthetic://images/pcb_mobile/53f45fc81dca.jpg,0.06,kg,3,intact,street_pickup,64.88,collector,2025-09-19T07:56:00.000Z
MAT_001343,LOT_00713,motor_magnet,motor_speaker_magnet,,synthetic://images/motor_speaker_magnet/d3f365e855ee.jpg,1.35,kg,4,partially_dismantled,aggregator,102.01,collector,2025-09-19T07:56:00.000Z
MAT_001344,LOT_00713,mixed_plastic,plastic_abs_casing,,synthetic://images/plastic_abs_casing/dccf3882c870.jpg,38.43,kg,1,intact,household,1213.24,collector,2025-09-19T07:56:00.000Z
MAT_001345,LOT_00714,pcb,pcb_ram_gold,,synthetic://images/pcb_ram_gold/d3d4eb4885f6.jpg,0.07,kg,2,intact,repair_shop,106.4,collector,2026-07-08T09:18:00.000Z
MAT_001346,LOT_00715,battery,battery_button_cell,,synthetic://images/battery_button_cell/d5196377912e.jpg,13.88,kg,1,intact,street_pickup,1137.88,collector,2026-08-15T19:38:00.000Z
MAT_001347,LOT_00716,pcb,pcb_tv_low_grade,,synthetic://images/pcb_tv_low_grade/cf903f1cd0be.jpg,0.65,kg,1,broken,household,61.88,collector,2026-03-12T07:18:00.000Z
MAT_001348,LOT_00717,mixed_plastic,plastic_mixed_dirty,,synthetic://images/plastic_mixed_dirty/ea02bdd23ad8.jpg,2.04,kg,1,partially_dismantled,street_pickup,27.61,collector,2026-06-17T17:56:00.000Z
MAT_001349,LOT_00718,cable,cable_data_thin,,synthetic://images/cable_data_thin/4ca725ad8b3b.jpg,23.18,kg,1,broken,office,2775.3,collector,2025-10-20T13:43:00.000Z
MAT_001350,LOT_00719,crt,crt_monitor,,synthetic://images/crt_monitor/b98f4aee911a.jpg,70.42,kg,6,wet,repair_shop,410.75,collector,2026-06-23T17:20:00.000Z
MAT_001351,LOT_00719,lcd_panel,lcd_monitor_panel,,synthetic://images/lcd_monitor_panel/c7d45973610b.jpg,19.46,kg,7,broken,aggregator,381.38,collector,2026-06-23T17:20:00.000Z
MAT_001352,LOT_00719,battery,battery_li_ion_laptop,,synthetic://images/battery_li_ion_laptop/23ebee32c035.jpg,1.34,kg,4,intact,repair_shop,275.31,collector,2026-06-23T17:20:00.000Z
MAT_001353,LOT_00720,mixed_plastic,plastic_mixed_dirty,,synthetic://images/plastic_mixed_dirty/2d291f1d2cf1.jpg,16.36,kg,1,partially_dismantled,office,211.12,collector,2025-09-17T12:11:00.000Z
MAT_001354,LOT_00720,battery,battery_lead_acid_ups,,synthetic://images/battery_lead_acid_ups/70da99ccbd9c.jpg,57.23,kg,9,partially_dismantled,street_pickup,5643.52,recycler_corrected,2025-09-17T12:11:00.000Z
MAT_001355,LOT_00721,motor_magnet,motor_small_appliance,,synthetic://images/motor_small_appliance/2e6c90fdcca2.jpg,12.74,kg,10,broken,household,1520.22,collector,2026-07-10T17:59:00.000Z
MAT_001356,LOT_00721,lcd_panel,led_backlight_strip,,synthetic://images/led_backlight_strip/6d9fa5c3c3a7.jpg,8.18,kg,1,wet,street_pickup,580.9,collector,2026-07-10T17:59:00.000Z
MAT_001357,LOT_00722,motor_magnet,motor_speaker_magnet,,synthetic://images/motor_speaker_magnet/a69ab7847d08.jpg,3.74,kg,12,broken,aggregator,228.17,collector,2026-05-13T09:16:00.000Z
MAT_001358,LOT_00723,cable,cable_mixed_scrap,,synthetic://images/cable_mixed_scrap/8c2599508e57.jpg,37.73,kg,1,intact,household,7528.64,collector,2026-01-09T10:40:00.000Z
MAT_001359,LOT_00724,motor_magnet,motor_fan_ac,,synthetic://images/motor_fan_ac/88ed276b07fc.jpg,6.76,kg,2,broken,household,823.94,collector,2026-05-10T11:56:00.000Z
MAT_001360,LOT_00724,battery,battery_li_ion_mobile,,synthetic://images/battery_li_ion_mobile/d76150f6b23f.jpg,0.13,kg,3,partially_dismantled,household,24.38,collector,2026-05-10T11:56:00.000Z
MAT_001361,LOT_00724,mixed_plastic,plastic_hips_tv,,synthetic://images/plastic_hips_tv/a70a37278c46.jpg,16.42,kg,1,partially_dismantled,repair_shop,412.75,collector,2026-05-10T11:56:00.000Z
MAT_001362,LOT_00725,pcb,pcb_tv_low_grade,,synthetic://images/pcb_tv_low_grade/40e171ab456d.jpg,4.02,kg,7,wet,shop,289.5,recycler_corrected,2025-11-25T13:19:00.000Z
MAT_001363,LOT_00726,battery,battery_button_cell,,synthetic://images/battery_button_cell/6ef6486312cd.jpg,10.53,kg,1,intact,street_pickup,1190,collector,2026-02-19T12:02:00.000Z
MAT_001364,LOT_00726,pcb,pcb_tv_low_grade,,synthetic://images/pcb_tv_low_grade/faed9789572b.jpg,5.91,kg,12,broken,street_pickup,592.21,recycler_corrected,2026-02-19T12:02:00.000Z
MAT_001365,LOT_00727,pcb,pcb_power_supply,,synthetic://images/pcb_power_supply/2b8a1e99a227.jpg,11.41,kg,9,partially_dismantled,aggregator,1609.34,collector,2026-04-25T06:43:00.000Z
MAT_001366,LOT_00728,pcb,pcb_mobile,,synthetic://images/pcb_mobile/683537b29dc6.jpg,0.11,kg,6,broken,office,88.61,collector,2026-01-03T09:20:00.000Z
MAT_001367,LOT_00728,pcb,pcb_power_supply,,synthetic://images/pcb_power_supply/d403513efe01.jpg,2.03,kg,2,intact,office,277.18,collector,2026-01-03T09:20:00.000Z
MAT_001368,LOT_00729,crt,crt_yoke,,synthetic://images/crt_yoke/bf233379c65a.jpg,4.78,kg,8,burnt,shop,164.36,collector,2025-11-03T10:20:00.000Z
MAT_001369,LOT_00729,mixed_plastic,plastic_hips_tv,,synthetic://images/plastic_hips_tv/d9727d7a7024.jpg,7.56,kg,1,partially_dismantled,shop,191.7,recycler_corrected,2025-11-03T10:20:00.000Z
MAT_001370,LOT_00730,lcd_panel,lcd_monitor_panel,,synthetic://images/lcd_monitor_panel/770d3149bd57.jpg,21.51,kg,5,intact,repair_shop,604.86,collector,2026-06-20T19:37:00.000Z
MAT_001371,LOT_00731,mixed_plastic,plastic_hips_tv,,synthetic://images/plastic_hips_tv/29820d0cfdea.jpg,23.32,kg,1,partially_dismantled,street_pickup,585.71,collector,2025-09-10T09:24:00.000Z
MAT_001372,LOT_00731,pcb,pcb_tv_low_grade,,synthetic://images/pcb_tv_low_grade/6858088b8059.jpg,1.51,kg,3,partially_dismantled,shop,182.06,collector,2025-09-10T09:24:00.000Z
MAT_001373,LOT_00732,battery,battery_lead_acid_ups,,synthetic://images/battery_lead_acid_ups/3a30d6298750.jpg,60.96,kg,9,intact,repair_shop,5388.53,collector,2025-09-27T16:40:00.000Z
MAT_001374,LOT_00732,pcb,pcb_ram_gold,,synthetic://images/pcb_ram_gold/6e385fa002da.jpg,0.07,kg,2,intact,repair_shop,97.16,collector,2025-09-27T16:40:00.000Z
MAT_001375,LOT_00733,lcd_panel,lcd_monitor_panel,,synthetic://images/lcd_monitor_panel/20b4c325dcdc.jpg,3.35,kg,1,broken,shop,73.45,collector,2025-12-20T17:21:00.000Z
MAT_001376,LOT_00733,mixed_plastic,plastic_abs_casing,,synthetic://images/plastic_abs_casing/3f141b8cb79e.jpg,9,kg,1,intact,shop,285.66,collector,2025-12-20T17:21:00.000Z
MAT_001377,LOT_00734,motor_magnet,motor_small_appliance,,synthetic://images/motor_small_appliance/4000b76b745d.jpg,21.02,kg,11,broken,repair_shop,2316.23,collector,2025-12-30T07:48:00.000Z
MAT_001378,LOT_00734,lcd_panel,lcd_monitor_panel,,synthetic://images/lcd_monitor_panel/a8697d667a5b.jpg,8.29,kg,2,partially_dismantled,office,208.04,collector,2025-12-30T07:48:00.000Z
MAT_001379,LOT_00735,crt,crt_tv,,synthetic://images/crt_tv/117ff065dfca.jpg,46.91,kg,3,broken,street_pickup,234.64,collector,2026-01-21T15:12:00.000Z
MAT_001380,LOT_00736,battery,battery_lead_acid_ups,,synthetic://images/battery_lead_acid_ups/2f56c6a8fe77.jpg,32.22,kg,6,broken,repair_shop,2371.23,collector,2026-07-05T12:47:00.000Z
MAT_001381,LOT_00736,cable,cable_mixed_scrap,,synthetic://images/cable_mixed_scrap/5092f747d0a4.jpg,12.94,kg,1,wet,office,1858.61,collector,2026-07-05T12:47:00.000Z
MAT_001382,LOT_00736,mixed_plastic,plastic_abs_casing,,synthetic://images/plastic_abs_casing/3926b0771021.jpg,20.69,kg,1,intact,street_pickup,742.77,collector,2026-07-05T12:47:00.000Z
MAT_001383,LOT_00737,cable,cable_data_thin,,synthetic://images/cable_data_thin/dd6601426a39.jpg,37.78,kg,1,broken,shop,4523.33,collector,2025-10-27T19:54:00.000Z
MAT_001384,LOT_00737,motor_magnet,motor_hdd_assembly,,synthetic://images/motor_hdd_assembly/b2cf1cb8bde4.jpg,0.46,kg,1,intact,household,114.94,collector,2025-10-27T19:54:00.000Z
MAT_001385,LOT_00738,pcb,pcb_tv_low_grade,,synthetic://images/pcb_tv_low_grade/b94288a937cc.jpg,1.54,kg,4,partially_dismantled,aggregator,189.15,collector,2026-07-27T10:58:00.000Z
MAT_001386,LOT_00738,lcd_panel,lcd_laptop_panel,,synthetic://images/lcd_laptop_panel/12768f43a1f8.jpg,3.95,kg,9,intact,aggregator,226.57,collector,2026-07-27T10:58:00.000Z
MAT_001387,LOT_00738,cable,cable_data_thin,,synthetic://images/cable_data_thin/e0f337ba24ac.jpg,4.89,kg,1,partially_dismantled,household,770.95,collector,2026-07-27T10:58:00.000Z
MAT_001388,LOT_00739,battery,battery_lead_acid_ups,,synthetic://images/battery_lead_acid_ups/bd17def8702d.jpg,24.27,kg,3,wet,aggregator,1352.49,collector,2026-07-18T18:52:00.000Z
MAT_001389,LOT_00739,pcb,pcb_tv_low_grade,,synthetic://images/pcb_tv_low_grade/6b5cecc2bea0.jpg,3.82,kg,8,partially_dismantled,repair_shop,410.89,collector,2026-07-18T18:52:00.000Z
MAT_001390,LOT_00739,mixed_plastic,plastic_mixed_dirty,,synthetic://images/plastic_mixed_dirty/4cc5062d79dc.jpg,24.97,kg,1,partially_dismantled,office,302.3,collector,2026-07-18T18:52:00.000Z
MAT_001391,LOT_00739,motor_magnet,motor_speaker_magnet,,synthetic://images/motor_speaker_magnet/2a808fc7dd78.jpg,1.95,kg,5,partially_dismantled,office,119.45,collector,2026-07-18T18:52:00.000Z
MAT_001392,LOT_00740,pcb,pcb_tv_low_grade,,synthetic://images/pcb_tv_low_grade/a2e70501e04e.jpg,3.4,kg,7,broken,office,334.03,recycler_corrected,2026-08-01T12:11:00.000Z
MAT_001393,LOT_00741,lcd_panel,lcd_monitor_panel,,synthetic://images/lcd_monitor_panel/c9a01ec7e470.jpg,28.49,kg,9,broken,office,556.01,recycler_corrected,2025-11-13T08:34:00.000Z
MAT_001394,LOT_00741,mixed_plastic,plastic_mixed_dirty,,synthetic://images/plastic_mixed_dirty/0d5a01e64895.jpg,33,kg,1,intact,street_pickup,403.92,collector,2025-11-13T08:34:00.000Z
MAT_001395,LOT_00741,cable,cable_copper_house,,synthetic://images/cable_copper_house/d3b21cdc4f2b.jpg,35.31,kg,1,broken,shop,11574.15,collector,2025-11-13T08:34:00.000Z
MAT_001396,LOT_00742,cable,cable_data_thin,,synthetic://images/cable_data_thin/a13ed19078f7.jpg,13.59,kg,1,intact,street_pickup,1743.33,recycler_corrected,2026-02-04T08:48:00.000Z
MAT_001397,LOT_00742,motor_magnet,motor_hdd_assembly,,synthetic://images/motor_hdd_assembly/b238f1fb1551.jpg,3.43,kg,8,intact,office,938,collector,2026-02-04T08:48:00.000Z
MAT_001398,LOT_00743,battery,battery_lead_acid_ups,,synthetic://images/battery_lead_acid_ups/2d95c7662b76.jpg,78.34,kg,9,broken,shop,5938.4,collector,2026-07-11T09:35:00.000Z
MAT_001399,LOT_00744,pcb,pcb_tv_low_grade,,synthetic://images/pcb_tv_low_grade/c46806ec3bd0.jpg,4.85,kg,10,intact,aggregator,512.06,collector,2026-07-20T12:00:00.000Z
MAT_001400,LOT_00744,motor_magnet,motor_speaker_magnet,,synthetic://images/motor_speaker_magnet/27b2558f807b.jpg,2.41,kg,6,intact,repair_shop,158.92,collector,2026-07-20T12:00:00.000Z
MAT_001401,LOT_00744,battery,battery_lead_acid_ups,,synthetic://images/battery_lead_acid_ups/102b7f82d28b.jpg,21.07,kg,4,broken,aggregator,1316.88,recycler_corrected,2026-07-20T12:00:00.000Z
MAT_001402,LOT_00745,pcb,pcb_cpu_processor,,synthetic://images/pcb_cpu_processor/1efadbf6633f.jpg,0.18,kg,9,broken,repair_shop,608.01,collector,2026-07-24T12:28:00.000Z
MAT_001403,LOT_00746,motor_magnet,motor_hdd_assembly,,synthetic://images/motor_hdd_assembly/f45978b0bc7a.jpg,4.93,kg,8,intact,office,1165.55,collector,2026-03-02T16:04:00.000Z
MAT_001404,LOT_00746,battery,battery_li_ion_laptop,,synthetic://images/battery_li_ion_laptop/54da97eabaeb.jpg,0.26,kg,1,partially_dismantled,shop,58.26,collector,2026-03-02T16:04:00.000Z
MAT_001405,LOT_00746,crt,crt_tv,,synthetic://images/crt_tv/7c3e157a1819.jpg,252.11,kg,12,intact,repair_shop,1555.32,collector,2026-03-02T16:04:00.000Z
MAT_001406,LOT_00747,pcb,pcb_tv_low_grade,,synthetic://images/pcb_tv_low_grade/65b486c580fc.jpg,3.44,kg,6,intact,aggregator,408.84,collector,2025-09-02T19:01:00.000Z
MAT_001407,LOT_00747,lcd_panel,lcd_tv_panel,,synthetic://images/lcd_tv_panel/e2d1d0163243.jpg,35.4,kg,5,intact,office,724.28,collector,2025-09-02T19:01:00.000Z
MAT_001408,LOT_00748,motor_magnet,motor_fan_ac,,synthetic://images/motor_fan_ac/f1026e2d6413.jpg,34.56,kg,9,intact,shop,4944.15,collector,2025-12-12T06:02:00.000Z
MAT_001409,LOT_00749,crt,crt_monitor,,synthetic://images/crt_monitor/f710f4099978.jpg,114.97,kg,9,broken,shop,838,collector,2026-08-10T16:07:00.000Z
MAT_001410,LOT_00750,mixed_plastic,plastic_mixed_dirty,,synthetic://images/plastic_mixed_dirty/546d2b8b5eef.jpg,25.06,kg,1,intact,household,304.23,collector,2026-07-23T06:11:00.000Z
MAT_001411,LOT_00750,battery,battery_button_cell,,synthetic://images/battery_button_cell/10b26ab5de97.jpg,40.66,kg,1,intact,aggregator,4092.02,collector,2026-07-23T06:11:00.000Z
MAT_001412,LOT_00750,motor_magnet,motor_hdd_assembly,,synthetic://images/motor_hdd_assembly/2097e267f6ae.jpg,1.38,kg,2,intact,aggregator,379.76,collector,2026-07-23T06:11:00.000Z
MAT_001413,LOT_00750,cable,cable_aluminium,,synthetic://images/cable_aluminium/a595134211c9.jpg,12.28,kg,1,intact,repair_shop,1874.17,collector,2026-07-23T06:11:00.000Z
MAT_001414,LOT_00751,cable,cable_aluminium,,synthetic://images/cable_aluminium/a9b88a1a3549.jpg,30.66,kg,1,broken,household,3430.27,collector,2026-06-09T08:02:00.000Z
MAT_001415,LOT_00752,cable,cable_aluminium,,synthetic://images/cable_aluminium/4db179edcd6d.jpg,27.76,kg,1,broken,repair_shop,2713.83,collector,2025-09-05T10:03:00.000Z
MAT_001416,LOT_00752,motor_magnet,motor_small_appliance,,synthetic://images/motor_small_appliance/a200c1f23288.jpg,10.5,kg,6,wet,household,819.23,collector,2025-09-05T10:03:00.000Z
MAT_001417,LOT_00752,mixed_plastic,plastic_hips_tv,,synthetic://images/plastic_hips_tv/2f4bfab0c5de.jpg,3.35,kg,1,broken,aggregator,60.24,collector,2025-09-05T10:03:00.000Z
MAT_001418,LOT_00752,crt,crt_monitor,,synthetic://images/crt_monitor/83cac381dfe4.jpg,67.3,kg,5,intact,street_pickup,516.43,collector,2025-09-05T10:03:00.000Z
MAT_001419,LOT_00753,cable,cable_data_thin,,synthetic://images/cable_data_thin/740cdc801149.jpg,10.69,kg,1,intact,office,1367.04,collector,2026-04-27T18:11:00.000Z
MAT_001420,LOT_00753,lcd_panel,led_backlight_strip,,synthetic://images/led_backlight_strip/1ac727dcf008.jpg,31.95,kg,1,partially_dismantled,household,3060.54,collector,2026-04-27T18:11:00.000Z
MAT_001421,LOT_00754,motor_magnet,motor_hdd_assembly,,synthetic://images/motor_hdd_assembly/d7a9da1cb1d3.jpg,7.78,kg,11,intact,office,2053.69,collector,2025-09-04T10:47:00.000Z
MAT_001422,LOT_00754,pcb,pcb_tv_low_grade,,synthetic://images/pcb_tv_low_grade/78049a85627c.jpg,6.24,kg,10,wet,household,458.38,recycler_corrected,2025-09-04T10:47:00.000Z
MAT_001423,LOT_00755,pcb,pcb_tv_low_grade,,synthetic://images/pcb_tv_low_grade/88443456af7a.jpg,0.42,kg,1,intact,household,49.13,collector,2026-07-05T06:37:00.000Z
MAT_001424,LOT_00756,pcb,pcb_ram_gold,,synthetic://images/pcb_ram_gold/1fbc476bf824.jpg,0.06,kg,2,wet,shop,56.12,collector,2026-01-11T17:55:00.000Z
MAT_001425,LOT_00757,motor_magnet,motor_small_appliance,,synthetic://images/motor_small_appliance/184aaed86f61.jpg,16.91,kg,12,broken,aggregator,1669.07,recycler_corrected,2026-04-23T15:51:00.000Z
MAT_001426,LOT_00758,cable,cable_mixed_scrap,,synthetic://images/cable_mixed_scrap/4a4cd3099da3.jpg,13.81,kg,1,partially_dismantled,household,2886.32,collector,2026-02-04T15:08:00.000Z
MAT_001427,LOT_00758,battery,battery_li_ion_laptop,,synthetic://images/battery_li_ion_laptop/9fe33dc8f9df.jpg,3.98,kg,9,intact,household,1041.21,recycler_corrected,2026-02-04T15:08:00.000Z
MAT_001428,LOT_00759,mixed_plastic,plastic_hips_tv,,synthetic://images/plastic_hips_tv/544c77c3db2d.jpg,36.5,kg,1,intact,office,861.4,collector,2026-07-28T17:21:00.000Z
MAT_001429,LOT_00759,crt,crt_yoke,,synthetic://images/crt_yoke/81c1d6a2216f.jpg,3.3,kg,5,partially_dismantled,aggregator,259.49,collector,2026-07-28T17:21:00.000Z
MAT_001430,LOT_00760,battery,battery_button_cell,,synthetic://images/battery_button_cell/8708874717ca.jpg,35.05,kg,1,broken,office,2728.38,recycler_corrected,2026-03-03T12:21:00.000Z
MAT_001431,LOT_00761,motor_magnet,motor_hdd_assembly,,synthetic://images/motor_hdd_assembly/b4b9e253696a.jpg,4.34,kg,7,wet,aggregator,799.88,collector,2026-02-24T06:32:00.000Z
MAT_001432,LOT_00762,mixed_plastic,plastic_hips_tv,,synthetic://images/plastic_hips_tv/dbb12aef694b.jpg,16.79,kg,1,partially_dismantled,street_pickup,465.6,collector,2025-11-10T19:29:00.000Z
MAT_001433,LOT_00762,mixed_plastic,plastic_hips_tv,,synthetic://images/plastic_hips_tv/6faa1b5cde32.jpg,40.64,kg,1,intact,aggregator,1073.3,collector,2025-11-10T19:29:00.000Z
MAT_001434,LOT_00762,battery,battery_lead_acid_ups,,synthetic://images/battery_lead_acid_ups/9d5fce031871.jpg,70.23,kg,11,wet,shop,4713.18,collector,2025-11-10T19:29:00.000Z
MAT_001435,LOT_00763,cable,cable_copper_house,,synthetic://images/cable_copper_house/eea323ee6140.jpg,22.23,kg,1,intact,repair_shop,9231.9,collector,2026-01-05T11:57:00.000Z
MAT_001436,LOT_00764,mixed_plastic,plastic_hips_tv,,synthetic://images/plastic_hips_tv/5fb955fd3ad0.jpg,38.86,kg,1,broken,household,752.02,collector,2026-07-30T19:31:00.000Z
MAT_001437,LOT_00765,crt,crt_yoke,,synthetic://images/crt_yoke/5c81a24e1b65.jpg,4.29,kg,8,intact,shop,326.13,collector,2026-06-23T08:56:00.000Z
MAT_001438,LOT_00766,cable,cable_copper_house,,synthetic://images/cable_copper_house/6514fb12c633.jpg,31.53,kg,1,intact,household,12593.4,recycler_corrected,2025-12-20T06:40:00.000Z
MAT_001439,LOT_00766,lcd_panel,lcd_monitor_panel,,synthetic://images/lcd_monitor_panel/615884c82948.jpg,42.97,kg,10,intact,repair_shop,1026.98,collector,2025-12-20T06:40:00.000Z
MAT_001440,LOT_00767,battery,battery_li_ion_laptop,,synthetic://images/battery_li_ion_laptop/c32ebd2c486b.jpg,0.59,kg,2,intact,office,124.59,recycler_corrected,2026-04-02T16:48:00.000Z
MAT_001441,LOT_00768,lcd_panel,lcd_tv_panel,,synthetic://images/lcd_tv_panel/3e8a609507e3.jpg,6.35,kg,1,intact,aggregator,143.89,recycler_corrected,2026-08-29T07:56:00.000Z
MAT_001442,LOT_00769,mixed_plastic,plastic_abs_casing,,synthetic://images/plastic_abs_casing/1bf8717069f9.jpg,21.47,kg,1,partially_dismantled,repair_shop,793.53,collector,2025-09-08T06:51:00.000Z
MAT_001443,LOT_00769,motor_magnet,motor_hdd_assembly,,synthetic://images/motor_hdd_assembly/7726b791c906.jpg,3.7,kg,6,intact,street_pickup,980.57,collector,2025-09-08T06:51:00.000Z
MAT_001444,LOT_00769,pcb,pcb_motherboard,,synthetic://images/pcb_motherboard/0b27706f435f.jpg,8.86,kg,12,wet,street_pickup,2235.08,collector,2025-09-08T06:51:00.000Z
MAT_001445,LOT_00769,cable,cable_data_thin,,synthetic://images/cable_data_thin/aaafdb5b084e.jpg,37.43,kg,1,intact,household,5425.1,recycler_corrected,2025-09-08T06:51:00.000Z
MAT_001446,LOT_00770,cable,cable_mixed_scrap,,synthetic://images/cable_mixed_scrap/6e8e452468b0.jpg,40.8,kg,1,intact,household,8313.82,collector,2026-05-27T17:33:00.000Z
MAT_001447,LOT_00771,mixed_plastic,plastic_hips_tv,,synthetic://images/plastic_hips_tv/f52a8d0c8a96.jpg,11.25,kg,1,broken,shop,245.2,recycler_corrected,2026-02-02T11:37:00.000Z
MAT_001448,LOT_00772,pcb,pcb_motherboard,,synthetic://images/pcb_motherboard/2f78cd4972ff.jpg,4.34,kg,7,intact,street_pickup,1407.68,collector,2026-04-02T18:30:00.000Z
MAT_001449,LOT_00772,pcb,pcb_ram_gold,,synthetic://images/pcb_ram_gold/4c6dfb6d84dc.jpg,0.24,kg,7,intact,street_pickup,395.52,collector,2026-04-02T18:30:00.000Z
MAT_001450,LOT_00772,motor_magnet,motor_hdd_assembly,,synthetic://images/motor_hdd_assembly/cf59d39a2780.jpg,2.02,kg,3,partially_dismantled,shop,584.99,recycler_corrected,2026-04-02T18:30:00.000Z
MAT_001451,LOT_00773,motor_magnet,motor_fan_ac,,synthetic://images/motor_fan_ac/dbd78e70385c.jpg,6.77,kg,2,intact,street_pickup,993.09,collector,2025-09-03T14:58:00.000Z
MAT_001452,LOT_00773,pcb,pcb_tv_low_grade,,synthetic://images/pcb_tv_low_grade/dc65847627a1.jpg,1.34,kg,3,wet,shop,96.65,collector,2025-09-03T14:58:00.000Z
MAT_001453,LOT_00774,motor_magnet,motor_small_appliance,,synthetic://images/motor_small_appliance/e972ae830aec.jpg,15.85,kg,10,intact,household,2300.94,collector,2026-04-30T06:43:00.000Z
MAT_001454,LOT_00774,crt,crt_yoke,,synthetic://images/crt_yoke/0e8bf206ead9.jpg,5.05,kg,10,intact,street_pickup,388.7,collector,2026-04-30T06:43:00.000Z
MAT_001455,LOT_00774,battery,battery_li_ion_laptop,,synthetic://images/battery_li_ion_laptop/d2509ec21f6b.jpg,4.25,kg,12,intact,shop,1111.84,collector,2026-04-30T06:43:00.000Z
MAT_001456,LOT_00775,motor_magnet,motor_speaker_magnet,,synthetic://images/motor_speaker_magnet/a900d4868f56.jpg,2.91,kg,7,burnt,repair_shop,98.34,collector,2025-11-21T17:35:00.000Z
MAT_001457,LOT_00776,mixed_plastic,plastic_hips_tv,,synthetic://images/plastic_hips_tv/37aee708eca6.jpg,9.81,kg,1,intact,office,243.58,collector,2026-02-24T19:00:00.000Z
MAT_001458,LOT_00776,motor_magnet,motor_fan_ac,,synthetic://images/motor_fan_ac/cdbd0b62a34f.jpg,14.94,kg,4,wet,street_pickup,1645.57,collector,2026-02-24T19:00:00.000Z
MAT_001459,LOT_00777,mixed_plastic,plastic_hips_tv,,synthetic://images/plastic_hips_tv/4af7309d2d17.jpg,3.08,kg,1,broken,repair_shop,66.7,collector,2025-09-07T19:11:00.000Z
MAT_001460,LOT_00777,pcb,pcb_tv_low_grade,,synthetic://images/pcb_tv_low_grade/cd9b265ee538.jpg,3.82,kg,9,partially_dismantled,repair_shop,476.71,collector,2025-09-07T19:11:00.000Z
MAT_001461,LOT_00777,mixed_plastic,plastic_mixed_dirty,,synthetic://images/plastic_mixed_dirty/01b6280610c6.jpg,34.31,kg,1,wet,shop,276.2,collector,2025-09-07T19:11:00.000Z
MAT_001462,LOT_00777,pcb,pcb_tv_low_grade,,synthetic://images/pcb_tv_low_grade/b8d50aa40aa7.jpg,1.16,kg,3,burnt,aggregator,58.94,collector,2025-09-07T19:11:00.000Z
MAT_001463,LOT_00778,lcd_panel,led_backlight_strip,,synthetic://images/led_backlight_strip/2819387d8379.jpg,24.57,kg,1,intact,aggregator,2514,collector,2026-02-06T15:34:00.000Z
MAT_001464,LOT_00778,pcb,pcb_cpu_processor,,synthetic://images/pcb_cpu_processor/1ad8b126f206.jpg,0.28,kg,11,intact,household,1183.66,collector,2026-02-06T15:34:00.000Z
MAT_001465,LOT_00779,pcb,pcb_motherboard,,synthetic://images/pcb_motherboard/cb2fbfe930b8.jpg,11.69,kg,12,partially_dismantled,office,3411.94,collector,2026-03-13T15:35:00.000Z
MAT_001466,LOT_00780,battery,battery_li_ion_laptop,,synthetic://images/battery_li_ion_laptop/1a71d3f37b33.jpg,2.27,kg,5,intact,repair_shop,584.87,collector,2025-12-07T19:49:00.000Z
MAT_001467,LOT_00780,mixed_plastic,plastic_mixed_dirty,,synthetic://images/plastic_mixed_dirty/8d1080eefa74.jpg,8.22,kg,1,partially_dismantled,street_pickup,99.17,recycler_corrected,2025-12-07T19:49:00.000Z
MAT_001468,LOT_00781,motor_magnet,motor_fan_ac,,synthetic://images/motor_fan_ac/b2c247de5683.jpg,3.2,kg,1,partially_dismantled,repair_shop,528.7,recycler_corrected,2025-12-22T10:46:00.000Z
MAT_001469,LOT_00781,cable,cable_aluminium,,synthetic://images/cable_aluminium/ba5f02e4743a.jpg,18.1,kg,1,intact,household,2707.22,collector,2025-12-22T10:46:00.000Z
MAT_001470,LOT_00781,cable,cable_mixed_scrap,,synthetic://images/cable_mixed_scrap/3c30db014efd.jpg,9.56,kg,1,broken,shop,1651.56,collector,2025-12-22T10:46:00.000Z
MAT_001471,LOT_00782,cable,cable_mixed_scrap,,synthetic://images/cable_mixed_scrap/3ccf8d496018.jpg,43.38,kg,1,broken,office,7280.44,collector,2025-12-16T11:25:00.000Z
MAT_001472,LOT_00783,cable,cable_aluminium,,synthetic://images/cable_aluminium/e06d77df634a.jpg,3,kg,1,broken,household,335.2,collector,2026-03-01T11:28:00.000Z
MAT_001473,LOT_00783,motor_magnet,motor_hdd_assembly,,synthetic://images/motor_hdd_assembly/1f5959b11bf7.jpg,6.21,kg,11,partially_dismantled,office,1774.75,collector,2026-03-01T11:28:00.000Z
MAT_001474,LOT_00783,motor_magnet,motor_small_appliance,,synthetic://images/motor_small_appliance/aa198ccd9c2d.jpg,10.75,kg,7,broken,aggregator,1183.06,collector,2026-03-01T11:28:00.000Z
MAT_001475,LOT_00783,crt,crt_tv,,synthetic://images/crt_tv/881de061c235.jpg,248.98,kg,11,intact,street_pickup,1609.9,collector,2026-03-01T11:28:00.000Z
MAT_001476,LOT_00784,mixed_plastic,plastic_hips_tv,,synthetic://images/plastic_hips_tv/ef2fad0c017f.jpg,7.16,kg,1,partially_dismantled,household,178.93,collector,2026-04-16T12:36:00.000Z
MAT_001477,LOT_00785,mixed_plastic,plastic_abs_casing,,synthetic://images/plastic_abs_casing/c43eb1a62ee2.jpg,15.5,kg,1,broken,shop,402.65,collector,2026-08-14T19:07:00.000Z
MAT_001478,LOT_00785,cable,cable_copper_house,,synthetic://images/cable_copper_house/0025ff6d7c4f.jpg,4.93,kg,1,partially_dismantled,office,1736.97,collector,2026-08-14T19:07:00.000Z
MAT_001479,LOT_00786,cable,cable_mixed_scrap,,synthetic://images/cable_mixed_scrap/c840288b5a1e.jpg,7.59,kg,1,intact,shop,1584.87,collector,2026-07-17T18:07:00.000Z
MAT_001480,LOT_00786,motor_magnet,motor_speaker_magnet,,synthetic://images/motor_speaker_magnet/aa6d7cec35e2.jpg,4.43,kg,10,intact,shop,336.02,collector,2026-07-17T18:07:00.000Z
MAT_001481,LOT_00786,cable,cable_mixed_scrap,,synthetic://images/cable_mixed_scrap/00b5782ef4a9.jpg,18.09,kg,1,partially_dismantled,office,3966.24,collector,2026-07-17T18:07:00.000Z
MAT_001482,LOT_00787,motor_magnet,motor_small_appliance,,synthetic://images/motor_small_appliance/20b21cc4a8f0.jpg,20.57,kg,11,burnt,shop,1243.89,collector,2025-12-31T07:26:00.000Z
MAT_001483,LOT_00787,motor_magnet,motor_fan_ac,,synthetic://images/motor_fan_ac/0a2471a2e7fd.jpg,25.86,kg,8,broken,repair_shop,3033.62,collector,2025-12-31T07:26:00.000Z
MAT_001484,LOT_00787,pcb,pcb_cpu_processor,,synthetic://images/pcb_cpu_processor/d20153bea672.jpg,0.14,kg,7,intact,repair_shop,563.15,collector,2025-12-31T07:26:00.000Z
MAT_001485,LOT_00788,motor_magnet,motor_small_appliance,,synthetic://images/motor_small_appliance/4bcd4be72219.jpg,20.38,kg,11,intact,household,2953.88,collector,2026-03-01T14:41:00.000Z
MAT_001486,LOT_00788,cable,cable_aluminium,,synthetic://images/cable_aluminium/cd70f98b9015.jpg,26.11,kg,1,partially_dismantled,repair_shop,3896.29,collector,2026-03-01T14:41:00.000Z
MAT_001487,LOT_00789,pcb,pcb_mobile,,synthetic://images/pcb_mobile/0b1dbcf150c1.jpg,0.22,kg,9,intact,household,243.75,collector,2025-11-08T09:36:00.000Z
MAT_001488,LOT_00789,crt,crt_monitor,,synthetic://images/crt_monitor/34685adb256a.jpg,123.75,kg,9,intact,household,1120.4,collector,2025-11-08T09:36:00.000Z
MAT_001489,LOT_00790,mixed_plastic,plastic_abs_casing,,synthetic://images/plastic_abs_casing/be33d857c313.jpg,8.97,kg,1,intact,street_pickup,347.32,collector,2025-09-16T08:14:00.000Z
MAT_001490,LOT_00790,motor_magnet,motor_hdd_assembly,,synthetic://images/motor_hdd_assembly/dd2916c3cde1.jpg,1.59,kg,3,broken,office,349.72,recycler_corrected,2025-09-16T08:14:00.000Z
MAT_001491,LOT_00790,motor_magnet,motor_small_appliance,,synthetic://images/motor_small_appliance/ddfccaa311a5.jpg,8.05,kg,6,partially_dismantled,street_pickup,1300.84,collector,2025-09-16T08:14:00.000Z
MAT_001492,LOT_00790,pcb,pcb_cpu_processor,,synthetic://images/pcb_cpu_processor/d6a5e38aed1f.jpg,0.05,kg,3,partially_dismantled,office,249.51,collector,2025-09-16T08:14:00.000Z
MAT_001493,LOT_00791,crt,crt_monitor,,synthetic://images/crt_monitor/e76292a45bdf.jpg,116.9,kg,10,intact,street_pickup,1069.21,collector,2026-08-27T16:00:00.000Z
MAT_001494,LOT_00792,mixed_plastic,plastic_hips_tv,,synthetic://images/plastic_hips_tv/5a2920b9b947.jpg,44.12,kg,1,partially_dismantled,aggregator,1077.08,recycler_corrected,2025-11-25T07:03:00.000Z
MAT_001495,LOT_00792,pcb,pcb_ram_gold,,synthetic://images/pcb_ram_gold/e805366d6936.jpg,0.02,kg,1,broken,repair_shop,27.17,collector,2025-11-25T07:03:00.000Z
MAT_001496,LOT_00792,mixed_plastic,plastic_mixed_dirty,,synthetic://images/plastic_mixed_dirty/ec3bf8cb91ee.jpg,5.72,kg,1,broken,street_pickup,57.41,collector,2025-11-25T07:03:00.000Z
MAT_001497,LOT_00792,pcb,pcb_mobile,,synthetic://images/pcb_mobile/8e4a4d380b9a.jpg,0.13,kg,8,intact,repair_shop,135.22,collector,2025-11-25T07:03:00.000Z
MAT_001498,LOT_00793,crt,crt_yoke,,synthetic://images/crt_yoke/ebe515ee8385.jpg,7.29,kg,12,broken,aggregator,456.76,collector,2025-11-26T13:29:00.000Z
MAT_001499,LOT_00793,battery,battery_button_cell,,synthetic://images/battery_button_cell/cb70b6586070.jpg,33.71,kg,1,wet,street_pickup,2488.78,collector,2025-11-26T13:29:00.000Z
MAT_001500,LOT_00793,battery,battery_li_ion_mobile,,synthetic://images/battery_li_ion_mobile/b8e4fb0eb3f9.jpg,0.31,kg,7,wet,street_pickup,41.79,collector,2025-11-26T13:29:00.000Z
MAT_001501,LOT_00793,pcb,pcb_tv_low_grade,,synthetic://images/pcb_tv_low_grade/42fab1570a52.jpg,2.43,kg,5,intact,office,295.15,collector,2025-11-26T13:29:00.000Z
MAT_001502,LOT_00794,motor_magnet,motor_speaker_magnet,,synthetic://images/motor_speaker_magnet/f15e062d6541.jpg,3.16,kg,9,partially_dismantled,household,245.43,collector,2026-04-05T06:30:00.000Z
MAT_001503,LOT_00795,battery,battery_li_ion_laptop,,synthetic://images/battery_li_ion_laptop/776fcff1dd7d.jpg,0.96,kg,3,partially_dismantled,shop,238.88,collector,2026-08-27T10:43:00.000Z
MAT_001504,LOT_00796,motor_magnet,motor_small_appliance,,synthetic://images/motor_small_appliance/fbb744b0c565.jpg,5.47,kg,3,broken,office,603.87,collector,2025-11-05T07:40:00.000Z
MAT_001505,LOT_00797,pcb,pcb_cpu_processor,,synthetic://images/pcb_cpu_processor/e1f9fca19c1a.jpg,0.19,kg,12,partially_dismantled,aggregator,740.32,collector,2026-01-24T14:22:00.000Z
MAT_001506,LOT_00797,mixed_plastic,plastic_mixed_dirty,,synthetic://images/plastic_mixed_dirty/5d92fd93bcc6.jpg,38.75,kg,1,broken,office,301.23,collector,2026-01-24T14:22:00.000Z
MAT_001507,LOT_00798,cable,cable_data_thin,,synthetic://images/cable_data_thin/a2816cd36f3f.jpg,28.9,kg,1,burnt,aggregator,2000.04,collector,2026-04-19T16:36:00.000Z
MAT_001508,LOT_00798,cable,cable_copper_house,,synthetic://images/cable_copper_house/7d4a0b6fd700.jpg,10.47,kg,1,intact,office,4784.58,collector,2026-04-19T16:36:00.000Z
MAT_001509,LOT_00798,cable,cable_data_thin,,synthetic://images/cable_data_thin/13839ae1988f.jpg,24.3,kg,1,broken,household,3064.42,recycler_corrected,2026-04-19T16:36:00.000Z
MAT_001510,LOT_00799,cable,cable_aluminium,,synthetic://images/cable_aluminium/7f3189ffa24f.jpg,26.15,kg,1,intact,repair_shop,3726.9,collector,2025-11-27T12:57:00.000Z
MAT_001511,LOT_00799,crt,crt_tv,,synthetic://images/crt_tv/497b6f535d2c.jpg,196.92,kg,10,broken,repair_shop,1257.37,collector,2025-11-27T12:57:00.000Z
MAT_001512,LOT_00800,lcd_panel,lcd_tv_panel,,synthetic://images/lcd_tv_panel/f8e33b6bf1a1.jpg,64.23,kg,8,broken,shop,1127.83,collector,2026-01-17T15:11:00.000Z
MAT_001513,LOT_00800,cable,cable_copper_house,,synthetic://images/cable_copper_house/79be87e6ca52.jpg,28.7,kg,1,broken,street_pickup,10698.56,collector,2026-01-17T15:11:00.000Z
MAT_001514,LOT_00801,cable,cable_copper_house,,synthetic://images/cable_copper_house/8e028a385f5f.jpg,43.06,kg,1,intact,aggregator,15024.93,collector,2026-05-22T15:32:00.000Z
MAT_001515,LOT_00801,motor_magnet,motor_fan_ac,,synthetic://images/motor_fan_ac/bbbc6b50af25.jpg,32.93,kg,12,intact,household,4894.72,collector,2026-05-22T15:32:00.000Z
MAT_001516,LOT_00801,mixed_plastic,plastic_hips_tv,,synthetic://images/plastic_hips_tv/42ca88469639.jpg,14.42,kg,1,intact,repair_shop,345.21,collector,2026-05-22T15:32:00.000Z
MAT_001517,LOT_00802,pcb,pcb_ram_gold,,synthetic://images/pcb_ram_gold/9e2171907394.jpg,0.07,kg,3,broken,office,94.93,collector,2025-12-28T07:51:00.000Z
MAT_001518,LOT_00802,cable,cable_data_thin,,synthetic://images/cable_data_thin/10857bcf01d5.jpg,1.89,kg,1,intact,shop,231.92,collector,2025-12-28T07:51:00.000Z
MAT_001519,LOT_00803,mixed_plastic,plastic_abs_casing,,synthetic://images/plastic_abs_casing/dec25f38f561.jpg,6.31,kg,1,intact,repair_shop,220.16,recycler_corrected,2025-11-30T14:41:00.000Z
MAT_001520,LOT_00803,motor_magnet,motor_small_appliance,,synthetic://images/motor_small_appliance/4ef00996faf4.jpg,18.6,kg,10,intact,repair_shop,2699.23,recycler_corrected,2025-11-30T14:41:00.000Z
MAT_001521,LOT_00804,lcd_panel,lcd_laptop_panel,,synthetic://images/lcd_laptop_panel/e2870f35cb01.jpg,4.6,kg,12,partially_dismantled,repair_shop,217.64,collector,2025-10-26T07:40:00.000Z
MAT_001522,LOT_00804,mixed_plastic,plastic_mixed_dirty,,synthetic://images/plastic_mixed_dirty/05e79e6998ca.jpg,7.38,kg,1,intact,repair_shop,80.81,collector,2025-10-26T07:40:00.000Z
MAT_001523,LOT_00804,cable,cable_mixed_scrap,,synthetic://images/cable_mixed_scrap/f744caaedd97.jpg,38.66,kg,1,intact,office,7605.97,collector,2025-10-26T07:40:00.000Z
MAT_001524,LOT_00805,cable,cable_data_thin,,synthetic://images/cable_data_thin/655a2247bc7c.jpg,32.7,kg,1,intact,aggregator,4181.68,collector,2026-04-22T15:16:00.000Z
MAT_001525,LOT_00806,lcd_panel,lcd_monitor_panel,,synthetic://images/lcd_monitor_panel/48e2e8badc00.jpg,5.35,kg,2,burnt,repair_shop,63.77,collector,2026-02-08T14:11:00.000Z
MAT_001526,LOT_00807,mixed_plastic,plastic_mixed_dirty,,synthetic://images/plastic_mixed_dirty/5cb5dc8fd2f8.jpg,10.11,kg,1,intact,repair_shop,118.29,collector,2026-01-12T11:41:00.000Z
MAT_001527,LOT_00807,cable,cable_mixed_scrap,,synthetic://images/cable_mixed_scrap/2e8e7a818082.jpg,32.64,kg,1,intact,shop,6512.99,collector,2026-01-12T11:41:00.000Z
MAT_001528,LOT_00807,mixed_plastic,plastic_hips_tv,,synthetic://images/plastic_hips_tv/151a87e1a74f.jpg,12.81,kg,1,intact,shop,338.31,collector,2026-01-12T11:41:00.000Z
MAT_001529,LOT_00807,motor_magnet,motor_hdd_assembly,,synthetic://images/motor_hdd_assembly/ece01c30000a.jpg,7.37,kg,11,intact,household,1925.85,collector,2026-01-12T11:41:00.000Z
MAT_001530,LOT_00808,pcb,pcb_motherboard,,synthetic://images/pcb_motherboard/384608904017.jpg,3.91,kg,6,intact,office,1142.27,collector,2026-08-26T18:02:00.000Z
MAT_001531,LOT_00808,crt,crt_tv,,synthetic://images/crt_tv/785175822df9.jpg,124.08,kg,8,intact,household,774.48,recycler_corrected,2026-08-26T18:02:00.000Z
MAT_001532,LOT_00809,pcb,pcb_cpu_processor,,synthetic://images/pcb_cpu_processor/a8d94a80d9a6.jpg,0.18,kg,8,intact,aggregator,659.05,collector,2026-04-25T12:37:00.000Z
MAT_001533,LOT_00810,pcb,pcb_tv_low_grade,,synthetic://images/pcb_tv_low_grade/afe954e14713.jpg,5.45,kg,12,broken,shop,521.58,collector,2026-08-04T11:28:00.000Z
MAT_001534,LOT_00811,cable,cable_aluminium,,synthetic://images/cable_aluminium/ccc8f0b44ee2.jpg,29.28,kg,1,wet,shop,2796.47,collector,2026-02-04T19:49:00.000Z
MAT_001535,LOT_00812,battery,battery_button_cell,,synthetic://images/battery_button_cell/8881b2f00c76.jpg,26.49,kg,1,wet,office,1716.34,recycler_corrected,2026-05-18T17:11:00.000Z
MAT_001536,LOT_00812,cable,cable_aluminium,,synthetic://images/cable_aluminium/c478b3a1f680.jpg,16.77,kg,1,intact,repair_shop,2293.47,collector,2026-05-18T17:11:00.000Z
MAT_001537,LOT_00813,crt,crt_yoke,,synthetic://images/crt_yoke/8a123b70cc69.jpg,3.29,kg,7,partially_dismantled,household,252.56,collector,2026-04-09T17:53:00.000Z
MAT_001538,LOT_00813,lcd_panel,lcd_monitor_panel,,synthetic://images/lcd_monitor_panel/b9bf6cb5f83d.jpg,29.37,kg,8,intact,household,689.31,collector,2026-04-09T17:53:00.000Z
MAT_001539,LOT_00814,mixed_plastic,plastic_mixed_dirty,,synthetic://images/plastic_mixed_dirty/afcaa3b4f45b.jpg,28.56,kg,1,partially_dismantled,aggregator,352.96,collector,2026-04-25T06:29:00.000Z
MAT_001540,LOT_00814,pcb,pcb_ram_gold,,synthetic://images/pcb_ram_gold/00c2dda15cd9.jpg,0.12,kg,5,partially_dismantled,shop,188.54,collector,2026-04-25T06:29:00.000Z
MAT_001541,LOT_00815,cable,cable_aluminium,,synthetic://images/cable_aluminium/6fd3d4f92c45.jpg,13.34,kg,1,broken,shop,1554.62,collector,2026-04-10T15:36:00.000Z
MAT_001542,LOT_00815,crt,crt_tv,,synthetic://images/crt_tv/210be1ed445d.jpg,137.97,kg,9,intact,office,1075.77,recycler_corrected,2026-04-10T15:36:00.000Z
MAT_001543,LOT_00815,mixed_plastic,plastic_hips_tv,,synthetic://images/plastic_hips_tv/de9cc65f9ce1.jpg,23.48,kg,1,partially_dismantled,aggregator,663.19,collector,2026-04-10T15:36:00.000Z
MAT_001544,LOT_00815,cable,cable_mixed_scrap,,synthetic://images/cable_mixed_scrap/080fc6162145.jpg,17.16,kg,1,intact,aggregator,3487.94,recycler_corrected,2026-04-10T15:36:00.000Z
MAT_001545,LOT_00816,crt,crt_tv,,synthetic://images/crt_tv/2de2d317ad2c.jpg,16.73,kg,1,partially_dismantled,office,108.74,collector,2026-02-22T19:09:00.000Z
MAT_001546,LOT_00817,battery,battery_button_cell,,synthetic://images/battery_button_cell/095398510e64.jpg,23.31,kg,1,intact,office,2301.4,collector,2026-06-17T08:02:00.000Z
MAT_001547,LOT_00817,pcb,pcb_mobile,,synthetic://images/pcb_mobile/c36318621f20.jpg,0.14,kg,8,broken,household,131.26,collector,2026-06-17T08:02:00.000Z
MAT_001548,LOT_00818,cable,cable_aluminium,,synthetic://images/cable_aluminium/c7faa7a59bc6.jpg,6.65,kg,1,intact,household,779.71,collector,2026-04-22T15:01:00.000Z
MAT_001549,LOT_00818,pcb,pcb_motherboard,,synthetic://images/pcb_motherboard/d70f7950cba9.jpg,10.29,kg,11,partially_dismantled,household,3258.64,collector,2026-04-22T15:01:00.000Z
MAT_001550,LOT_00819,pcb,pcb_power_supply,,synthetic://images/pcb_power_supply/82e70c1470bc.jpg,12.62,kg,11,broken,office,1503.62,collector,2026-06-13T16:37:00.000Z
MAT_001551,LOT_00819,cable,cable_copper_house,,synthetic://images/cable_copper_house/673f4b95b947.jpg,17.49,kg,1,partially_dismantled,household,7894.53,collector,2026-06-13T16:37:00.000Z
MAT_001552,LOT_00820,cable,cable_aluminium,,synthetic://images/cable_aluminium/ce2890db78d1.jpg,39.42,kg,1,broken,shop,5101.44,collector,2026-01-12T08:25:00.000Z
MAT_001553,LOT_00820,pcb,pcb_cpu_processor,,synthetic://images/pcb_cpu_processor/6f5a9256e55f.jpg,0.18,kg,8,partially_dismantled,aggregator,905.49,collector,2026-01-12T08:25:00.000Z
MAT_001554,LOT_00820,motor_magnet,motor_hdd_assembly,,synthetic://images/motor_hdd_assembly/0402f33b028d.jpg,3.86,kg,7,partially_dismantled,street_pickup,1115.95,recycler_corrected,2026-01-12T08:25:00.000Z
MAT_001555,LOT_00820,mixed_plastic,plastic_mixed_dirty,,synthetic://images/plastic_mixed_dirty/c59d688a2d9b.jpg,44.93,kg,1,intact,office,577.35,collector,2026-01-12T08:25:00.000Z
MAT_001556,LOT_00821,motor_magnet,motor_small_appliance,,synthetic://images/motor_small_appliance/856f103ef8c7.jpg,10.62,kg,7,broken,household,1262.2,collector,2026-03-09T07:12:00.000Z
MAT_001557,LOT_00822,battery,battery_li_ion_mobile,,synthetic://images/battery_li_ion_mobile/92b6eb699e31.jpg,0.15,kg,5,intact,shop,28.75,collector,2025-10-23T15:34:00.000Z
MAT_001558,LOT_00822,mixed_plastic,plastic_abs_casing,,synthetic://images/plastic_abs_casing/ad19a7746b5c.jpg,33.12,kg,1,broken,street_pickup,910.89,recycler_corrected,2025-10-23T15:34:00.000Z
MAT_001559,LOT_00823,cable,cable_aluminium,,synthetic://images/cable_aluminium/4eb84bd76c5f.jpg,2.26,kg,1,intact,aggregator,270.25,collector,2026-05-16T19:46:00.000Z
MAT_001560,LOT_00823,pcb,pcb_mobile,,synthetic://images/pcb_mobile/d2c4f2c312e2.jpg,0.05,kg,3,intact,repair_shop,47.25,collector,2026-05-16T19:46:00.000Z
MAT_001561,LOT_00823,pcb,pcb_tv_low_grade,,synthetic://images/pcb_tv_low_grade/bc2a24743ec5.jpg,3.14,kg,6,intact,shop,308.6,collector,2026-05-16T19:46:00.000Z
MAT_001562,LOT_00824,cable,cable_data_thin,,synthetic://images/cable_data_thin/6767dc04440e.jpg,19.44,kg,1,partially_dismantled,household,2638.46,collector,2025-09-28T07:45:00.000Z
MAT_001563,LOT_00825,cable,cable_mixed_scrap,,synthetic://images/cable_mixed_scrap/7948fd637052.jpg,34.9,kg,1,intact,office,6329.46,collector,2025-12-01T13:20:00.000Z
MAT_001564,LOT_00825,pcb,pcb_cpu_processor,,synthetic://images/pcb_cpu_processor/cfb64dd41c38.jpg,0.22,kg,9,broken,aggregator,669.44,collector,2025-12-01T13:20:00.000Z
MAT_001565,LOT_00826,pcb,pcb_mobile,,synthetic://images/pcb_mobile/e72ba9049f93.jpg,0.27,kg,11,intact,repair_shop,335.29,collector,2025-12-31T06:24:00.000Z
MAT_001566,LOT_00826,mixed_plastic,plastic_mixed_dirty,,synthetic://images/plastic_mixed_dirty/655694aeb3d5.jpg,7.11,kg,1,broken,shop,66.99,collector,2025-12-31T06:24:00.000Z
MAT_001567,LOT_00826,pcb,pcb_cpu_processor,,synthetic://images/pcb_cpu_processor/2df2e6a5f7f0.jpg,0.07,kg,3,intact,office,295.5,recycler_corrected,2025-12-31T06:24:00.000Z
MAT_001568,LOT_00827,mixed_plastic,plastic_mixed_dirty,,synthetic://images/plastic_mixed_dirty/bcdcae1dc158.jpg,29.48,kg,1,intact,repair_shop,342.26,collector,2026-03-26T19:16:00.000Z
MAT_001569,LOT_00827,cable,cable_aluminium,,synthetic://images/cable_aluminium/584ecccf5622.jpg,12.42,kg,1,broken,office,1447.41,collector,2026-03-26T19:16:00.000Z
MAT_001570,LOT_00828,battery,battery_li_ion_mobile,,synthetic://images/battery_li_ion_mobile/24eda651190b.jpg,0.31,kg,7,broken,aggregator,48.72,collector,2025-10-16T16:41:00.000Z
MAT_001571,LOT_00828,crt,crt_yoke,,synthetic://images/crt_yoke/3c827b270852.jpg,2,kg,3,intact,repair_shop,145.18,collector,2025-10-16T16:41:00.000Z
MAT_001572,LOT_00829,motor_magnet,motor_small_appliance,,synthetic://images/motor_small_appliance/991d02ba5395.jpg,10.95,kg,7,intact,household,1199.46,collector,2026-03-27T17:14:00.000Z
MAT_001573,LOT_00829,pcb,pcb_tv_low_grade,,synthetic://images/pcb_tv_low_grade/519af60fee44.jpg,2.77,kg,5,intact,shop,300.32,recycler_corrected,2026-03-27T17:14:00.000Z
MAT_001574,LOT_00830,motor_magnet,motor_speaker_magnet,,synthetic://images/motor_speaker_magnet/bac09b4d7246.jpg,2.13,kg,7,partially_dismantled,shop,148.82,collector,2025-12-09T06:50:00.000Z
MAT_001575,LOT_00831,mixed_plastic,plastic_mixed_dirty,,synthetic://images/plastic_mixed_dirty/5c83ab4fcd09.jpg,1.61,kg,1,partially_dismantled,aggregator,20.27,collector,2026-06-12T17:53:00.000Z
MAT_001576,LOT_00831,motor_magnet,motor_fan_ac,,synthetic://images/motor_fan_ac/02715df19a5e.jpg,24.62,kg,7,intact,repair_shop,3602.4,collector,2026-06-12T17:53:00.000Z
MAT_001577,LOT_00832,battery,battery_li_ion_laptop,,synthetic://images/battery_li_ion_laptop/da039df2a9c7.jpg,1.14,kg,3,burnt,aggregator,125.01,collector,2025-10-22T19:51:00.000Z
MAT_001578,LOT_00832,motor_magnet,motor_speaker_magnet,,synthetic://images/motor_speaker_magnet/4c708223d9b0.jpg,4.02,kg,9,intact,aggregator,299.37,collector,2025-10-22T19:51:00.000Z
MAT_001579,LOT_00833,mixed_plastic,plastic_hips_tv,,synthetic://images/plastic_hips_tv/ec673f75f839.jpg,3.33,kg,1,broken,office,62.91,collector,2026-08-02T18:53:00.000Z
MAT_001580,LOT_00834,mixed_plastic,plastic_hips_tv,,synthetic://images/plastic_hips_tv/df61eb5c044d.jpg,41.78,kg,1,intact,office,962.61,collector,2026-06-09T08:10:00.000Z
MAT_001581,LOT_00835,pcb,pcb_mobile,,synthetic://images/pcb_mobile/4aff70706dc6.jpg,0.13,kg,8,intact,office,134.13,collector,2026-05-18T13:22:00.000Z
MAT_001582,LOT_00835,cable,cable_copper_house,,synthetic://images/cable_copper_house/c161804b7a97.jpg,31.99,kg,1,intact,aggregator,12668.04,recycler_corrected,2026-05-18T13:22:00.000Z
MAT_001583,LOT_00836,mixed_plastic,plastic_hips_tv,,synthetic://images/plastic_hips_tv/d355f55cb5f5.jpg,15.56,kg,1,intact,street_pickup,363.01,collector,2025-09-24T10:53:00.000Z
MAT_001584,LOT_00836,cable,cable_data_thin,,synthetic://images/cable_data_thin/bc7362c24921.jpg,30.82,kg,1,partially_dismantled,office,4190.1,collector,2025-09-24T10:53:00.000Z
MAT_001585,LOT_00837,mixed_plastic,plastic_abs_casing,,synthetic://images/plastic_abs_casing/bb12c1f0a63f.jpg,20.77,kg,1,partially_dismantled,office,773.11,collector,2026-04-06T15:57:00.000Z
MAT_001586,LOT_00838,pcb,pcb_power_supply,,synthetic://images/pcb_power_supply/f27576df29f7.jpg,1.82,kg,2,intact,household,279.32,collector,2026-04-04T07:25:00.000Z
MAT_001587,LOT_00839,pcb,pcb_power_supply,,synthetic://images/pcb_power_supply/bdedd5f5584d.jpg,1.46,kg,1,intact,aggregator,180.12,collector,2025-11-18T06:09:00.000Z
MAT_001588,LOT_00839,pcb,pcb_cpu_processor,,synthetic://images/pcb_cpu_processor/2862e62c7d37.jpg,0.15,kg,10,broken,street_pickup,494.77,collector,2025-11-18T06:09:00.000Z
MAT_001589,LOT_00840,pcb,pcb_cpu_processor,,synthetic://images/pcb_cpu_processor/077946f41cd1.jpg,0.16,kg,7,partially_dismantled,household,665.23,collector,2026-07-11T15:14:00.000Z
MAT_001590,LOT_00840,cable,cable_copper_house,,synthetic://images/cable_copper_house/cf3f867a694d.jpg,31.02,kg,1,partially_dismantled,repair_shop,12871.08,collector,2026-07-11T15:14:00.000Z
MAT_001591,LOT_00840,cable,cable_mixed_scrap,,synthetic://images/cable_mixed_scrap/8c30c2a3ea33.jpg,17.38,kg,1,wet,repair_shop,2281.73,collector,2026-07-11T15:14:00.000Z
MAT_001592,LOT_00841,mixed_plastic,plastic_mixed_dirty,,synthetic://images/plastic_mixed_dirty/75dd0a59ef17.jpg,31.6,kg,1,broken,street_pickup,319.75,collector,2026-07-03T19:26:00.000Z
MAT_001593,LOT_00841,motor_magnet,motor_small_appliance,,synthetic://images/motor_small_appliance/da8a2457bdb4.jpg,3.88,kg,2,burnt,shop,254.08,collector,2026-07-03T19:26:00.000Z
MAT_001594,LOT_00842,cable,cable_copper_house,,synthetic://images/cable_copper_house/7627cc7e814e.jpg,34.94,kg,1,burnt,office,6759,collector,2026-08-17T08:29:00.000Z
MAT_001595,LOT_00842,cable,cable_mixed_scrap,,synthetic://images/cable_mixed_scrap/9b0f37ec100b.jpg,7.29,kg,1,wet,repair_shop,1077.24,collector,2026-08-17T08:29:00.000Z
MAT_001596,LOT_00842,pcb,pcb_power_supply,,synthetic://images/pcb_power_supply/63521eea27a6.jpg,5.78,kg,6,intact,household,839.83,recycler_corrected,2026-08-17T08:29:00.000Z
MAT_001597,LOT_00843,pcb,pcb_cpu_processor,,synthetic://images/pcb_cpu_processor/2e7a4ca824cd.jpg,0.2,kg,12,partially_dismantled,street_pickup,753.32,collector,2026-02-24T13:10:00.000Z
MAT_001598,LOT_00844,pcb,pcb_ram_gold,,synthetic://images/pcb_ram_gold/276b843092c8.jpg,0.19,kg,5,broken,street_pickup,248.98,collector,2025-10-10T17:02:00.000Z
MAT_001599,LOT_00844,cable,cable_copper_house,,synthetic://images/cable_copper_house/6e687586e034.jpg,1.14,kg,1,broken,shop,405.43,recycler_corrected,2025-10-10T17:02:00.000Z
MAT_001600,LOT_00845,pcb,pcb_motherboard,,synthetic://images/pcb_motherboard/c01969efcbf5.jpg,1.26,kg,2,intact,street_pickup,412.51,collector,2026-07-10T12:16:00.000Z
MAT_001601,LOT_00846,cable,cable_aluminium,,synthetic://images/cable_aluminium/a7f46bf9c66f.jpg,10.03,kg,1,burnt,aggregator,617.27,collector,2025-12-05T18:37:00.000Z
MAT_001602,LOT_00847,pcb,pcb_power_supply,,synthetic://images/pcb_power_supply/0c5e5c2cd12d.jpg,4.36,kg,3,broken,shop,540.93,collector,2026-04-18T15:14:00.000Z
MAT_001603,LOT_00847,cable,cable_data_thin,,synthetic://images/cable_data_thin/a957f3e2f410.jpg,35.87,kg,1,partially_dismantled,street_pickup,5486.44,collector,2026-04-18T15:14:00.000Z
MAT_001604,LOT_00848,pcb,pcb_motherboard,,synthetic://images/pcb_motherboard/55d648d25473.jpg,7.1,kg,9,intact,street_pickup,2509.92,collector,2026-07-10T09:31:00.000Z
MAT_001605,LOT_00849,pcb,pcb_power_supply,,synthetic://images/pcb_power_supply/308a8c5a959f.jpg,7.36,kg,6,partially_dismantled,office,987.95,collector,2026-04-29T09:06:00.000Z
MAT_001606,LOT_00850,mixed_plastic,plastic_hips_tv,,synthetic://images/plastic_hips_tv/69e0c46839ad.jpg,42.12,kg,1,burnt,aggregator,442.2,collector,2026-01-30T11:25:00.000Z
MAT_001607,LOT_00851,lcd_panel,lcd_laptop_panel,,synthetic://images/lcd_laptop_panel/12566955f228.jpg,0.38,kg,1,intact,shop,17.2,recycler_corrected,2026-08-23T16:56:00.000Z
MAT_001608,LOT_00851,motor_magnet,motor_fan_ac,,synthetic://images/motor_fan_ac/968971dfee67.jpg,16.31,kg,7,burnt,office,1064.67,collector,2026-08-23T16:56:00.000Z
MAT_001609,LOT_00852,cable,cable_aluminium,,synthetic://images/cable_aluminium/f3f73d7e2f91.jpg,20.55,kg,1,partially_dismantled,aggregator,3276.33,collector,2025-09-04T06:34:00.000Z
MAT_001610,LOT_00853,mixed_plastic,plastic_hips_tv,,synthetic://images/plastic_hips_tv/ba4031ade0e5.jpg,7.71,kg,1,partially_dismantled,office,189.6,collector,2025-10-06T11:23:00.000Z
MAT_001611,LOT_00853,crt,crt_yoke,,synthetic://images/crt_yoke/cad31d3e29f3.jpg,8.97,kg,12,partially_dismantled,shop,683.69,collector,2025-10-06T11:23:00.000Z
MAT_001612,LOT_00853,mixed_plastic,plastic_abs_casing,,synthetic://images/plastic_abs_casing/2e451a37865a.jpg,7.96,kg,1,partially_dismantled,household,280.33,recycler_corrected,2025-10-06T11:23:00.000Z
MAT_001613,LOT_00853,motor_magnet,motor_small_appliance,,synthetic://images/motor_small_appliance/4a47091a9b44.jpg,3.26,kg,2,partially_dismantled,shop,461.39,collector,2025-10-06T11:23:00.000Z
MAT_001614,LOT_00854,cable,cable_copper_house,,synthetic://images/cable_copper_house/0327cf8e3f19.jpg,29.38,kg,1,intact,household,13482.19,collector,2026-05-21T19:57:00.000Z
MAT_001615,LOT_00855,battery,battery_li_ion_laptop,,synthetic://images/battery_li_ion_laptop/06520c87dcff.jpg,3.48,kg,8,intact,household,799.77,collector,2025-11-05T16:46:00.000Z
MAT_001616,LOT_00855,lcd_panel,lcd_laptop_panel,,synthetic://images/lcd_laptop_panel/f979e80157c9.jpg,1.89,kg,4,partially_dismantled,household,85.29,recycler_corrected,2025-11-05T16:46:00.000Z
MAT_001617,LOT_00855,motor_magnet,motor_fan_ac,,synthetic://images/motor_fan_ac/0f28de1cfb4d.jpg,3.65,kg,1,intact,repair_shop,532.39,collector,2025-11-05T16:46:00.000Z
MAT_001618,LOT_00856,pcb,pcb_power_supply,,synthetic://images/pcb_power_supply/99b473be3d65.jpg,5.97,kg,4,partially_dismantled,household,807.7,collector,2025-12-19T15:51:00.000Z
MAT_001619,LOT_00857,mixed_plastic,plastic_hips_tv,,synthetic://images/plastic_hips_tv/4fa27e77e66d.jpg,16.97,kg,1,intact,shop,401.51,collector,2025-09-08T16:40:00.000Z
MAT_001620,LOT_00858,mixed_plastic,plastic_abs_casing,,synthetic://images/plastic_abs_casing/57c6791eb732.jpg,2.09,kg,1,intact,household,74.22,collector,2026-02-20T16:08:00.000Z
MAT_001621,LOT_00858,cable,cable_mixed_scrap,,synthetic://images/cable_mixed_scrap/944b3c437fff.jpg,27.93,kg,1,intact,household,5559.47,collector,2026-02-20T16:08:00.000Z
MAT_001622,LOT_00858,motor_magnet,motor_fan_ac,,synthetic://images/motor_fan_ac/a7cb3eca8e6e.jpg,7.01,kg,2,partially_dismantled,aggregator,1176.28,collector,2026-02-20T16:08:00.000Z
MAT_001623,LOT_00859,mixed_plastic,plastic_abs_casing,,synthetic://images/plastic_abs_casing/117caa52eaf3.jpg,24.92,kg,1,broken,repair_shop,631.22,recycler_corrected,2026-03-31T13:24:00.000Z
MAT_001624,LOT_00860,lcd_panel,lcd_tv_panel,,synthetic://images/lcd_tv_panel/fe897b001f53.jpg,67.37,kg,11,partially_dismantled,shop,1557.03,collector,2026-03-20T10:36:00.000Z
MAT_001625,LOT_00861,pcb,pcb_cpu_processor,,synthetic://images/pcb_cpu_processor/a9992bcd31aa.jpg,0.1,kg,6,intact,office,398.33,recycler_corrected,2026-06-18T09:30:00.000Z
MAT_001626,LOT_00862,pcb,pcb_ram_gold,,synthetic://images/pcb_ram_gold/72f65185df5f.jpg,0.14,kg,4,intact,repair_shop,231.55,collector,2026-02-15T09:21:00.000Z
MAT_001627,LOT_00862,mixed_plastic,plastic_abs_casing,,synthetic://images/plastic_abs_casing/0dc3144d77fd.jpg,37.99,kg,1,partially_dismantled,shop,1339.49,collector,2026-02-15T09:21:00.000Z
MAT_001628,LOT_00862,motor_magnet,motor_hdd_assembly,,synthetic://images/motor_hdd_assembly/0411f16887c2.jpg,0.84,kg,2,broken,street_pickup,178.95,collector,2026-02-15T09:21:00.000Z
MAT_001629,LOT_00863,mixed_plastic,plastic_abs_casing,,synthetic://images/plastic_abs_casing/5923b522ddbd.jpg,16.08,kg,1,partially_dismantled,household,525.43,collector,2026-04-13T13:02:00.000Z
MAT_001630,LOT_00863,motor_magnet,motor_hdd_assembly,,synthetic://images/motor_hdd_assembly/a49796c5bd10.jpg,2.17,kg,4,partially_dismantled,shop,600.38,collector,2026-04-13T13:02:00.000Z
MAT_001631,LOT_00864,cable,cable_aluminium,,synthetic://images/cable_aluminium/f18abb865f6f.jpg,21.28,kg,1,partially_dismantled,shop,3175.53,recycler_corrected,2026-03-11T19:06:00.000Z
MAT_001632,LOT_00865,motor_magnet,motor_small_appliance,,synthetic://images/motor_small_appliance/57acf54fca6c.jpg,12.62,kg,7,intact,shop,1699.03,collector,2025-11-26T10:53:00.000Z
MAT_001633,LOT_00865,battery,battery_li_ion_mobile,,synthetic://images/battery_li_ion_mobile/d5ad0d88d938.jpg,0.05,kg,1,partially_dismantled,shop,10.18,collector,2025-11-26T10:53:00.000Z
MAT_001634,LOT_00866,motor_magnet,motor_speaker_magnet,,synthetic://images/motor_speaker_magnet/45d98485dc5c.jpg,1,kg,2,broken,shop,58.5,collector,2025-11-04T11:23:00.000Z
MAT_001635,LOT_00867,crt,crt_monitor,,synthetic://images/crt_monitor/c1587cb43888.jpg,77.5,kg,7,intact,shop,680.91,collector,2025-11-18T12:41:00.000Z
MAT_001636,LOT_00867,cable,cable_data_thin,,synthetic://images/cable_data_thin/cf7e67f3af2b.jpg,43.11,kg,1,intact,aggregator,6302.68,collector,2025-11-18T12:41:00.000Z
MAT_001637,LOT_00868,motor_magnet,motor_fan_ac,,synthetic://images/motor_fan_ac/d604c55438bb.jpg,28.08,kg,10,broken,shop,3789.09,collector,2026-06-10T17:56:00.000Z
MAT_001638,LOT_00869,lcd_panel,lcd_monitor_panel,,synthetic://images/lcd_monitor_panel/85d5c5819fa8.jpg,44.61,kg,10,partially_dismantled,shop,1083.42,collector,2026-06-17T17:55:00.000Z
MAT_001639,LOT_00870,battery,battery_li_ion_mobile,,synthetic://images/battery_li_ion_mobile/1803c3284fe6.jpg,0.04,kg,1,intact,household,7.31,collector,2026-05-17T13:20:00.000Z
MAT_001640,LOT_00871,pcb,pcb_tv_low_grade,,synthetic://images/pcb_tv_low_grade/683cd6ea2177.jpg,5.61,kg,10,partially_dismantled,shop,677.05,collector,2025-10-08T08:53:00.000Z
MAT_001641,LOT_00872,lcd_panel,lcd_laptop_panel,,synthetic://images/lcd_laptop_panel/d4b53fb5db18.jpg,4.93,kg,11,partially_dismantled,repair_shop,242.31,collector,2026-07-20T18:59:00.000Z
MAT_001642,LOT_00872,battery,battery_lead_acid_ups,,synthetic://images/battery_lead_acid_ups/02dd1f3dd442.jpg,52.66,kg,8,broken,household,3839.67,collector,2026-07-20T18:59:00.000Z
MAT_001643,LOT_00873,battery,battery_button_cell,,synthetic://images/battery_button_cell/7f7b7f405d11.jpg,24.48,kg,1,partially_dismantled,aggregator,2459.36,collector,2026-02-14T11:07:00.000Z
MAT_001644,LOT_00873,pcb,pcb_cpu_processor,,synthetic://images/pcb_cpu_processor/5a73ab4791b9.jpg,0.26,kg,10,partially_dismantled,repair_shop,1108.12,collector,2026-02-14T11:07:00.000Z
MAT_001645,LOT_00873,pcb,pcb_motherboard,,synthetic://images/pcb_motherboard/045b942fe04a.jpg,4.07,kg,4,broken,street_pickup,1103.31,collector,2026-02-14T11:07:00.000Z
MAT_001646,LOT_00874,battery,battery_button_cell,,synthetic://images/battery_button_cell/3f066e6905ab.jpg,24.82,kg,1,broken,household,1934.5,collector,2025-10-06T08:21:00.000Z
MAT_001647,LOT_00874,mixed_plastic,plastic_hips_tv,,synthetic://images/plastic_hips_tv/f6685afc7397.jpg,4.42,kg,1,intact,shop,103.52,collector,2025-10-06T08:21:00.000Z
MAT_001648,LOT_00874,mixed_plastic,plastic_hips_tv,,synthetic://images/plastic_hips_tv/c690fff34b0c.jpg,6.76,kg,1,partially_dismantled,repair_shop,166.24,collector,2025-10-06T08:21:00.000Z
MAT_001649,LOT_00875,pcb,pcb_tv_low_grade,,synthetic://images/pcb_tv_low_grade/35748ef9b260.jpg,4.43,kg,8,intact,shop,530.23,collector,2026-01-05T16:32:00.000Z
MAT_001650,LOT_00876,mixed_plastic,plastic_hips_tv,,synthetic://images/plastic_hips_tv/2b3bdfd23640.jpg,40.57,kg,1,intact,street_pickup,997.21,recycler_corrected,2026-05-25T06:00:00.000Z
MAT_001651,LOT_00877,motor_magnet,motor_fan_ac,,synthetic://images/motor_fan_ac/c28a190e776a.jpg,6.34,kg,2,intact,shop,918.6,collector,2026-02-05T06:18:00.000Z
MAT_001652,LOT_00878,cable,cable_aluminium,,synthetic://images/cable_aluminium/fc959a2b6230.jpg,10.56,kg,1,broken,aggregator,1430.07,collector,2026-07-07T18:52:00.000Z
MAT_001653,LOT_00879,cable,cable_aluminium,,synthetic://images/cable_aluminium/c96848706a0d.jpg,15.45,kg,1,intact,repair_shop,2192.97,collector,2026-07-05T10:35:00.000Z
MAT_001654,LOT_00879,cable,cable_data_thin,,synthetic://images/cable_data_thin/ca35f13aea37.jpg,24.7,kg,1,intact,household,3708.71,recycler_corrected,2026-07-05T10:35:00.000Z
MAT_001655,LOT_00880,cable,cable_mixed_scrap,,synthetic://images/cable_mixed_scrap/ceddcee21e76.jpg,4.6,kg,1,partially_dismantled,shop,984.21,collector,2026-05-04T10:47:00.000Z
MAT_001656,LOT_00881,motor_magnet,motor_speaker_magnet,,synthetic://images/motor_speaker_magnet/cf9bef7f97aa.jpg,0.91,kg,2,intact,shop,64.57,collector,2025-10-25T08:04:00.000Z
MAT_001657,LOT_00881,battery,battery_li_ion_mobile,,synthetic://images/battery_li_ion_mobile/6d05c61fb8bb.jpg,0.33,kg,10,intact,office,65,collector,2025-10-25T08:04:00.000Z
MAT_001658,LOT_00881,mixed_plastic,plastic_mixed_dirty,,synthetic://images/plastic_mixed_dirty/c5a63b780131.jpg,9.76,kg,1,partially_dismantled,repair_shop,118.06,recycler_corrected,2025-10-25T08:04:00.000Z
MAT_001659,LOT_00882,cable,cable_aluminium,,synthetic://images/cable_aluminium/fb23cd2c7492.jpg,37.01,kg,1,partially_dismantled,shop,5544.23,collector,2026-08-17T12:03:00.000Z
MAT_001660,LOT_00883,cable,cable_copper_house,,synthetic://images/cable_copper_house/fc99c69b8982.jpg,40.41,kg,1,broken,household,15086.91,collector,2026-03-15T08:29:00.000Z
MAT_001661,LOT_00884,motor_magnet,motor_speaker_magnet,,synthetic://images/motor_speaker_magnet/a1d6cd08467d.jpg,3.38,kg,8,intact,aggregator,252.18,recycler_corrected,2026-07-11T18:00:00.000Z
MAT_001662,LOT_00885,pcb,pcb_power_supply,,synthetic://images/pcb_power_supply/cfcdc9e23707.jpg,5.23,kg,4,broken,shop,648.35,collector,2025-12-26T18:36:00.000Z
MAT_001663,LOT_00885,cable,cable_aluminium,,synthetic://images/cable_aluminium/5a434cb1bbbc.jpg,29.21,kg,1,partially_dismantled,office,4365.03,collector,2025-12-26T18:36:00.000Z
MAT_001664,LOT_00886,pcb,pcb_motherboard,,synthetic://images/pcb_motherboard/9951e0566de8.jpg,6.59,kg,7,partially_dismantled,household,2238.39,collector,2025-09-20T16:03:00.000Z
MAT_001665,LOT_00886,crt,crt_tv,,synthetic://images/crt_tv/c90e353248ea.jpg,22.39,kg,1,intact,office,136.13,collector,2025-09-20T16:03:00.000Z
MAT_001666,LOT_00886,cable,cable_copper_house,,synthetic://images/cable_copper_house/c8d9aecce6b3.jpg,39.94,kg,1,broken,office,13116.37,collector,2025-09-20T16:03:00.000Z
MAT_001667,LOT_00887,cable,cable_mixed_scrap,,synthetic://images/cable_mixed_scrap/69f72d7bbcdb.jpg,30.28,kg,1,partially_dismantled,office,6433.83,collector,2025-12-10T14:26:00.000Z
MAT_001668,LOT_00888,battery,battery_li_ion_mobile,,synthetic://images/battery_li_ion_mobile/ceeb4a44ccbd.jpg,0.23,kg,6,intact,shop,45.62,collector,2026-01-16T13:06:00.000Z
MAT_001669,LOT_00889,motor_magnet,motor_hdd_assembly,,synthetic://images/motor_hdd_assembly/ee6933a3964c.jpg,3.62,kg,6,intact,office,1015.19,collector,2026-02-04T11:47:00.000Z
MAT_001670,LOT_00889,cable,cable_aluminium,,synthetic://images/cable_aluminium/1cd536a8d11f.jpg,29.41,kg,1,partially_dismantled,office,4612.62,collector,2026-02-04T11:47:00.000Z
MAT_001671,LOT_00889,motor_magnet,motor_small_appliance,,synthetic://images/motor_small_appliance/a4c93b05335d.jpg,4.96,kg,4,intact,street_pickup,659.38,collector,2026-02-04T11:47:00.000Z
MAT_001672,LOT_00890,cable,cable_aluminium,,synthetic://images/cable_aluminium/6a6026c0bcd2.jpg,25.15,kg,1,broken,household,2933,collector,2026-01-20T09:25:00.000Z
MAT_001673,LOT_00890,cable,cable_copper_house,,synthetic://images/cable_copper_house/97b05d929b14.jpg,8.64,kg,1,intact,household,3927.74,collector,2026-01-20T09:25:00.000Z
MAT_001674,LOT_00891,pcb,pcb_tv_low_grade,,synthetic://images/pcb_tv_low_grade/6b9bcd5fc65e.jpg,2.1,kg,4,intact,repair_shop,251.35,collector,2025-12-10T16:33:00.000Z
MAT_001675,LOT_00892,mixed_plastic,plastic_mixed_dirty,,synthetic://images/plastic_mixed_dirty/a2d6fae4235d.jpg,26.66,kg,1,broken,street_pickup,264.74,collector,2026-01-24T14:25:00.000Z
MAT_001676,LOT_00892,lcd_panel,lcd_monitor_panel,,synthetic://images/lcd_monitor_panel/1a4858fc1105.jpg,19.2,kg,7,wet,repair_shop,322.83,collector,2026-01-24T14:25:00.000Z
MAT_001677,LOT_00892,pcb,pcb_motherboard,,synthetic://images/pcb_motherboard/e3e3beab5bd9.jpg,3.98,kg,5,partially_dismantled,office,1381.54,collector,2026-01-24T14:25:00.000Z
MAT_001678,LOT_00893,pcb,pcb_mobile,,synthetic://images/pcb_mobile/d322d932cfb0.jpg,0.21,kg,10,intact,repair_shop,217.24,collector,2026-03-10T18:36:00.000Z
MAT_001679,LOT_00893,mixed_plastic,plastic_mixed_dirty,,synthetic://images/plastic_mixed_dirty/6a5a58ca10d7.jpg,1.65,kg,1,broken,household,15.77,recycler_corrected,2026-03-10T18:36:00.000Z
MAT_001680,LOT_00893,battery,battery_li_ion_mobile,,synthetic://images/battery_li_ion_mobile/373fa9340de0.jpg,0.42,kg,10,burnt,shop,36.31,collector,2026-03-10T18:36:00.000Z
MAT_001681,LOT_00893,cable,cable_data_thin,,synthetic://images/cable_data_thin/fc7f46aab697.jpg,36.03,kg,1,burnt,office,2068.52,collector,2026-03-10T18:36:00.000Z
MAT_001682,LOT_00894,crt,crt_tv,,synthetic://images/crt_tv/8d0bcf15d9e2.jpg,100.97,kg,6,intact,household,751.91,collector,2026-01-07T16:01:00.000Z
MAT_001683,LOT_00894,crt,crt_monitor,,synthetic://images/crt_monitor/a4373955a7bc.jpg,71.79,kg,7,broken,shop,488.1,recycler_corrected,2026-01-07T16:01:00.000Z
MAT_001684,LOT_00895,mixed_plastic,plastic_abs_casing,,synthetic://images/plastic_abs_casing/b8c120ed401e.jpg,6.75,kg,1,intact,repair_shop,222.01,collector,2026-08-31T08:06:00.000Z
MAT_001685,LOT_00896,cable,cable_data_thin,,synthetic://images/cable_data_thin/27d110983abe.jpg,3.85,kg,1,partially_dismantled,shop,569.55,collector,2025-11-12T19:31:00.000Z
MAT_001686,LOT_00896,motor_magnet,motor_hdd_assembly,,synthetic://images/motor_hdd_assembly/6f7f49df9513.jpg,5.61,kg,10,broken,street_pickup,1290.08,collector,2025-11-12T19:31:00.000Z
MAT_001687,LOT_00897,mixed_plastic,plastic_hips_tv,,synthetic://images/plastic_hips_tv/3e58545799ee.jpg,25.3,kg,1,partially_dismantled,aggregator,669.7,collector,2026-04-14T18:47:00.000Z
MAT_001688,LOT_00897,cable,cable_copper_house,,synthetic://images/cable_copper_house/3391e1df8fba.jpg,40.92,kg,1,intact,shop,17253.1,collector,2026-04-14T18:47:00.000Z
MAT_001689,LOT_00897,pcb,pcb_power_supply,,synthetic://images/pcb_power_supply/a67b7a0a11e5.jpg,3.64,kg,3,intact,office,511.97,recycler_corrected,2026-04-14T18:47:00.000Z
MAT_001690,LOT_00898,cable,cable_copper_house,,synthetic://images/cable_copper_house/6df87ae655e9.jpg,41.97,kg,1,intact,repair_shop,19108.94,collector,2026-02-11T15:44:00.000Z
MAT_001691,LOT_00899,battery,battery_lead_acid_ups,,synthetic://images/battery_lead_acid_ups/2adc72370fc9.jpg,49.76,kg,6,broken,shop,3256.5,recycler_corrected,2026-06-19T17:54:00.000Z
MAT_001692,LOT_00900,battery,battery_li_ion_laptop,,synthetic://images/battery_li_ion_laptop/567675cc0406.jpg,2.3,kg,7,broken,shop,412.09,collector,2026-08-29T17:37:00.000Z
MAT_001693,LOT_00900,pcb,pcb_power_supply,,synthetic://images/pcb_power_supply/800efa1510a0.jpg,9.25,kg,7,intact,shop,1558.63,collector,2026-08-29T17:37:00.000Z
MAT_001694,LOT_00900,battery,battery_lead_acid_ups,,synthetic://images/battery_lead_acid_ups/9b37c3f25a4a.jpg,74.19,kg,11,broken,street_pickup,5902.03,recycler_corrected,2026-08-29T17:37:00.000Z
MAT_001695,LOT_00900,mixed_plastic,plastic_hips_tv,,synthetic://images/plastic_hips_tv/cce545a496e3.jpg,22.71,kg,1,partially_dismantled,repair_shop,672.2,collector,2026-08-29T17:37:00.000Z
MAT_001696,LOT_00901,pcb,pcb_cpu_processor,,synthetic://images/pcb_cpu_processor/c21df947c6b0.jpg,0.1,kg,4,intact,aggregator,358.38,recycler_corrected,2025-09-12T15:39:00.000Z
MAT_001697,LOT_00901,crt,crt_monitor,,synthetic://images/crt_monitor/f690d6da7ee0.jpg,76.09,kg,6,intact,repair_shop,651.28,collector,2025-09-12T15:39:00.000Z
MAT_001698,LOT_00902,battery,battery_lead_acid_ups,,synthetic://images/battery_lead_acid_ups/267040f30b09.jpg,57.84,kg,7,partially_dismantled,street_pickup,6008.93,collector,2025-12-13T18:35:00.000Z
MAT_001699,LOT_00902,pcb,pcb_motherboard,,synthetic://images/pcb_motherboard/bddacad54d78.jpg,10.4,kg,11,partially_dismantled,repair_shop,3704.5,collector,2025-12-13T18:35:00.000Z
MAT_001700,LOT_00902,cable,cable_copper_house,,synthetic://images/cable_copper_house/9421b847b3b9.jpg,2.73,kg,1,broken,aggregator,931.01,recycler_corrected,2025-12-13T18:35:00.000Z
MAT_001701,LOT_00903,motor_magnet,motor_fan_ac,,synthetic://images/motor_fan_ac/8a1df22d210d.jpg,11.82,kg,4,intact,repair_shop,1940.73,collector,2026-08-03T11:13:00.000Z
MAT_001702,LOT_00903,pcb,pcb_motherboard,,synthetic://images/pcb_motherboard/8aa0386eee8a.jpg,1.32,kg,2,partially_dismantled,office,490.71,collector,2026-08-03T11:13:00.000Z
MAT_001703,LOT_00903,motor_magnet,motor_fan_ac,,synthetic://images/motor_fan_ac/f120bd806c4a.jpg,30.11,kg,10,broken,aggregator,4053.88,collector,2026-08-03T11:13:00.000Z
MAT_001704,LOT_00904,motor_magnet,motor_hdd_assembly,,synthetic://images/motor_hdd_assembly/0b5e29cf6b9a.jpg,1.47,kg,3,intact,aggregator,391.63,recycler_corrected,2026-02-06T12:53:00.000Z
MAT_001705,LOT_00904,cable,cable_aluminium,,synthetic://images/cable_aluminium/8ca629c1800f.jpg,29.58,kg,1,partially_dismantled,office,4639.28,collector,2026-02-06T12:53:00.000Z
MAT_001706,LOT_00904,mixed_plastic,plastic_abs_casing,,synthetic://images/plastic_abs_casing/7a95a5e8f2c0.jpg,4.84,kg,1,partially_dismantled,street_pickup,165.67,collector,2026-02-06T12:53:00.000Z
MAT_001707,LOT_00905,battery,battery_li_ion_laptop,,synthetic://images/battery_li_ion_laptop/c572bdf2222b.jpg,0.3,kg,1,intact,office,60.48,collector,2026-07-25T15:18:00.000Z
MAT_001708,LOT_00905,battery,battery_lead_acid_ups,,synthetic://images/battery_lead_acid_ups/84ffc0784911.jpg,27.22,kg,3,intact,shop,2166.98,recycler_corrected,2026-07-25T15:18:00.000Z
MAT_001709,LOT_00905,cable,cable_data_thin,,synthetic://images/cable_data_thin/4cdfcefb9be6.jpg,40.35,kg,1,intact,household,5051.01,collector,2026-07-25T15:18:00.000Z
MAT_001710,LOT_00906,motor_magnet,motor_hdd_assembly,,synthetic://images/motor_hdd_assembly/c06bcdbff7d2.jpg,7.67,kg,12,partially_dismantled,repair_shop,2126.53,collector,2025-10-06T17:02:00.000Z
MAT_001711,LOT_00907,mixed_plastic,plastic_hips_tv,,synthetic://images/plastic_hips_tv/a4a3c35043ad.jpg,44.11,kg,1,wet,aggregator,766.68,collector,2026-02-25T18:10:00.000Z
MAT_001712,LOT_00908,cable,cable_data_thin,,synthetic://images/cable_data_thin/e4e4f3fb5af8.jpg,14,kg,1,partially_dismantled,aggregator,1895.27,collector,2026-05-26T14:12:00.000Z
MAT_001713,LOT_00908,battery,battery_lead_acid_ups,,synthetic://images/battery_lead_acid_ups/21df2f8f22a7.jpg,36.17,kg,5,intact,repair_shop,3169.94,collector,2026-05-26T14:12:00.000Z
MAT_001714,LOT_00909,cable,cable_aluminium,,synthetic://images/cable_aluminium/99a11d64412f.jpg,31.97,kg,1,intact,repair_shop,4768.96,collector,2026-03-24T15:27:00.000Z
MAT_001715,LOT_00910,cable,cable_aluminium,,synthetic://images/cable_aluminium/68a1306e556c.jpg,28.4,kg,1,intact,office,4625.51,collector,2026-08-17T16:45:00.000Z
MAT_001716,LOT_00911,mixed_plastic,plastic_abs_casing,,synthetic://images/plastic_abs_casing/654fa7c9729e.jpg,33.66,kg,1,intact,household,1100.68,collector,2026-06-05T06:51:00.000Z
MAT_001717,LOT_00911,mixed_plastic,plastic_hips_tv,,synthetic://images/plastic_hips_tv/d7df7e15ffd7.jpg,25.93,kg,1,partially_dismantled,household,688.01,recycler_corrected,2026-06-05T06:51:00.000Z
MAT_001718,LOT_00912,pcb,pcb_mobile,,synthetic://images/pcb_mobile/9d99f057d4cc.jpg,0.2,kg,12,intact,shop,206.66,collector,2026-05-07T14:01:00.000Z
MAT_001719,LOT_00913,pcb,pcb_mobile,,synthetic://images/pcb_mobile/42d82195000b.jpg,0.07,kg,3,burnt,street_pickup,32.59,recycler_corrected,2026-04-27T17:22:00.000Z
MAT_001720,LOT_00913,pcb,pcb_mobile,,synthetic://images/pcb_mobile/734c9ae882d8.jpg,0.15,kg,8,broken,shop,127.24,collector,2026-04-27T17:22:00.000Z
MAT_001721,LOT_00914,mixed_plastic,plastic_abs_casing,,synthetic://images/plastic_abs_casing/5475c05539b6.jpg,37.73,kg,1,burnt,shop,602.91,recycler_corrected,2026-02-25T18:48:00.000Z
MAT_001722,LOT_00915,cable,cable_copper_house,,synthetic://images/cable_copper_house/4a7053b3b315.jpg,25.24,kg,1,burnt,repair_shop,5199.81,collector,2025-11-08T14:10:00.000Z
MAT_001723,LOT_00915,pcb,pcb_motherboard,,synthetic://images/pcb_motherboard/e57e8d1e8429.jpg,1.02,kg,1,partially_dismantled,street_pickup,347.25,collector,2025-11-08T14:10:00.000Z
MAT_001724,LOT_00915,crt,crt_tv,,synthetic://images/crt_tv/ee5cc6dc3de0.jpg,148.74,kg,7,burnt,street_pickup,448.81,collector,2025-11-08T14:10:00.000Z
MAT_001725,LOT_00916,motor_magnet,motor_hdd_assembly,,synthetic://images/motor_hdd_assembly/b7cc498d4ac1.jpg,6.95,kg,11,intact,repair_shop,1937.03,collector,2025-10-09T13:03:00.000Z
MAT_001726,LOT_00916,cable,cable_copper_house,,synthetic://images/cable_copper_house/57d9761e3604.jpg,40.41,kg,1,broken,office,13270.72,collector,2025-10-09T13:03:00.000Z
MAT_001727,LOT_00916,mixed_plastic,plastic_mixed_dirty,,synthetic://images/plastic_mixed_dirty/4d5137cd765c.jpg,29.14,kg,1,intact,aggregator,357.84,collector,2025-10-09T13:03:00.000Z
MAT_001728,LOT_00917,pcb,pcb_ram_gold,,synthetic://images/pcb_ram_gold/20df1e89a768.jpg,0.03,kg,1,broken,aggregator,33.38,collector,2026-07-11T08:14:00.000Z
MAT_001729,LOT_00917,pcb,pcb_mobile,,synthetic://images/pcb_mobile/2c99cb8da212.jpg,0.16,kg,9,intact,street_pickup,164.31,collector,2026-07-11T08:14:00.000Z
MAT_001730,LOT_00918,pcb,pcb_mobile,,synthetic://images/pcb_mobile/c16fed6f4371.jpg,0.04,kg,2,partially_dismantled,office,52.11,collector,2026-03-28T10:24:00.000Z
MAT_001731,LOT_00918,cable,cable_data_thin,,synthetic://images/cable_data_thin/168e366ebbb6.jpg,36.02,kg,1,intact,aggregator,5220.74,collector,2026-03-28T10:24:00.000Z
MAT_001732,LOT_00919,motor_magnet,motor_fan_ac,,synthetic://images/motor_fan_ac/9042b64a9d75.jpg,37.49,kg,11,intact,street_pickup,5917.05,collector,2026-06-08T06:45:00.000Z
MAT_001733,LOT_00920,battery,battery_lead_acid_ups,,synthetic://images/battery_lead_acid_ups/57e0337acd5f.jpg,86.45,kg,11,broken,street_pickup,6657.57,collector,2025-09-29T12:06:00.000Z
MAT_001734,LOT_00920,pcb,pcb_ram_gold,,synthetic://images/pcb_ram_gold/ee62f14d4919.jpg,0.22,kg,9,partially_dismantled,aggregator,379.24,collector,2025-09-29T12:06:00.000Z
MAT_001735,LOT_00921,lcd_panel,led_backlight_strip,,synthetic://images/led_backlight_strip/5624a5163e94.jpg,31.71,kg,1,intact,household,3340.01,collector,2026-01-28T19:47:00.000Z
MAT_001736,LOT_00922,cable,cable_data_thin,,synthetic://images/cable_data_thin/a7b32d0d31d5.jpg,43.03,kg,1,partially_dismantled,street_pickup,6792.59,collector,2026-06-30T13:01:00.000Z
MAT_001737,LOT_00922,mixed_plastic,plastic_mixed_dirty,,synthetic://images/plastic_mixed_dirty/846d5a05bc18.jpg,8.75,kg,1,partially_dismantled,street_pickup,108.78,collector,2026-06-30T13:01:00.000Z
MAT_001738,LOT_00922,mixed_plastic,plastic_abs_casing,,synthetic://images/plastic_abs_casing/ef3b569e73a9.jpg,25.18,kg,1,intact,aggregator,885.58,collector,2026-06-30T13:01:00.000Z
MAT_001739,LOT_00923,cable,cable_aluminium,,synthetic://images/cable_aluminium/290d6b7b79ba.jpg,1.84,kg,1,intact,street_pickup,248.43,collector,2026-03-02T13:50:00.000Z
MAT_001740,LOT_00924,battery,battery_li_ion_laptop,,synthetic://images/battery_li_ion_laptop/33437708ac42.jpg,3.69,kg,11,partially_dismantled,aggregator,837.94,collector,2025-10-11T14:04:00.000Z
MAT_001741,LOT_00924,crt,crt_tv,,synthetic://images/crt_tv/4512f580ddf6.jpg,59.21,kg,3,intact,household,368.36,collector,2025-10-11T14:04:00.000Z
MAT_001742,LOT_00925,lcd_panel,lcd_tv_panel,,synthetic://images/lcd_tv_panel/77fdb1d3abac.jpg,27.42,kg,3,broken,street_pickup,480.49,collector,2026-05-02T18:08:00.000Z
MAT_001743,LOT_00925,cable,cable_data_thin,,synthetic://images/cable_data_thin/386fae564552.jpg,3.4,kg,1,intact,office,483.55,collector,2026-05-02T18:08:00.000Z
MAT_001744,LOT_00926,cable,cable_mixed_scrap,,synthetic://images/cable_mixed_scrap/b0bc579f2757.jpg,9.71,kg,1,intact,street_pickup,2027.55,collector,2026-07-17T19:26:00.000Z
MAT_001745,LOT_00926,pcb,pcb_power_supply,,synthetic://images/pcb_power_supply/430f53643235.jpg,1.85,kg,2,broken,office,241.95,collector,2026-07-17T19:26:00.000Z
MAT_001746,LOT_00926,pcb,pcb_cpu_processor,,synthetic://images/pcb_cpu_processor/3bab11783651.jpg,0.12,kg,5,intact,shop,569.37,recycler_corrected,2026-07-17T19:26:00.000Z
MAT_001747,LOT_00927,cable,cable_mixed_scrap,,synthetic://images/cable_mixed_scrap/eab80fff1335.jpg,44.04,kg,1,partially_dismantled,shop,9761.69,collector,2025-09-15T13:36:00.000Z
MAT_001748,LOT_00928,cable,cable_data_thin,,synthetic://images/cable_data_thin/4a42a8b3aa2f.jpg,38.21,kg,1,intact,aggregator,4945.9,collector,2025-10-16T16:33:00.000Z
MAT_001749,LOT_00928,battery,battery_button_cell,,synthetic://images/battery_button_cell/283d13ac0c47.jpg,8.13,kg,1,intact,household,772.76,collector,2025-10-16T16:33:00.000Z
MAT_001750,LOT_00929,cable,cable_aluminium,,synthetic://images/cable_aluminium/2eaa749db759.jpg,21.87,kg,1,partially_dismantled,shop,3122.58,collector,2026-06-06T06:24:00.000Z
MAT_001751,LOT_00929,pcb,pcb_motherboard,,synthetic://images/pcb_motherboard/f3b233215106.jpg,2.71,kg,4,partially_dismantled,aggregator,809.66,collector,2026-06-06T06:24:00.000Z
MAT_001752,LOT_00930,cable,cable_mixed_scrap,,synthetic://images/cable_mixed_scrap/140faa294835.jpg,30.87,kg,1,intact,aggregator,6315.08,collector,2026-07-13T19:54:00.000Z
MAT_001753,LOT_00930,mixed_plastic,plastic_abs_casing,,synthetic://images/plastic_abs_casing/f52e077f2963.jpg,16.04,kg,1,intact,shop,504.46,collector,2026-07-13T19:54:00.000Z
MAT_001754,LOT_00931,cable,cable_copper_house,,synthetic://images/cable_copper_house/038dc01b7825.jpg,29.19,kg,1,intact,street_pickup,12139.83,collector,2025-12-25T15:01:00.000Z
MAT_001755,LOT_00932,lcd_panel,led_backlight_strip,,synthetic://images/led_backlight_strip/bc9383a5bf4b.jpg,8,kg,1,broken,street_pickup,668.53,collector,2026-06-16T17:05:00.000Z
MAT_001756,LOT_00932,pcb,pcb_motherboard,,synthetic://images/pcb_motherboard/ae8d66c5283b.jpg,5.45,kg,8,partially_dismantled,shop,1916.01,recycler_corrected,2026-06-16T17:05:00.000Z
MAT_001757,LOT_00933,battery,battery_button_cell,,synthetic://images/battery_button_cell/b1ad42b1f769.jpg,23.25,kg,1,partially_dismantled,office,3054.25,collector,2026-04-18T07:46:00.000Z
MAT_001758,LOT_00933,cable,cable_aluminium,,synthetic://images/cable_aluminium/bac261548203.jpg,3.14,kg,1,intact,repair_shop,499.04,collector,2026-04-18T07:46:00.000Z
MAT_001759,LOT_00934,lcd_panel,lcd_tv_panel,,synthetic://images/lcd_tv_panel/c27fb75812a4.jpg,6.28,kg,1,broken,office,96.66,recycler_corrected,2026-07-02T07:28:00.000Z
MAT_001760,LOT_00935,cable,cable_aluminium,,synthetic://images/cable_aluminium/94ad15645709.jpg,13.26,kg,1,intact,shop,2082.48,recycler_corrected,2026-02-13T17:36:00.000Z
MAT_001761,LOT_00935,cable,cable_data_thin,,synthetic://images/cable_data_thin/63cb0ef6ff7c.jpg,18.59,kg,1,wet,street_pickup,2014.02,collector,2026-02-13T17:36:00.000Z
MAT_001762,LOT_00936,cable,cable_aluminium,,synthetic://images/cable_aluminium/7887af5c5c76.jpg,30.42,kg,1,partially_dismantled,shop,4922.43,collector,2025-11-28T19:41:00.000Z
MAT_001763,LOT_00937,crt,crt_yoke,,synthetic://images/crt_yoke/b8971f95870b.jpg,4.12,kg,9,intact,aggregator,307.02,collector,2026-08-15T16:58:00.000Z
MAT_001764,LOT_00938,pcb,pcb_mobile,,synthetic://images/pcb_mobile/43db3c5f6551.jpg,0.21,kg,9,partially_dismantled,household,228.22,collector,2026-08-31T16:26:00.000Z
MAT_001765,LOT_00938,pcb,pcb_mobile,,synthetic://images/pcb_mobile/888a121308a5.jpg,0.12,kg,6,partially_dismantled,office,130.41,collector,2026-08-31T16:26:00.000Z
MAT_001766,LOT_00938,motor_magnet,motor_small_appliance,,synthetic://images/motor_small_appliance/c7a3e05c7082.jpg,12.57,kg,10,intact,household,1414,collector,2026-08-31T16:26:00.000Z
MAT_001767,LOT_00939,motor_magnet,motor_small_appliance,,synthetic://images/motor_small_appliance/e47f9cdff1ff.jpg,6.87,kg,5,partially_dismantled,street_pickup,793.92,collector,2026-05-10T18:37:00.000Z
MAT_001768,LOT_00940,lcd_panel,led_backlight_strip,,synthetic://images/led_backlight_strip/f0326809dc26.jpg,15.26,kg,1,intact,office,1602.15,collector,2025-09-15T14:56:00.000Z
MAT_001769,LOT_00940,cable,cable_mixed_scrap,,synthetic://images/cable_mixed_scrap/59d66395f99d.jpg,38.34,kg,1,intact,household,7811.01,collector,2025-09-15T14:56:00.000Z
MAT_001770,LOT_00940,pcb,pcb_cpu_processor,,synthetic://images/pcb_cpu_processor/6af813a4ceca.jpg,0.07,kg,4,intact,street_pickup,291.8,collector,2025-09-15T14:56:00.000Z
MAT_001771,LOT_00941,motor_magnet,motor_hdd_assembly,,synthetic://images/motor_hdd_assembly/0656fd9b744b.jpg,6.14,kg,9,intact,shop,1620.78,collector,2026-05-01T15:26:00.000Z
MAT_001772,LOT_00942,pcb,pcb_motherboard,,synthetic://images/pcb_motherboard/a94f2dd2b9f9.jpg,8.79,kg,9,broken,shop,2352.63,collector,2025-10-21T09:30:00.000Z
MAT_001773,LOT_00942,cable,cable_copper_house,,synthetic://images/cable_copper_house/9abc03742a0d.jpg,11.38,kg,1,intact,aggregator,4557.58,collector,2025-10-21T09:30:00.000Z
MAT_001774,LOT_00942,pcb,pcb_cpu_processor,,synthetic://images/pcb_cpu_processor/64dce75c3a24.jpg,0.29,kg,12,broken,shop,952.24,collector,2025-10-21T09:30:00.000Z
MAT_001775,LOT_00942,battery,battery_li_ion_laptop,,synthetic://images/battery_li_ion_laptop/98089159a4d5.jpg,0.7,kg,2,partially_dismantled,household,151.01,collector,2025-10-21T09:30:00.000Z
MAT_001776,LOT_00943,cable,cable_mixed_scrap,,synthetic://images/cable_mixed_scrap/235289c9ab59.jpg,12.76,kg,1,burnt,household,1175.22,collector,2026-04-08T07:52:00.000Z
MAT_001777,LOT_00943,cable,cable_aluminium,,synthetic://images/cable_aluminium/09e88be8c228.jpg,25.58,kg,1,intact,shop,3987.92,recycler_corrected,2026-04-08T07:52:00.000Z
MAT_001778,LOT_00944,battery,battery_li_ion_mobile,,synthetic://images/battery_li_ion_mobile/207277da434e.jpg,0.14,kg,3,intact,household,25.06,recycler_corrected,2026-08-03T19:40:00.000Z
MAT_001779,LOT_00945,cable,cable_aluminium,,synthetic://images/cable_aluminium/cbf4c57b5435.jpg,34.6,kg,1,broken,aggregator,4187.71,collector,2026-05-25T06:25:00.000Z
MAT_001780,LOT_00946,mixed_plastic,plastic_mixed_dirty,,synthetic://images/plastic_mixed_dirty/802aec08a7b0.jpg,33.65,kg,1,burnt,office,175.65,collector,2026-01-08T07:41:00.000Z
MAT_001781,LOT_00946,pcb,pcb_cpu_processor,,synthetic://images/pcb_cpu_processor/e80475e49344.jpg,0.22,kg,10,partially_dismantled,aggregator,961.77,collector,2026-01-08T07:41:00.000Z
MAT_001782,LOT_00947,cable,cable_mixed_scrap,,synthetic://images/cable_mixed_scrap/31f1fc5fa7bd.jpg,28.4,kg,1,intact,office,5182.43,collector,2026-05-25T16:24:00.000Z
MAT_001783,LOT_00947,pcb,pcb_mobile,,synthetic://images/pcb_mobile/3bf3355d4b37.jpg,0.23,kg,10,partially_dismantled,aggregator,237.79,collector,2026-05-25T16:24:00.000Z
MAT_001784,LOT_00947,battery,battery_lead_acid_ups,,synthetic://images/battery_lead_acid_ups/984c1579a0a7.jpg,7.18,kg,1,broken,office,452.4,collector,2026-05-25T16:24:00.000Z
MAT_001785,LOT_00948,crt,crt_monitor,,synthetic://images/crt_monitor/065495049a69.jpg,91.96,kg,10,burnt,street_pickup,315.41,collector,2026-08-27T15:48:00.000Z
MAT_001786,LOT_00948,pcb,pcb_cpu_processor,,synthetic://images/pcb_cpu_processor/c6607ed10457.jpg,0.04,kg,2,broken,shop,123.8,collector,2026-08-27T15:48:00.000Z
MAT_001787,LOT_00948,lcd_panel,lcd_tv_panel,,synthetic://images/lcd_tv_panel/2a681b54d2e9.jpg,70.16,kg,8,partially_dismantled,office,1691.32,collector,2026-08-27T15:48:00.000Z
MAT_001788,LOT_00949,lcd_panel,led_backlight_strip,,synthetic://images/led_backlight_strip/ab768876dc3a.jpg,10.36,kg,1,partially_dismantled,office,992.4,collector,2026-06-07T17:23:00.000Z
MAT_001789,LOT_00949,battery,battery_li_ion_laptop,,synthetic://images/battery_li_ion_laptop/982a72215c66.jpg,3.25,kg,10,broken,household,576.36,collector,2026-06-07T17:23:00.000Z
MAT_001790,LOT_00949,battery,battery_li_ion_laptop,,synthetic://images/battery_li_ion_laptop/e672ba3ecbf8.jpg,2.2,kg,6,intact,repair_shop,475.79,collector,2026-06-07T17:23:00.000Z
MAT_001791,LOT_00949,motor_magnet,motor_speaker_magnet,,synthetic://images/motor_speaker_magnet/5833112371a3.jpg,5.72,kg,12,wet,repair_shop,316.24,collector,2026-06-07T17:23:00.000Z
MAT_001792,LOT_00950,crt,crt_yoke,,synthetic://images/crt_yoke/9d59a5cd8549.jpg,8.3,kg,12,intact,repair_shop,607.98,recycler_corrected,2025-12-18T11:24:00.000Z
MAT_001793,LOT_00950,battery,battery_li_ion_laptop,,synthetic://images/battery_li_ion_laptop/2e43d6d504d8.jpg,2.58,kg,6,intact,repair_shop,594.48,recycler_corrected,2025-12-18T11:24:00.000Z
MAT_001794,LOT_00950,lcd_panel,lcd_monitor_panel,,synthetic://images/lcd_monitor_panel/b6b868bf83d1.jpg,17.61,kg,5,partially_dismantled,shop,436.56,collector,2025-12-18T11:24:00.000Z
MAT_001795,LOT_00951,battery,battery_lead_acid_ups,,synthetic://images/battery_lead_acid_ups/25111de859fe.jpg,49.21,kg,8,intact,repair_shop,3924.01,collector,2026-03-13T07:01:00.000Z
MAT_001796,LOT_00951,battery,battery_lead_acid_ups,,synthetic://images/battery_lead_acid_ups/d8b0f87aca59.jpg,69.99,kg,9,wet,repair_shop,4023.9,collector,2026-03-13T07:01:00.000Z
MAT_001797,LOT_00952,motor_magnet,motor_hdd_assembly,,synthetic://images/motor_hdd_assembly/39444d24e0ba.jpg,4.35,kg,8,intact,household,1222.92,collector,2026-08-31T19:24:00.000Z
MAT_001798,LOT_00953,mixed_plastic,plastic_hips_tv,,synthetic://images/plastic_hips_tv/31bb01be4c8e.jpg,13.98,kg,1,broken,street_pickup,268.48,collector,2025-10-21T06:56:00.000Z
MAT_001799,LOT_00953,cable,cable_data_thin,,synthetic://images/cable_data_thin/f2002cf282b6.jpg,22.86,kg,1,intact,office,2959,collector,2025-10-21T06:56:00.000Z
MAT_001800,LOT_00953,mixed_plastic,plastic_mixed_dirty,,synthetic://images/plastic_mixed_dirty/167f85a09478.jpg,23.81,kg,1,partially_dismantled,shop,307.01,collector,2025-10-21T06:56:00.000Z
MAT_001801,LOT_00953,crt,crt_yoke,,synthetic://images/crt_yoke/cb94cb2496de.jpg,7.29,kg,12,wet,household,370.43,collector,2025-10-21T06:56:00.000Z
MAT_001802,LOT_00954,pcb,pcb_ram_gold,,synthetic://images/pcb_ram_gold/e1e0ecfb51d7.jpg,0.07,kg,2,intact,shop,93.59,collector,2026-08-03T15:57:00.000Z
MAT_001803,LOT_00954,battery,battery_button_cell,,synthetic://images/battery_button_cell/238ccd18ab7e.jpg,29.6,kg,1,burnt,household,1188.14,collector,2026-08-03T15:57:00.000Z
MAT_001804,LOT_00954,mixed_plastic,plastic_abs_casing,,synthetic://images/plastic_abs_casing/036ed4c4bd8f.jpg,38.18,kg,1,broken,street_pickup,991.82,collector,2026-08-03T15:57:00.000Z
MAT_001805,LOT_00954,pcb,pcb_cpu_processor,,synthetic://images/pcb_cpu_processor/d2217ecd3981.jpg,0.03,kg,2,broken,household,91.17,recycler_corrected,2026-08-03T15:57:00.000Z
MAT_001806,LOT_00955,cable,cable_data_thin,,synthetic://images/cable_data_thin/abc900912b48.jpg,23.46,kg,1,intact,street_pickup,3772.6,collector,2026-07-15T14:01:00.000Z
MAT_001807,LOT_00956,motor_magnet,motor_speaker_magnet,,synthetic://images/motor_speaker_magnet/353c48cbeff7.jpg,3.34,kg,7,intact,shop,211.15,collector,2025-10-20T14:50:00.000Z
MAT_001808,LOT_00957,motor_magnet,motor_fan_ac,,synthetic://images/motor_fan_ac/c3486933cbce.jpg,44.96,kg,12,burnt,repair_shop,3444.09,collector,2025-10-02T11:05:00.000Z
MAT_001809,LOT_00957,pcb,pcb_mobile,,synthetic://images/pcb_mobile/aa15d89c1975.jpg,0.2,kg,8,intact,aggregator,216.62,collector,2025-10-02T11:05:00.000Z
MAT_001810,LOT_00958,crt,crt_yoke,,synthetic://images/crt_yoke/914add1c3cd0.jpg,6.57,kg,9,burnt,repair_shop,217.33,collector,2026-03-16T10:40:00.000Z
MAT_001811,LOT_00958,mixed_plastic,plastic_hips_tv,,synthetic://images/plastic_hips_tv/486af74e9019.jpg,8.77,kg,1,intact,aggregator,205.22,collector,2026-03-16T10:40:00.000Z
MAT_001812,LOT_00958,cable,cable_mixed_scrap,,synthetic://images/cable_mixed_scrap/d1856859ddd9.jpg,38.84,kg,1,intact,repair_shop,7280.95,collector,2026-03-16T10:40:00.000Z
MAT_001813,LOT_00959,crt,crt_tv,,synthetic://images/crt_tv/3aa73a5880bb.jpg,59.12,kg,3,intact,household,446.35,collector,2026-08-19T14:02:00.000Z
MAT_001814,LOT_00959,mixed_plastic,plastic_mixed_dirty,,synthetic://images/plastic_mixed_dirty/d289b84d4231.jpg,41.87,kg,1,broken,household,406.51,collector,2026-08-19T14:02:00.000Z
MAT_001815,LOT_00960,mixed_plastic,plastic_abs_casing,,synthetic://images/plastic_abs_casing/93993b0e0af2.jpg,41.6,kg,1,wet,household,906.21,collector,2026-06-22T15:14:00.000Z
MAT_001816,LOT_00960,pcb,pcb_motherboard,,synthetic://images/pcb_motherboard/09064b4a9b7f.jpg,6.28,kg,8,wet,aggregator,1250.84,collector,2026-06-22T15:14:00.000Z
MAT_001817,LOT_00960,mixed_plastic,plastic_abs_casing,,synthetic://images/plastic_abs_casing/17db4c8101c7.jpg,41.8,kg,1,intact,office,1300.82,collector,2026-06-22T15:14:00.000Z
MAT_001818,LOT_00960,crt,crt_tv,,synthetic://images/crt_tv/6afe9fc9480e.jpg,82.41,kg,6,broken,street_pickup,436.41,collector,2026-06-22T15:14:00.000Z
MAT_001819,LOT_00961,crt,crt_monitor,,synthetic://images/crt_monitor/ff0dd0750555.jpg,88.27,kg,6,intact,shop,730.98,collector,2026-02-24T09:34:00.000Z
MAT_001820,LOT_00962,pcb,pcb_cpu_processor,,synthetic://images/pcb_cpu_processor/a14f56f6683a.jpg,0.12,kg,6,partially_dismantled,office,505.36,recycler_corrected,2026-05-02T09:33:00.000Z
MAT_001821,LOT_00962,crt,crt_tv,,synthetic://images/crt_tv/fa5513fd4f2a.jpg,136.59,kg,7,intact,office,859.6,collector,2026-05-02T09:33:00.000Z
MAT_001822,LOT_00962,pcb,pcb_mobile,,synthetic://images/pcb_mobile/703779bd2d2b.jpg,0.23,kg,12,partially_dismantled,office,249.16,collector,2026-05-02T09:33:00.000Z
MAT_001823,LOT_00963,battery,battery_button_cell,,synthetic://images/battery_button_cell/d38a091990d8.jpg,43.75,kg,1,broken,office,3438.26,collector,2026-05-09T11:18:00.000Z
MAT_001824,LOT_00964,motor_magnet,motor_hdd_assembly,,synthetic://images/motor_hdd_assembly/ec3a99be8066.jpg,1.26,kg,3,intact,street_pickup,317.89,recycler_corrected,2026-04-01T17:38:00.000Z
MAT_001825,LOT_00964,cable,cable_data_thin,,synthetic://images/cable_data_thin/7f2b35d244eb.jpg,36.65,kg,1,intact,household,5338.81,collector,2026-04-01T17:38:00.000Z
MAT_001826,LOT_00965,cable,cable_mixed_scrap,,synthetic://images/cable_mixed_scrap/69a6b4fa7d8c.jpg,16.51,kg,1,broken,office,2860.76,collector,2025-12-15T12:40:00.000Z
MAT_001827,LOT_00966,pcb,pcb_power_supply,,synthetic://images/pcb_power_supply/7ca592521ab0.jpg,9.64,kg,8,intact,repair_shop,1439.64,collector,2026-03-29T17:39:00.000Z
MAT_001828,LOT_00967,pcb,pcb_mobile,,synthetic://images/pcb_mobile/1b72dc1e4dfb.jpg,0.09,kg,5,intact,street_pickup,111.76,recycler_corrected,2026-01-07T18:14:00.000Z
MAT_001829,LOT_00967,pcb,pcb_power_supply,,synthetic://images/pcb_power_supply/1557a7dd4638.jpg,8.95,kg,8,intact,street_pickup,1349.84,collector,2026-01-07T18:14:00.000Z
MAT_001830,LOT_00968,mixed_plastic,plastic_hips_tv,,synthetic://images/plastic_hips_tv/6f5e7e555ca2.jpg,20.53,kg,1,broken,office,387.87,collector,2026-06-07T13:01:00.000Z
MAT_001831,LOT_00969,pcb,pcb_tv_low_grade,,synthetic://images/pcb_tv_low_grade/2cd20ad6ba31.jpg,6.08,kg,12,intact,household,606.72,collector,2026-08-22T08:42:00.000Z
MAT_001832,LOT_00969,pcb,pcb_tv_low_grade,,synthetic://images/pcb_tv_low_grade/1df646495cd5.jpg,1.89,kg,3,wet,street_pickup,125.42,collector,2026-08-22T08:42:00.000Z
MAT_001833,LOT_00970,battery,battery_button_cell,,synthetic://images/battery_button_cell/e8f6b7ce93e1.jpg,5.75,kg,1,intact,street_pickup,638.37,collector,2026-04-24T10:31:00.000Z
MAT_001834,LOT_00970,pcb,pcb_tv_low_grade,,synthetic://images/pcb_tv_low_grade/41cf1d540890.jpg,3.62,kg,7,intact,office,432.45,collector,2026-04-24T10:31:00.000Z
MAT_001835,LOT_00971,mixed_plastic,plastic_abs_casing,,synthetic://images/plastic_abs_casing/b1ea652b83d4.jpg,22.14,kg,1,intact,aggregator,772.46,collector,2025-11-05T08:22:00.000Z
MAT_001836,LOT_00972,pcb,pcb_motherboard,,synthetic://images/pcb_motherboard/8b60a75eba58.jpg,8.09,kg,9,broken,aggregator,2345.11,recycler_corrected,2026-07-18T17:14:00.000Z
MAT_001837,LOT_00973,cable,cable_mixed_scrap,,synthetic://images/cable_mixed_scrap/0d8710155b29.jpg,24.26,kg,1,intact,household,4840.84,collector,2026-01-12T11:50:00.000Z
MAT_001838,LOT_00974,pcb,pcb_power_supply,,synthetic://images/pcb_power_supply/f3a95dba85ac.jpg,3.81,kg,4,intact,aggregator,578.13,collector,2025-09-22T08:45:00.000Z
MAT_001839,LOT_00974,pcb,pcb_mobile,,synthetic://images/pcb_mobile/aca4a8e856b7.jpg,0.14,kg,7,intact,aggregator,173.61,collector,2025-09-22T08:45:00.000Z
MAT_001840,LOT_00975,cable,cable_copper_house,,synthetic://images/cable_copper_house/4e68c7c2ab60.jpg,32.61,kg,1,broken,household,12096.46,collector,2026-07-25T06:59:00.000Z
MAT_001841,LOT_00975,cable,cable_data_thin,,synthetic://images/cable_data_thin/87c133a3eb84.jpg,5.93,kg,1,broken,street_pickup,730.12,collector,2026-07-25T06:59:00.000Z
MAT_001842,LOT_00976,pcb,pcb_cpu_processor,,synthetic://images/pcb_cpu_processor/f980c1729d62.jpg,0.14,kg,8,intact,repair_shop,512.59,collector,2026-03-22T11:09:00.000Z
MAT_001843,LOT_00976,cable,cable_mixed_scrap,,synthetic://images/cable_mixed_scrap/52c4b9492e9e.jpg,35.48,kg,1,intact,shop,6959.4,collector,2026-03-22T11:09:00.000Z
MAT_001844,LOT_00977,pcb,pcb_tv_low_grade,,synthetic://images/pcb_tv_low_grade/3c83fc833e06.jpg,1.29,kg,3,intact,street_pickup,120.71,collector,2026-02-21T15:56:00.000Z
MAT_001845,LOT_00978,lcd_panel,led_backlight_strip,,synthetic://images/led_backlight_strip/099e16461862.jpg,42.24,kg,1,broken,shop,3527.76,collector,2025-09-18T17:11:00.000Z
MAT_001846,LOT_00978,pcb,pcb_cpu_processor,,synthetic://images/pcb_cpu_processor/4aa33b789bed.jpg,0.09,kg,4,intact,aggregator,373.45,recycler_corrected,2025-09-18T17:11:00.000Z
MAT_001847,LOT_00979,lcd_panel,lcd_monitor_panel,,synthetic://images/lcd_monitor_panel/5815eebfa1f9.jpg,42.27,kg,12,wet,household,704.22,collector,2025-11-08T07:28:00.000Z
MAT_001848,LOT_00980,pcb,pcb_ram_gold,,synthetic://images/pcb_ram_gold/89bcb1aaf3fa.jpg,0.21,kg,6,intact,street_pickup,287.3,collector,2026-03-16T06:10:00.000Z
MAT_001849,LOT_00980,pcb,pcb_mobile,,synthetic://images/pcb_mobile/d5aa2f533e57.jpg,0.05,kg,3,intact,office,51.86,collector,2026-03-16T06:10:00.000Z
MAT_001850,LOT_00980,battery,battery_button_cell,,synthetic://images/battery_button_cell/da538eda3b5b.jpg,35.5,kg,1,intact,aggregator,3525.15,collector,2026-03-16T06:10:00.000Z
MAT_001851,LOT_00980,motor_magnet,motor_small_appliance,,synthetic://images/motor_small_appliance/578ba6989647.jpg,14.24,kg,8,intact,household,1695.84,collector,2026-03-16T06:10:00.000Z
MAT_001852,LOT_00981,lcd_panel,led_backlight_strip,,synthetic://images/led_backlight_strip/958f8264d35a.jpg,43.3,kg,1,intact,aggregator,4462.5,collector,2026-08-04T16:44:00.000Z
MAT_001853,LOT_00981,motor_magnet,motor_small_appliance,,synthetic://images/motor_small_appliance/ea98e93454a9.jpg,4.17,kg,3,intact,office,593.39,collector,2026-08-04T16:44:00.000Z
MAT_001854,LOT_00982,cable,cable_aluminium,,synthetic://images/cable_aluminium/87ece284fe87.jpg,18.09,kg,1,intact,repair_shop,2523.92,recycler_corrected,2025-10-13T14:58:00.000Z
MAT_001855,LOT_00983,battery,battery_button_cell,,synthetic://images/battery_button_cell/e2739fb96782.jpg,3.67,kg,1,intact,household,348.06,collector,2026-06-04T10:13:00.000Z
MAT_001856,LOT_00983,motor_magnet,motor_fan_ac,,synthetic://images/motor_fan_ac/68a6dad83841.jpg,15.81,kg,5,wet,shop,1652.86,collector,2026-06-04T10:13:00.000Z
MAT_001857,LOT_00983,pcb,pcb_cpu_processor,,synthetic://images/pcb_cpu_processor/bca4e28d04cf.jpg,0.17,kg,8,broken,shop,516.66,collector,2026-06-04T10:13:00.000Z
MAT_001858,LOT_00984,battery,battery_lead_acid_ups,,synthetic://images/battery_lead_acid_ups/32dea2bbda9f.jpg,52.29,kg,6,partially_dismantled,repair_shop,4923.95,collector,2025-11-16T17:33:00.000Z
MAT_001859,LOT_00984,cable,cable_mixed_scrap,,synthetic://images/cable_mixed_scrap/5e1886a10fc6.jpg,44.88,kg,1,partially_dismantled,office,9247.61,collector,2025-11-16T17:33:00.000Z
MAT_001860,LOT_00985,lcd_panel,led_backlight_strip,,synthetic://images/led_backlight_strip/52bf2ad53abe.jpg,12.32,kg,1,intact,aggregator,1262.06,collector,2025-12-06T12:46:00.000Z
MAT_001861,LOT_00985,pcb,pcb_motherboard,,synthetic://images/pcb_motherboard/38695f0bda8e.jpg,4.91,kg,5,intact,repair_shop,1665.67,collector,2025-12-06T12:46:00.000Z
MAT_001862,LOT_00986,motor_magnet,motor_speaker_magnet,,synthetic://images/motor_speaker_magnet/ca1462d21b9c.jpg,0.35,kg,1,broken,street_pickup,20.26,collector,2026-03-29T12:24:00.000Z
MAT_001863,LOT_00987,battery,battery_button_cell,,synthetic://images/battery_button_cell/12ad5f5d7aaa.jpg,2.22,kg,1,broken,repair_shop,190.54,collector,2026-06-17T12:15:00.000Z
MAT_001864,LOT_00987,crt,crt_yoke,,synthetic://images/crt_yoke/c4c0693cac1a.jpg,0.58,kg,1,intact,shop,43.37,recycler_corrected,2026-06-17T12:15:00.000Z
MAT_001865,LOT_00987,pcb,pcb_cpu_processor,,synthetic://images/pcb_cpu_processor/79a3e3fcdd88.jpg,0.2,kg,8,partially_dismantled,repair_shop,869.63,collector,2026-06-17T12:15:00.000Z
MAT_001866,LOT_00988,battery,battery_li_ion_mobile,,synthetic://images/battery_li_ion_mobile/32d5015811c5.jpg,0.41,kg,10,partially_dismantled,household,81.18,collector,2026-02-03T08:10:00.000Z
MAT_001867,LOT_00988,cable,cable_data_thin,,synthetic://images/cable_data_thin/957772a1dfb6.jpg,17.15,kg,1,broken,office,1782.2,collector,2026-02-03T08:10:00.000Z
MAT_001868,LOT_00988,mixed_plastic,plastic_mixed_dirty,,synthetic://images/plastic_mixed_dirty/5d713b40ec68.jpg,7.91,kg,1,wet,repair_shop,61.52,collector,2026-02-03T08:10:00.000Z
MAT_001869,LOT_00988,mixed_plastic,plastic_abs_casing,,synthetic://images/plastic_abs_casing/acd85bb6f347.jpg,1.69,kg,1,broken,aggregator,39.98,collector,2026-02-03T08:10:00.000Z
MAT_001870,LOT_00989,pcb,pcb_mobile,,synthetic://images/pcb_mobile/3c30fa5ca486.jpg,0.04,kg,2,partially_dismantled,repair_shop,43.6,collector,2025-09-05T11:48:00.000Z
MAT_001871,LOT_00989,cable,cable_copper_house,,synthetic://images/cable_copper_house/dc7dc0139f6a.jpg,26.05,kg,1,intact,shop,10432.76,recycler_corrected,2025-09-05T11:48:00.000Z
MAT_001872,LOT_00989,lcd_panel,lcd_laptop_panel,,synthetic://images/lcd_laptop_panel/6c4ab1b60dfb.jpg,2.91,kg,5,partially_dismantled,repair_shop,142.51,collector,2025-09-05T11:48:00.000Z
MAT_001873,LOT_00990,motor_magnet,motor_hdd_assembly,,synthetic://images/motor_hdd_assembly/e5e5ef50a00c.jpg,0.88,kg,2,intact,office,227.54,collector,2026-03-31T10:30:00.000Z
MAT_001874,LOT_00991,motor_magnet,motor_small_appliance,,synthetic://images/motor_small_appliance/8342cd1f7b3e.jpg,13.7,kg,10,intact,shop,1507.82,collector,2026-05-17T18:06:00.000Z
MAT_001875,LOT_00991,pcb,pcb_cpu_processor,,synthetic://images/pcb_cpu_processor/d318ee84d5d4.jpg,0.12,kg,6,partially_dismantled,office,468.82,collector,2026-05-17T18:06:00.000Z
MAT_001876,LOT_00992,motor_magnet,motor_speaker_magnet,,synthetic://images/motor_speaker_magnet/eb8eb1e5c4e3.jpg,3.62,kg,10,wet,aggregator,189.26,recycler_corrected,2025-10-10T08:33:00.000Z
MAT_001877,LOT_00993,crt,crt_monitor,,synthetic://images/crt_monitor/d7f8b72b8544.jpg,185.17,kg,12,intact,household,1630.7,collector,2026-03-30T13:53:00.000Z
MAT_001878,LOT_00993,pcb,pcb_ram_gold,,synthetic://images/pcb_ram_gold/2974d213233a.jpg,0.07,kg,2,broken,repair_shop,92.84,collector,2026-03-30T13:53:00.000Z
MAT_001879,LOT_00993,pcb,pcb_power_supply,,synthetic://images/pcb_power_supply/22a515fcc149.jpg,4.25,kg,3,burnt,repair_shop,285.61,collector,2026-03-30T13:53:00.000Z
MAT_001880,LOT_00994,crt,crt_monitor,,synthetic://images/crt_monitor/8197e24d9e9f.jpg,70.14,kg,7,intact,shop,560.61,collector,2026-05-02T10:11:00.000Z
MAT_001881,LOT_00995,pcb,pcb_power_supply,,synthetic://images/pcb_power_supply/06f4e8ef15a8.jpg,2.09,kg,2,intact,shop,293.96,collector,2026-04-17T06:13:00.000Z
MAT_001882,LOT_00995,cable,cable_aluminium,,synthetic://images/cable_aluminium/e1a17ce90b12.jpg,25.54,kg,1,partially_dismantled,repair_shop,4045.34,collector,2026-04-17T06:13:00.000Z
MAT_001883,LOT_00995,battery,battery_button_cell,,synthetic://images/battery_button_cell/e3c02ccb72cd.jpg,12.58,kg,1,broken,street_pickup,1063.74,collector,2026-04-17T06:13:00.000Z
MAT_001884,LOT_00995,cable,cable_aluminium,,synthetic://images/cable_aluminium/3bb17a00500d.jpg,40.82,kg,1,broken,household,5049.31,collector,2026-04-17T06:13:00.000Z
MAT_001885,LOT_00996,pcb,pcb_motherboard,,synthetic://images/pcb_motherboard/c972aa639096.jpg,0.62,kg,1,burnt,shop,92.82,collector,2026-03-03T11:19:00.000Z
MAT_001886,LOT_00996,mixed_plastic,plastic_abs_casing,,synthetic://images/plastic_abs_casing/d6e6e6d11bcb.jpg,31.14,kg,1,wet,household,766.64,recycler_corrected,2026-03-03T11:19:00.000Z
MAT_001887,LOT_00997,lcd_panel,lcd_tv_panel,,synthetic://images/lcd_tv_panel/3291356386e5.jpg,58.87,kg,9,intact,street_pickup,1240.61,collector,2025-09-25T08:58:00.000Z
MAT_001888,LOT_00998,cable,cable_mixed_scrap,,synthetic://images/cable_mixed_scrap/0e02480062f7.jpg,29.59,kg,1,intact,street_pickup,6297.34,collector,2025-10-20T10:01:00.000Z
MAT_001889,LOT_00998,motor_magnet,motor_fan_ac,,synthetic://images/motor_fan_ac/c5c6c94e68cb.jpg,36.29,kg,11,intact,office,5800.96,collector,2025-10-20T10:01:00.000Z
MAT_001890,LOT_00998,cable,cable_data_thin,,synthetic://images/cable_data_thin/ee6349f3329e.jpg,30.95,kg,1,partially_dismantled,household,5182.05,collector,2025-10-20T10:01:00.000Z
MAT_001891,LOT_00998,pcb,pcb_ram_gold,,synthetic://images/pcb_ram_gold/98d722c185d3.jpg,0.21,kg,6,partially_dismantled,office,414.32,collector,2025-10-20T10:01:00.000Z
MAT_001892,LOT_00999,battery,battery_li_ion_laptop,,synthetic://images/battery_li_ion_laptop/4e0d3bfde5df.jpg,1.3,kg,3,partially_dismantled,household,319.05,collector,2026-06-10T12:33:00.000Z
MAT_001893,LOT_00999,cable,cable_copper_house,,synthetic://images/cable_copper_house/3df30d75f939.jpg,34.75,kg,1,intact,office,14938.33,collector,2026-06-10T12:33:00.000Z
MAT_001894,LOT_00999,pcb,pcb_power_supply,,synthetic://images/pcb_power_supply/b85ad7ed1d0c.jpg,1.04,kg,1,intact,aggregator,143.56,recycler_corrected,2026-06-10T12:33:00.000Z
MAT_001895,LOT_00999,mixed_plastic,plastic_abs_casing,,synthetic://images/plastic_abs_casing/eed90e2837fd.jpg,35.64,kg,1,intact,repair_shop,1165.43,recycler_corrected,2026-06-10T12:33:00.000Z
MAT_001896,LOT_01000,cable,cable_aluminium,,synthetic://images/cable_aluminium/dacf8bfd43a2.jpg,28.43,kg,1,wet,street_pickup,2720.27,collector,2026-01-20T13:41:00.000Z
MAT_001897,LOT_01000,pcb,pcb_mobile,,synthetic://images/pcb_mobile/0774930a4cec.jpg,0.13,kg,6,intact,aggregator,136.79,recycler_corrected,2026-01-20T13:41:00.000Z
MAT_001898,LOT_01001,battery,battery_button_cell,,synthetic://images/battery_button_cell/70f2f2a07e27.jpg,10.95,kg,1,intact,shop,1144.49,collector,2025-11-18T08:58:00.000Z
MAT_001899,LOT_01002,pcb,pcb_cpu_processor,,synthetic://images/pcb_cpu_processor/67f0eb889b0c.jpg,0.15,kg,10,partially_dismantled,shop,750.82,collector,2026-03-05T09:21:00.000Z
MAT_001900,LOT_01003,mixed_plastic,plastic_abs_casing,,synthetic://images/plastic_abs_casing/59ca3172ec0a.jpg,24.17,kg,1,broken,shop,648.09,collector,2026-05-12T06:28:00.000Z
MAT_001901,LOT_01004,cable,cable_data_thin,,synthetic://images/cable_data_thin/fd22c0bd7786.jpg,9.97,kg,1,broken,household,1056.02,collector,2025-12-20T18:11:00.000Z
MAT_001902,LOT_01004,lcd_panel,lcd_laptop_panel,,synthetic://images/lcd_laptop_panel/876303c82541.jpg,1.89,kg,4,intact,aggregator,84.48,collector,2025-12-20T18:11:00.000Z
MAT_001903,LOT_01005,battery,battery_lead_acid_ups,,synthetic://images/battery_lead_acid_ups/3d2ac44b53fb.jpg,108.25,kg,12,broken,household,8355.6,collector,2025-12-18T15:51:00.000Z
MAT_001904,LOT_01005,pcb,pcb_ram_gold,,synthetic://images/pcb_ram_gold/455fae8de753.jpg,0.08,kg,3,intact,shop,132.31,collector,2025-12-18T15:51:00.000Z
MAT_001905,LOT_01006,cable,cable_copper_house,,synthetic://images/cable_copper_house/97d9964e16e7.jpg,1.87,kg,1,intact,household,703.49,collector,2026-03-27T19:47:00.000Z
MAT_001906,LOT_01007,cable,cable_copper_house,,synthetic://images/cable_copper_house/6681263348e8.jpg,15.5,kg,1,intact,street_pickup,7045.06,recycler_corrected,2026-03-25T08:30:00.000Z
MAT_001907,LOT_01008,crt,crt_monitor,,synthetic://images/crt_monitor/cea61089eccc.jpg,55.77,kg,4,partially_dismantled,aggregator,446.33,recycler_corrected,2026-08-07T14:42:00.000Z
MAT_001908,LOT_01008,motor_magnet,motor_hdd_assembly,,synthetic://images/motor_hdd_assembly/d9b1c8b50ee3.jpg,2.99,kg,6,partially_dismantled,street_pickup,728.27,recycler_corrected,2026-08-07T14:42:00.000Z
MAT_001909,LOT_01008,battery,battery_button_cell,,synthetic://images/battery_button_cell/8b4d0091819b.jpg,14.22,kg,1,intact,household,1394.84,collector,2026-08-07T14:42:00.000Z
MAT_001910,LOT_01009,crt,crt_monitor,,synthetic://images/crt_monitor/9666d0ecaec3.jpg,82.81,kg,9,intact,aggregator,685.77,collector,2026-03-28T19:27:00.000Z
MAT_001911,LOT_01009,pcb,pcb_tv_low_grade,,synthetic://images/pcb_tv_low_grade/37cb72eedd19.jpg,1.83,kg,3,intact,street_pickup,178.34,collector,2026-03-28T19:27:00.000Z
MAT_001912,LOT_01010,motor_magnet,motor_small_appliance,,synthetic://images/motor_small_appliance/b2f74fd3eb45.jpg,6.77,kg,6,partially_dismantled,office,951.12,recycler_corrected,2026-04-17T18:45:00.000Z
MAT_001913,LOT_01010,crt,crt_tv,,synthetic://images/crt_tv/a5b01ea47f31.jpg,167.72,kg,8,intact,shop,1058.97,collector,2026-04-17T18:45:00.000Z
MAT_001914,LOT_01010,motor_magnet,motor_hdd_assembly,,synthetic://images/motor_hdd_assembly/9d8d635ffb78.jpg,6.33,kg,10,partially_dismantled,household,1833.17,collector,2026-04-17T18:45:00.000Z
MAT_001915,LOT_01011,motor_magnet,motor_fan_ac,,synthetic://images/motor_fan_ac/f1cec67fd9c5.jpg,27.66,kg,9,partially_dismantled,street_pickup,4643.69,collector,2025-11-02T17:13:00.000Z
MAT_001916,LOT_01012,cable,cable_data_thin,,synthetic://images/cable_data_thin/abc3a528768d.jpg,30.26,kg,1,partially_dismantled,shop,4063.13,collector,2026-04-06T15:39:00.000Z
MAT_001917,LOT_01013,crt,crt_tv,,synthetic://images/crt_tv/3b14f25d9e27.jpg,221.42,kg,12,burnt,shop,773.12,collector,2026-07-20T15:16:00.000Z
MAT_001918,LOT_01014,mixed_plastic,plastic_hips_tv,,synthetic://images/plastic_hips_tv/988543f48f36.jpg,39.01,kg,1,wet,street_pickup,653.18,collector,2025-09-16T15:47:00.000Z
MAT_001919,LOT_01014,pcb,pcb_ram_gold,,synthetic://images/pcb_ram_gold/ba26ba5ce860.jpg,0.17,kg,5,broken,office,216.62,collector,2025-09-16T15:47:00.000Z
MAT_001920,LOT_01015,mixed_plastic,plastic_hips_tv,,synthetic://images/plastic_hips_tv/4757ac619430.jpg,3.81,kg,1,intact,household,96.2,recycler_corrected,2026-05-07T13:03:00.000Z
MAT_001921,LOT_01016,pcb,pcb_motherboard,,synthetic://images/pcb_motherboard/5957236757f3.jpg,2.88,kg,4,intact,household,868.81,collector,2026-03-13T13:29:00.000Z
MAT_001922,LOT_01016,motor_magnet,motor_fan_ac,,synthetic://images/motor_fan_ac/5fb851c505ba.jpg,3.21,kg,1,intact,repair_shop,469.11,collector,2026-03-13T13:29:00.000Z
MAT_001923,LOT_01017,cable,cable_aluminium,,synthetic://images/cable_aluminium/e1537d12c626.jpg,3.15,kg,1,partially_dismantled,aggregator,471.38,recycler_corrected,2025-11-30T17:55:00.000Z
MAT_001924,LOT_01017,pcb,pcb_cpu_processor,,synthetic://images/pcb_cpu_processor/159a28fad85b.jpg,0.15,kg,7,intact,shop,627.39,collector,2025-11-30T17:55:00.000Z
MAT_001925,LOT_01017,pcb,pcb_power_supply,,synthetic://images/pcb_power_supply/0d04ed9bd4a6.jpg,7.5,kg,8,intact,shop,1137.83,collector,2025-11-30T17:55:00.000Z
MAT_001926,LOT_01018,cable,cable_copper_house,,synthetic://images/cable_copper_house/563c1e6cf19d.jpg,4.45,kg,1,intact,household,2022.97,collector,2025-12-06T18:05:00.000Z
MAT_001927,LOT_01019,pcb,pcb_cpu_processor,,synthetic://images/pcb_cpu_processor/c4cb3552cc34.jpg,0.06,kg,3,partially_dismantled,shop,253.74,collector,2026-01-20T12:38:00.000Z
MAT_001928,LOT_01020,pcb,pcb_tv_low_grade,,synthetic://images/pcb_tv_low_grade/7f68f74d32eb.jpg,4.59,kg,9,broken,repair_shop,386.17,collector,2026-05-08T19:27:00.000Z
MAT_001929,LOT_01021,mixed_plastic,plastic_hips_tv,,synthetic://images/plastic_hips_tv/992f104a193e.jpg,17.39,kg,1,intact,household,462.23,collector,2026-02-15T07:54:00.000Z
MAT_001930,LOT_01022,motor_magnet,motor_fan_ac,,synthetic://images/motor_fan_ac/6e800fb227f5.jpg,18.2,kg,7,intact,street_pickup,2572.57,collector,2026-02-25T14:42:00.000Z
MAT_001931,LOT_01022,battery,battery_button_cell,,synthetic://images/battery_button_cell/5eded4e01bd2.jpg,19.61,kg,1,intact,repair_shop,1876.28,collector,2026-02-25T14:42:00.000Z
MAT_001932,LOT_01023,pcb,pcb_cpu_processor,,synthetic://images/pcb_cpu_processor/758e820cc82c.jpg,0.17,kg,10,intact,aggregator,695.45,collector,2025-09-29T12:26:00.000Z
MAT_001933,LOT_01024,pcb,pcb_power_supply,,synthetic://images/pcb_power_supply/47e133b37334.jpg,13.28,kg,10,broken,shop,1759.21,collector,2026-04-25T10:10:00.000Z
MAT_001934,LOT_01024,mixed_plastic,plastic_hips_tv,,synthetic://images/plastic_hips_tv/518a4c9d054a.jpg,37.06,kg,1,partially_dismantled,repair_shop,996.56,collector,2026-04-25T10:10:00.000Z
MAT_001935,LOT_01024,cable,cable_aluminium,,synthetic://images/cable_aluminium/0c7d66710ea6.jpg,34.41,kg,1,broken,office,4484.4,collector,2026-04-25T10:10:00.000Z
MAT_001936,LOT_01025,mixed_plastic,plastic_mixed_dirty,,synthetic://images/plastic_mixed_dirty/d7f75d3f2031.jpg,16.58,kg,1,partially_dismantled,household,200.2,collector,2025-09-13T13:28:00.000Z
MAT_001937,LOT_01025,battery,battery_li_ion_mobile,,synthetic://images/battery_li_ion_mobile/b57d2b4109d8.jpg,0.18,kg,4,intact,repair_shop,35.42,recycler_corrected,2025-09-13T13:28:00.000Z
MAT_001938,LOT_01025,pcb,pcb_power_supply,,synthetic://images/pcb_power_supply/909289ab7b23.jpg,6.2,kg,6,partially_dismantled,office,987.83,collector,2025-09-13T13:28:00.000Z
MAT_001939,LOT_01026,cable,cable_aluminium,,synthetic://images/cable_aluminium/653510a88d9d.jpg,2.29,kg,1,partially_dismantled,office,328.07,collector,2026-04-09T19:42:00.000Z
MAT_001940,LOT_01026,battery,battery_lead_acid_ups,,synthetic://images/battery_lead_acid_ups/000fe230d157.jpg,27.45,kg,5,partially_dismantled,shop,2568.08,collector,2026-04-09T19:42:00.000Z
MAT_001941,LOT_01027,pcb,pcb_cpu_processor,,synthetic://images/pcb_cpu_processor/4cc9c5fe1f78.jpg,0.1,kg,4,burnt,aggregator,184.45,collector,2025-11-29T11:48:00.000Z
MAT_001942,LOT_01028,pcb,pcb_cpu_processor,,synthetic://images/pcb_cpu_processor/e3615ae18e3a.jpg,0.23,kg,10,intact,repair_shop,933.58,collector,2026-02-27T07:29:00.000Z
MAT_001943,LOT_01028,motor_magnet,motor_hdd_assembly,,synthetic://images/motor_hdd_assembly/f6520121ce8a.jpg,0.63,kg,1,intact,street_pickup,163.67,collector,2026-02-27T07:29:00.000Z
MAT_001944,LOT_01029,cable,cable_data_thin,,synthetic://images/cable_data_thin/9daec4b92f21.jpg,43.55,kg,1,intact,aggregator,6129.66,recycler_corrected,2026-01-26T09:20:00.000Z
MAT_001945,LOT_01030,cable,cable_data_thin,,synthetic://images/cable_data_thin/9e95e1fbe836.jpg,38.32,kg,1,partially_dismantled,aggregator,5209.76,collector,2025-09-13T18:27:00.000Z
MAT_001946,LOT_01031,cable,cable_mixed_scrap,,synthetic://images/cable_mixed_scrap/93723906b911.jpg,41.23,kg,1,intact,household,8738.7,collector,2026-03-27T12:40:00.000Z
MAT_001947,LOT_01031,cable,cable_copper_house,,synthetic://images/cable_copper_house/cb3953867642.jpg,38.1,kg,1,broken,repair_shop,14200.11,collector,2026-03-27T12:40:00.000Z
MAT_001948,LOT_01032,mixed_plastic,plastic_hips_tv,,synthetic://images/plastic_hips_tv/e4249449dd88.jpg,36.01,kg,1,intact,street_pickup,894.49,recycler_corrected,2025-10-05T10:53:00.000Z
MAT_001949,LOT_01032,pcb,pcb_cpu_processor,,synthetic://images/pcb_cpu_processor/099e07092c0d.jpg,0.03,kg,1,wet,aggregator,85.91,collector,2025-10-05T10:53:00.000Z
MAT_001950,LOT_01032,cable,cable_copper_house,,synthetic://images/cable_copper_house/2b4c23db8e24.jpg,7.42,kg,1,intact,repair_shop,3130.2,recycler_corrected,2025-10-05T10:53:00.000Z
MAT_001951,LOT_01032,pcb,pcb_power_supply,,synthetic://images/pcb_power_supply/4f20a97d44ba.jpg,7.65,kg,6,intact,repair_shop,1078.65,collector,2025-10-05T10:53:00.000Z
MAT_001952,LOT_01033,mixed_plastic,plastic_mixed_dirty,,synthetic://images/plastic_mixed_dirty/e6dd9f608f07.jpg,9.49,kg,1,intact,office,112.27,collector,2026-05-24T17:13:00.000Z
MAT_001953,LOT_01033,pcb,pcb_mobile,,synthetic://images/pcb_mobile/89c7a74776c7.jpg,0.15,kg,6,partially_dismantled,repair_shop,195.59,collector,2026-05-24T17:13:00.000Z
MAT_001954,LOT_01034,pcb,pcb_power_supply,,synthetic://images/pcb_power_supply/341b9dbf1311.jpg,2.07,kg,2,intact,repair_shop,300.77,collector,2026-08-19T13:01:00.000Z
MAT_001955,LOT_01034,cable,cable_copper_house,,synthetic://images/cable_copper_house/9c9292db568d.jpg,18.01,kg,1,intact,street_pickup,7742.14,collector,2026-08-19T13:01:00.000Z
MAT_001956,LOT_01035,motor_magnet,motor_fan_ac,,synthetic://images/motor_fan_ac/2b33da0de436.jpg,4.62,kg,2,burnt,household,332.97,collector,2025-12-10T16:29:00.000Z
MAT_001957,LOT_01036,battery,battery_li_ion_mobile,,synthetic://images/battery_li_ion_mobile/5be9e8d1b58f.jpg,0.33,kg,8,intact,street_pickup,58.2,collector,2026-07-13T16:10:00.000Z
MAT_001958,LOT_01037,lcd_panel,lcd_laptop_panel,,synthetic://images/lcd_laptop_panel/c33f0a8aabfe.jpg,0.38,kg,1,partially_dismantled,office,21.24,collector,2026-06-12T13:55:00.000Z
MAT_001959,LOT_01037,pcb,pcb_tv_low_grade,,synthetic://images/pcb_tv_low_grade/8d17f58ce2ee.jpg,5.82,kg,10,partially_dismantled,office,750.86,collector,2026-06-12T13:55:00.000Z
MAT_001960,LOT_01038,pcb,pcb_motherboard,,synthetic://images/pcb_motherboard/926800d5014e.jpg,1.46,kg,2,broken,household,409.87,recycler_corrected,2025-09-03T10:17:00.000Z
MAT_001961,LOT_01039,mixed_plastic,plastic_hips_tv,,synthetic://images/plastic_hips_tv/669048b223f0.jpg,41.83,kg,1,partially_dismantled,street_pickup,1177.1,collector,2026-03-08T08:37:00.000Z
MAT_001962,LOT_01039,pcb,pcb_ram_gold,,synthetic://images/pcb_ram_gold/4a70c460b85b.jpg,0.32,kg,12,intact,aggregator,517.56,collector,2026-03-08T08:37:00.000Z
MAT_001963,LOT_01040,pcb,pcb_ram_gold,,synthetic://images/pcb_ram_gold/13c6f3092241.jpg,0.23,kg,6,intact,office,349.59,collector,2026-07-15T16:10:00.000Z
MAT_001964,LOT_01041,pcb,pcb_ram_gold,,synthetic://images/pcb_ram_gold/0e606c4cc4b8.jpg,0.22,kg,7,intact,aggregator,351.21,collector,2026-04-01T09:31:00.000Z
MAT_001965,LOT_01041,cable,cable_copper_house,,synthetic://images/cable_copper_house/e3a20ff375c9.jpg,32.94,kg,1,broken,street_pickup,12394.99,collector,2026-04-01T09:31:00.000Z
MAT_001966,LOT_01041,pcb,pcb_mobile,,synthetic://images/pcb_mobile/6557ef5e0732.jpg,0.18,kg,12,intact,office,223.34,collector,2026-04-01T09:31:00.000Z
MAT_001967,LOT_01042,motor_magnet,motor_speaker_magnet,,synthetic://images/motor_speaker_magnet/8352fc68e5be.jpg,5.29,kg,11,intact,household,391.3,collector,2026-04-04T12:41:00.000Z
MAT_001968,LOT_01042,battery,battery_button_cell,,synthetic://images/battery_button_cell/32b49cd3bf31.jpg,23.52,kg,1,broken,office,2141.18,collector,2026-04-04T12:41:00.000Z
MAT_001969,LOT_01042,cable,cable_aluminium,,synthetic://images/cable_aluminium/41f4f00fffb0.jpg,21.11,kg,1,wet,office,2100.11,collector,2026-04-04T12:41:00.000Z
MAT_001970,LOT_01043,cable,cable_mixed_scrap,,synthetic://images/cable_mixed_scrap/82f0fe6b4862.jpg,28.43,kg,1,partially_dismantled,household,6040.75,collector,2025-12-23T08:07:00.000Z
MAT_001971,LOT_01044,motor_magnet,motor_small_appliance,,synthetic://images/motor_small_appliance/94e00dbd9994.jpg,6.39,kg,4,partially_dismantled,household,900.48,collector,2026-03-05T06:41:00.000Z
MAT_001972,LOT_01045,pcb,pcb_power_supply,,synthetic://images/pcb_power_supply/4b830dd0ce64.jpg,9.01,kg,6,partially_dismantled,aggregator,1326.74,recycler_corrected,2025-11-17T08:35:00.000Z
MAT_001973,LOT_01046,cable,cable_aluminium,,synthetic://images/cable_aluminium/d13f87847a56.jpg,43.07,kg,1,intact,street_pickup,6433.37,collector,2026-02-23T15:00:00.000Z
MAT_001974,LOT_01047,motor_magnet,motor_fan_ac,,synthetic://images/motor_fan_ac/b174e688ab3a.jpg,21.57,kg,6,intact,street_pickup,3394.04,collector,2025-12-29T12:00:00.000Z
MAT_001975,LOT_01047,cable,cable_aluminium,,synthetic://images/cable_aluminium/5f14de1b5927.jpg,10.35,kg,1,partially_dismantled,shop,1625.45,recycler_corrected,2025-12-29T12:00:00.000Z
MAT_001976,LOT_01047,crt,crt_monitor,,synthetic://images/crt_monitor/c3fb9f658603.jpg,125.31,kg,9,intact,aggregator,1039.01,collector,2025-12-29T12:00:00.000Z
MAT_001977,LOT_01048,cable,cable_mixed_scrap,,synthetic://images/cable_mixed_scrap/f343cf9b2e2d.jpg,20.14,kg,1,intact,office,4093.66,collector,2026-04-29T16:17:00.000Z
MAT_001978,LOT_01048,cable,cable_data_thin,,synthetic://images/cable_data_thin/c048ca248800.jpg,15.01,kg,1,intact,aggregator,2186.51,recycler_corrected,2026-04-29T16:17:00.000Z
MAT_001979,LOT_01048,lcd_panel,lcd_laptop_panel,,synthetic://images/lcd_laptop_panel/4935d8bb9b33.jpg,3.27,kg,6,intact,office,182.63,collector,2026-04-29T16:17:00.000Z
MAT_001980,LOT_01048,pcb,pcb_ram_gold,,synthetic://images/pcb_ram_gold/509165a95f4b.jpg,0.1,kg,3,partially_dismantled,office,167.62,recycler_corrected,2026-04-29T16:17:00.000Z
MAT_001981,LOT_01049,pcb,pcb_mobile,,synthetic://images/pcb_mobile/30b650028f93.jpg,0.16,kg,9,intact,household,198.53,collector,2026-03-20T16:40:00.000Z
MAT_001982,LOT_01049,pcb,pcb_tv_low_grade,,synthetic://images/pcb_tv_low_grade/bcfcee4e3d12.jpg,5.49,kg,12,burnt,repair_shop,301.9,recycler_corrected,2026-03-20T16:40:00.000Z
MAT_001983,LOT_01050,mixed_plastic,plastic_abs_casing,,synthetic://images/plastic_abs_casing/1cae3aa34047.jpg,5.99,kg,1,burnt,shop,90,recycler_corrected,2025-11-04T07:04:00.000Z
MAT_001984,LOT_01050,cable,cable_data_thin,,synthetic://images/cable_data_thin/85d13335cbec.jpg,36.87,kg,1,intact,shop,4773.19,collector,2025-11-04T07:04:00.000Z
MAT_001985,LOT_01050,battery,battery_li_ion_laptop,,synthetic://images/battery_li_ion_laptop/d0e3aeb639b5.jpg,0.72,kg,2,intact,street_pickup,149.3,collector,2025-11-04T07:04:00.000Z
MAT_001986,LOT_01050,motor_magnet,motor_speaker_magnet,,synthetic://images/motor_speaker_magnet/694ad0759b31.jpg,3.79,kg,8,wet,office,199.24,collector,2025-11-04T07:04:00.000Z
MAT_001987,LOT_01051,battery,battery_li_ion_laptop,,synthetic://images/battery_li_ion_laptop/df007c0f4b33.jpg,4.13,kg,10,broken,office,885.97,collector,2026-02-02T07:14:00.000Z
MAT_001988,LOT_01051,battery,battery_lead_acid_ups,,synthetic://images/battery_lead_acid_ups/7c6dd7cd26e4.jpg,99.15,kg,11,partially_dismantled,repair_shop,9887.75,recycler_corrected,2026-02-02T07:14:00.000Z
MAT_001989,LOT_01052,battery,battery_li_ion_laptop,,synthetic://images/battery_li_ion_laptop/e9a92ea1b301.jpg,0.68,kg,2,broken,aggregator,117.84,collector,2025-12-22T19:03:00.000Z
MAT_001990,LOT_01052,cable,cable_mixed_scrap,,synthetic://images/cable_mixed_scrap/baa7ed8b59e9.jpg,43.15,kg,1,wet,street_pickup,5477.98,collector,2025-12-22T19:03:00.000Z
MAT_001991,LOT_01052,mixed_plastic,plastic_hips_tv,,synthetic://images/plastic_hips_tv/2c48bd69aaa6.jpg,4.6,kg,1,partially_dismantled,office,107.76,collector,2025-12-22T19:03:00.000Z
MAT_001992,LOT_01053,battery,battery_li_ion_laptop,,synthetic://images/battery_li_ion_laptop/47c14ec49b69.jpg,0.35,kg,1,partially_dismantled,household,80.39,collector,2026-07-10T14:44:00.000Z
MAT_001993,LOT_01053,battery,battery_li_ion_laptop,,synthetic://images/battery_li_ion_laptop/37f306a871a3.jpg,1,kg,3,partially_dismantled,shop,229.68,collector,2026-07-10T14:44:00.000Z
MAT_001994,LOT_01054,motor_magnet,motor_hdd_assembly,,synthetic://images/motor_hdd_assembly/31c2a48615ad.jpg,6.74,kg,12,intact,shop,1869.27,collector,2025-12-12T19:21:00.000Z
MAT_001995,LOT_01054,cable,cable_mixed_scrap,,synthetic://images/cable_mixed_scrap/948974adccd0.jpg,3.81,kg,1,broken,office,660.17,collector,2025-12-12T19:21:00.000Z
MAT_001996,LOT_01055,battery,battery_li_ion_mobile,,synthetic://images/battery_li_ion_mobile/a3f234b6f2aa.jpg,0.18,kg,5,broken,shop,29.11,collector,2025-11-01T11:18:00.000Z
MAT_001997,LOT_01056,motor_magnet,motor_hdd_assembly,,synthetic://images/motor_hdd_assembly/c739b15c74fe.jpg,1.01,kg,2,partially_dismantled,repair_shop,284.46,collector,2025-09-28T11:37:00.000Z
MAT_001998,LOT_01056,mixed_plastic,plastic_mixed_dirty,,synthetic://images/plastic_mixed_dirty/51dd31852f9f.jpg,12.98,kg,1,intact,aggregator,167.18,collector,2025-09-28T11:37:00.000Z
MAT_001999,LOT_01056,battery,battery_li_ion_laptop,,synthetic://images/battery_li_ion_laptop/9f25d65847e1.jpg,2.54,kg,9,intact,household,643.86,collector,2025-09-28T11:37:00.000Z
MAT_002000,LOT_01057,pcb,pcb_motherboard,,synthetic://images/pcb_motherboard/e7f508519663.jpg,9.37,kg,11,broken,shop,2212.05,collector,2025-09-05T15:30:00.000Z
MAT_002001,LOT_01058,pcb,pcb_tv_low_grade,,synthetic://images/pcb_tv_low_grade/28274e203628.jpg,0.39,kg,1,intact,aggregator,42.38,recycler_corrected,2025-09-17T13:44:00.000Z
MAT_002002,LOT_01058,cable,cable_aluminium,,synthetic://images/cable_aluminium/4a76b4210cc7.jpg,8.72,kg,1,burnt,office,595.82,collector,2025-09-17T13:44:00.000Z
MAT_002003,LOT_01058,motor_magnet,motor_hdd_assembly,,synthetic://images/motor_hdd_assembly/42f8f87d6734.jpg,0.47,kg,1,intact,office,125.43,collector,2025-09-17T13:44:00.000Z
MAT_002004,LOT_01059,pcb,pcb_motherboard,,synthetic://images/pcb_motherboard/e57e987dd40b.jpg,8.64,kg,11,intact,street_pickup,3125.43,collector,2026-06-25T17:17:00.000Z
MAT_002005,LOT_01060,cable,cable_aluminium,,synthetic://images/cable_aluminium/ebd9146f5d30.jpg,33.29,kg,1,partially_dismantled,office,4969.83,collector,2026-07-29T18:34:00.000Z
MAT_002006,LOT_01061,lcd_panel,lcd_tv_panel,,synthetic://images/lcd_tv_panel/462aa8826a48.jpg,61.51,kg,6,intact,aggregator,1191.71,recycler_corrected,2025-09-12T14:56:00.000Z
MAT_002007,LOT_01062,pcb,pcb_cpu_processor,,synthetic://images/pcb_cpu_processor/2764e0359761.jpg,0.27,kg,12,intact,office,1001.94,collector,2026-02-04T11:14:00.000Z
MAT_002008,LOT_01063,pcb,pcb_power_supply,,synthetic://images/pcb_power_supply/d5a0c0d3c385.jpg,4.62,kg,3,wet,household,490.73,collector,2025-09-28T18:35:00.000Z
MAT_002009,LOT_01064,cable,cable_copper_house,,synthetic://images/cable_copper_house/44da81d25aca.jpg,31.52,kg,1,intact,street_pickup,13818.05,collector,2026-02-22T16:45:00.000Z
MAT_002010,LOT_01065,mixed_plastic,plastic_mixed_dirty,,synthetic://images/plastic_mixed_dirty/d8162a1d0955.jpg,38.31,kg,1,partially_dismantled,household,485.92,collector,2026-05-10T08:49:00.000Z
MAT_002011,LOT_01065,cable,cable_copper_house,,synthetic://images/cable_copper_house/c5a550529885.jpg,3.67,kg,1,broken,aggregator,1315.59,collector,2026-05-10T08:49:00.000Z
MAT_002012,LOT_01066,battery,battery_button_cell,,synthetic://images/battery_button_cell/00bb312ff8fa.jpg,34.95,kg,1,intact,repair_shop,3926.63,collector,2025-12-17T07:28:00.000Z
MAT_002013,LOT_01067,motor_magnet,motor_fan_ac,,synthetic://images/motor_fan_ac/054fdaf118f9.jpg,25.12,kg,10,broken,aggregator,3299.04,collector,2025-11-21T16:33:00.000Z
MAT_002014,LOT_01067,battery,battery_lead_acid_ups,,synthetic://images/battery_lead_acid_ups/eb2d02f46e8a.jpg,23.55,kg,4,burnt,office,986.42,collector,2025-11-21T16:33:00.000Z
MAT_002015,LOT_01067,crt,crt_tv,,synthetic://images/crt_tv/1c8759b94211.jpg,63.81,kg,3,broken,household,407.44,collector,2025-11-21T16:33:00.000Z
MAT_002016,LOT_01067,cable,cable_aluminium,,synthetic://images/cable_aluminium/a3f54b78afec.jpg,4.97,kg,1,broken,household,580.83,collector,2025-11-21T16:33:00.000Z
MAT_002017,LOT_01068,motor_magnet,motor_small_appliance,,synthetic://images/motor_small_appliance/51427fe602ff.jpg,17.65,kg,11,intact,aggregator,2562.25,collector,2026-04-30T09:38:00.000Z
MAT_002018,LOT_01068,lcd_panel,lcd_tv_panel,,synthetic://images/lcd_tv_panel/d81a88d15f60.jpg,52.92,kg,6,partially_dismantled,aggregator,1180.72,collector,2026-04-30T09:38:00.000Z
MAT_002019,LOT_01069,motor_magnet,motor_hdd_assembly,,synthetic://images/motor_hdd_assembly/5556a1967ffb.jpg,1.85,kg,3,partially_dismantled,office,487.01,collector,2026-06-25T19:27:00.000Z
MAT_002020,LOT_01069,pcb,pcb_mobile,,synthetic://images/pcb_mobile/2ac6aa5245b6.jpg,0.06,kg,3,intact,street_pickup,62,collector,2026-06-25T19:27:00.000Z
MAT_002021,LOT_01070,mixed_plastic,plastic_mixed_dirty,,synthetic://images/plastic_mixed_dirty/ffb269538272.jpg,33.67,kg,1,intact,repair_shop,373.06,recycler_corrected,2026-01-14T14:45:00.000Z
MAT_002022,LOT_01071,motor_magnet,motor_fan_ac,,synthetic://images/motor_fan_ac/a27a817d8e27.jpg,29.98,kg,9,intact,aggregator,4456.23,collector,2026-05-29T16:57:00.000Z
MAT_002023,LOT_01071,cable,cable_mixed_scrap,,synthetic://images/cable_mixed_scrap/b03f34178061.jpg,30.74,kg,1,partially_dismantled,repair_shop,6364.7,recycler_corrected,2026-05-29T16:57:00.000Z
MAT_002024,LOT_01072,cable,cable_data_thin,,synthetic://images/cable_data_thin/c7e60adb1b48.jpg,3.38,kg,1,intact,household,433.96,collector,2026-06-28T13:54:00.000Z
MAT_002025,LOT_01073,pcb,pcb_power_supply,,synthetic://images/pcb_power_supply/f800750a83e1.jpg,3.77,kg,4,partially_dismantled,household,549.08,recycler_corrected,2026-06-06T16:36:00.000Z
MAT_002026,LOT_01073,pcb,pcb_ram_gold,,synthetic://images/pcb_ram_gold/8aeb0dfa96d6.jpg,0.14,kg,6,intact,repair_shop,184.96,collector,2026-06-06T16:36:00.000Z
MAT_002027,LOT_01074,motor_magnet,motor_hdd_assembly,,synthetic://images/motor_hdd_assembly/4aaae391885d.jpg,6.82,kg,11,partially_dismantled,aggregator,2000.71,collector,2025-09-25T14:40:00.000Z
MAT_002028,LOT_01075,pcb,pcb_motherboard,,synthetic://images/pcb_motherboard/ee95d1779190.jpg,1.24,kg,2,intact,shop,381.07,collector,2025-09-10T11:29:00.000Z
MAT_002029,LOT_01076,mixed_plastic,plastic_hips_tv,,synthetic://images/plastic_hips_tv/f142717f7611.jpg,32.41,kg,1,wet,street_pickup,530.88,collector,2026-03-20T14:22:00.000Z
MAT_002030,LOT_01077,motor_magnet,motor_hdd_assembly,,synthetic://images/motor_hdd_assembly/e19f3d24b711.jpg,3.7,kg,7,partially_dismantled,office,1031.74,collector,2026-04-04T10:40:00.000Z
MAT_002031,LOT_01077,mixed_plastic,plastic_mixed_dirty,,synthetic://images/plastic_mixed_dirty/c79589ecc875.jpg,25.43,kg,1,broken,aggregator,245.64,collector,2026-04-04T10:40:00.000Z
MAT_002032,LOT_01077,cable,cable_data_thin,,synthetic://images/cable_data_thin/c05701957807.jpg,24.44,kg,1,broken,aggregator,2919.34,collector,2026-04-04T10:40:00.000Z
MAT_002033,LOT_01078,battery,battery_li_ion_mobile,,synthetic://images/battery_li_ion_mobile/c39f40dc85b2.jpg,0.04,kg,1,broken,aggregator,5.76,collector,2026-08-24T19:28:00.000Z
MAT_002034,LOT_01078,cable,cable_mixed_scrap,,synthetic://images/cable_mixed_scrap/9615f692a3fb.jpg,18.34,kg,1,intact,street_pickup,3444.25,collector,2026-08-24T19:28:00.000Z
MAT_002035,LOT_01079,pcb,pcb_ram_gold,,synthetic://images/pcb_ram_gold/20c1e9367baa.jpg,0.22,kg,9,burnt,aggregator,136.26,recycler_corrected,2026-02-14T12:06:00.000Z
MAT_002036,LOT_01079,pcb,pcb_motherboard,,synthetic://images/pcb_motherboard/e1729df9df24.jpg,0.96,kg,1,intact,office,254.27,collector,2026-02-14T12:06:00.000Z
MAT_002037,LOT_01080,motor_magnet,motor_hdd_assembly,,synthetic://images/motor_hdd_assembly/91d7fdf5ca57.jpg,6.4,kg,9,intact,office,1696.13,collector,2025-09-13T14:01:00.000Z
MAT_002038,LOT_01080,motor_magnet,motor_small_appliance,,synthetic://images/motor_small_appliance/dcda67a0022b.jpg,6.31,kg,4,partially_dismantled,aggregator,966.13,collector,2025-09-13T14:01:00.000Z
MAT_002039,LOT_01080,pcb,pcb_ram_gold,,synthetic://images/pcb_ram_gold/4fd7b8ca9beb.jpg,0.32,kg,9,partially_dismantled,aggregator,537.11,collector,2025-09-13T14:01:00.000Z
MAT_002040,LOT_01080,lcd_panel,led_backlight_strip,,synthetic://images/led_backlight_strip/586997821275.jpg,10.06,kg,1,partially_dismantled,repair_shop,1109.01,collector,2025-09-13T14:01:00.000Z
MAT_002041,LOT_01081,cable,cable_mixed_scrap,,synthetic://images/cable_mixed_scrap/2334cdf77a42.jpg,43.39,kg,1,burnt,repair_shop,3708.09,collector,2025-10-03T07:45:00.000Z
MAT_002042,LOT_01081,cable,cable_data_thin,,synthetic://images/cable_data_thin/7f1a591eada7.jpg,13.56,kg,1,intact,household,1755.21,collector,2025-10-03T07:45:00.000Z
MAT_002043,LOT_01081,cable,cable_mixed_scrap,,synthetic://images/cable_mixed_scrap/cdaca36fc060.jpg,44.53,kg,1,broken,repair_shop,6934.49,collector,2025-10-03T07:45:00.000Z
MAT_002044,LOT_01082,motor_magnet,motor_fan_ac,,synthetic://images/motor_fan_ac/a8e127d95fb9.jpg,36.02,kg,10,intact,shop,5670.63,collector,2026-03-20T14:45:00.000Z
MAT_002045,LOT_01082,lcd_panel,lcd_laptop_panel,,synthetic://images/lcd_laptop_panel/57f2d6a2152a.jpg,1.15,kg,2,intact,repair_shop,58.57,collector,2026-03-20T14:45:00.000Z
MAT_002046,LOT_01082,motor_magnet,motor_fan_ac,,synthetic://images/motor_fan_ac/c0008c1f0e01.jpg,28.4,kg,10,intact,office,4471.01,collector,2026-03-20T14:45:00.000Z
MAT_002047,LOT_01082,battery,battery_button_cell,,synthetic://images/battery_button_cell/0602f52e7c22.jpg,6.36,kg,1,intact,aggregator,657.62,collector,2026-03-20T14:45:00.000Z
MAT_002048,LOT_01083,motor_magnet,motor_speaker_magnet,,synthetic://images/motor_speaker_magnet/a6e7006fd480.jpg,3.8,kg,8,intact,repair_shop,233.36,collector,2026-07-04T06:07:00.000Z
MAT_002049,LOT_01083,mixed_plastic,plastic_mixed_dirty,,synthetic://images/plastic_mixed_dirty/ff2b6d254b53.jpg,10.18,kg,1,intact,shop,117.38,collector,2026-07-04T06:07:00.000Z
MAT_002050,LOT_01083,cable,cable_mixed_scrap,,synthetic://images/cable_mixed_scrap/21ba86b0321f.jpg,15.7,kg,1,burnt,aggregator,1397.03,collector,2026-07-04T06:07:00.000Z
MAT_002051,LOT_01084,cable,cable_data_thin,,synthetic://images/cable_data_thin/4c7e89591053.jpg,5.16,kg,1,intact,street_pickup,656.87,recycler_corrected,2026-05-14T16:27:00.000Z
MAT_002052,LOT_01084,crt,crt_yoke,,synthetic://images/crt_yoke/a0a444902c4c.jpg,5.03,kg,7,wet,shop,259.99,collector,2026-05-14T16:27:00.000Z
MAT_002053,LOT_01085,battery,battery_li_ion_mobile,,synthetic://images/battery_li_ion_mobile/f18b1e496319.jpg,0.34,kg,11,broken,repair_shop,54.67,collector,2026-04-23T07:22:00.000Z
MAT_002054,LOT_01086,cable,cable_copper_house,,synthetic://images/cable_copper_house/1a3a779ab319.jpg,43.73,kg,1,intact,aggregator,17363,collector,2026-08-19T16:41:00.000Z
MAT_002055,LOT_01087,battery,battery_lead_acid_ups,,synthetic://images/battery_lead_acid_ups/1d0949d8ceed.jpg,71.45,kg,12,wet,street_pickup,4623.51,collector,2026-06-22T11:56:00.000Z
MAT_002056,LOT_01088,crt,crt_tv,,synthetic://images/crt_tv/d90c7b087a83.jpg,146.05,kg,9,broken,street_pickup,747.52,collector,2026-08-17T11:50:00.000Z
MAT_002057,LOT_01089,crt,crt_yoke,,synthetic://images/crt_yoke/fdfc8fd916d7.jpg,2,kg,4,intact,repair_shop,153.78,collector,2026-01-26T17:01:00.000Z
MAT_002058,LOT_01089,pcb,pcb_mobile,,synthetic://images/pcb_mobile/18263959dda6.jpg,0.26,kg,12,intact,repair_shop,322.87,collector,2026-01-26T17:01:00.000Z
MAT_002059,LOT_01089,motor_magnet,motor_hdd_assembly,,synthetic://images/motor_hdd_assembly/69c20b879e3e.jpg,4.19,kg,6,intact,office,1094.89,collector,2026-01-26T17:01:00.000Z
MAT_002060,LOT_01090,mixed_plastic,plastic_hips_tv,,synthetic://images/plastic_hips_tv/63ee36da8d17.jpg,2.43,kg,1,intact,household,64.98,collector,2026-05-17T08:02:00.000Z
MAT_002061,LOT_01090,battery,battery_button_cell,,synthetic://images/battery_button_cell/8ed83904cbf3.jpg,14.73,kg,1,intact,household,1602.62,collector,2026-05-17T08:02:00.000Z
MAT_002062,LOT_01090,cable,cable_aluminium,,synthetic://images/cable_aluminium/048bea09f9f1.jpg,15.71,kg,1,broken,repair_shop,1831.33,collector,2026-05-17T08:02:00.000Z
MAT_002063,LOT_01091,battery,battery_li_ion_laptop,,synthetic://images/battery_li_ion_laptop/ee9d9ed50818.jpg,0.69,kg,2,intact,office,149.12,collector,2026-05-06T08:36:00.000Z
MAT_002064,LOT_01092,crt,crt_monitor,,synthetic://images/crt_monitor/bda86b75e062.jpg,11.56,kg,1,broken,household,76.69,collector,2026-06-13T15:47:00.000Z
MAT_002065,LOT_01093,battery,battery_li_ion_laptop,,synthetic://images/battery_li_ion_laptop/05b624e3f9de.jpg,0.31,kg,1,intact,aggregator,67.86,collector,2025-12-10T16:33:00.000Z
MAT_002066,LOT_01093,cable,cable_data_thin,,synthetic://images/cable_data_thin/66d7a171d3b8.jpg,39.09,kg,1,partially_dismantled,aggregator,5232.76,recycler_corrected,2025-12-10T16:33:00.000Z
MAT_002067,LOT_01094,cable,cable_aluminium,,synthetic://images/cable_aluminium/4553f86b4079.jpg,18,kg,1,intact,street_pickup,2558.16,collector,2026-04-17T14:07:00.000Z
MAT_002068,LOT_01094,crt,crt_monitor,,synthetic://images/crt_monitor/180edb6b9fcc.jpg,74.23,kg,7,intact,aggregator,648.35,collector,2026-04-17T14:07:00.000Z
MAT_002069,LOT_01095,lcd_panel,lcd_laptop_panel,,synthetic://images/lcd_laptop_panel/8d734044da7b.jpg,2.17,kg,5,broken,repair_shop,83.06,collector,2025-11-19T08:19:00.000Z
MAT_002070,LOT_01096,battery,battery_lead_acid_ups,,synthetic://images/battery_lead_acid_ups/f15652ecaf36.jpg,33.8,kg,6,burnt,shop,1296.96,collector,2026-02-09T14:04:00.000Z
MAT_002071,LOT_01097,cable,cable_copper_house,,synthetic://images/cable_copper_house/683226d8fed2.jpg,23.06,kg,1,partially_dismantled,household,11019.82,collector,2025-11-18T16:32:00.000Z
MAT_002072,LOT_01097,motor_magnet,motor_hdd_assembly,,synthetic://images/motor_hdd_assembly/7295858439ee.jpg,2.85,kg,6,intact,repair_shop,746.81,collector,2025-11-18T16:32:00.000Z
MAT_002073,LOT_01098,pcb,pcb_motherboard,,synthetic://images/pcb_motherboard/9ec571006322.jpg,3.97,kg,5,burnt,repair_shop,502.31,collector,2025-10-26T16:41:00.000Z
MAT_002074,LOT_01098,cable,cable_mixed_scrap,,synthetic://images/cable_mixed_scrap/f86669acbbb3.jpg,5.24,kg,1,intact,repair_shop,1030.92,recycler_corrected,2025-10-26T16:41:00.000Z
MAT_002075,LOT_01098,pcb,pcb_cpu_processor,,synthetic://images/pcb_cpu_processor/24a0bfd679d1.jpg,0.2,kg,12,broken,shop,586.24,collector,2025-10-26T16:41:00.000Z
MAT_002076,LOT_01099,cable,cable_aluminium,,synthetic://images/cable_aluminium/0a54e1e55938.jpg,25.04,kg,1,partially_dismantled,shop,3751.08,collector,2026-08-23T18:12:00.000Z
MAT_002077,LOT_01100,pcb,pcb_cpu_processor,,synthetic://images/pcb_cpu_processor/3c97e0f449dd.jpg,0.19,kg,8,broken,shop,570.44,collector,2026-03-09T17:01:00.000Z
MAT_002078,LOT_01100,pcb,pcb_mobile,,synthetic://images/pcb_mobile/0778703aecf1.jpg,0.19,kg,8,broken,household,161.6,collector,2026-03-09T17:01:00.000Z
MAT_002079,LOT_01100,battery,battery_li_ion_mobile,,synthetic://images/battery_li_ion_mobile/9d04a4094efd.jpg,0.2,kg,6,intact,shop,36.65,collector,2026-03-09T17:01:00.000Z
MAT_002080,LOT_01101,motor_magnet,motor_small_appliance,,synthetic://images/motor_small_appliance/c8aaf3565210.jpg,20.11,kg,12,partially_dismantled,repair_shop,2378.45,collector,2026-03-29T14:39:00.000Z
MAT_002081,LOT_01102,motor_magnet,motor_hdd_assembly,,synthetic://images/motor_hdd_assembly/05a3c645608f.jpg,7.16,kg,11,wet,household,1408.07,collector,2026-04-22T09:28:00.000Z
MAT_002082,LOT_01102,mixed_plastic,plastic_mixed_dirty,,synthetic://images/plastic_mixed_dirty/6d9cce4a75e7.jpg,34.84,kg,1,broken,aggregator,345.11,collector,2026-04-22T09:28:00.000Z
MAT_002083,LOT_01103,lcd_panel,lcd_tv_panel,,synthetic://images/lcd_tv_panel/f58268f87e79.jpg,35.18,kg,4,intact,office,731.74,collector,2025-10-20T14:09:00.000Z
MAT_002084,LOT_01104,mixed_plastic,plastic_mixed_dirty,,synthetic://images/plastic_mixed_dirty/6dddfbe8ab21.jpg,20.5,kg,1,broken,repair_shop,184.41,collector,2025-09-22T15:12:00.000Z
MAT_002085,LOT_01104,crt,crt_yoke,,synthetic://images/crt_yoke/1484bb0dbcf7.jpg,5.35,kg,10,partially_dismantled,aggregator,413.5,collector,2025-09-22T15:12:00.000Z
MAT_002086,LOT_01105,pcb,pcb_mobile,,synthetic://images/pcb_mobile/518a2c3199ba.jpg,0.23,kg,12,intact,aggregator,281.11,collector,2026-08-20T07:16:00.000Z
MAT_002087,LOT_01105,pcb,pcb_cpu_processor,,synthetic://images/pcb_cpu_processor/33cf1739e080.jpg,0.16,kg,8,partially_dismantled,street_pickup,685.98,collector,2026-08-20T07:16:00.000Z
MAT_002088,LOT_01105,mixed_plastic,plastic_mixed_dirty,,synthetic://images/plastic_mixed_dirty/501144c501be.jpg,15.07,kg,1,partially_dismantled,aggregator,189.57,collector,2026-08-20T07:16:00.000Z
MAT_002089,LOT_01105,battery,battery_button_cell,,synthetic://images/battery_button_cell/b4655011c88e.jpg,31.82,kg,1,broken,repair_shop,2434.68,collector,2026-08-20T07:16:00.000Z
MAT_002090,LOT_01106,motor_magnet,motor_hdd_assembly,,synthetic://images/motor_hdd_assembly/a14b8a4c36d1.jpg,4.88,kg,10,broken,office,1122.21,collector,2025-11-12T06:50:00.000Z
MAT_002091,LOT_01106,motor_magnet,motor_speaker_magnet,,synthetic://images/motor_speaker_magnet/3215c3a28981.jpg,0.94,kg,2,intact,aggregator,62.27,collector,2025-11-12T06:50:00.000Z
MAT_002092,LOT_01107,motor_magnet,motor_small_appliance,,synthetic://images/motor_small_appliance/22e13a0fe7bc.jpg,11.84,kg,8,partially_dismantled,office,1801.4,collector,2026-02-18T10:52:00.000Z
MAT_002093,LOT_01107,cable,cable_copper_house,,synthetic://images/cable_copper_house/54190d8187a2.jpg,16.3,kg,1,intact,shop,7421.39,collector,2026-02-18T10:52:00.000Z
MAT_002094,LOT_01108,cable,cable_data_thin,,synthetic://images/cable_data_thin/f87ff99f2e07.jpg,34.07,kg,1,broken,aggregator,4235.87,collector,2026-03-02T13:48:00.000Z
MAT_002095,LOT_01108,cable,cable_aluminium,,synthetic://images/cable_aluminium/2f87e0107054.jpg,37.03,kg,1,partially_dismantled,office,6150.28,collector,2026-03-02T13:48:00.000Z
MAT_002096,LOT_01108,mixed_plastic,plastic_hips_tv,,synthetic://images/plastic_hips_tv/6c3308be1981.jpg,1.89,kg,1,partially_dismantled,aggregator,47.06,collector,2026-03-02T13:48:00.000Z
MAT_002097,LOT_01108,pcb,pcb_power_supply,,synthetic://images/pcb_power_supply/e890ae0ac046.jpg,11.57,kg,10,intact,repair_shop,1874.34,collector,2026-03-02T13:48:00.000Z
MAT_002098,LOT_01109,pcb,pcb_motherboard,,synthetic://images/pcb_motherboard/83683e13f7f4.jpg,6.79,kg,8,burnt,office,997.32,collector,2026-05-31T13:17:00.000Z
MAT_002099,LOT_01109,pcb,pcb_ram_gold,,synthetic://images/pcb_ram_gold/362a80e92fe6.jpg,0.15,kg,4,intact,office,247.71,recycler_corrected,2026-05-31T13:17:00.000Z
MAT_002100,LOT_01109,pcb,pcb_tv_low_grade,,synthetic://images/pcb_tv_low_grade/e3d4a97e2a5d.jpg,5.58,kg,12,partially_dismantled,household,601.13,collector,2026-05-31T13:17:00.000Z
MAT_002101,LOT_01110,crt,crt_tv,,synthetic://images/crt_tv/9c4327536d61.jpg,83.33,kg,6,partially_dismantled,household,524.51,collector,2026-01-19T10:10:00.000Z
MAT_002102,LOT_01110,cable,cable_data_thin,,synthetic://images/cable_data_thin/c7f02503d91e.jpg,41.37,kg,1,broken,office,3868.29,recycler_corrected,2026-01-19T10:10:00.000Z
MAT_002103,LOT_01111,cable,cable_aluminium,,synthetic://images/cable_aluminium/ba29f9db9350.jpg,33.32,kg,1,partially_dismantled,repair_shop,4994.25,recycler_corrected,2025-09-16T09:04:00.000Z
MAT_002104,LOT_01112,motor_magnet,motor_speaker_magnet,,synthetic://images/motor_speaker_magnet/7e3c93fa9e2b.jpg,5.16,kg,11,broken,household,281.54,collector,2025-11-17T19:21:00.000Z
MAT_002105,LOT_01113,pcb,pcb_cpu_processor,,synthetic://images/pcb_cpu_processor/10bc0d953e66.jpg,0.09,kg,4,partially_dismantled,street_pickup,376.42,recycler_corrected,2026-06-10T06:52:00.000Z
MAT_002106,LOT_01113,battery,battery_li_ion_mobile,,synthetic://images/battery_li_ion_mobile/8d27db83ee77.jpg,0.32,kg,8,intact,street_pickup,57.6,collector,2026-06-10T06:52:00.000Z
MAT_002107,LOT_01113,mixed_plastic,plastic_mixed_dirty,,synthetic://images/plastic_mixed_dirty/22e1eed87b92.jpg,40.61,kg,1,wet,household,358.75,recycler_corrected,2026-06-10T06:52:00.000Z
MAT_002108,LOT_01114,motor_magnet,motor_speaker_magnet,,synthetic://images/motor_speaker_magnet/a34a2bb49707.jpg,3.25,kg,7,partially_dismantled,aggregator,225.02,collector,2026-04-20T18:21:00.000Z
MAT_002109,LOT_01114,motor_magnet,motor_small_appliance,,synthetic://images/motor_small_appliance/1a79017d0dc0.jpg,17.74,kg,11,intact,household,1952.46,collector,2026-04-20T18:21:00.000Z
MAT_002110,LOT_01114,lcd_panel,lcd_laptop_panel,,synthetic://images/lcd_laptop_panel/465ff8ac5595.jpg,1.25,kg,3,wet,household,37.98,collector,2026-04-20T18:21:00.000Z
MAT_002111,LOT_01115,motor_magnet,motor_fan_ac,,synthetic://images/motor_fan_ac/000ab9bac744.jpg,9.04,kg,3,wet,household,1013.49,collector,2025-12-11T15:32:00.000Z
MAT_002112,LOT_01115,battery,battery_li_ion_laptop,,synthetic://images/battery_li_ion_laptop/650d2974c45a.jpg,3.39,kg,11,burnt,household,393.05,collector,2025-12-11T15:32:00.000Z
MAT_002113,LOT_01115,crt,crt_yoke,,synthetic://images/crt_yoke/cd0c684e1385.jpg,7.63,kg,12,intact,office,586.67,collector,2025-12-11T15:32:00.000Z
MAT_002114,LOT_01115,motor_magnet,motor_speaker_magnet,,synthetic://images/motor_speaker_magnet/05856d684bc7.jpg,4.22,kg,10,intact,household,311.6,collector,2025-12-11T15:32:00.000Z
MAT_002115,LOT_01116,pcb,pcb_tv_low_grade,,synthetic://images/pcb_tv_low_grade/9529998726d5.jpg,4.17,kg,7,wet,aggregator,291.29,collector,2026-08-17T15:12:00.000Z
MAT_002116,LOT_01117,crt,crt_monitor,,synthetic://images/crt_monitor/a55772782738.jpg,60.16,kg,5,intact,shop,525.46,recycler_corrected,2026-06-04T12:06:00.000Z
MAT_002117,LOT_01117,cable,cable_copper_house,,synthetic://images/cable_copper_house/1ff1cd7d6907.jpg,42.27,kg,1,partially_dismantled,household,15520.02,collector,2026-06-04T12:06:00.000Z
MAT_002118,LOT_01118,battery,battery_lead_acid_ups,,synthetic://images/battery_lead_acid_ups/92e79bfc8c5d.jpg,7.38,kg,1,broken,repair_shop,585.61,recycler_corrected,2026-01-25T19:45:00.000Z
MAT_002119,LOT_01118,mixed_plastic,plastic_abs_casing,,synthetic://images/plastic_abs_casing/bb8fc9ecb223.jpg,3.56,kg,1,partially_dismantled,office,122.23,collector,2026-01-25T19:45:00.000Z
MAT_002120,LOT_01119,pcb,pcb_tv_low_grade,,synthetic://images/pcb_tv_low_grade/6335df12ecdb.jpg,6.6,kg,12,partially_dismantled,household,711.99,collector,2026-03-15T17:05:00.000Z
MAT_002121,LOT_01120,cable,cable_copper_house,,synthetic://images/cable_copper_house/435b5c63505a.jpg,36.42,kg,1,wet,office,10168.79,collector,2026-01-15T07:58:00.000Z
MAT_002122,LOT_01120,battery,battery_button_cell,,synthetic://images/battery_button_cell/51219e1abc8c.jpg,28.02,kg,1,broken,household,2196.54,recycler_corrected,2026-01-15T07:58:00.000Z
MAT_002123,LOT_01120,pcb,pcb_motherboard,,synthetic://images/pcb_motherboard/5899dc4041dd.jpg,0.62,kg,1,broken,repair_shop,159.67,collector,2026-01-15T07:58:00.000Z
MAT_002124,LOT_01121,cable,cable_mixed_scrap,,synthetic://images/cable_mixed_scrap/af296ee275c6.jpg,15.48,kg,1,intact,repair_shop,3146.46,collector,2026-06-08T13:23:00.000Z
MAT_002125,LOT_01121,pcb,pcb_ram_gold,,synthetic://images/pcb_ram_gold/bf4788f33138.jpg,0.18,kg,6,intact,office,295.01,collector,2026-06-08T13:23:00.000Z
MAT_002126,LOT_01122,cable,cable_copper_house,,synthetic://images/cable_copper_house/064e5b9e9889.jpg,16.86,kg,1,partially_dismantled,street_pickup,8089.92,collector,2026-04-18T08:44:00.000Z
MAT_002127,LOT_01122,battery,battery_li_ion_mobile,,synthetic://images/battery_li_ion_mobile/2c8328998df6.jpg,0.25,kg,5,broken,household,44.47,collector,2026-04-18T08:44:00.000Z
MAT_002128,LOT_01123,cable,cable_data_thin,,synthetic://images/cable_data_thin/b64d9e0e7b59.jpg,22.18,kg,1,broken,shop,2335.11,collector,2026-06-21T09:16:00.000Z
MAT_002129,LOT_01124,battery,battery_li_ion_laptop,,synthetic://images/battery_li_ion_laptop/32d836a6d095.jpg,4.11,kg,12,burnt,shop,463.67,recycler_corrected,2026-04-14T15:59:00.000Z
MAT_002130,LOT_01125,cable,cable_data_thin,,synthetic://images/cable_data_thin/466a5446fe55.jpg,5.29,kg,1,intact,repair_shop,683.31,collector,2025-12-03T19:44:00.000Z
MAT_002131,LOT_01126,mixed_plastic,plastic_abs_casing,,synthetic://images/plastic_abs_casing/a2291dfa9f16.jpg,26.22,kg,1,partially_dismantled,shop,960.56,collector,2026-08-28T15:36:00.000Z
MAT_002132,LOT_01126,mixed_plastic,plastic_abs_casing,,synthetic://images/plastic_abs_casing/be3ed1476e4d.jpg,6.98,kg,1,broken,office,199.7,collector,2026-08-28T15:36:00.000Z
MAT_002133,LOT_01127,lcd_panel,lcd_laptop_panel,,synthetic://images/lcd_laptop_panel/2744c9badb9a.jpg,4.1,kg,10,broken,repair_shop,170.35,collector,2025-12-29T17:40:00.000Z
MAT_002134,LOT_01127,pcb,pcb_mobile,,synthetic://images/pcb_mobile/49486e62788a.jpg,0.05,kg,2,intact,aggregator,55.75,collector,2025-12-29T17:40:00.000Z
MAT_002135,LOT_01127,pcb,pcb_mobile,,synthetic://images/pcb_mobile/824529898ad6.jpg,0.05,kg,3,intact,office,55.75,recycler_corrected,2025-12-29T17:40:00.000Z
MAT_002136,LOT_01128,cable,cable_copper_house,,synthetic://images/cable_copper_house/67e71c2497e1.jpg,36.87,kg,1,partially_dismantled,office,16443.17,collector,2026-05-12T14:58:00.000Z
MAT_002137,LOT_01128,cable,cable_data_thin,,synthetic://images/cable_data_thin/788a0e132cfd.jpg,15.53,kg,1,partially_dismantled,household,2319.11,collector,2026-05-12T14:58:00.000Z
MAT_002138,LOT_01128,motor_magnet,motor_hdd_assembly,,synthetic://images/motor_hdd_assembly/84fbd5587f2b.jpg,3.64,kg,8,intact,shop,1022.51,recycler_corrected,2026-05-12T14:58:00.000Z
MAT_002139,LOT_01129,motor_magnet,motor_small_appliance,,synthetic://images/motor_small_appliance/58b8c27751c5.jpg,8.74,kg,5,intact,repair_shop,1162.68,collector,2025-10-20T09:38:00.000Z
MAT_002140,LOT_01129,battery,battery_li_ion_mobile,,synthetic://images/battery_li_ion_mobile/fc21c8d384ed.jpg,0.25,kg,5,intact,aggregator,48.26,collector,2025-10-20T09:38:00.000Z
MAT_002141,LOT_01130,pcb,pcb_cpu_processor,,synthetic://images/pcb_cpu_processor/00b58ab9e7f1.jpg,0.06,kg,3,intact,office,245.93,collector,2025-11-29T19:02:00.000Z
MAT_002142,LOT_01131,pcb,pcb_tv_low_grade,,synthetic://images/pcb_tv_low_grade/439e1faf98f1.jpg,4.34,kg,7,intact,repair_shop,527.14,collector,2025-11-27T11:58:00.000Z
MAT_002143,LOT_01131,cable,cable_mixed_scrap,,synthetic://images/cable_mixed_scrap/a7da569a4aa2.jpg,27.74,kg,1,intact,repair_shop,5702.79,collector,2025-11-27T11:58:00.000Z
MAT_002144,LOT_01132,mixed_plastic,plastic_abs_casing,,synthetic://images/plastic_abs_casing/963e120dc445.jpg,24.1,kg,1,broken,repair_shop,621.51,collector,2026-07-04T09:32:00.000Z
MAT_002145,LOT_01132,cable,cable_data_thin,,synthetic://images/cable_data_thin/c6c6039e4a49.jpg,5.62,kg,1,intact,aggregator,798.15,collector,2026-07-04T09:32:00.000Z
MAT_002146,LOT_01133,crt,crt_yoke,,synthetic://images/crt_yoke/e631b5031827.jpg,7.38,kg,11,intact,aggregator,530.62,collector,2026-01-20T13:00:00.000Z
MAT_002147,LOT_01133,motor_magnet,motor_speaker_magnet,,synthetic://images/motor_speaker_magnet/c088737ca7ac.jpg,2.21,kg,7,broken,aggregator,135.1,collector,2026-01-20T13:00:00.000Z
MAT_002148,LOT_01133,mixed_plastic,plastic_abs_casing,,synthetic://images/plastic_abs_casing/3a562706e28e.jpg,8.23,kg,1,partially_dismantled,street_pickup,290.18,collector,2026-01-20T13:00:00.000Z
MAT_002149,LOT_01134,mixed_plastic,plastic_abs_casing,,synthetic://images/plastic_abs_casing/c184ce7592aa.jpg,21.87,kg,1,intact,shop,888.8,collector,2026-06-05T10:48:00.000Z
MAT_002150,LOT_01135,cable,cable_mixed_scrap,,synthetic://images/cable_mixed_scrap/d10bf38a1ba4.jpg,40.8,kg,1,intact,repair_shop,7648.37,collector,2026-03-18T09:50:00.000Z
MAT_002151,LOT_01135,cable,cable_data_thin,,synthetic://images/cable_data_thin/5176234217c6.jpg,27.63,kg,1,broken,repair_shop,2890.53,collector,2026-03-18T09:50:00.000Z
MAT_002152,LOT_01136,cable,cable_mixed_scrap,,synthetic://images/cable_mixed_scrap/6f8e6da297be.jpg,20.86,kg,1,intact,shop,3762.31,collector,2026-01-12T17:06:00.000Z
MAT_002153,LOT_01136,cable,cable_mixed_scrap,,synthetic://images/cable_mixed_scrap/e16b2d9ac90e.jpg,31.09,kg,1,intact,office,5607.39,collector,2026-01-12T17:06:00.000Z
MAT_002154,LOT_01136,cable,cable_copper_house,,synthetic://images/cable_copper_house/1b9c41a75739.jpg,36.54,kg,1,intact,household,13613.34,recycler_corrected,2026-01-12T17:06:00.000Z
MAT_002155,LOT_01137,motor_magnet,motor_speaker_magnet,,synthetic://images/motor_speaker_magnet/098acfbc7888.jpg,4.8,kg,12,intact,aggregator,357.31,collector,2025-09-06T09:35:00.000Z
MAT_002156,LOT_01138,mixed_plastic,plastic_mixed_dirty,,synthetic://images/plastic_mixed_dirty/fe8e1f29fac5.jpg,41.52,kg,1,intact,office,533.53,collector,2026-01-10T17:47:00.000Z
MAT_002157,LOT_01139,crt,crt_tv,,synthetic://images/crt_tv/434ecc16b7e7.jpg,172.38,kg,9,intact,street_pickup,1342.29,collector,2025-11-19T16:53:00.000Z
MAT_002158,LOT_01140,cable,cable_data_thin,,synthetic://images/cable_data_thin/fac25cc303d4.jpg,11.13,kg,1,broken,repair_shop,1171.31,collector,2026-01-08T10:25:00.000Z
MAT_002159,LOT_01141,pcb,pcb_ram_gold,,synthetic://images/pcb_ram_gold/3c60d9c73e31.jpg,0.25,kg,10,burnt,office,167.54,collector,2025-10-31T13:18:00.000Z
MAT_002160,LOT_01142,cable,cable_aluminium,,synthetic://images/cable_aluminium/6ddcd4cb37ba.jpg,34.48,kg,1,burnt,shop,2368.05,collector,2026-08-17T17:43:00.000Z
MAT_002161,LOT_01142,cable,cable_data_thin,,synthetic://images/cable_data_thin/a3c8070132ac.jpg,41.22,kg,1,intact,aggregator,5746.07,collector,2026-08-17T17:43:00.000Z
MAT_002162,LOT_01142,crt,crt_yoke,,synthetic://images/crt_yoke/822b4286cd9b.jpg,0.77,kg,1,intact,household,54.13,collector,2026-08-17T17:43:00.000Z
MAT_002163,LOT_01143,cable,cable_aluminium,,synthetic://images/cable_aluminium/257bd047860b.jpg,34.24,kg,1,intact,household,5416.08,collector,2026-03-11T11:00:00.000Z
MAT_002164,LOT_01143,motor_magnet,motor_speaker_magnet,,synthetic://images/motor_speaker_magnet/66f3f8df6557.jpg,1.87,kg,4,partially_dismantled,office,137.47,collector,2026-03-11T11:00:00.000Z
MAT_002165,LOT_01144,lcd_panel,led_backlight_strip,,synthetic://images/led_backlight_strip/eafba6bc78d5.jpg,37.93,kg,1,broken,repair_shop,3295.63,collector,2025-10-19T12:54:00.000Z
MAT_002166,LOT_01144,pcb,pcb_mobile,,synthetic://images/pcb_mobile/b0581272d09d.jpg,0.24,kg,10,partially_dismantled,office,314.28,recycler_corrected,2025-10-19T12:54:00.000Z
MAT_002167,LOT_01144,battery,battery_lead_acid_ups,,synthetic://images/battery_lead_acid_ups/bd0f374e05a4.jpg,7.4,kg,1,broken,repair_shop,622.76,collector,2025-10-19T12:54:00.000Z
MAT_002168,LOT_01145,cable,cable_data_thin,,synthetic://images/cable_data_thin/163df5a69dc1.jpg,11,kg,1,burnt,household,618.3,collector,2026-06-21T08:26:00.000Z
MAT_002169,LOT_01145,lcd_panel,lcd_laptop_panel,,synthetic://images/lcd_laptop_panel/3f530c314256.jpg,3.59,kg,8,intact,repair_shop,156.67,collector,2026-06-21T08:26:00.000Z
MAT_002170,LOT_01145,mixed_plastic,plastic_mixed_dirty,,synthetic://images/plastic_mixed_dirty/6761bdb6480d.jpg,31.91,kg,1,broken,street_pickup,265.59,collector,2026-06-21T08:26:00.000Z
MAT_002171,LOT_01146,pcb,pcb_tv_low_grade,,synthetic://images/pcb_tv_low_grade/19d4d5856711.jpg,4.03,kg,8,intact,household,413.48,collector,2026-05-03T12:59:00.000Z
MAT_002172,LOT_01147,battery,battery_li_ion_laptop,,synthetic://images/battery_li_ion_laptop/21000ffe2bae.jpg,4.79,kg,11,intact,aggregator,1252.73,collector,2026-01-20T14:53:00.000Z
MAT_002173,LOT_01148,motor_magnet,motor_speaker_magnet,,synthetic://images/motor_speaker_magnet/4c11854e589c.jpg,0.94,kg,3,intact,shop,56.02,collector,2026-03-30T14:50:00.000Z
MAT_002174,LOT_01148,pcb,pcb_mobile,,synthetic://images/pcb_mobile/eb8368623dac.jpg,0.09,kg,6,partially_dismantled,household,98.02,collector,2026-03-30T14:50:00.000Z
MAT_002175,LOT_01149,pcb,pcb_mobile,,synthetic://images/pcb_mobile/c7c2e71256de.jpg,0.3,kg,12,intact,repair_shop,310.35,collector,2026-04-22T12:21:00.000Z
MAT_002176,LOT_01149,mixed_plastic,plastic_hips_tv,,synthetic://images/plastic_hips_tv/a9b71bc62459.jpg,30.66,kg,1,partially_dismantled,aggregator,760.4,collector,2026-04-22T12:21:00.000Z
MAT_002177,LOT_01150,mixed_plastic,plastic_hips_tv,,synthetic://images/plastic_hips_tv/a1c19140b1f1.jpg,24.3,kg,1,broken,shop,461.69,collector,2026-08-14T07:13:00.000Z
MAT_002178,LOT_01151,pcb,pcb_tv_low_grade,,synthetic://images/pcb_tv_low_grade/d0a6318d5a46.jpg,2.41,kg,4,broken,office,202.72,collector,2026-06-26T11:01:00.000Z
MAT_002179,LOT_01152,motor_magnet,motor_hdd_assembly,,synthetic://images/motor_hdd_assembly/b58fcae638b5.jpg,4.67,kg,7,partially_dismantled,street_pickup,1390.24,collector,2025-11-13T12:51:00.000Z
MAT_002180,LOT_01152,motor_magnet,motor_fan_ac,,synthetic://images/motor_fan_ac/704927010e81.jpg,24.97,kg,9,intact,aggregator,4193.46,collector,2025-11-13T12:51:00.000Z
MAT_002181,LOT_01153,motor_magnet,motor_hdd_assembly,,synthetic://images/motor_hdd_assembly/6e52237d0e95.jpg,0.48,kg,1,partially_dismantled,household,134.27,collector,2026-01-12T09:52:00.000Z
MAT_002182,LOT_01153,cable,cable_data_thin,,synthetic://images/cable_data_thin/e8bcff7b274e.jpg,11.46,kg,1,broken,repair_shop,1322.66,recycler_corrected,2026-01-12T09:52:00.000Z
MAT_002183,LOT_01153,motor_magnet,motor_hdd_assembly,,synthetic://images/motor_hdd_assembly/8882bf042ee3.jpg,6.7,kg,10,intact,office,1878.95,collector,2026-01-12T09:52:00.000Z
MAT_002184,LOT_01154,mixed_plastic,plastic_abs_casing,,synthetic://images/plastic_abs_casing/70d5f4fb7341.jpg,25.89,kg,1,partially_dismantled,aggregator,947.38,collector,2026-06-10T17:41:00.000Z
MAT_002185,LOT_01155,crt,crt_tv,,synthetic://images/crt_tv/277a3fd32268.jpg,94.54,kg,7,partially_dismantled,aggregator,630.85,collector,2026-06-12T11:47:00.000Z
MAT_002186,LOT_01156,mixed_plastic,plastic_hips_tv,,synthetic://images/plastic_hips_tv/fada3f3f8f15.jpg,13.86,kg,1,partially_dismantled,repair_shop,366.88,collector,2026-03-30T13:17:00.000Z
MAT_002187,LOT_01156,pcb,pcb_motherboard,,synthetic://images/pcb_motherboard/95ff75e4c6b5.jpg,3.17,kg,4,broken,repair_shop,882.89,collector,2026-03-30T13:17:00.000Z
MAT_002188,LOT_01157,battery,battery_li_ion_laptop,,synthetic://images/battery_li_ion_laptop/34c146f29fe7.jpg,4.09,kg,11,intact,aggregator,872.32,collector,2026-06-05T07:33:00.000Z
MAT_002189,LOT_01158,pcb,pcb_power_supply,,synthetic://images/pcb_power_supply/78399454cdb0.jpg,4.31,kg,3,intact,office,653.87,collector,2025-11-29T08:36:00.000Z
MAT_002190,LOT_01159,cable,cable_copper_house,,synthetic://images/cable_copper_house/93fce3cfdced.jpg,14.71,kg,1,partially_dismantled,aggregator,7061.53,collector,2026-06-10T12:27:00.000Z
MAT_002191,LOT_01160,pcb,pcb_motherboard,,synthetic://images/pcb_motherboard/895738af80b9.jpg,8.79,kg,11,intact,shop,3275.86,collector,2026-08-19T19:07:00.000Z
MAT_002192,LOT_01160,cable,cable_copper_house,,synthetic://images/cable_copper_house/f6e638fccecb.jpg,27.41,kg,1,broken,office,10275.89,collector,2026-08-19T19:07:00.000Z
MAT_002193,LOT_01161,cable,cable_mixed_scrap,,synthetic://images/cable_mixed_scrap/1968c492d853.jpg,8.27,kg,1,partially_dismantled,office,1630.76,collector,2026-08-31T06:14:00.000Z
MAT_002194,LOT_01162,battery,battery_button_cell,,synthetic://images/battery_button_cell/80e2ecae9d6c.jpg,33.1,kg,1,partially_dismantled,repair_shop,3581.85,collector,2026-05-24T15:45:00.000Z
MAT_002195,LOT_01162,motor_magnet,motor_fan_ac,,synthetic://images/motor_fan_ac/6e0abb984663.jpg,40.09,kg,12,partially_dismantled,shop,6628.62,collector,2026-05-24T15:45:00.000Z
MAT_002196,LOT_01162,mixed_plastic,plastic_mixed_dirty,,synthetic://images/plastic_mixed_dirty/e6e5b37629d2.jpg,20.16,kg,1,partially_dismantled,household,252.32,collector,2026-05-24T15:45:00.000Z
MAT_002197,LOT_01163,pcb,pcb_ram_gold,,synthetic://images/pcb_ram_gold/ccaaac369924.jpg,0.34,kg,12,intact,repair_shop,530.29,collector,2025-12-09T10:41:00.000Z
MAT_002198,LOT_01163,crt,crt_monitor,,synthetic://images/crt_monitor/95d1cd7295d3.jpg,53.89,kg,4,intact,household,486.79,collector,2025-12-09T10:41:00.000Z
MAT_002199,LOT_01164,motor_magnet,motor_hdd_assembly,,synthetic://images/motor_hdd_assembly/a186014879a2.jpg,4.04,kg,9,broken,repair_shop,872.92,collector,2026-04-21T09:46:00.000Z
MAT_002200,LOT_01164,battery,battery_li_ion_laptop,,synthetic://images/battery_li_ion_laptop/d5bd26f39a9a.jpg,3.31,kg,11,broken,shop,603.34,collector,2026-04-21T09:46:00.000Z
MAT_002201,LOT_01164,pcb,pcb_mobile,,synthetic://images/pcb_mobile/d08006aebd0e.jpg,0.18,kg,11,partially_dismantled,street_pickup,194.76,collector,2026-04-21T09:46:00.000Z
MAT_002202,LOT_01164,mixed_plastic,plastic_hips_tv,,synthetic://images/plastic_hips_tv/f626cf9fa015.jpg,12.4,kg,1,intact,office,295.12,collector,2026-04-21T09:46:00.000Z
MAT_002203,LOT_01165,pcb,pcb_mobile,,synthetic://images/pcb_mobile/ed962da2447a.jpg,0.08,kg,4,burnt,aggregator,37.37,collector,2025-09-16T13:09:00.000Z
MAT_002204,LOT_01165,cable,cable_mixed_scrap,,synthetic://images/cable_mixed_scrap/c8bc7f80aaa9.jpg,29.54,kg,1,partially_dismantled,aggregator,5908.43,collector,2025-09-16T13:09:00.000Z
MAT_002205,LOT_01166,pcb,pcb_tv_low_grade,,synthetic://images/pcb_tv_low_grade/2c2fcc2098fe.jpg,5.91,kg,11,intact,shop,619.66,collector,2025-12-27T18:48:00.000Z
MAT_002206,LOT_01166,mixed_plastic,plastic_hips_tv,,synthetic://images/plastic_hips_tv/92a69bece2d4.jpg,21.17,kg,1,partially_dismantled,aggregator,526.59,collector,2025-12-27T18:48:00.000Z
MAT_002207,LOT_01166,pcb,pcb_mobile,,synthetic://images/pcb_mobile/af61a980afc3.jpg,0.21,kg,9,intact,street_pickup,218.07,collector,2025-12-27T18:48:00.000Z
MAT_002208,LOT_01167,cable,cable_mixed_scrap,,synthetic://images/cable_mixed_scrap/c7869261469f.jpg,25.56,kg,1,intact,street_pickup,4789.69,collector,2025-12-21T18:24:00.000Z
MAT_002209,LOT_01168,lcd_panel,lcd_monitor_panel,,synthetic://images/lcd_monitor_panel/9b3c0792dd3e.jpg,22.32,kg,5,partially_dismantled,household,619.88,collector,2026-03-31T15:10:00.000Z
MAT_002210,LOT_01168,crt,crt_yoke,,synthetic://images/crt_yoke/5150e50d61f7.jpg,0.53,kg,1,broken,street_pickup,31.22,collector,2026-03-31T15:10:00.000Z
MAT_002211,LOT_01169,mixed_plastic,plastic_abs_casing,,synthetic://images/plastic_abs_casing/43b929737485.jpg,11.91,kg,1,wet,office,295.55,collector,2026-04-12T13:15:00.000Z
MAT_002212,LOT_01169,battery,battery_li_ion_laptop,,synthetic://images/battery_li_ion_laptop/9bce9d85a38c.jpg,1.08,kg,3,partially_dismantled,shop,281.83,collector,2026-04-12T13:15:00.000Z
MAT_002213,LOT_01169,cable,cable_aluminium,,synthetic://images/cable_aluminium/e7a0c25f8adc.jpg,14.71,kg,1,broken,shop,1714.28,collector,2026-04-12T13:15:00.000Z
MAT_002214,LOT_01169,crt,crt_monitor,,synthetic://images/crt_monitor/d3868cc6c7a3.jpg,42.35,kg,3,partially_dismantled,office,377.08,collector,2026-04-12T13:15:00.000Z
MAT_002215,LOT_01170,mixed_plastic,plastic_abs_casing,,synthetic://images/plastic_abs_casing/c67f8b34fd16.jpg,28.68,kg,1,intact,street_pickup,1000.65,collector,2026-08-27T07:58:00.000Z
MAT_002216,LOT_01171,motor_magnet,motor_fan_ac,,synthetic://images/motor_fan_ac/1eb6c7ff60e4.jpg,2.71,kg,1,broken,office,319.29,recycler_corrected,2026-05-16T07:18:00.000Z
MAT_002217,LOT_01171,cable,cable_mixed_scrap,,synthetic://images/cable_mixed_scrap/69154e381ffe.jpg,2.77,kg,1,intact,street_pickup,525.03,collector,2026-05-16T07:18:00.000Z
MAT_002218,LOT_01171,cable,cable_data_thin,,synthetic://images/cable_data_thin/a97616998fcf.jpg,5.51,kg,1,intact,shop,710.4,collector,2026-05-16T07:18:00.000Z
MAT_002219,LOT_01172,motor_magnet,motor_fan_ac,,synthetic://images/motor_fan_ac/bceab6200506.jpg,33.45,kg,9,broken,household,3978.03,recycler_corrected,2025-12-03T15:04:00.000Z
MAT_002220,LOT_01172,motor_magnet,motor_speaker_magnet,,synthetic://images/motor_speaker_magnet/720a108cb828.jpg,3.09,kg,9,intact,aggregator,193.87,collector,2025-12-03T15:04:00.000Z
MAT_002221,LOT_01173,battery,battery_button_cell,,synthetic://images/battery_button_cell/d9af06cba2cc.jpg,32.65,kg,1,intact,street_pickup,3444.25,collector,2026-07-21T09:01:00.000Z
MAT_002222,LOT_01174,mixed_plastic,plastic_mixed_dirty,,synthetic://images/plastic_mixed_dirty/4c0122c18fd8.jpg,13.48,kg,1,intact,street_pickup,174.16,collector,2026-04-20T06:32:00.000Z
MAT_002223,LOT_01174,mixed_plastic,plastic_abs_casing,,synthetic://images/plastic_abs_casing/510c31a432a1.jpg,5.39,kg,1,intact,street_pickup,213.82,collector,2026-04-20T06:32:00.000Z
MAT_002224,LOT_01175,cable,cable_mixed_scrap,,synthetic://images/cable_mixed_scrap/6c2118a654d7.jpg,32.38,kg,1,intact,aggregator,5936.23,collector,2025-10-11T06:52:00.000Z
MAT_002225,LOT_01175,motor_magnet,motor_small_appliance,,synthetic://images/motor_small_appliance/93dc730fc53d.jpg,7.9,kg,5,intact,street_pickup,877.93,collector,2025-10-11T06:52:00.000Z
MAT_002226,LOT_01175,pcb,pcb_tv_low_grade,,synthetic://images/pcb_tv_low_grade/fbe2b6be91ee.jpg,3.74,kg,7,broken,street_pickup,329.1,collector,2025-10-11T06:52:00.000Z
MAT_002227,LOT_01176,pcb,pcb_motherboard,,synthetic://images/pcb_motherboard/4fd4fc208b75.jpg,1.53,kg,2,partially_dismantled,repair_shop,505.27,collector,2025-10-18T11:19:00.000Z
MAT_002228,LOT_01176,lcd_panel,lcd_monitor_panel,,synthetic://images/lcd_monitor_panel/8aae12d0a8fa.jpg,20.11,kg,7,intact,street_pickup,468.97,collector,2025-10-18T11:19:00.000Z
MAT_002229,LOT_01176,motor_magnet,motor_speaker_magnet,,synthetic://images/motor_speaker_magnet/982459feda49.jpg,1.04,kg,2,intact,office,68.98,collector,2025-10-18T11:19:00.000Z
MAT_002230,LOT_01177,pcb,pcb_cpu_processor,,synthetic://images/pcb_cpu_processor/9617ff1eecbe.jpg,0.25,kg,12,broken,repair_shop,821.97,collector,2025-09-10T13:10:00.000Z
MAT_002231,LOT_01178,pcb,pcb_cpu_processor,,synthetic://images/pcb_cpu_processor/53be29386452.jpg,0.02,kg,1,intact,household,74.22,collector,2025-12-21T18:27:00.000Z
MAT_002232,LOT_01178,pcb,pcb_ram_gold,,synthetic://images/pcb_ram_gold/ca03f1de0212.jpg,0.07,kg,2,broken,street_pickup,76.88,recycler_corrected,2025-12-21T18:27:00.000Z
MAT_002233,LOT_01179,motor_magnet,motor_small_appliance,,synthetic://images/motor_small_appliance/a051c5993116.jpg,10.69,kg,6,intact,office,1176.54,collector,2026-05-17T19:28:00.000Z
MAT_002234,LOT_01179,cable,cable_aluminium,,synthetic://images/cable_aluminium/aa48c1ca6180.jpg,36.78,kg,1,partially_dismantled,aggregator,4554.34,recycler_corrected,2026-05-17T19:28:00.000Z
MAT_002235,LOT_01180,battery,battery_li_ion_mobile,,synthetic://images/battery_li_ion_mobile/59cac705d56c.jpg,0.22,kg,5,partially_dismantled,household,40.55,collector,2026-08-12T06:23:00.000Z
MAT_002236,LOT_01180,mixed_plastic,plastic_mixed_dirty,,synthetic://images/plastic_mixed_dirty/936f18b25dff.jpg,10.42,kg,1,intact,household,128.48,collector,2026-08-12T06:23:00.000Z
MAT_002237,LOT_01181,pcb,pcb_motherboard,,synthetic://images/pcb_motherboard/5f69568efa05.jpg,1.45,kg,2,partially_dismantled,household,478.16,collector,2026-01-03T11:00:00.000Z
MAT_002238,LOT_01182,pcb,pcb_tv_low_grade,,synthetic://images/pcb_tv_low_grade/a73daff06845.jpg,1.98,kg,4,intact,household,193.52,collector,2025-11-15T19:51:00.000Z
MAT_002239,LOT_01182,cable,cable_aluminium,,synthetic://images/cable_aluminium/7ad9afd3aee6.jpg,44.69,kg,1,burnt,shop,2805.82,collector,2025-11-15T19:51:00.000Z
MAT_002240,LOT_01182,crt,crt_tv,,synthetic://images/crt_tv/984ad7ddef9f.jpg,129.04,kg,8,intact,aggregator,802.78,collector,2025-11-15T19:51:00.000Z
MAT_002241,LOT_01183,battery,battery_button_cell,,synthetic://images/battery_button_cell/6cd290bfcad8.jpg,12.32,kg,1,intact,street_pickup,1531.5,recycler_corrected,2025-11-07T12:29:00.000Z
MAT_002242,LOT_01184,pcb,pcb_mobile,,synthetic://images/pcb_mobile/f8dec35472d1.jpg,0.19,kg,8,broken,household,176.73,collector,2025-11-10T08:05:00.000Z
MAT_002243,LOT_01185,cable,cable_data_thin,,synthetic://images/cable_data_thin/ce9051886b51.jpg,37.43,kg,1,intact,household,5267.15,collector,2026-08-13T19:37:00.000Z
MAT_002244,LOT_01185,cable,cable_copper_house,,synthetic://images/cable_copper_house/36ecd1e8e2e9.jpg,1.16,kg,1,intact,aggregator,473.73,collector,2026-08-13T19:37:00.000Z
MAT_002245,LOT_01185,motor_magnet,motor_hdd_assembly,,synthetic://images/motor_hdd_assembly/e09a610c2882.jpg,5.21,kg,8,partially_dismantled,household,1644.1,collector,2026-08-13T19:37:00.000Z
MAT_002246,LOT_01185,cable,cable_copper_house,,synthetic://images/cable_copper_house/bb6702515f13.jpg,40.92,kg,1,intact,repair_shop,17590.69,collector,2026-08-13T19:37:00.000Z
MAT_002247,LOT_01186,pcb,pcb_motherboard,,synthetic://images/pcb_motherboard/c4ab3bdca2ec.jpg,5.52,kg,9,broken,aggregator,1623.35,recycler_corrected,2025-11-19T07:46:00.000Z
MAT_002248,LOT_01187,lcd_panel,lcd_tv_panel,,synthetic://images/lcd_tv_panel/1e033f9add8c.jpg,44.6,kg,6,burnt,aggregator,418.46,collector,2026-01-08T08:31:00.000Z
MAT_002249,LOT_01187,motor_magnet,motor_hdd_assembly,,synthetic://images/motor_hdd_assembly/08ddeeccf999.jpg,0.45,kg,1,wet,street_pickup,81.97,collector,2026-01-08T08:31:00.000Z
MAT_002250,LOT_01188,crt,crt_monitor,,synthetic://images/crt_monitor/01c2008c07be.jpg,151.57,kg,10,partially_dismantled,street_pickup,1401.54,collector,2026-01-08T07:50:00.000Z
MAT_002251,LOT_01189,lcd_panel,lcd_monitor_panel,,synthetic://images/lcd_monitor_panel/b760ddc08439.jpg,23.26,kg,7,intact,household,654.07,collector,2026-08-17T12:03:00.000Z
MAT_002252,LOT_01189,lcd_panel,led_backlight_strip,,synthetic://images/led_backlight_strip/f17bbe1d9b01.jpg,21.03,kg,1,intact,aggregator,2167.35,recycler_corrected,2026-08-17T12:03:00.000Z
MAT_002253,LOT_01190,pcb,pcb_ram_gold,,synthetic://images/pcb_ram_gold/d8c056db052d.jpg,0.22,kg,9,intact,street_pickup,413.1,collector,2025-09-26T15:36:00.000Z
MAT_002254,LOT_01191,battery,battery_li_ion_laptop,,synthetic://images/battery_li_ion_laptop/20c3288bc212.jpg,0.61,kg,2,wet,office,103.73,recycler_corrected,2025-10-31T10:52:00.000Z
MAT_002255,LOT_01192,pcb,pcb_motherboard,,synthetic://images/pcb_motherboard/1bb178d63f93.jpg,5.96,kg,9,intact,aggregator,1957.86,collector,2026-07-06T07:20:00.000Z
MAT_002256,LOT_01193,pcb,pcb_tv_low_grade,,synthetic://images/pcb_tv_low_grade/5f8982712a16.jpg,4.29,kg,9,broken,shop,398.78,collector,2026-05-31T09:20:00.000Z
MAT_002257,LOT_01194,motor_magnet,motor_hdd_assembly,,synthetic://images/motor_hdd_assembly/d9dbbda2a29e.jpg,1.21,kg,2,broken,aggregator,258.18,collector,2026-01-23T11:24:00.000Z
MAT_002258,LOT_01194,cable,cable_mixed_scrap,,synthetic://images/cable_mixed_scrap/225068c8113b.jpg,5.16,kg,1,partially_dismantled,repair_shop,1011.43,collector,2026-01-23T11:24:00.000Z
MAT_002259,LOT_01195,motor_magnet,motor_fan_ac,,synthetic://images/motor_fan_ac/4a0c21753996.jpg,7.61,kg,2,partially_dismantled,shop,1311.48,collector,2026-08-13T18:00:00.000Z
MAT_002260,LOT_01196,mixed_plastic,plastic_abs_casing,,synthetic://images/plastic_abs_casing/e825e7e64949.jpg,32.33,kg,1,intact,shop,975.07,collector,2026-04-07T06:02:00.000Z
MAT_002261,LOT_01196,cable,cable_mixed_scrap,,synthetic://images/cable_mixed_scrap/bd804cb0c322.jpg,32.19,kg,1,burnt,household,2597.25,collector,2026-04-07T06:02:00.000Z
MAT_002262,LOT_01197,pcb,pcb_cpu_processor,,synthetic://images/pcb_cpu_processor/d716d199da6b.jpg,0.02,kg,1,intact,aggregator,73.23,collector,2026-03-13T15:24:00.000Z
MAT_002263,LOT_01198,battery,battery_li_ion_laptop,,synthetic://images/battery_li_ion_laptop/9a570e53cd7b.jpg,0.82,kg,2,intact,household,194.33,recycler_corrected,2026-08-14T19:13:00.000Z
MAT_002264,LOT_01198,pcb,pcb_motherboard,,synthetic://images/pcb_motherboard/6f11cdbb97c9.jpg,4.05,kg,4,intact,office,1509.35,collector,2026-08-14T19:13:00.000Z
MAT_002265,LOT_01198,pcb,pcb_ram_gold,,synthetic://images/pcb_ram_gold/b3b536e13190.jpg,0.1,kg,3,intact,shop,165.3,collector,2026-08-14T19:13:00.000Z
MAT_002266,LOT_01198,lcd_panel,led_backlight_strip,,synthetic://images/led_backlight_strip/e75feb1c9196.jpg,24.29,kg,1,intact,household,2503.33,recycler_corrected,2026-08-14T19:13:00.000Z
MAT_002267,LOT_01199,cable,cable_data_thin,,synthetic://images/cable_data_thin/afea375bab01.jpg,5.61,kg,1,broken,shop,645.04,collector,2026-04-17T06:07:00.000Z
MAT_002268,LOT_01199,battery,battery_button_cell,,synthetic://images/battery_button_cell/790c3bb7b926.jpg,23.87,kg,1,intact,street_pickup,2461.47,collector,2026-04-17T06:07:00.000Z
MAT_002269,LOT_01200,motor_magnet,motor_hdd_assembly,,synthetic://images/motor_hdd_assembly/2337b02c9c21.jpg,6.62,kg,12,wet,repair_shop,1210.91,recycler_corrected,2026-02-28T16:24:00.000Z
MAT_002270,LOT_01200,mixed_plastic,plastic_abs_casing,,synthetic://images/plastic_abs_casing/ac3f51c007a0.jpg,34.46,kg,1,intact,street_pickup,1223.67,collector,2026-02-28T16:24:00.000Z
MAT_002271,LOT_01201,pcb,pcb_power_supply,,synthetic://images/pcb_power_supply/4e88848c9ce3.jpg,3.03,kg,2,broken,office,323.84,recycler_corrected,2026-06-29T08:27:00.000Z
MAT_002272,LOT_01201,pcb,pcb_power_supply,,synthetic://images/pcb_power_supply/03c01e3ec4cc.jpg,4.12,kg,3,intact,household,537,collector,2026-06-29T08:27:00.000Z
MAT_002273,LOT_01202,pcb,pcb_motherboard,,synthetic://images/pcb_motherboard/8151dcc3cc18.jpg,0.73,kg,1,burnt,household,112.47,collector,2025-09-10T09:07:00.000Z
MAT_002274,LOT_01202,crt,crt_tv,,synthetic://images/crt_tv/2f1e64aa4d40.jpg,156.15,kg,7,partially_dismantled,aggregator,1276.7,collector,2025-09-10T09:07:00.000Z
MAT_002275,LOT_01203,pcb,pcb_motherboard,,synthetic://images/pcb_motherboard/cf8113079618.jpg,7.14,kg,7,broken,aggregator,1647.83,collector,2025-12-10T06:45:00.000Z
MAT_002276,LOT_01204,battery,battery_li_ion_mobile,,synthetic://images/battery_li_ion_mobile/49d6795a6bdb.jpg,0.41,kg,12,burnt,street_pickup,31.74,collector,2026-08-18T16:21:00.000Z
MAT_002277,LOT_01204,battery,battery_li_ion_mobile,,synthetic://images/battery_li_ion_mobile/967f54dc9fbe.jpg,0.34,kg,9,intact,office,58.5,collector,2026-08-18T16:21:00.000Z
MAT_002278,LOT_01205,crt,crt_yoke,,synthetic://images/crt_yoke/b2b5c524c2d4.jpg,5.76,kg,9,intact,street_pickup,423.42,recycler_corrected,2026-03-05T16:36:00.000Z
MAT_002279,LOT_01206,cable,cable_mixed_scrap,,synthetic://images/cable_mixed_scrap/cedaf52b5009.jpg,22.86,kg,1,intact,aggregator,4690.64,collector,2026-07-22T14:33:00.000Z
MAT_002280,LOT_01207,cable,cable_mixed_scrap,,synthetic://images/cable_mixed_scrap/ee04d5cdbae4.jpg,22.43,kg,1,broken,street_pickup,3670.06,collector,2026-01-16T19:20:00.000Z
MAT_002281,LOT_01207,pcb,pcb_motherboard,,synthetic://images/pcb_motherboard/adbdceb13ba3.jpg,0.94,kg,1,broken,office,258.49,collector,2026-01-16T19:20:00.000Z
MAT_002282,LOT_01208,cable,cable_copper_house,,synthetic://images/cable_copper_house/c097ce48f2cb.jpg,29.48,kg,1,burnt,shop,4964.8,collector,2026-02-05T18:20:00.000Z
MAT_002283,LOT_01208,mixed_plastic,plastic_hips_tv,,synthetic://images/plastic_hips_tv/b11df6866b34.jpg,3.13,kg,1,intact,aggregator,70.02,collector,2026-02-05T18:20:00.000Z
MAT_002284,LOT_01209,battery,battery_lead_acid_ups,,synthetic://images/battery_lead_acid_ups/b02b4314f016.jpg,32.7,kg,6,intact,street_pickup,3043.72,collector,2025-11-11T08:51:00.000Z
MAT_002285,LOT_01210,cable,cable_data_thin,,synthetic://images/cable_data_thin/c54d2d1e93f0.jpg,31.44,kg,1,partially_dismantled,household,4234.78,collector,2026-02-05T15:12:00.000Z
MAT_002286,LOT_01211,cable,cable_data_thin,,synthetic://images/cable_data_thin/3b4e2481d2b1.jpg,13.87,kg,1,partially_dismantled,repair_shop,2121.47,recycler_corrected,2026-01-12T08:58:00.000Z
MAT_002287,LOT_01211,pcb,pcb_ram_gold,,synthetic://images/pcb_ram_gold/89cea38f5a83.jpg,0.35,kg,9,intact,street_pickup,565.11,recycler_corrected,2026-01-12T08:58:00.000Z
MAT_002288,LOT_01211,mixed_plastic,plastic_abs_casing,,synthetic://images/plastic_abs_casing/4e6b7cbc8990.jpg,41.35,kg,1,partially_dismantled,office,1514.84,collector,2026-01-12T08:58:00.000Z
MAT_002289,LOT_01212,cable,cable_copper_house,,synthetic://images/cable_copper_house/425b0cce54cc.jpg,13.88,kg,1,partially_dismantled,office,5094.92,collector,2026-07-14T12:04:00.000Z
MAT_002290,LOT_01213,cable,cable_data_thin,,synthetic://images/cable_data_thin/f9534f24b0e0.jpg,3.46,kg,1,intact,office,542.77,collector,2026-01-10T10:32:00.000Z
MAT_002291,LOT_01214,battery,battery_lead_acid_ups,,synthetic://images/battery_lead_acid_ups/28b4e44b2a03.jpg,55.38,kg,9,broken,household,4405.64,collector,2026-08-22T07:25:00.000Z
MAT_002292,LOT_01215,cable,cable_mixed_scrap,,synthetic://images/cable_mixed_scrap/e3876cc6cdfd.jpg,17.09,kg,1,broken,office,2579.66,collector,2026-07-27T18:27:00.000Z
MAT_002293,LOT_01215,mixed_plastic,plastic_mixed_dirty,,synthetic://images/plastic_mixed_dirty/0167c2134bc6.jpg,3.75,kg,1,burnt,street_pickup,16.17,collector,2026-07-27T18:27:00.000Z
MAT_002294,LOT_01216,crt,crt_monitor,,synthetic://images/crt_monitor/f45402ff40ca.jpg,136.77,kg,10,intact,office,1201.65,recycler_corrected,2026-02-26T18:21:00.000Z
MAT_002295,LOT_01216,motor_magnet,motor_hdd_assembly,,synthetic://images/motor_hdd_assembly/64326077bb6e.jpg,4.5,kg,8,partially_dismantled,household,1234.69,collector,2026-02-26T18:21:00.000Z
MAT_002296,LOT_01216,pcb,pcb_motherboard,,synthetic://images/pcb_motherboard/51078a65e4ad.jpg,1.84,kg,3,broken,office,510.58,collector,2026-02-26T18:21:00.000Z
MAT_002297,LOT_01217,pcb,pcb_power_supply,,synthetic://images/pcb_power_supply/9cc67c0a2572.jpg,4.09,kg,3,intact,street_pickup,615.46,recycler_corrected,2026-07-01T08:16:00.000Z
MAT_002298,LOT_01218,mixed_plastic,plastic_mixed_dirty,,synthetic://images/plastic_mixed_dirty/01b04b80e4a3.jpg,24.85,kg,1,partially_dismantled,household,308.94,collector,2026-08-21T18:50:00.000Z
MAT_002299,LOT_01218,battery,battery_button_cell,,synthetic://images/battery_button_cell/b3326021fa4e.jpg,34.58,kg,1,broken,aggregator,2788.49,collector,2026-08-21T18:50:00.000Z
MAT_002300,LOT_01219,pcb,pcb_ram_gold,,synthetic://images/pcb_ram_gold/e6db9c888749.jpg,0.23,kg,8,intact,repair_shop,380.19,collector,2026-08-16T11:42:00.000Z
MAT_002301,LOT_01220,motor_magnet,motor_fan_ac,,synthetic://images/motor_fan_ac/35cf1305f783.jpg,15.19,kg,6,partially_dismantled,household,2618.75,collector,2026-08-22T17:36:00.000Z
MAT_002302,LOT_01221,lcd_panel,lcd_tv_panel,,synthetic://images/lcd_tv_panel/60b02887df9d.jpg,14.33,kg,2,intact,aggregator,314.11,collector,2025-09-29T14:36:00.000Z
MAT_002303,LOT_01221,cable,cable_data_thin,,synthetic://images/cable_data_thin/7bfe974cd623.jpg,14,kg,1,intact,office,2231.04,collector,2025-09-29T14:36:00.000Z
MAT_002304,LOT_01222,battery,battery_button_cell,,synthetic://images/battery_button_cell/b779c7ae9d7d.jpg,1.48,kg,1,intact,street_pickup,158.19,collector,2025-11-19T16:39:00.000Z
MAT_002305,LOT_01223,cable,cable_copper_house,,synthetic://images/cable_copper_house/41d269bc96ab.jpg,4.54,kg,1,burnt,household,932.69,collector,2025-10-26T08:11:00.000Z
MAT_002306,LOT_01224,battery,battery_li_ion_laptop,,synthetic://images/battery_li_ion_laptop/34767ced7168.jpg,4.97,kg,11,intact,shop,1068.75,collector,2025-09-08T08:41:00.000Z
MAT_002307,LOT_01224,pcb,pcb_tv_low_grade,,synthetic://images/pcb_tv_low_grade/52149ff4fc89.jpg,4.01,kg,8,broken,street_pickup,338.29,collector,2025-09-08T08:41:00.000Z
MAT_002308,LOT_01225,crt,crt_monitor,,synthetic://images/crt_monitor/d5acf49313ef.jpg,111.46,kg,11,intact,household,903.51,collector,2025-09-07T15:09:00.000Z
MAT_002309,LOT_01225,cable,cable_aluminium,,synthetic://images/cable_aluminium/b4c1d67e57ee.jpg,8.75,kg,1,burnt,repair_shop,546.33,collector,2025-09-07T15:09:00.000Z
MAT_002310,LOT_01225,cable,cable_data_thin,,synthetic://images/cable_data_thin/3573991bdc5c.jpg,37.73,kg,1,broken,street_pickup,4005.93,collector,2025-09-07T15:09:00.000Z
MAT_002311,LOT_01226,cable,cable_mixed_scrap,,synthetic://images/cable_mixed_scrap/fd8c3ee7f9ac.jpg,36.02,kg,1,intact,household,7665.78,collector,2025-10-27T13:00:00.000Z
MAT_002312,LOT_01226,battery,battery_button_cell,,synthetic://images/battery_button_cell/adc7349524f2.jpg,9.09,kg,1,broken,aggregator,926.81,recycler_corrected,2025-10-27T13:00:00.000Z
MAT_002313,LOT_01227,battery,battery_li_ion_laptop,,synthetic://images/battery_li_ion_laptop/8a7f5ea74435.jpg,1.65,kg,5,broken,office,328.83,collector,2025-09-26T15:09:00.000Z
MAT_002314,LOT_01227,motor_magnet,motor_small_appliance,,synthetic://images/motor_small_appliance/00f18eb96a19.jpg,11.8,kg,10,intact,office,1720.68,collector,2025-09-26T15:09:00.000Z
MAT_002315,LOT_01228,cable,cable_mixed_scrap,,synthetic://images/cable_mixed_scrap/ade423c64241.jpg,39.51,kg,1,broken,repair_shop,6585.26,collector,2026-06-03T18:02:00.000Z
MAT_002316,LOT_01229,mixed_plastic,plastic_hips_tv,,synthetic://images/plastic_hips_tv/0671ba4b8213.jpg,37.67,kg,1,broken,street_pickup,787.99,collector,2026-08-25T18:57:00.000Z
MAT_002317,LOT_01230,crt,crt_tv,,synthetic://images/crt_tv/5a949a83eeaf.jpg,67.61,kg,4,intact,aggregator,424.79,recycler_corrected,2026-01-11T17:45:00.000Z
MAT_002318,LOT_01231,mixed_plastic,plastic_hips_tv,,synthetic://images/plastic_hips_tv/3e8e77741f78.jpg,30.16,kg,1,broken,aggregator,644,recycler_corrected,2026-07-04T14:30:00.000Z
MAT_002319,LOT_01231,pcb,pcb_power_supply,,synthetic://images/pcb_power_supply/718ff3955c07.jpg,2.92,kg,2,wet,shop,307.58,collector,2026-07-04T14:30:00.000Z
MAT_002320,LOT_01231,battery,battery_button_cell,,synthetic://images/battery_button_cell/ba1159cb1a90.jpg,32.12,kg,1,intact,shop,3388.34,collector,2026-07-04T14:30:00.000Z
MAT_002321,LOT_01232,cable,cable_aluminium,,synthetic://images/cable_aluminium/90847f91af9c.jpg,35.04,kg,1,partially_dismantled,shop,5243.6,collector,2025-10-02T09:55:00.000Z
MAT_002322,LOT_01233,motor_magnet,motor_fan_ac,,synthetic://images/motor_fan_ac/77e29304dbe2.jpg,22.35,kg,8,intact,street_pickup,3738.71,collector,2026-04-05T16:57:00.000Z
MAT_002323,LOT_01234,mixed_plastic,plastic_mixed_dirty,,synthetic://images/plastic_mixed_dirty/c15c06de707f.jpg,24.7,kg,1,broken,household,237.58,collector,2026-02-10T09:57:00.000Z
MAT_002324,LOT_01235,pcb,pcb_ram_gold,,synthetic://images/pcb_ram_gold/6ded6317196d.jpg,0.07,kg,3,partially_dismantled,repair_shop,120.46,collector,2026-06-17T18:47:00.000Z
MAT_002325,LOT_01236,cable,cable_data_thin,,synthetic://images/cable_data_thin/f6fd37203fa3.jpg,39.11,kg,1,wet,street_pickup,3536.29,collector,2025-12-20T13:35:00.000Z
MAT_002326,LOT_01236,pcb,pcb_ram_gold,,synthetic://images/pcb_ram_gold/767054f5a773.jpg,0.07,kg,2,partially_dismantled,office,121.56,recycler_corrected,2025-12-20T13:35:00.000Z
MAT_002327,LOT_01236,mixed_plastic,plastic_hips_tv,,synthetic://images/plastic_hips_tv/58a6e1782929.jpg,17.25,kg,1,broken,street_pickup,334.1,collector,2025-12-20T13:35:00.000Z
MAT_002328,LOT_01237,motor_magnet,motor_speaker_magnet,,synthetic://images/motor_speaker_magnet/e314b692713f.jpg,3.27,kg,10,wet,shop,170.48,recycler_corrected,2025-11-29T08:33:00.000Z
MAT_002329,LOT_01237,pcb,pcb_tv_low_grade,,synthetic://images/pcb_tv_low_grade/179c19c2d86c.jpg,0.45,kg,1,broken,shop,42.01,collector,2025-11-29T08:33:00.000Z
MAT_002330,LOT_01238,cable,cable_mixed_scrap,,synthetic://images/cable_mixed_scrap/be0fa8bc7b4d.jpg,35.57,kg,1,partially_dismantled,aggregator,7434.22,collector,2026-02-17T18:26:00.000Z
MAT_002331,LOT_01239,pcb,pcb_motherboard,,synthetic://images/pcb_motherboard/ef53a9eb723d.jpg,6.17,kg,6,wet,aggregator,1473.3,collector,2025-10-03T10:02:00.000Z
MAT_002332,LOT_01240,cable,cable_copper_house,,synthetic://images/cable_copper_house/fbcbc2f7d23c.jpg,5.13,kg,1,intact,office,2004.65,collector,2026-07-05T15:19:00.000Z
MAT_002333,LOT_01240,crt,crt_tv,,synthetic://images/crt_tv/4d24378652ea.jpg,73.2,kg,4,partially_dismantled,household,455.2,collector,2026-07-05T15:19:00.000Z
MAT_002334,LOT_01241,pcb,pcb_power_supply,,synthetic://images/pcb_power_supply/c62e0110f39e.jpg,1.04,kg,1,partially_dismantled,shop,149.28,collector,2026-05-16T07:58:00.000Z
MAT_002335,LOT_01242,pcb,pcb_power_supply,,synthetic://images/pcb_power_supply/b56625a47875.jpg,3.04,kg,3,partially_dismantled,shop,430.76,collector,2026-05-11T16:18:00.000Z
MAT_002336,LOT_01242,crt,crt_monitor,,synthetic://images/crt_monitor/48b3866bea57.jpg,36.28,kg,4,intact,aggregator,295.32,collector,2026-05-11T16:18:00.000Z
MAT_002337,LOT_01243,cable,cable_copper_house,,synthetic://images/cable_copper_house/7a43678de742.jpg,36.36,kg,1,intact,household,16623.43,collector,2026-06-29T10:57:00.000Z
MAT_002338,LOT_01243,motor_magnet,motor_small_appliance,,synthetic://images/motor_small_appliance/cb8c8388aaa9.jpg,10.9,kg,8,partially_dismantled,repair_shop,1671.77,collector,2026-06-29T10:57:00.000Z
MAT_002339,LOT_01243,crt,crt_yoke,,synthetic://images/crt_yoke/3d1bb59379f6.jpg,8.26,kg,11,intact,household,650.23,collector,2026-06-29T10:57:00.000Z
MAT_002340,LOT_01243,mixed_plastic,plastic_hips_tv,,synthetic://images/plastic_hips_tv/324fffb27119.jpg,30.28,kg,1,intact,household,790.61,recycler_corrected,2026-06-29T10:57:00.000Z
MAT_002341,LOT_01244,cable,cable_copper_house,,synthetic://images/cable_copper_house/fc316a6f3b88.jpg,42.66,kg,1,burnt,repair_shop,7688.21,collector,2025-09-14T18:00:00.000Z
MAT_002342,LOT_01245,cable,cable_mixed_scrap,,synthetic://images/cable_mixed_scrap/ce2579f5e280.jpg,17.4,kg,1,partially_dismantled,street_pickup,3410.64,collector,2026-01-03T10:28:00.000Z
MAT_002343,LOT_01245,mixed_plastic,plastic_abs_casing,,synthetic://images/plastic_abs_casing/0bd40351ce78.jpg,30.9,kg,1,broken,household,850.85,recycler_corrected,2026-01-03T10:28:00.000Z
MAT_002344,LOT_01245,battery,battery_li_ion_mobile,,synthetic://images/battery_li_ion_mobile/3409fbfbeaf9.jpg,0.13,kg,3,wet,repair_shop,17.74,collector,2026-01-03T10:28:00.000Z
MAT_002345,LOT_01246,cable,cable_aluminium,,synthetic://images/cable_aluminium/6562fbb8fe44.jpg,40.93,kg,1,intact,shop,5577.12,collector,2026-03-15T11:42:00.000Z
MAT_002346,LOT_01246,cable,cable_aluminium,,synthetic://images/cable_aluminium/0f83f2e9df83.jpg,11.21,kg,1,broken,shop,1252.53,recycler_corrected,2026-03-15T11:42:00.000Z
MAT_002347,LOT_01247,motor_magnet,motor_fan_ac,,synthetic://images/motor_fan_ac/adc50bb36a88.jpg,15.02,kg,5,partially_dismantled,office,2242.32,collector,2026-01-11T06:19:00.000Z
MAT_002348,LOT_01247,lcd_panel,lcd_tv_panel,,synthetic://images/lcd_tv_panel/cfbb34e57e89.jpg,76.83,kg,12,partially_dismantled,office,1732.46,collector,2026-01-11T06:19:00.000Z
MAT_002349,LOT_01247,cable,cable_mixed_scrap,,synthetic://images/cable_mixed_scrap/332af419dba9.jpg,37.29,kg,1,intact,household,6961.3,collector,2026-01-11T06:19:00.000Z
MAT_002350,LOT_01247,lcd_panel,lcd_monitor_panel,,synthetic://images/lcd_monitor_panel/a5f29779c82d.jpg,3.98,kg,1,partially_dismantled,repair_shop,100.38,collector,2026-01-11T06:19:00.000Z
MAT_002351,LOT_01248,battery,battery_li_ion_mobile,,synthetic://images/battery_li_ion_mobile/9c687e679776.jpg,0.3,kg,7,partially_dismantled,street_pickup,61.98,recycler_corrected,2025-09-17T09:39:00.000Z
MAT_002352,LOT_01249,pcb,pcb_power_supply,,synthetic://images/pcb_power_supply/c4fc34fee87b.jpg,17.55,kg,12,intact,office,2347.14,collector,2025-11-08T12:46:00.000Z
MAT_002353,LOT_01249,cable,cable_aluminium,,synthetic://images/cable_aluminium/73171b7a9dda.jpg,6.58,kg,1,broken,office,638.35,collector,2025-11-08T12:46:00.000Z
MAT_002354,LOT_01249,motor_magnet,motor_hdd_assembly,,synthetic://images/motor_hdd_assembly/ec6105153024.jpg,2.94,kg,7,partially_dismantled,household,740.11,recycler_corrected,2025-11-08T12:46:00.000Z
MAT_002355,LOT_01250,mixed_plastic,plastic_abs_casing,,synthetic://images/plastic_abs_casing/4673a2b8cabe.jpg,39.18,kg,1,intact,street_pickup,1281.19,collector,2026-06-21T10:26:00.000Z
MAT_002356,LOT_01250,pcb,pcb_motherboard,,synthetic://images/pcb_motherboard/2fcbb9913560.jpg,8.31,kg,11,burnt,aggregator,1252.06,collector,2026-06-21T10:26:00.000Z
MAT_002357,LOT_01250,cable,cable_mixed_scrap,,synthetic://images/cable_mixed_scrap/c2553600a64e.jpg,39.07,kg,1,partially_dismantled,household,8801.18,collector,2026-06-21T10:26:00.000Z
MAT_002358,LOT_01251,cable,cable_copper_house,,synthetic://images/cable_copper_house/9d10a7ede523.jpg,42.95,kg,1,intact,shop,19555.14,collector,2026-02-13T09:03:00.000Z
MAT_002359,LOT_01251,battery,battery_button_cell,,synthetic://images/battery_button_cell/c50ff947174a.jpg,40.12,kg,1,partially_dismantled,household,4760.66,recycler_corrected,2026-02-13T09:03:00.000Z
MAT_002360,LOT_01251,cable,cable_aluminium,,synthetic://images/cable_aluminium/59a9c58f4ef8.jpg,2,kg,1,partially_dismantled,office,298.62,collector,2026-02-13T09:03:00.000Z
MAT_002361,LOT_01251,pcb,pcb_power_supply,,synthetic://images/pcb_power_supply/da425cce3ab5.jpg,9.97,kg,8,intact,street_pickup,1488.02,collector,2026-02-13T09:03:00.000Z
MAT_002362,LOT_01252,pcb,pcb_motherboard,,synthetic://images/pcb_motherboard/013efca244c3.jpg,7.65,kg,12,intact,aggregator,2687.98,collector,2026-05-04T13:54:00.000Z
MAT_002363,LOT_01253,battery,battery_lead_acid_ups,,synthetic://images/battery_lead_acid_ups/95f1563471ef.jpg,21.28,kg,3,intact,household,1958.82,collector,2026-07-22T14:36:00.000Z
MAT_002364,LOT_01253,battery,battery_li_ion_laptop,,synthetic://images/battery_li_ion_laptop/57bb0fece0bd.jpg,3.08,kg,11,wet,street_pickup,518.63,collector,2026-07-22T14:36:00.000Z
MAT_002365,LOT_01254,pcb,pcb_ram_gold,,synthetic://images/pcb_ram_gold/5d0d2252ac90.jpg,0.18,kg,6,intact,repair_shop,290.89,collector,2026-07-06T10:31:00.000Z
MAT_002366,LOT_01254,pcb,pcb_power_supply,,synthetic://images/pcb_power_supply/90cc61a1974d.jpg,7.61,kg,5,intact,household,1145.15,collector,2026-07-06T10:31:00.000Z
MAT_002367,LOT_01255,pcb,pcb_motherboard,,synthetic://images/pcb_motherboard/29c458f8841e.jpg,5.45,kg,6,partially_dismantled,street_pickup,1609,collector,2025-10-22T14:12:00.000Z
MAT_002368,LOT_01255,cable,cable_data_thin,,synthetic://images/cable_data_thin/24ddb7b69f6a.jpg,7.94,kg,1,intact,shop,1027.12,collector,2025-10-22T14:12:00.000Z
MAT_002369,LOT_01256,cable,cable_aluminium,,synthetic://images/cable_aluminium/f10c57d88778.jpg,2.16,kg,1,intact,street_pickup,323.07,collector,2025-12-19T14:27:00.000Z
MAT_002370,LOT_01256,mixed_plastic,plastic_mixed_dirty,,synthetic://images/plastic_mixed_dirty/5623811a006c.jpg,7.88,kg,1,intact,street_pickup,91.96,collector,2025-12-19T14:27:00.000Z
MAT_002371,LOT_01256,pcb,pcb_cpu_processor,,synthetic://images/pcb_cpu_processor/2783c3233daf.jpg,0.07,kg,4,partially_dismantled,office,302.24,collector,2025-12-19T14:27:00.000Z
MAT_002372,LOT_01257,motor_magnet,motor_fan_ac,,synthetic://images/motor_fan_ac/2cd846a801a5.jpg,3.81,kg,1,intact,household,625.56,collector,2026-07-28T17:03:00.000Z
MAT_002373,LOT_01258,crt,crt_tv,,synthetic://images/crt_tv/80cf879616af.jpg,158.86,kg,7,partially_dismantled,repair_shop,1283.4,recycler_corrected,2026-06-11T08:59:00.000Z
MAT_002374,LOT_01258,cable,cable_copper_house,,synthetic://images/cable_copper_house/8c56434e8f71.jpg,28.67,kg,1,partially_dismantled,repair_shop,13763.02,collector,2026-06-11T08:59:00.000Z
MAT_002375,LOT_01259,cable,cable_copper_house,,synthetic://images/cable_copper_house/f1df963f02dd.jpg,20.73,kg,1,intact,street_pickup,7154.75,collector,2025-09-21T07:46:00.000Z
MAT_002376,LOT_01259,crt,crt_tv,,synthetic://images/crt_tv/a5e3c60059e9.jpg,37.49,kg,2,intact,household,229.81,collector,2025-09-21T07:46:00.000Z
MAT_002377,LOT_01259,mixed_plastic,plastic_mixed_dirty,,synthetic://images/plastic_mixed_dirty/55a7ae4936ca.jpg,1.78,kg,1,intact,shop,18.55,collector,2025-09-21T07:46:00.000Z
MAT_002378,LOT_01260,cable,cable_mixed_scrap,,synthetic://images/cable_mixed_scrap/8788a936706d.jpg,31.96,kg,1,partially_dismantled,street_pickup,6310.25,collector,2025-11-05T12:46:00.000Z
MAT_002379,LOT_01260,motor_magnet,motor_small_appliance,,synthetic://images/motor_small_appliance/67475fcda6f9.jpg,1.42,kg,1,intact,household,181.62,collector,2025-11-05T12:46:00.000Z
MAT_002380,LOT_01261,mixed_plastic,plastic_hips_tv,,synthetic://images/plastic_hips_tv/d34137fb38a3.jpg,7.4,kg,1,broken,aggregator,162.26,collector,2026-05-14T16:24:00.000Z
MAT_002381,LOT_01261,battery,battery_lead_acid_ups,,synthetic://images/battery_lead_acid_ups/9006b3a5821a.jpg,11.16,kg,2,intact,household,1009.65,collector,2026-05-14T16:24:00.000Z
MAT_002382,LOT_01261,mixed_plastic,plastic_mixed_dirty,,synthetic://images/plastic_mixed_dirty/165b8ac565ad.jpg,7.81,kg,1,intact,street_pickup,92.39,recycler_corrected,2026-05-14T16:24:00.000Z
MAT_002383,LOT_01261,battery,battery_button_cell,,synthetic://images/battery_button_cell/9cde602651c9.jpg,37.48,kg,1,broken,aggregator,3343.82,collector,2026-05-14T16:24:00.000Z
MAT_002384,LOT_01262,mixed_plastic,plastic_abs_casing,,synthetic://images/plastic_abs_casing/4bc1f689cef8.jpg,27.02,kg,1,wet,household,665.21,collector,2026-05-16T15:09:00.000Z
MAT_002385,LOT_01263,motor_magnet,motor_hdd_assembly,,synthetic://images/motor_hdd_assembly/43eb71105f01.jpg,6.78,kg,10,intact,street_pickup,1857.11,collector,2026-01-28T19:26:00.000Z
MAT_002386,LOT_01263,pcb,pcb_cpu_processor,,synthetic://images/pcb_cpu_processor/d442cfed9493.jpg,0.05,kg,3,intact,aggregator,201.38,collector,2026-01-28T19:26:00.000Z
MAT_002387,LOT_01264,motor_magnet,motor_small_appliance,,synthetic://images/motor_small_appliance/48fcebb7ac37.jpg,2.53,kg,2,intact,shop,367.15,collector,2025-11-30T15:42:00.000Z
MAT_002388,LOT_01264,motor_magnet,motor_speaker_magnet,,synthetic://images/motor_speaker_magnet/d822d79cd1f2.jpg,4.35,kg,12,burnt,repair_shop,145.79,collector,2025-11-30T15:42:00.000Z
MAT_002389,LOT_01264,cable,cable_mixed_scrap,,synthetic://images/cable_mixed_scrap/129d4dad9f0b.jpg,21.5,kg,1,intact,household,4354.18,collector,2025-11-30T15:42:00.000Z
MAT_002390,LOT_01264,crt,crt_tv,,synthetic://images/crt_tv/66cab2a8a175.jpg,148.54,kg,8,partially_dismantled,street_pickup,1214.48,collector,2025-11-30T15:42:00.000Z
MAT_002391,LOT_01265,mixed_plastic,plastic_mixed_dirty,,synthetic://images/plastic_mixed_dirty/a5b724031e56.jpg,42.95,kg,1,partially_dismantled,repair_shop,555.15,collector,2026-07-30T13:05:00.000Z
MAT_002392,LOT_01265,pcb,pcb_cpu_processor,,synthetic://images/pcb_cpu_processor/cfcd4d0315c4.jpg,0.09,kg,5,broken,office,292.22,collector,2026-07-30T13:05:00.000Z
MAT_002393,LOT_01266,motor_magnet,motor_small_appliance,,synthetic://images/motor_small_appliance/55cf710cd985.jpg,4.87,kg,3,partially_dismantled,shop,791.98,collector,2026-08-31T06:44:00.000Z
MAT_002394,LOT_01266,battery,battery_lead_acid_ups,,synthetic://images/battery_lead_acid_ups/0ac13d0768d4.jpg,59.67,kg,10,broken,shop,4746.92,collector,2026-08-31T06:44:00.000Z
MAT_002395,LOT_01267,pcb,pcb_ram_gold,,synthetic://images/pcb_ram_gold/a3441f336bdc.jpg,0.29,kg,10,partially_dismantled,household,422.63,collector,2025-09-18T06:05:00.000Z
MAT_002396,LOT_01267,cable,cable_aluminium,,synthetic://images/cable_aluminium/6640218860a2.jpg,3.99,kg,1,broken,office,441.69,collector,2025-09-18T06:05:00.000Z
MAT_002397,LOT_01267,pcb,pcb_tv_low_grade,,synthetic://images/pcb_tv_low_grade/a3a6d68bfb85.jpg,5.36,kg,9,intact,aggregator,562.48,collector,2025-09-18T06:05:00.000Z
MAT_002398,LOT_01267,pcb,pcb_motherboard,,synthetic://images/pcb_motherboard/b50b549f7d97.jpg,8.05,kg,12,burnt,aggregator,1020.42,collector,2025-09-18T06:05:00.000Z
MAT_002399,LOT_01268,cable,cable_data_thin,,synthetic://images/cable_data_thin/67483742fe33.jpg,20.79,kg,1,broken,household,2465.28,collector,2025-11-14T18:17:00.000Z
MAT_002400,LOT_01268,mixed_plastic,plastic_abs_casing,,synthetic://images/plastic_abs_casing/bb55ea39d9fc.jpg,20.78,kg,1,intact,household,659.56,collector,2025-11-14T18:17:00.000Z
MAT_002401,LOT_01269,mixed_plastic,plastic_abs_casing,,synthetic://images/plastic_abs_casing/eaecf2db6b4e.jpg,29.51,kg,1,partially_dismantled,street_pickup,1039.87,collector,2025-12-15T16:01:00.000Z
MAT_002402,LOT_01270,motor_magnet,motor_hdd_assembly,,synthetic://images/motor_hdd_assembly/8b5d8371c173.jpg,3.04,kg,6,intact,aggregator,849.35,collector,2025-09-17T06:05:00.000Z
MAT_002403,LOT_01271,pcb,pcb_cpu_processor,,synthetic://images/pcb_cpu_processor/50fcab70daa3.jpg,0.3,kg,12,intact,repair_shop,1194.99,collector,2026-06-01T15:35:00.000Z
MAT_002404,LOT_01271,battery,battery_li_ion_mobile,,synthetic://images/battery_li_ion_mobile/c74b5aaa30b8.jpg,0.12,kg,3,intact,office,21.6,recycler_corrected,2026-06-01T15:35:00.000Z
MAT_002405,LOT_01271,cable,cable_aluminium,,synthetic://images/cable_aluminium/60ed1ca1245f.jpg,20.15,kg,1,intact,office,2749.27,collector,2026-06-01T15:35:00.000Z
MAT_002406,LOT_01272,motor_magnet,motor_fan_ac,,synthetic://images/motor_fan_ac/1e97d76247c2.jpg,31.34,kg,11,broken,street_pickup,4110.27,recycler_corrected,2025-09-27T11:22:00.000Z
MAT_002407,LOT_01273,motor_magnet,motor_small_appliance,,synthetic://images/motor_small_appliance/658e0da5b1f8.jpg,19.1,kg,11,partially_dismantled,aggregator,2661.5,collector,2026-01-16T08:28:00.000Z
MAT_002408,LOT_01273,pcb,pcb_power_supply,,synthetic://images/pcb_power_supply/e8e07827f18a.jpg,2.92,kg,2,intact,office,408.3,collector,2026-01-16T08:28:00.000Z
MAT_002409,LOT_01273,cable,cable_copper_house,,synthetic://images/cable_copper_house/9d05375f5b8a.jpg,14.49,kg,1,partially_dismantled,office,6318.43,collector,2026-01-16T08:28:00.000Z
MAT_002410,LOT_01274,lcd_panel,lcd_monitor_panel,,synthetic://images/lcd_monitor_panel/ba73f8b91f63.jpg,18.46,kg,5,partially_dismantled,household,461.51,recycler_corrected,2025-12-23T15:49:00.000Z
MAT_002411,LOT_01274,crt,crt_yoke,,synthetic://images/crt_yoke/2426f529ef99.jpg,3.33,kg,7,partially_dismantled,household,287.45,collector,2025-12-23T15:49:00.000Z
MAT_002412,LOT_01275,crt,crt_yoke,,synthetic://images/crt_yoke/396ad2a49b22.jpg,6.96,kg,11,intact,shop,619.86,collector,2026-01-18T09:30:00.000Z
MAT_002413,LOT_01275,battery,battery_lead_acid_ups,,synthetic://images/battery_lead_acid_ups/1a9a51e16186.jpg,71.93,kg,11,intact,repair_shop,7634.76,recycler_corrected,2026-01-18T09:30:00.000Z
MAT_002414,LOT_01276,motor_magnet,motor_small_appliance,,synthetic://images/motor_small_appliance/27f74a85422b.jpg,10.18,kg,8,partially_dismantled,office,1176.43,recycler_corrected,2026-05-16T17:55:00.000Z
MAT_002415,LOT_01277,cable,cable_data_thin,,synthetic://images/cable_data_thin/15979a7b1b7c.jpg,32.98,kg,1,partially_dismantled,shop,4483.07,recycler_corrected,2025-11-13T16:05:00.000Z
MAT_002416,LOT_01278,mixed_plastic,plastic_hips_tv,,synthetic://images/plastic_hips_tv/5ff53cd9037b.jpg,36.66,kg,1,intact,street_pickup,957.19,recycler_corrected,2026-06-19T18:19:00.000Z
MAT_002417,LOT_01279,motor_magnet,motor_hdd_assembly,,synthetic://images/motor_hdd_assembly/ad39721ae3b6.jpg,0.84,kg,2,intact,street_pickup,231.84,collector,2026-06-03T18:21:00.000Z
MAT_002418,LOT_01279,lcd_panel,lcd_monitor_panel,,synthetic://images/lcd_monitor_panel/5099474b142e.jpg,17.94,kg,6,partially_dismantled,shop,502.57,collector,2026-06-03T18:21:00.000Z
MAT_002419,LOT_01279,pcb,pcb_tv_low_grade,,synthetic://images/pcb_tv_low_grade/978eaa3426d4.jpg,2.08,kg,5,partially_dismantled,shop,285.38,collector,2026-06-03T18:21:00.000Z
MAT_002420,LOT_01280,battery,battery_li_ion_laptop,,synthetic://images/battery_li_ion_laptop/1017ac1bf8a6.jpg,0.64,kg,2,intact,household,159.01,collector,2026-01-11T08:56:00.000Z
MAT_002421,LOT_01281,pcb,pcb_cpu_processor,,synthetic://images/pcb_cpu_processor/cebe0a8375bc.jpg,0.15,kg,6,broken,repair_shop,494.77,recycler_corrected,2026-08-25T18:53:00.000Z
MAT_002422,LOT_01281,pcb,pcb_cpu_processor,,synthetic://images/pcb_cpu_processor/1454d9934d46.jpg,0.23,kg,11,intact,aggregator,925.18,collector,2026-08-25T18:53:00.000Z
MAT_002423,LOT_01282,pcb,pcb_tv_low_grade,,synthetic://images/pcb_tv_low_grade/c3077c8e791e.jpg,3.35,kg,8,intact,street_pickup,401.46,collector,2025-11-05T16:35:00.000Z
MAT_002424,LOT_01282,pcb,pcb_cpu_processor,,synthetic://images/pcb_cpu_processor/a3ea59511bf4.jpg,0.12,kg,5,intact,household,501.91,recycler_corrected,2025-11-05T16:35:00.000Z
MAT_002425,LOT_01283,battery,battery_li_ion_mobile,,synthetic://images/battery_li_ion_mobile/954cc4325a7a.jpg,0.1,kg,2,intact,aggregator,17.64,collector,2026-07-06T07:59:00.000Z
MAT_002426,LOT_01284,pcb,pcb_tv_low_grade,,synthetic://images/pcb_tv_low_grade/71fba2df64d0.jpg,0.97,kg,2,intact,shop,94.55,collector,2026-05-01T10:45:00.000Z
MAT_002427,LOT_01284,pcb,pcb_tv_low_grade,,synthetic://images/pcb_tv_low_grade/005b94d91077.jpg,3.44,kg,8,intact,office,352.94,collector,2026-05-01T10:45:00.000Z
MAT_002428,LOT_01284,pcb,pcb_mobile,,synthetic://images/pcb_mobile/d9e9bfd97564.jpg,0.19,kg,9,broken,shop,160.74,collector,2026-05-01T10:45:00.000Z
MAT_002429,LOT_01285,cable,cable_aluminium,,synthetic://images/cable_aluminium/1e57773d54d7.jpg,17.78,kg,1,intact,household,2659.35,collector,2026-01-07T15:43:00.000Z
MAT_002430,LOT_01286,crt,crt_yoke,,synthetic://images/crt_yoke/469defc4a75c.jpg,4.88,kg,9,broken,street_pickup,287.72,collector,2025-11-08T07:15:00.000Z
MAT_002431,LOT_01287,battery,battery_li_ion_laptop,,synthetic://images/battery_li_ion_laptop/2e8d9f56b488.jpg,4.47,kg,11,partially_dismantled,office,1015.06,collector,2026-06-16T18:16:00.000Z
MAT_002432,LOT_01287,mixed_plastic,plastic_abs_casing,,synthetic://images/plastic_abs_casing/281e6da9ef05.jpg,33.81,kg,1,partially_dismantled,household,1237.19,collector,2026-06-16T18:16:00.000Z
MAT_002433,LOT_01287,pcb,pcb_mobile,,synthetic://images/pcb_mobile/e16662ff6f6a.jpg,0.06,kg,3,intact,office,61.7,collector,2026-06-16T18:16:00.000Z
MAT_002434,LOT_01288,mixed_plastic,plastic_hips_tv,,synthetic://images/plastic_hips_tv/766328790ec5.jpg,6.17,kg,1,partially_dismantled,household,160.54,collector,2025-11-28T17:42:00.000Z
MAT_002435,LOT_01288,cable,cable_mixed_scrap,,synthetic://images/cable_mixed_scrap/53f96f9bb901.jpg,32.08,kg,1,intact,aggregator,6825.02,collector,2025-11-28T17:42:00.000Z
MAT_002436,LOT_01289,motor_magnet,motor_small_appliance,,synthetic://images/motor_small_appliance/caa66385e18e.jpg,20.65,kg,11,broken,street_pickup,1881.76,collector,2025-10-06T19:09:00.000Z
MAT_002437,LOT_01290,mixed_plastic,plastic_abs_casing,,synthetic://images/plastic_abs_casing/a05896b0fa48.jpg,19.36,kg,1,intact,aggregator,675.47,collector,2026-08-15T06:03:00.000Z
MAT_002438,LOT_01290,lcd_panel,lcd_laptop_panel,,synthetic://images/lcd_laptop_panel/947c53b9b0ac.jpg,1.98,kg,4,intact,street_pickup,110.32,collector,2026-08-15T06:03:00.000Z
MAT_002439,LOT_01290,cable,cable_aluminium,,synthetic://images/cable_aluminium/bd9acbff485c.jpg,36.21,kg,1,broken,shop,4236.19,collector,2026-08-15T06:03:00.000Z
MAT_002440,LOT_01290,battery,battery_lead_acid_ups,,synthetic://images/battery_lead_acid_ups/61e1c39e9678.jpg,5.77,kg,1,intact,aggregator,494.49,recycler_corrected,2026-08-15T06:03:00.000Z
MAT_002441,LOT_01291,pcb,pcb_cpu_processor,,synthetic://images/pcb_cpu_processor/e518d52363d6.jpg,0.18,kg,9,intact,shop,734.98,collector,2026-06-25T15:48:00.000Z
MAT_002442,LOT_01292,mixed_plastic,plastic_mixed_dirty,,synthetic://images/plastic_mixed_dirty/8d0aa323e779.jpg,17.13,kg,1,partially_dismantled,aggregator,221.77,collector,2026-08-14T11:08:00.000Z
MAT_002443,LOT_01292,cable,cable_mixed_scrap,,synthetic://images/cable_mixed_scrap/edc9199ce4a9.jpg,17.94,kg,1,partially_dismantled,shop,3537.59,collector,2026-08-14T11:08:00.000Z
MAT_002444,LOT_01293,pcb,pcb_ram_gold,,synthetic://images/pcb_ram_gold/7494c4a6a709.jpg,0.05,kg,2,wet,street_pickup,48.31,collector,2026-06-07T16:42:00.000Z
MAT_002445,LOT_01293,lcd_panel,led_backlight_strip,,synthetic://images/led_backlight_strip/f2b6f7ac30d5.jpg,42.38,kg,1,intact,office,3797.25,collector,2026-06-07T16:42:00.000Z
MAT_002446,LOT_01294,crt,crt_monitor,,synthetic://images/crt_monitor/dcda9e01faac.jpg,45.51,kg,3,partially_dismantled,street_pickup,412.39,collector,2026-08-13T09:33:00.000Z
MAT_002447,LOT_01295,cable,cable_data_thin,,synthetic://images/cable_data_thin/8c731dc834dd.jpg,29.74,kg,1,partially_dismantled,aggregator,4033.59,collector,2025-12-09T11:29:00.000Z
MAT_002448,LOT_01296,cable,cable_mixed_scrap,,synthetic://images/cable_mixed_scrap/2a1707a59497.jpg,40.07,kg,1,intact,office,8165.06,recycler_corrected,2026-05-17T18:08:00.000Z
MAT_002449,LOT_01297,pcb,pcb_cpu_processor,,synthetic://images/pcb_cpu_processor/f850a526c7c4.jpg,0.11,kg,6,intact,street_pickup,450,collector,2025-10-28T12:15:00.000Z
MAT_002450,LOT_01298,cable,cable_copper_house,,synthetic://images/cable_copper_house/dcc18834b775.jpg,35.86,kg,1,intact,office,16394.83,collector,2025-09-05T13:50:00.000Z
MAT_002451,LOT_01298,motor_magnet,motor_fan_ac,,synthetic://images/motor_fan_ac/cc8aa5ad72d4.jpg,9.51,kg,3,wet,shop,1064.72,collector,2025-09-05T13:50:00.000Z
MAT_002452,LOT_01298,pcb,pcb_mobile,,synthetic://images/pcb_mobile/85d79031f675.jpg,0.15,kg,8,broken,street_pickup,152.53,collector,2025-09-05T13:50:00.000Z
MAT_002453,LOT_01298,pcb,pcb_mobile,,synthetic://images/pcb_mobile/50924a0f1f45.jpg,0.14,kg,7,broken,office,142.36,collector,2025-09-05T13:50:00.000Z
MAT_002454,LOT_01299,pcb,pcb_mobile,,synthetic://images/pcb_mobile/52e736b3b6e9.jpg,0.05,kg,3,partially_dismantled,office,65.2,collector,2025-12-06T07:49:00.000Z
MAT_002455,LOT_01300,cable,cable_copper_house,,synthetic://images/cable_copper_house/92ba0f032772.jpg,10.48,kg,1,intact,aggregator,4150.08,collector,2026-03-24T09:43:00.000Z
MAT_002456,LOT_01301,cable,cable_mixed_scrap,,synthetic://images/cable_mixed_scrap/bf34b43c0b1b.jpg,23.12,kg,1,burnt,street_pickup,1951.27,collector,2026-07-26T15:47:00.000Z
MAT_002457,LOT_01301,cable,cable_copper_house,,synthetic://images/cable_copper_house/6149879f3535.jpg,36.24,kg,1,broken,office,11743.19,collector,2026-07-26T15:47:00.000Z
MAT_002458,LOT_01301,battery,battery_li_ion_laptop,,synthetic://images/battery_li_ion_laptop/04d925d105fc.jpg,3.95,kg,10,intact,household,837.32,collector,2026-07-26T15:47:00.000Z
MAT_002459,LOT_01301,battery,battery_lead_acid_ups,,synthetic://images/battery_lead_acid_ups/d6d02c51bac4.jpg,18.05,kg,3,partially_dismantled,aggregator,1636.17,collector,2026-07-26T15:47:00.000Z
MAT_002460,LOT_01302,cable,cable_mixed_scrap,,synthetic://images/cable_mixed_scrap/0e77f9592048.jpg,36.18,kg,1,intact,street_pickup,7083.68,collector,2026-01-01T16:23:00.000Z
MAT_002461,LOT_01302,motor_magnet,motor_small_appliance,,synthetic://images/motor_small_appliance/c06ebb28eb64.jpg,7.68,kg,6,intact,shop,911.77,collector,2026-01-01T16:23:00.000Z
MAT_002462,LOT_01303,pcb,pcb_tv_low_grade,,synthetic://images/pcb_tv_low_grade/0c85c8c4d4d3.jpg,4.59,kg,10,intact,street_pickup,566.31,collector,2026-08-05T15:25:00.000Z
MAT_002463,LOT_01303,pcb,pcb_tv_low_grade,,synthetic://images/pcb_tv_low_grade/c892fe561dfd.jpg,5.8,kg,12,wet,shop,500.92,collector,2026-08-05T15:25:00.000Z
MAT_002464,LOT_01304,mixed_plastic,plastic_abs_casing,,synthetic://images/plastic_abs_casing/30130e34f3c2.jpg,13.91,kg,1,intact,shop,466.82,collector,2025-12-29T06:21:00.000Z
MAT_002465,LOT_01304,pcb,pcb_cpu_processor,,synthetic://images/pcb_cpu_processor/2ed2fd284e14.jpg,0.22,kg,9,intact,shop,884.95,collector,2025-12-29T06:21:00.000Z
MAT_002466,LOT_01304,battery,battery_button_cell,,synthetic://images/battery_button_cell/0dc2ab2c828f.jpg,43.63,kg,1,intact,aggregator,4139.61,collector,2025-12-29T06:21:00.000Z
MAT_002467,LOT_01305,pcb,pcb_mobile,,synthetic://images/pcb_mobile/57af95044866.jpg,0.11,kg,7,partially_dismantled,aggregator,115.43,collector,2026-07-30T15:40:00.000Z
MAT_002468,LOT_01305,battery,battery_lead_acid_ups,,synthetic://images/battery_lead_acid_ups/47af07ead226.jpg,19.52,kg,3,partially_dismantled,street_pickup,1562.21,collector,2026-07-30T15:40:00.000Z
MAT_002469,LOT_01306,battery,battery_button_cell,,synthetic://images/battery_button_cell/e687cb1105a5.jpg,31.96,kg,1,partially_dismantled,household,3458.49,collector,2026-05-26T06:15:00.000Z
MAT_002470,LOT_01306,battery,battery_button_cell,,synthetic://images/battery_button_cell/fd3a8b194e4f.jpg,11.08,kg,1,intact,street_pickup,1141.9,collector,2026-05-26T06:15:00.000Z
MAT_002471,LOT_01306,battery,battery_lead_acid_ups,,synthetic://images/battery_lead_acid_ups/1f9990943e4a.jpg,15.25,kg,2,intact,household,1455.92,collector,2026-05-26T06:15:00.000Z
MAT_002472,LOT_01307,cable,cable_mixed_scrap,,synthetic://images/cable_mixed_scrap/4c1cfe5d7e0d.jpg,39.25,kg,1,burnt,repair_shop,3467.5,recycler_corrected,2025-09-08T06:55:00.000Z
MAT_002473,LOT_01308,lcd_panel,led_backlight_strip,,synthetic://images/led_backlight_strip/419173622300.jpg,6.88,kg,1,intact,household,593.47,collector,2026-02-17T19:41:00.000Z
MAT_002474,LOT_01308,pcb,pcb_tv_low_grade,,synthetic://images/pcb_tv_low_grade/4e5e4fbb4970.jpg,6.23,kg,11,intact,repair_shop,613.66,collector,2026-02-17T19:41:00.000Z
MAT_002475,LOT_01308,mixed_plastic,plastic_abs_casing,,synthetic://images/plastic_abs_casing/1af2001e7be3.jpg,3.44,kg,1,broken,street_pickup,83.35,collector,2026-02-17T19:41:00.000Z
MAT_002476,LOT_01308,pcb,pcb_cpu_processor,,synthetic://images/pcb_cpu_processor/9c113c4b72b4.jpg,0.25,kg,10,intact,aggregator,832.78,collector,2026-02-17T19:41:00.000Z
MAT_002477,LOT_01309,pcb,pcb_cpu_processor,,synthetic://images/pcb_cpu_processor/0ba9123653ce.jpg,0.25,kg,10,partially_dismantled,office,1045.61,collector,2026-06-11T06:11:00.000Z
MAT_002478,LOT_01310,mixed_plastic,plastic_hips_tv,,synthetic://images/plastic_hips_tv/b26b65e84927.jpg,28.48,kg,1,intact,street_pickup,717.98,collector,2026-04-07T08:54:00.000Z
MAT_002479,LOT_01311,battery,battery_li_ion_mobile,,synthetic://images/battery_li_ion_mobile/d66b47d79714.jpg,0.41,kg,8,intact,household,79.52,collector,2025-12-04T08:33:00.000Z
MAT_002480,LOT_01311,pcb,pcb_tv_low_grade,,synthetic://images/pcb_tv_low_grade/b535c0e64ff6.jpg,0.53,kg,1,partially_dismantled,street_pickup,54.39,collector,2025-12-04T08:33:00.000Z
MAT_002481,LOT_01312,pcb,pcb_tv_low_grade,,synthetic://images/pcb_tv_low_grade/aa3cabb58024.jpg,4.5,kg,12,intact,street_pickup,462.96,collector,2025-12-31T11:59:00.000Z
MAT_002482,LOT_01313,cable,cable_copper_house,,synthetic://images/cable_copper_house/91fc402ba7aa.jpg,30.2,kg,1,broken,shop,9806.54,collector,2026-03-26T10:11:00.000Z
MAT_002483,LOT_01313,cable,cable_mixed_scrap,,synthetic://images/cable_mixed_scrap/6d604a3ba9a8.jpg,32.96,kg,1,partially_dismantled,repair_shop,6487.62,collector,2026-03-26T10:11:00.000Z
MAT_002484,LOT_01313,cable,cable_copper_house,,synthetic://images/cable_copper_house/df82d99fcff3.jpg,28.87,kg,1,intact,household,11432.52,collector,2026-03-26T10:11:00.000Z
MAT_002485,LOT_01314,pcb,pcb_power_supply,,synthetic://images/pcb_power_supply/43b8f5635abf.jpg,8.97,kg,6,intact,aggregator,1155.78,recycler_corrected,2025-12-27T15:39:00.000Z
MAT_002486,LOT_01315,battery,battery_button_cell,,synthetic://images/battery_button_cell/76898cbe2032.jpg,38.45,kg,1,partially_dismantled,repair_shop,3837.41,collector,2025-10-09T09:16:00.000Z
MAT_002487,LOT_01316,cable,cable_copper_house,,synthetic://images/cable_copper_house/61c8d5bdd596.jpg,21.01,kg,1,intact,office,7056.42,collector,2026-03-25T10:38:00.000Z
MAT_002488,LOT_01316,motor_magnet,motor_speaker_magnet,,synthetic://images/motor_speaker_magnet/443bb0ea6806.jpg,4.83,kg,12,broken,repair_shop,248.45,collector,2026-03-25T10:38:00.000Z
MAT_002489,LOT_01317,mixed_plastic,plastic_mixed_dirty,,synthetic://images/plastic_mixed_dirty/77c9b8d05af9.jpg,29.45,kg,1,intact,office,329.25,collector,2026-05-02T11:41:00.000Z
MAT_002490,LOT_01317,pcb,pcb_power_supply,,synthetic://images/pcb_power_supply/40cfe6d52462.jpg,2.91,kg,2,broken,household,320.08,collector,2026-05-02T11:41:00.000Z
MAT_002491,LOT_01317,mixed_plastic,plastic_hips_tv,,synthetic://images/plastic_hips_tv/3f2206e839d5.jpg,37.58,kg,1,intact,office,899.67,collector,2026-05-02T11:41:00.000Z
MAT_002492,LOT_01318,mixed_plastic,plastic_hips_tv,,synthetic://images/plastic_hips_tv/0b04b4d8200d.jpg,3.8,kg,1,intact,office,95.8,collector,2026-03-22T17:16:00.000Z
MAT_002493,LOT_01319,mixed_plastic,plastic_mixed_dirty,,synthetic://images/plastic_mixed_dirty/9e342721898b.jpg,10.23,kg,1,broken,repair_shop,96.47,collector,2025-09-20T12:23:00.000Z
MAT_002494,LOT_01319,cable,cable_aluminium,,synthetic://images/cable_aluminium/ad0f9d3d9c11.jpg,24.47,kg,1,partially_dismantled,shop,3667.75,collector,2025-09-20T12:23:00.000Z
MAT_002495,LOT_01320,mixed_plastic,plastic_mixed_dirty,,synthetic://images/plastic_mixed_dirty/4659089ea850.jpg,41.01,kg,1,broken,household,433.47,collector,2025-12-18T16:18:00.000Z
MAT_002496,LOT_01321,motor_magnet,motor_fan_ac,,synthetic://images/motor_fan_ac/39f517f24dfc.jpg,37.58,kg,10,partially_dismantled,repair_shop,6716.71,collector,2025-09-06T17:18:00.000Z
MAT_002497,LOT_01322,pcb,pcb_ram_gold,,synthetic://images/pcb_ram_gold/cf4bd1810483.jpg,0.1,kg,3,intact,repair_shop,187.95,collector,2025-11-11T06:21:00.000Z
MAT_002498,LOT_01323,lcd_panel,lcd_laptop_panel,,synthetic://images/lcd_laptop_panel/0325af73573e.jpg,0.41,kg,1,partially_dismantled,aggregator,23.46,recycler_corrected,2026-07-30T07:49:00.000Z
MAT_002499,LOT_01324,pcb,pcb_ram_gold,,synthetic://images/pcb_ram_gold/2e8f7d72039a.jpg,0.15,kg,4,broken,household,202.71,collector,2026-01-09T11:03:00.000Z
MAT_002500,LOT_01324,pcb,pcb_tv_low_grade,,synthetic://images/pcb_tv_low_grade/af2939f281b0.jpg,0.57,kg,1,partially_dismantled,office,58.4,collector,2026-01-09T11:03:00.000Z
MAT_002501,LOT_01325,mixed_plastic,plastic_hips_tv,,synthetic://images/plastic_hips_tv/bee442722585.jpg,27.42,kg,1,intact,household,611.74,collector,2025-12-05T19:22:00.000Z
MAT_002502,LOT_01326,cable,cable_data_thin,,synthetic://images/cable_data_thin/8101c57c6f37.jpg,14.77,kg,1,partially_dismantled,shop,2365.67,collector,2026-06-22T09:58:00.000Z
MAT_002503,LOT_01326,pcb,pcb_tv_low_grade,,synthetic://images/pcb_tv_low_grade/27a25640c416.jpg,1.17,kg,3,partially_dismantled,street_pickup,141.17,collector,2026-06-22T09:58:00.000Z
MAT_002504,LOT_01326,pcb,pcb_mobile,,synthetic://images/pcb_mobile/239d56734b00.jpg,0.13,kg,6,intact,aggregator,142.44,collector,2026-06-22T09:58:00.000Z
MAT_002505,LOT_01326,mixed_plastic,plastic_abs_casing,,synthetic://images/plastic_abs_casing/e5e0ee821162.jpg,22.29,kg,1,partially_dismantled,aggregator,752.22,collector,2026-06-22T09:58:00.000Z
MAT_002506,LOT_01327,cable,cable_aluminium,,synthetic://images/cable_aluminium/65b3673e4c79.jpg,22.73,kg,1,intact,shop,2689.19,collector,2025-11-18T12:23:00.000Z
MAT_002507,LOT_01327,motor_magnet,motor_hdd_assembly,,synthetic://images/motor_hdd_assembly/ed913495a7e2.jpg,4.12,kg,6,broken,office,809.97,collector,2025-11-18T12:23:00.000Z
MAT_002508,LOT_01327,motor_magnet,motor_small_appliance,,synthetic://images/motor_small_appliance/5b5cffde2cce.jpg,12.34,kg,10,intact,shop,1368.14,collector,2025-11-18T12:23:00.000Z
MAT_002509,LOT_01327,lcd_panel,lcd_tv_panel,,synthetic://images/lcd_tv_panel/7ee63f6f28e8.jpg,14.47,kg,2,intact,household,318.05,recycler_corrected,2025-11-18T12:23:00.000Z
MAT_002510,LOT_01328,pcb,pcb_motherboard,,synthetic://images/pcb_motherboard/5d72eac412f4.jpg,9.65,kg,10,partially_dismantled,shop,3502.5,collector,2026-05-24T18:47:00.000Z
MAT_002511,LOT_01328,mixed_plastic,plastic_hips_tv,,synthetic://images/plastic_hips_tv/0b413a7b01f0.jpg,8.71,kg,1,intact,household,227.33,collector,2026-05-24T18:47:00.000Z
MAT_002512,LOT_01329,motor_magnet,motor_fan_ac,,synthetic://images/motor_fan_ac/fd830f52fa01.jpg,11.32,kg,3,broken,aggregator,1466.71,collector,2025-10-20T12:24:00.000Z
MAT_002513,LOT_01329,battery,battery_button_cell,,synthetic://images/battery_button_cell/53a8b779b977.jpg,24.34,kg,1,broken,household,2056.75,collector,2025-10-20T12:24:00.000Z
MAT_002514,LOT_01329,cable,cable_data_thin,,synthetic://images/cable_data_thin/fd7bc94091c6.jpg,3.57,kg,1,intact,office,502.58,recycler_corrected,2025-10-20T12:24:00.000Z
MAT_002515,LOT_01330,mixed_plastic,plastic_abs_casing,,synthetic://images/plastic_abs_casing/750db28dbb22.jpg,8.6,kg,1,broken,household,250.42,recycler_corrected,2026-02-10T17:52:00.000Z
MAT_002516,LOT_01331,lcd_panel,lcd_tv_panel,,synthetic://images/lcd_tv_panel/f92d8664fe49.jpg,67.03,kg,10,wet,street_pickup,975.76,collector,2026-04-23T15:41:00.000Z
MAT_002517,LOT_01331,motor_magnet,motor_hdd_assembly,,synthetic://images/motor_hdd_assembly/11a5a19cee44.jpg,0.54,kg,1,partially_dismantled,office,127.3,collector,2026-04-23T15:41:00.000Z
MAT_002518,LOT_01331,battery,battery_li_ion_laptop,,synthetic://images/battery_li_ion_laptop/71ebe63eb3a3.jpg,0.74,kg,2,intact,aggregator,140.14,collector,2026-04-23T15:41:00.000Z
MAT_002519,LOT_01332,battery,battery_li_ion_mobile,,synthetic://images/battery_li_ion_mobile/c3636c6c700a.jpg,0.29,kg,6,intact,street_pickup,62.75,collector,2026-05-06T08:37:00.000Z
MAT_002520,LOT_01332,pcb,pcb_tv_low_grade,,synthetic://images/pcb_tv_low_grade/9abe948d2699.jpg,2.48,kg,4,intact,household,333.04,recycler_corrected,2026-05-06T08:37:00.000Z
MAT_002521,LOT_01332,mixed_plastic,plastic_abs_casing,,synthetic://images/plastic_abs_casing/1e62f95fe16b.jpg,5.99,kg,1,intact,repair_shop,237.56,collector,2026-05-06T08:37:00.000Z
MAT_002522,LOT_01333,battery,battery_button_cell,,synthetic://images/battery_button_cell/d0bf222420c7.jpg,37.31,kg,1,intact,aggregator,3566.84,collector,2026-01-28T17:19:00.000Z
MAT_002523,LOT_01334,mixed_plastic,plastic_abs_casing,,synthetic://images/plastic_abs_casing/986b765051fc.jpg,7.9,kg,1,partially_dismantled,aggregator,251.92,collector,2026-06-29T19:12:00.000Z
MAT_002524,LOT_01334,cable,cable_mixed_scrap,,synthetic://images/cable_mixed_scrap/33deaad3dda0.jpg,19.86,kg,1,partially_dismantled,street_pickup,3806.92,collector,2026-06-29T19:12:00.000Z
MAT_002525,LOT_01334,lcd_panel,lcd_monitor_panel,,synthetic://images/lcd_monitor_panel/e2c7e2064293.jpg,7.77,kg,2,broken,office,147.37,collector,2026-06-29T19:12:00.000Z
MAT_002526,LOT_01334,cable,cable_data_thin,,synthetic://images/cable_data_thin/2bc114c6d19b.jpg,23.84,kg,1,broken,household,2441.84,collector,2026-06-29T19:12:00.000Z
MAT_002527,LOT_01335,cable,cable_aluminium,,synthetic://images/cable_aluminium/9d38b6b4333e.jpg,18.79,kg,1,partially_dismantled,repair_shop,2752.66,recycler_corrected,2025-11-07T17:10:00.000Z
MAT_002528,LOT_01335,cable,cable_copper_house,,synthetic://images/cable_copper_house/9237c71a22ff.jpg,37.98,kg,1,burnt,household,6831.96,recycler_corrected,2025-11-07T17:10:00.000Z
MAT_002529,LOT_01335,mixed_plastic,plastic_abs_casing,,synthetic://images/plastic_abs_casing/eee61f9beefe.jpg,30.18,kg,1,intact,office,1007.71,collector,2025-11-07T17:10:00.000Z
MAT_002530,LOT_01335,pcb,pcb_ram_gold,,synthetic://images/pcb_ram_gold/025143b3d641.jpg,0.11,kg,3,intact,shop,182.21,collector,2025-11-07T17:10:00.000Z
MAT_002531,LOT_01336,cable,cable_data_thin,,synthetic://images/cable_data_thin/8c91fb8b325b.jpg,9.37,kg,1,broken,household,994.69,collector,2025-11-03T08:54:00.000Z
MAT_002532,LOT_01337,motor_magnet,motor_hdd_assembly,,synthetic://images/motor_hdd_assembly/6a7eca3a536b.jpg,2.38,kg,4,partially_dismantled,office,698.2,collector,2025-09-09T11:14:00.000Z
MAT_002533,LOT_01338,lcd_panel,lcd_laptop_panel,,synthetic://images/lcd_laptop_panel/c6e7c623eb4c.jpg,4.59,kg,11,intact,office,218.67,collector,2026-08-27T15:36:00.000Z
MAT_002534,LOT_01339,cable,cable_copper_house,,synthetic://images/cable_copper_house/36d9289c635a.jpg,17.25,kg,1,intact,household,7362.99,recycler_corrected,2026-07-20T19:40:00.000Z
MAT_002535,LOT_01340,crt,crt_tv,,synthetic://images/crt_tv/a95d421b27a6.jpg,177.57,kg,10,partially_dismantled,aggregator,1451.84,collector,2025-11-09T16:17:00.000Z
MAT_002536,LOT_01340,mixed_plastic,plastic_abs_casing,,synthetic://images/plastic_abs_casing/45d53b04c23e.jpg,20.26,kg,1,burnt,repair_shop,318.09,collector,2025-11-09T16:17:00.000Z
MAT_002537,LOT_01340,crt,crt_yoke,,synthetic://images/crt_yoke/8da2a1cfb7c0.jpg,5.03,kg,8,partially_dismantled,street_pickup,406.31,collector,2025-11-09T16:17:00.000Z
MAT_002538,LOT_01340,pcb,pcb_tv_low_grade,,synthetic://images/pcb_tv_low_grade/5a69e9e28eff.jpg,2.59,kg,5,partially_dismantled,street_pickup,325.9,collector,2025-11-09T16:17:00.000Z
MAT_002539,LOT_01341,crt,crt_yoke,,synthetic://images/crt_yoke/626cd16ec767.jpg,1.14,kg,2,partially_dismantled,office,87.44,collector,2025-12-12T07:53:00.000Z
MAT_002540,LOT_01342,pcb,pcb_ram_gold,,synthetic://images/pcb_ram_gold/30d2df4dca0a.jpg,0.06,kg,2,broken,household,65.7,recycler_corrected,2025-09-26T15:05:00.000Z
MAT_002541,LOT_01342,pcb,pcb_power_supply,,synthetic://images/pcb_power_supply/05550fe35c38.jpg,5.34,kg,5,intact,household,715.83,collector,2025-09-26T15:05:00.000Z
MAT_002542,LOT_01342,mixed_plastic,plastic_abs_casing,,synthetic://images/plastic_abs_casing/d280243b9968.jpg,8.51,kg,1,partially_dismantled,shop,263.15,collector,2025-09-26T15:05:00.000Z
MAT_002543,LOT_01342,battery,battery_lead_acid_ups,,synthetic://images/battery_lead_acid_ups/e294c9667624.jpg,38.24,kg,6,wet,shop,2156.16,collector,2025-09-26T15:05:00.000Z
MAT_002544,LOT_01343,cable,cable_aluminium,,synthetic://images/cable_aluminium/be7a6f492e07.jpg,17.6,kg,1,intact,shop,2090.18,recycler_corrected,2025-10-07T15:18:00.000Z
MAT_002545,LOT_01343,cable,cable_mixed_scrap,,synthetic://images/cable_mixed_scrap/d229da04282e.jpg,17.05,kg,1,burnt,household,1406.6,collector,2025-10-07T15:18:00.000Z
MAT_002546,LOT_01344,cable,cable_aluminium,,synthetic://images/cable_aluminium/8bd05c8f1863.jpg,14.95,kg,1,partially_dismantled,shop,2556.65,recycler_corrected,2026-08-09T13:29:00.000Z
MAT_002547,LOT_01345,pcb,pcb_cpu_processor,,synthetic://images/pcb_cpu_processor/a31b3d8bfbc2.jpg,0.19,kg,12,wet,office,553.75,recycler_corrected,2026-01-26T19:27:00.000Z
MAT_002548,LOT_01346,cable,cable_mixed_scrap,,synthetic://images/cable_mixed_scrap/30aeda84ce0e.jpg,15.36,kg,1,intact,repair_shop,3057.41,collector,2026-02-06T13:36:00.000Z
MAT_002549,LOT_01346,pcb,pcb_motherboard,,synthetic://images/pcb_motherboard/dca3a4dfd593.jpg,5.15,kg,6,broken,shop,1504.27,collector,2026-02-06T13:36:00.000Z
MAT_002550,LOT_01346,pcb,pcb_mobile,,synthetic://images/pcb_mobile/cae13bc73fa2.jpg,0.23,kg,9,intact,repair_shop,285.62,collector,2026-02-06T13:36:00.000Z
MAT_002551,LOT_01347,battery,battery_li_ion_laptop,,synthetic://images/battery_li_ion_laptop/f6f58b278ae9.jpg,0.76,kg,2,partially_dismantled,aggregator,189.28,collector,2026-07-15T12:25:00.000Z
MAT_002552,LOT_01347,cable,cable_aluminium,,synthetic://images/cable_aluminium/ff10ee832fc9.jpg,26,kg,1,intact,repair_shop,3690.44,collector,2026-07-15T12:25:00.000Z
MAT_002553,LOT_01348,mixed_plastic,plastic_abs_casing,,synthetic://images/plastic_abs_casing/0713839ca9f5.jpg,25.37,kg,1,partially_dismantled,household,929.42,collector,2026-01-10T10:07:00.000Z
MAT_002554,LOT_01348,mixed_plastic,plastic_mixed_dirty,,synthetic://images/plastic_mixed_dirty/fc7d30a95844.jpg,16.59,kg,1,intact,household,194.1,recycler_corrected,2026-01-10T10:07:00.000Z
MAT_002555,LOT_01348,cable,cable_mixed_scrap,,synthetic://images/cable_mixed_scrap/a8d2f7eea01c.jpg,28.73,kg,1,partially_dismantled,street_pickup,6019.42,collector,2026-01-10T10:07:00.000Z
MAT_002556,LOT_01348,motor_magnet,motor_fan_ac,,synthetic://images/motor_fan_ac/7a3d977fa03b.jpg,3.34,kg,1,intact,aggregator,534.93,collector,2026-01-10T10:07:00.000Z
MAT_002557,LOT_01349,mixed_plastic,plastic_abs_casing,,synthetic://images/plastic_abs_casing/d8d8064cb22c.jpg,43.55,kg,1,intact,aggregator,1532.96,collector,2025-09-28T16:04:00.000Z
MAT_002558,LOT_01350,cable,cable_copper_house,,synthetic://images/cable_copper_house/ce4b2e2e43e6.jpg,18.19,kg,1,broken,household,6203.33,collector,2025-12-03T14:27:00.000Z
MAT_002559,LOT_01351,battery,battery_lead_acid_ups,,synthetic://images/battery_lead_acid_ups/ca54f698a7b7.jpg,76.08,kg,10,intact,household,7161.54,collector,2025-12-12T06:43:00.000Z
MAT_002560,LOT_01351,motor_magnet,motor_small_appliance,,synthetic://images/motor_small_appliance/b96df8c448ea.jpg,6.65,kg,4,partially_dismantled,shop,938.31,collector,2025-12-12T06:43:00.000Z
MAT_002561,LOT_01351,battery,battery_button_cell,,synthetic://images/battery_button_cell/f3e7a50c5daa.jpg,24.87,kg,1,partially_dismantled,shop,2477.65,collector,2025-12-12T06:43:00.000Z
MAT_002562,LOT_01352,mixed_plastic,plastic_abs_casing,,synthetic://images/plastic_abs_casing/0519dff8887b.jpg,18.58,kg,1,intact,aggregator,719.42,recycler_corrected,2025-09-26T09:51:00.000Z
MAT_002563,LOT_01352,crt,crt_yoke,,synthetic://images/crt_yoke/4e2ed7c5fc10.jpg,6.11,kg,8,intact,household,549.41,collector,2025-09-26T09:51:00.000Z
MAT_002564,LOT_01352,cable,cable_copper_house,,synthetic://images/cable_copper_house/0f7330dec4c0.jpg,21.94,kg,1,intact,shop,10060.59,collector,2025-09-26T09:51:00.000Z
MAT_002565,LOT_01353,cable,cable_aluminium,,synthetic://images/cable_aluminium/8619bda8acb4.jpg,34.04,kg,1,partially_dismantled,street_pickup,4876.64,collector,2026-02-10T11:02:00.000Z
MAT_002566,LOT_01354,pcb,pcb_ram_gold,,synthetic://images/pcb_ram_gold/c06e7318ded2.jpg,0.21,kg,8,intact,aggregator,314.32,collector,2025-11-10T13:56:00.000Z
MAT_002567,LOT_01355,pcb,pcb_motherboard,,synthetic://images/pcb_motherboard/78c5c72ae5e8.jpg,1.86,kg,3,intact,shop,588.09,collector,2026-03-26T16:06:00.000Z
MAT_002568,LOT_01355,pcb,pcb_tv_low_grade,,synthetic://images/pcb_tv_low_grade/7d91a0cb0d53.jpg,4.6,kg,8,intact,street_pickup,471.87,collector,2026-03-26T16:06:00.000Z
MAT_002569,LOT_01356,cable,cable_aluminium,,synthetic://images/cable_aluminium/63b32a05b1c2.jpg,37.2,kg,1,broken,aggregator,4754.35,recycler_corrected,2026-03-25T18:55:00.000Z
MAT_002570,LOT_01356,battery,battery_lead_acid_ups,,synthetic://images/battery_lead_acid_ups/07886fc6adc6.jpg,14.9,kg,2,intact,household,1563.76,collector,2026-03-25T18:55:00.000Z
MAT_002571,LOT_01356,battery,battery_li_ion_mobile,,synthetic://images/battery_li_ion_mobile/ce95cf10ad60.jpg,0.18,kg,4,partially_dismantled,repair_shop,35.42,recycler_corrected,2026-03-25T18:55:00.000Z
MAT_002572,LOT_01357,battery,battery_button_cell,,synthetic://images/battery_button_cell/affaeeca2d4a.jpg,1.93,kg,1,burnt,repair_shop,92.83,collector,2025-11-22T15:35:00.000Z
MAT_002573,LOT_01358,mixed_plastic,plastic_abs_casing,,synthetic://images/plastic_abs_casing/34c3fe1e71e3.jpg,35.41,kg,1,wet,repair_shop,748.82,collector,2025-09-29T14:40:00.000Z
MAT_002574,LOT_01358,crt,crt_yoke,,synthetic://images/crt_yoke/b02949158130.jpg,7.64,kg,10,broken,household,461.15,collector,2025-09-29T14:40:00.000Z
MAT_002575,LOT_01359,mixed_plastic,plastic_abs_casing,,synthetic://images/plastic_abs_casing/2e690813bfa0.jpg,15.3,kg,1,intact,repair_shop,487.61,collector,2026-04-25T19:22:00.000Z
MAT_002576,LOT_01360,cable,cable_mixed_scrap,,synthetic://images/cable_mixed_scrap/ce51d2c92bd8.jpg,43.85,kg,1,partially_dismantled,household,9667.08,recycler_corrected,2026-06-07T13:54:00.000Z
MAT_002577,LOT_01361,mixed_plastic,plastic_abs_casing,,synthetic://images/plastic_abs_casing/a602b3012477.jpg,41.14,kg,1,partially_dismantled,aggregator,1459.63,collector,2025-09-25T11:48:00.000Z
MAT_002578,LOT_01361,cable,cable_aluminium,,synthetic://images/cable_aluminium/8e2d42b02684.jpg,2.89,kg,1,partially_dismantled,street_pickup,421.04,recycler_corrected,2025-09-25T11:48:00.000Z
MAT_002579,LOT_01362,mixed_plastic,plastic_hips_tv,,synthetic://images/plastic_hips_tv/642e77b4ea62.jpg,10.97,kg,1,intact,repair_shop,291.69,collector,2026-06-12T19:32:00.000Z
MAT_002580,LOT_01363,pcb,pcb_tv_low_grade,,synthetic://images/pcb_tv_low_grade/f9ed477ac3d3.jpg,3.01,kg,5,partially_dismantled,repair_shop,386.18,collector,2025-12-27T15:50:00.000Z
MAT_002581,LOT_01363,mixed_plastic,plastic_hips_tv,,synthetic://images/plastic_hips_tv/45ed6290e190.jpg,41.47,kg,1,broken,office,821.23,collector,2025-12-27T15:50:00.000Z
MAT_002582,LOT_01363,cable,cable_aluminium,,synthetic://images/cable_aluminium/4da1a84b31b6.jpg,9.49,kg,1,intact,office,1461.74,recycler_corrected,2025-12-27T15:50:00.000Z
MAT_002583,LOT_01364,battery,battery_button_cell,,synthetic://images/battery_button_cell/761817760210.jpg,18.86,kg,1,broken,street_pickup,1520.85,recycler_corrected,2026-08-18T16:03:00.000Z
MAT_002584,LOT_01365,crt,crt_monitor,,synthetic://images/crt_monitor/e84a37b83fec.jpg,59.99,kg,4,broken,office,432.19,collector,2025-09-23T16:28:00.000Z
MAT_002585,LOT_01365,battery,battery_lead_acid_ups,,synthetic://images/battery_lead_acid_ups/73cac3ef695d.jpg,34.58,kg,4,intact,household,3199.34,collector,2025-09-23T16:28:00.000Z
MAT_002586,LOT_01365,pcb,pcb_ram_gold,,synthetic://images/pcb_ram_gold/7498229a290b.jpg,0.03,kg,1,partially_dismantled,household,50.35,collector,2025-09-23T16:28:00.000Z
MAT_002587,LOT_01365,mixed_plastic,plastic_mixed_dirty,,synthetic://images/plastic_mixed_dirty/5fff2747f6ff.jpg,19.07,kg,1,intact,street_pickup,219.31,recycler_corrected,2025-09-23T16:28:00.000Z
MAT_002588,LOT_01366,pcb,pcb_tv_low_grade,,synthetic://images/pcb_tv_low_grade/b2f7cfae4752.jpg,4.77,kg,9,intact,aggregator,570.92,recycler_corrected,2025-12-31T07:05:00.000Z
MAT_002589,LOT_01366,battery,battery_lead_acid_ups,,synthetic://images/battery_lead_acid_ups/2e6df28ad511.jpg,47.69,kg,7,wet,repair_shop,3100.95,collector,2025-12-31T07:05:00.000Z
MAT_002590,LOT_01366,cable,cable_aluminium,,synthetic://images/cable_aluminium/40585768ed81.jpg,29.25,kg,1,intact,household,4162.86,collector,2025-12-31T07:05:00.000Z
MAT_002591,LOT_01367,cable,cable_aluminium,,synthetic://images/cable_aluminium/61087fb7f0b5.jpg,13.97,kg,1,broken,shop,1625.98,recycler_corrected,2026-07-18T10:53:00.000Z
MAT_002592,LOT_01367,mixed_plastic,plastic_mixed_dirty,,synthetic://images/plastic_mixed_dirty/9483288a4779.jpg,33.45,kg,1,burnt,street_pickup,185.75,recycler_corrected,2026-07-18T10:53:00.000Z
MAT_002593,LOT_01368,cable,cable_mixed_scrap,,synthetic://images/cable_mixed_scrap/0cacdea3710c.jpg,21.97,kg,1,partially_dismantled,repair_shop,4326.5,recycler_corrected,2026-02-27T11:08:00.000Z
MAT_002594,LOT_01368,pcb,pcb_motherboard,,synthetic://images/pcb_motherboard/aceb0405e31c.jpg,8.79,kg,9,intact,street_pickup,2905.89,collector,2026-02-27T11:08:00.000Z
MAT_002595,LOT_01369,motor_magnet,motor_fan_ac,,synthetic://images/motor_fan_ac/0edeec12d99a.jpg,20.31,kg,6,partially_dismantled,shop,3357.27,collector,2026-03-08T11:35:00.000Z
MAT_002596,LOT_01369,motor_magnet,motor_small_appliance,,synthetic://images/motor_small_appliance/5ac20a644dff.jpg,2.82,kg,2,intact,office,374.89,recycler_corrected,2026-03-08T11:35:00.000Z
MAT_002597,LOT_01369,pcb,pcb_tv_low_grade,,synthetic://images/pcb_tv_low_grade/dffb66f019ff.jpg,3.39,kg,8,broken,office,321.23,collector,2026-03-08T11:35:00.000Z
MAT_002598,LOT_01370,cable,cable_aluminium,,synthetic://images/cable_aluminium/e32d234ff2a0.jpg,34.2,kg,1,partially_dismantled,shop,4259.29,collector,2026-07-20T11:03:00.000Z
MAT_002599,LOT_01371,pcb,pcb_mobile,,synthetic://images/pcb_mobile/09d53a2b7275.jpg,0.02,kg,1,intact,repair_shop,19.99,collector,2026-07-13T19:53:00.000Z
MAT_002600,LOT_01372,crt,crt_yoke,,synthetic://images/crt_yoke/7f8932a8c474.jpg,4.15,kg,8,intact,street_pickup,299.96,collector,2025-12-21T06:53:00.000Z
MAT_002601,LOT_01372,cable,cable_mixed_scrap,,synthetic://images/cable_mixed_scrap/7bdd37f47d58.jpg,19.88,kg,1,intact,aggregator,3725.31,collector,2025-12-21T06:53:00.000Z
MAT_002602,LOT_01372,motor_magnet,motor_small_appliance,,synthetic://images/motor_small_appliance/ee391ee356a9.jpg,14.8,kg,8,intact,aggregator,1988.82,collector,2025-12-21T06:53:00.000Z
MAT_002603,LOT_01373,pcb,pcb_tv_low_grade,,synthetic://images/pcb_tv_low_grade/531110eb8397.jpg,3.35,kg,7,intact,aggregator,343.64,collector,2026-03-18T17:35:00.000Z
MAT_002604,LOT_01373,pcb,pcb_mobile,,synthetic://images/pcb_mobile/56062b726079.jpg,0.08,kg,5,partially_dismantled,aggregator,86.9,collector,2026-03-18T17:35:00.000Z
MAT_002605,LOT_01374,battery,battery_lead_acid_ups,,synthetic://images/battery_lead_acid_ups/0e49d288d0ad.jpg,71.89,kg,10,intact,repair_shop,6345.8,collector,2026-08-04T09:43:00.000Z
MAT_002606,LOT_01375,pcb,pcb_motherboard,,synthetic://images/pcb_motherboard/546bc5bd79cf.jpg,1.87,kg,2,broken,aggregator,478.54,collector,2026-07-01T07:53:00.000Z
MAT_002607,LOT_01375,motor_magnet,motor_fan_ac,,synthetic://images/motor_fan_ac/9c8245f802d2.jpg,29.38,kg,12,partially_dismantled,shop,4400.92,collector,2026-07-01T07:53:00.000Z
MAT_002608,LOT_01376,motor_magnet,motor_small_appliance,,synthetic://images/motor_small_appliance/7c2afc752324.jpg,16.66,kg,9,broken,repair_shop,1987.98,collector,2026-07-05T08:44:00.000Z
MAT_002609,LOT_01376,battery,battery_lead_acid_ups,,synthetic://images/battery_lead_acid_ups/34299cbaf495.jpg,15.7,kg,2,intact,household,1409.08,collector,2026-07-05T08:44:00.000Z
MAT_002610,LOT_01376,cable,cable_aluminium,,synthetic://images/cable_aluminium/689b65d59f8f.jpg,37.08,kg,1,partially_dismantled,household,5526.29,collector,2026-07-05T08:44:00.000Z
MAT_002611,LOT_01376,pcb,pcb_cpu_processor,,synthetic://images/pcb_cpu_processor/dbecc82c2061.jpg,0.29,kg,12,wet,office,836.22,recycler_corrected,2026-07-05T08:44:00.000Z
MAT_002612,LOT_01377,battery,battery_button_cell,,synthetic://images/battery_button_cell/4f24c76be82d.jpg,4.41,kg,1,broken,shop,318.44,collector,2026-08-03T16:49:00.000Z
MAT_002613,LOT_01377,cable,cable_mixed_scrap,,synthetic://images/cable_mixed_scrap/63df0a452c28.jpg,6.34,kg,1,intact,office,1165.36,recycler_corrected,2026-08-03T16:49:00.000Z
MAT_002614,LOT_01377,pcb,pcb_tv_low_grade,,synthetic://images/pcb_tv_low_grade/604b7a66e6b9.jpg,2.65,kg,5,intact,office,250,collector,2026-08-03T16:49:00.000Z
MAT_002615,LOT_01378,mixed_plastic,plastic_mixed_dirty,,synthetic://images/plastic_mixed_dirty/1a086b3447b5.jpg,37.25,kg,1,intact,household,444.02,recycler_corrected,2026-05-13T08:01:00.000Z
MAT_002616,LOT_01378,pcb,pcb_ram_gold,,synthetic://images/pcb_ram_gold/9931f1b3c793.jpg,0.15,kg,4,wet,repair_shop,159.6,collector,2026-05-13T08:01:00.000Z
MAT_002617,LOT_01379,pcb,pcb_cpu_processor,,synthetic://images/pcb_cpu_processor/dc09d5618d51.jpg,0.14,kg,6,partially_dismantled,office,488.2,collector,2026-04-08T15:01:00.000Z
MAT_002618,LOT_01380,cable,cable_aluminium,,synthetic://images/cable_aluminium/ab12a99567e2.jpg,17.4,kg,1,intact,shop,2602.52,collector,2026-01-11T07:42:00.000Z
MAT_002619,LOT_01380,pcb,pcb_mobile,,synthetic://images/pcb_mobile/9cebb23ebb04.jpg,0.26,kg,12,partially_dismantled,household,311.51,recycler_corrected,2026-01-11T07:42:00.000Z
MAT_002620,LOT_01381,cable,cable_data_thin,,synthetic://images/cable_data_thin/b98fc83908c3.jpg,1.22,kg,1,burnt,household,67.24,collector,2026-05-24T06:16:00.000Z
MAT_002621,LOT_01382,pcb,pcb_cpu_processor,,synthetic://images/pcb_cpu_processor/6048be04f1c6.jpg,0.02,kg,1,intact,shop,80.09,collector,2025-10-09T12:36:00.000Z
MAT_002622,LOT_01382,mixed_plastic,plastic_mixed_dirty,,synthetic://images/plastic_mixed_dirty/faef3bc576a8.jpg,37.09,kg,1,intact,repair_shop,455.47,collector,2025-10-09T12:36:00.000Z
MAT_002623,LOT_01383,battery,battery_li_ion_mobile,,synthetic://images/battery_li_ion_mobile/77464e378993.jpg,0.37,kg,12,burnt,office,30.45,collector,2026-05-24T06:13:00.000Z
MAT_002624,LOT_01383,mixed_plastic,plastic_abs_casing,,synthetic://images/plastic_abs_casing/33cee5288623.jpg,3.27,kg,1,wet,aggregator,79.77,recycler_corrected,2026-05-24T06:13:00.000Z
MAT_002625,LOT_01384,motor_magnet,motor_small_appliance,,synthetic://images/motor_small_appliance/16c13ce5c95f.jpg,12.84,kg,10,partially_dismantled,office,1810.63,collector,2026-01-19T15:39:00.000Z
MAT_002626,LOT_01384,cable,cable_data_thin,,synthetic://images/cable_data_thin/019f2af1dc20.jpg,21.42,kg,1,intact,office,2749.04,collector,2026-01-19T15:39:00.000Z
MAT_002627,LOT_01384,battery,battery_li_ion_mobile,,synthetic://images/battery_li_ion_mobile/1937cfa83abc.jpg,0.33,kg,9,intact,shop,64.33,recycler_corrected,2026-01-19T15:39:00.000Z
MAT_002628,LOT_01384,mixed_plastic,plastic_hips_tv,,synthetic://images/plastic_hips_tv/290aeb664ed5.jpg,41.99,kg,1,partially_dismantled,shop,1028.61,collector,2026-01-19T15:39:00.000Z
MAT_002629,LOT_01385,battery,battery_lead_acid_ups,,synthetic://images/battery_lead_acid_ups/d75f054cc396.jpg,5.86,kg,1,broken,household,357.7,collector,2026-08-30T14:48:00.000Z
MAT_002630,LOT_01386,mixed_plastic,plastic_mixed_dirty,,synthetic://images/plastic_mixed_dirty/537d0b72fbdc.jpg,35.27,kg,1,broken,aggregator,277.07,collector,2025-12-18T07:45:00.000Z
MAT_002631,LOT_01386,mixed_plastic,plastic_hips_tv,,synthetic://images/plastic_hips_tv/5ce38db71515.jpg,28.23,kg,1,broken,household,516.45,collector,2025-12-18T07:45:00.000Z
MAT_002632,LOT_01387,pcb,pcb_motherboard,,synthetic://images/pcb_motherboard/5b2ca07cb272.jpg,7.92,kg,9,broken,shop,2119.77,collector,2026-05-20T17:24:00.000Z
MAT_002633,LOT_01388,crt,crt_monitor,,synthetic://images/crt_monitor/46382b8b5df4.jpg,56.68,kg,5,intact,household,461.21,collector,2026-01-09T11:25:00.000Z
MAT_002634,LOT_01389,pcb,pcb_cpu_processor,,synthetic://images/pcb_cpu_processor/c92f9be6b398.jpg,0.23,kg,11,broken,aggregator,800.24,collector,2026-02-26T16:02:00.000Z
MAT_002635,LOT_01389,cable,cable_copper_house,,synthetic://images/cable_copper_house/d1d115772a79.jpg,15,kg,1,partially_dismantled,office,7170.98,recycler_corrected,2026-02-26T16:02:00.000Z
MAT_002636,LOT_01389,pcb,pcb_cpu_processor,,synthetic://images/pcb_cpu_processor/fbcf8718472d.jpg,0.02,kg,1,intact,office,84.86,collector,2026-02-26T16:02:00.000Z
MAT_002637,LOT_01390,motor_magnet,motor_speaker_magnet,,synthetic://images/motor_speaker_magnet/9f87d58e15d0.jpg,4.59,kg,9,broken,shop,248.98,collector,2026-06-19T09:22:00.000Z
MAT_002638,LOT_01391,cable,cable_copper_house,,synthetic://images/cable_copper_house/b94d5134a9ab.jpg,6.06,kg,1,broken,street_pickup,1963.68,collector,2026-04-30T13:10:00.000Z
MAT_002639,LOT_01391,crt,crt_tv,,synthetic://images/crt_tv/f8d78dac7ef7.jpg,39.49,kg,2,wet,household,169.45,collector,2026-04-30T13:10:00.000Z
MAT_002640,LOT_01392,cable,cable_mixed_scrap,,synthetic://images/cable_mixed_scrap/93dc8d615b9b.jpg,13.7,kg,1,wet,street_pickup,2024.45,collector,2026-03-09T16:56:00.000Z
MAT_002641,LOT_01392,pcb,pcb_motherboard,,synthetic://images/pcb_motherboard/055aee88ba18.jpg,3.06,kg,5,broken,shop,852.25,collector,2026-03-09T16:56:00.000Z
MAT_002642,LOT_01393,battery,battery_li_ion_laptop,,synthetic://images/battery_li_ion_laptop/7f0483ab13f0.jpg,2.91,kg,11,intact,shop,737.66,collector,2026-02-04T17:41:00.000Z
MAT_002643,LOT_01394,pcb,pcb_motherboard,,synthetic://images/pcb_motherboard/fa4c720041f6.jpg,3.48,kg,5,intact,shop,1165.45,collector,2026-05-23T19:16:00.000Z
MAT_002644,LOT_01395,cable,cable_copper_house,,synthetic://images/cable_copper_house/0c4984c2fce3.jpg,20,kg,1,broken,repair_shop,6568.04,collector,2025-09-16T07:29:00.000Z
MAT_002645,LOT_01396,cable,cable_aluminium,,synthetic://images/cable_aluminium/39ccc018ea82.jpg,10.63,kg,1,intact,shop,1632.66,collector,2026-01-29T19:42:00.000Z
MAT_002646,LOT_01397,mixed_plastic,plastic_hips_tv,,synthetic://images/plastic_hips_tv/a4c32339fc8a.jpg,21.8,kg,1,broken,street_pickup,472.11,recycler_corrected,2025-10-12T18:28:00.000Z
MAT_002647,LOT_01397,battery,battery_button_cell,,synthetic://images/battery_button_cell/29415029d0ec.jpg,3.5,kg,1,broken,shop,318.77,collector,2025-10-12T18:28:00.000Z
MAT_002648,LOT_01398,cable,cable_data_thin,,synthetic://images/cable_data_thin/953b4794fd82.jpg,9.1,kg,1,burnt,aggregator,581.57,collector,2026-07-29T19:53:00.000Z
MAT_002649,LOT_01398,motor_magnet,motor_fan_ac,,synthetic://images/motor_fan_ac/0ff5c44d19de.jpg,2.52,kg,1,intact,household,419.73,collector,2026-07-29T19:53:00.000Z
MAT_002650,LOT_01399,mixed_plastic,plastic_hips_tv,,synthetic://images/plastic_hips_tv/daad0d94ea77.jpg,1.72,kg,1,intact,repair_shop,35.8,collector,2025-10-27T11:56:00.000Z
MAT_002651,LOT_01399,mixed_plastic,plastic_mixed_dirty,,synthetic://images/plastic_mixed_dirty/b0f0d4b50f63.jpg,22.51,kg,1,partially_dismantled,office,224.06,collector,2025-10-27T11:56:00.000Z
MAT_002652,LOT_01400,lcd_panel,lcd_laptop_panel,,synthetic://images/lcd_laptop_panel/04a88b741f25.jpg,2.88,kg,5,burnt,household,60.33,collector,2025-10-08T11:18:00.000Z
MAT_002653,LOT_01400,pcb,pcb_motherboard,,synthetic://images/pcb_motherboard/b5cb2dad3a0b.jpg,7.56,kg,8,partially_dismantled,shop,2590.96,collector,2025-10-08T11:18:00.000Z
