handoverRef,lotId,collectorId,recyclerId,transactionId,verificationCode,digest,photoCount,photoHashes,declaredWeightKg,weighedWeightKg,lat,lon,district,createdAt,confirmedAt,confirmationStatus,downstreamStatus
HO-1MMA-PWNN,LOT_00001,COL_0030,REC_012,TXN_00001,825902,4da553108975704b3e69db923f7bb3f99f4dff1ae8d50b5348ed3b561bad39f6,4,36ddf6b602a0|fcbc4c5f4a3d|a19f0c06e3b4|dae91158cfb5,38.43,39.23,19.959777436479925,73.75584969283193,Nashik,2026-08-03T00:13:00.000Z,2026-08-03T02:19:00.000Z,confirmed,processed
HO-FG4H-6TYN,LOT_00004,COL_0017,REC_010,TXN_00002,830263,52b2c04a608f70d88a2f1677a5abf95966f57d480103bb573d292db76a0b926a,1,e83ec3d08ec0,22.94,22.76,19.083108686077594,72.85642781746984,Thane,2026-01-03T08:46:00.000Z,2026-01-03T09:37:00.000Z,confirmed,received
HO-6EKF-1EWN,LOT_00006,COL_0002,REC_007,TXN_00003,650204,3a4b277fe6e0c0fdaa70aa6d6fab6d9153f8ed9fc2dab464c5363fe8a0bfafbc,3,4fa3e2af0293|c3da454b1d3b|9d0c249868e0,124.43,124.38,19.195889419919254,72.94376047792733,Mumbai Suburban,2025-10-26T17:58:00.000Z,2025-10-26T18:36:00.000Z,confirmed,received
HO-P376-W6Z1,LOT_00008,COL_0006,REC_007,TXN_00004,321889,eedaee05d3d9eb544ef10521824eb002c599e3448ff68d83978ba7e6abcc12e3,2,999ef24ca37c|935146c7f508,30.68,30.76,19.195889419919254,72.94376047792733,Mumbai Suburban,2025-11-05T18:31:00.000Z,2025-11-05T19:10:00.000Z,confirmed,processed
HO-CGQK-C38T,LOT_00009,COL_0055,REC_008,TXN_00005,118704,37b5fa445d3e9ac23b6948a5a283ad5089cb74f59c12415466a3d61ac60727d0,2,34b679932e7e|239b87183700,5.66,5.82,19.13597666629255,72.88983899966328,Mumbai Suburban,2025-12-12T20:35:00.000Z,2025-12-12T22:24:00.000Z,confirmed,reported_to_epr
HO-VC1Z-02NW,LOT_00010,COL_0021,REC_001,TXN_00006,772496,58f310a39596484f28678a040bf06dd1e6ae9b2b3d7189d6d88a338992104ea1,1,60f29af0b52c,0.34,0.35,18.486481618070602,73.82617345626355,Pune,2025-12-20T13:51:00.000Z,2025-12-20T17:49:00.000Z,confirmed,received
HO-F0Q3-B9XV,LOT_00012,COL_0044,REC_004,TXN_00007,046377,170dd6815fd91cb83bf69857a4f1e19260a47679524a07fe626d88f28623c39c,1,30d0a9a543e2,28.71,28.04,18.47728938193023,73.81790044373722,Pune,2026-01-22T18:53:00.000Z,2026-01-22T19:51:00.000Z,confirmed,reported_to_epr
HO-P9FG-7V1V,LOT_00014,COL_0033,REC_010,TXN_00008,926098,0c209920aa227ee469701effc4e69a12f38f1135406e70a780bce4aed7b6d5ff,3,21feb5dacc50|d495421d6b69|484af1fb1787,32.44,31.31,19.083108686077594,72.85642781746984,Thane,2026-01-19T23:20:00.000Z,2026-01-20T01:14:00.000Z,confirmed,reported_to_epr
HO-6QXV-J79D,LOT_00015,COL_0054,REC_004,TXN_00009,823657,ce664f7d09b51e7954adf9ae8e3bcdd16fdb5a12e191a47a564a0d9ddcaf48d5,3,ff1b62af353a|a76da9ef3fa5|d7494fcdf45c,45.75,46.17,18.47728938193023,73.81790044373722,Pune,2026-06-22T23:48:00.000Z,2026-06-23T02:24:00.000Z,confirmed,received
HO-VP44-X3JC,LOT_00016,COL_0040,REC_007,TXN_00010,835834,3d1335c5db5dd59cd07385f4d6fe8e5ec374a0711d8de75c52b89f2ac9f0999e,2,3651c7745c8d|d33cce489d1e,68.73,69.93,19.195889419919254,72.94376047792733,Mumbai Suburban,2026-05-21T09:24:00.000Z,2026-05-21T12:52:00.000Z,confirmed,reported_to_epr
HO-Z6VZ-HKJ5,LOT_00017,COL_0020,REC_011,TXN_00011,171789,4a281e4977523757e63c2fdd4d8e671fc7e8dc5cde8b08f27c38436040a01f76,2,7dc1c96f296b|5cf80f805dce,5.34,5.59,19.102753954026102,72.87410855862349,Thane,2026-07-22T05:05:00.000Z,2026-07-22T07:47:00.000Z,confirmed,sorted
HO-HCYW-WES0,LOT_00019,COL_0027,REC_013,TXN_00012,214547,c2148a2859c9f9f96b6aff09a23c8ceb2c449c036e468d65a22198bfd5ec29a0,2,540529c3fa1e|31e48a049cbb,31.64,30.76,20.144208687990904,73.92183781919181,Nashik,2025-09-18T22:17:00.000Z,2025-09-18T22:42:00.000Z,confirmed,received
HO-0M09-VEC2,LOT_00020,COL_0046,REC_003,TXN_00013,124641,f6f22c5144509466f9ba422ee2791bd78dabe87dbb276baea55f7ba402704cbb,1,a0412128675c,0.95,0.91,18.591669234344362,73.92084231090993,Pune,2026-08-25T01:18:00.000Z,2026-08-25T02:31:00.000Z,confirmed,received
HO-E2WQ-1G6N,LOT_00021,COL_0052,REC_021,TXN_00014,058655,10a55b407a055773821985270bda360f20715d7952fa48e784fc13d332675a50,1,621d65579a84,2.39,2.32,12.939527776500583,77.56573499885053,Bengaluru Urban,2026-01-01T04:14:00.000Z,2026-01-01T08:00:00.000Z,confirmed,received
HO-X7M3-3GE6,LOT_00022,COL_0035,REC_007,TXN_00015,865650,ed862253493df5241948736dd82e9102289f5d22217f34133785c7e31c4ea654,1,aad5426cad4f,63.85,65.13,19.195889419919254,72.94376047792733,Mumbai Suburban,2026-08-04T06:26:00.000Z,2026-08-04T08:07:00.000Z,confirmed,reported_to_epr
HO-PPKN-KGNB,LOT_00023,COL_0046,REC_002,TXN_00016,933245,2fe4bb471fb69514ecd01705b06678172ca0e27ecb40632b53ab70a3c58f3a40,1,3d4c634aa6b4,79.86,76.08,18.50604963646233,73.8437846728161,Pune,2026-08-22T06:30:00.000Z,2026-08-22T09:10:00.000Z,confirmed,received
HO-K7T1-S4YZ,LOT_00025,COL_0041,REC_020,TXN_00017,453766,0c9b54fec50efa432a8768f51de13d3d87a5fc5e705bcf2fbf3a30794b8a6a4c,2,1b193ddaf8fb|4e4a750b869c,18.8,18.98,13.029597338622809,77.64679760476052,Bengaluru Urban,2026-07-09T18:19:00.000Z,2026-07-09T18:40:00.000Z,confirmed,reported_to_epr
HO-PKP7-R747,LOT_00027,COL_0032,REC_007,TXN_00018,305276,2ab8c91c7b8e40778aed09d2e538496ce51d0bd701ca1923b818de635d2e63a8,2,e09430f335c2|b6f66d66491c,45.81,45.87,19.195889419919254,72.94376047792733,Mumbai Suburban,2025-10-17T01:09:00.000Z,2025-10-17T04:46:00.000Z,confirmed,processed
HO-4BXR-CET4,LOT_00028,COL_0007,REC_010,TXN_00019,815322,fcf88f37719bff9e0e4fa797be40347d143e85bfd927280494cbf7beda282a70,2,a0daf8d1c171|f065866b4f2d,40.73,39.47,19.083108686077594,72.85642781746984,Thane,2025-11-16T12:47:00.000Z,2025-11-16T16:32:00.000Z,confirmed,processed
HO-FHM7-G9KM,LOT_00029,COL_0027,REC_013,TXN_00020,451337,6709141796e694b2fbf2aa574fcda8d66a5717e506e09419e416577896db7da3,1,b085c30616cc,16.8,16.71,20.144208687990904,73.92183781919181,Nashik,2026-01-25T08:22:00.000Z,2026-01-25T10:00:00.000Z,confirmed,processed
HO-STWP-5KD5,LOT_00030,COL_0035,REC_008,TXN_00021,591861,83e69e46e4fde7ae01838fe19d6992ff268790f93ff12d9d364db8942be2337c,4,862fdc7cdbca|12ec1a70420c|141f5dbc0ac5|d071fdbccca3,86.96,87.43,19.13597666629255,72.88983899966328,Mumbai Suburban,2026-05-30T07:24:00.000Z,2026-05-30T09:55:00.000Z,confirmed,reported_to_epr
HO-3JKT-6YPC,LOT_00031,COL_0009,REC_013,TXN_00022,236146,8a9c9825143b565fb79f65b011765f4d09a1dbff08b203c17366a082338c0f1b,1,8a2ccbe8c2ac,28.55,27.75,20.144208687990904,73.92183781919181,Nashik,2026-06-07T15:55:00.000Z,2026-06-07T18:35:00.000Z,confirmed,sorted
HO-ZCJN-RNBT,LOT_00033,COL_0057,REC_014,TXN_00023,959971,abc6492cf2e4fdd56e1898d124280835729bc75d2e64a5affcf852eacafc6741,2,50f09137ea50|cec41a3b059b,38.2,37.8,21.207097198012473,79.14336747821122,Nagpur,2025-12-29T16:12:00.000Z,2025-12-29T19:14:00.000Z,confirmed,received
HO-28A8-R1BB,LOT_00034,COL_0034,REC_004,TXN_00024,543053,8f7e205f4831cba96a68299bf7efc504cbe591d41d2016c473e75bf7c5f462cc,1,07c5c8026691,2.21,2.18,18.47728938193023,73.81790044373722,Pune,2025-10-06T05:11:00.000Z,2025-10-06T06:46:00.000Z,confirmed,sorted
HO-WZSE-C2XR,LOT_00036,COL_0009,REC_012,TXN_00025,334649,ff1e12dc3a73a86d400c87cd6ac8c4cb2f84f80986a2607d4b453a97d1f14ce5,1,4416df8ba720,36.28,35.12,19.959777436479925,73.75584969283193,Nashik,2025-10-21T05:56:00.000Z,2025-10-21T09:20:00.000Z,confirmed,reported_to_epr
HO-EE0Z-VJDH,LOT_00037,COL_0059,REC_002,TXN_00026,117657,9345f804725f9ea72789db82a8476ddf460389c74e49d404b67c57f9b8d88732,1,62e7196a4011,7.78,7.93,18.50604963646233,73.8437846728161,Pune,2026-01-08T12:52:00.000Z,2026-01-08T14:18:00.000Z,confirmed,sorted
HO-KGC7-TDNN,LOT_00038,COL_0056,REC_007,TXN_00027,263957,6c4a13326fd6943a791d60f6778c20733f14c2b7c4f2f77c7286dc64b6e1d689,2,0da77e0bced4|c73aaf3e925b,60.96,59.24,19.195889419919254,72.94376047792733,Mumbai Suburban,2025-12-29T01:43:00.000Z,,pending,
HO-5Q98-74XZ,LOT_00040,COL_0013,REC_021,TXN_00028,772316,eed8cb09f690c4522c7ca93b5222de81b637bb838c05d36e03973c4151fc0fb4,3,141f5dbc0ac5,7.56,7.72,12.939527776500583,77.56573499885053,Bengaluru Urban,2026-05-11T05:26:00.000Z,2026-05-11T09:21:00.000Z,confirmed,sorted
HO-DWR7-8E8J,LOT_00041,COL_0028,REC_007,TXN_00029,622660,4932b33e903d3b98b7dd789e3847849a7b07dbfa4738a0f625d565becea4bdff,1,d534c9cff839,14.43,14.68,19.195889419919254,72.94376047792733,Mumbai Suburban,2026-05-10T01:51:00.000Z,2026-05-10T04:00:00.000Z,confirmed,sorted
HO-33DK-0MQM,LOT_00043,COL_0059,REC_005,TXN_00030,765499,0d7b0e861779914ed9abd85a4451606f402f7fc4f6734442416c18140148db68,1,2da11441449f,0.96,0.96,18.489540040129423,73.82892603611648,Pune,2026-07-07T04:57:00.000Z,2026-07-07T07:50:00.000Z,confirmed,reported_to_epr
HO-SDDP-W702,LOT_00044,COL_0023,REC_019,TXN_00031,250083,59368ab4dde0dfaa39375b0293f595ca587064f3bffdae76d4ae1abccb6423e8,3,e282f4ebdf8a|fb34f53f0805|fd2ec7477cd0,43.05,41.57,28.5746101020962,77.17363909188659,New Delhi,2026-01-05T05:47:00.000Z,2026-01-05T07:17:00.000Z,confirmed,sorted
HO-2KCZ-8G9W,LOT_00045,COL_0030,REC_012,TXN_00032,098290,844c11dec9ec091fc05f61f3e321e07854709a832465ba1d636d07991d071965,3,d3431366a650|837a361616e7|38e4e5bef423,33.73,33.2,19.959777436479925,73.75584969283193,Nashik,2025-12-14T03:36:00.000Z,2025-12-14T05:23:00.000Z,confirmed,reported_to_epr
HO-NYS5-5CJ2,LOT_00046,COL_0007,REC_011,TXN_00033,472988,6d4e98d6339c8c83040a82f9a34f0772fbb258c904461a2c3aeb471145402e90,1,569039ece5a6,2.01,1.98,19.102753954026102,72.87410855862349,Thane,2025-09-19T06:24:00.000Z,2025-09-19T07:14:00.000Z,confirmed,processed
HO-4833-FXZM,LOT_00047,COL_0015,REC_016,TXN_00034,257135,961289c3e09133d0e4f504b9074a0969b8d67115655bbc5f15a79aad5e90b323,3,acd7c60214b8|2692242f59f3|ca39ae72006c,29.94,29.46,19.93828253748715,75.39917428373843,Chhatrapati Sambhajinagar,2025-09-06T09:27:00.000Z,2025-09-06T11:07:00.000Z,confirmed,received
HO-21MK-FHBS,LOT_00048,COL_0023,REC_019,TXN_00035,779373,5f645bb1629462add947b8df1c0e5052edd161a87b185a2abed06c70b4c3b5a9,2,f57be718fb74|85e793645428,41.98,41.97,28.5746101020962,77.17363909188659,New Delhi,2025-11-18T02:26:00.000Z,,pending,
HO-3XD4-JFEY,LOT_00049,COL_0012,REC_001,TXN_00036,070257,9c2dfaf6fc2424188ce1cdca19e8b7b744c8b340fe70588dbc231bfa89a5fbcd,1,b92dc724d006,2.58,2.52,18.486481618070602,73.82617345626355,Pune,2025-11-29T04:47:00.000Z,2025-11-29T05:38:00.000Z,confirmed,sorted
HO-TWZ0-CEXH,LOT_00050,COL_0036,REC_007,TXN_00037,824814,4f0dbdf9847a887e3962f96e32693c19257a0e246b1689ec317b0669b4d17b98,1,819dbc21b438,6.09,6.18,19.195889419919254,72.94376047792733,Mumbai Suburban,2026-04-05T15:18:00.000Z,2026-04-05T18:02:00.000Z,confirmed,received
HO-JKGY-X181,LOT_00051,COL_0058,REC_019,TXN_00038,739569,a1faf42cd578496abc0a342e58c4c954d931c8410115519a74bdd199f8f590ab,1,672d2f567149,42.82,41.6,28.5746101020962,77.17363909188659,New Delhi,2026-04-26T08:40:00.000Z,2026-04-26T09:34:00.000Z,confirmed,sorted
HO-J3G3-0Z6C,LOT_00052,COL_0029,REC_008,TXN_00039,766253,c8f5126bba9449f0823cdf83a0bb7827260bdbef42ecefe0f6c94db9a852c5b0,2,02bab8341e09|d24d3896f7e7,32.18,31.46,19.13597666629255,72.88983899966328,Mumbai Suburban,2026-05-03T15:56:00.000Z,2026-05-03T19:46:00.000Z,confirmed,reported_to_epr
HO-6GT4-BFZP,LOT_00053,COL_0024,REC_008,TXN_00040,381826,45b0f0bfcbab15c219e2645b1acb8e15f6270803d1e07b4e08fc0d7da186f153,1,e618e3fba9bc,0.19,0.19,19.13597666629255,72.88983899966328,Mumbai Suburban,2026-01-17T16:35:00.000Z,2026-01-17T18:37:00.000Z,confirmed,processed
HO-YHSF-72NS,LOT_00054,COL_0048,REC_011,TXN_00041,264533,712cb9cd1ba8704cc64d082d38dbf39cf34ed6f065244ecff89bba134ed12123,3,5aee67fab0fa|983edb208c3c|8a66d6dde8b5,73.44,76.23,19.102753954026102,72.87410855862349,Thane,2026-08-27T20:16:00.000Z,2026-08-27T22:19:00.000Z,confirmed,sorted
HO-F0QE-BATC,LOT_00055,COL_0016,REC_007,TXN_00042,752788,716894d6165f6900d9c59fb1f4918c098352f81138069b1ede020e43e5371ea7,1,4ece218882c6,4.02,4.27,19.195889419919254,72.94376047792733,Mumbai Suburban,2026-01-30T12:36:00.000Z,2026-01-30T15:11:00.000Z,confirmed,sorted
HO-A643-WVFA,LOT_00057,COL_0053,REC_013,TXN_00043,058724,fd8af52f271dea82f1aa09a8d9a0870ea7aadbd07d925c2cd483b343783b7c23,1,1995ca2e151c,2.88,2.82,20.144208687990904,73.92183781919181,Nashik,2026-02-10T05:41:00.000Z,2026-02-10T08:43:00.000Z,confirmed,reported_to_epr
HO-0GHY-FSP9,LOT_00058,COL_0045,REC_021,TXN_00044,520284,7c8ccfcb3dad3a06954a21e3bfcada4799c21c5b1a3bdf779e4bb53a8838085c,3,19ee4823e564|72d61a627f81|7b392b2590bb,21.47,22.15,12.939527776500583,77.56573499885053,Bengaluru Urban,2026-03-27T07:51:00.000Z,2026-03-27T09:44:00.000Z,confirmed,sorted
HO-2VQ5-6KZ7,LOT_00059,COL_0054,REC_004,TXN_00045,083810,fc6ccff4d99356111b5d1e2923768a95dc52e002e54cbd5f881c27832dd9f0c2,1,8a69e8a56bc5,24.88,24.62,18.47728938193023,73.81790044373722,Pune,2026-03-17T19:59:00.000Z,2026-03-17T21:50:00.000Z,confirmed,received
HO-NWRY-MDB6,LOT_00060,COL_0027,REC_013,TXN_00046,880741,ced6456495116dd0d8e9d2b3d49d1ef6931cb49dd9ebc7fadd42912768f66562,3,169cefd27af4|366d6c04b032|2fd7c7a69cd2,17.9,17.99,20.144208687990904,73.92183781919181,Nashik,2025-11-07T23:43:00.000Z,2025-11-08T02:04:00.000Z,confirmed,received
HO-7A9B-B280,LOT_00061,COL_0037,REC_004,TXN_00047,905433,3fede6b91e1e1dedf322d6783e7d4772f8ea32e4fc5e77d933fe603437f5808a,1,2a33f17f5059,7.26,7.01,18.47728938193023,73.81790044373722,Pune,2026-01-11T04:39:00.000Z,2026-01-11T07:12:00.000Z,confirmed,reported_to_epr
HO-ASD8-GH1N,LOT_00062,COL_0024,REC_007,TXN_00048,633312,973cb287ffe406517ececc576645e8b6f58ce17920ef9f6c8f7a55ddb80ff2b1,2,0a03ae3eeab7|751ad1d80061,73.6,76.02,19.195889419919254,72.94376047792733,Mumbai Suburban,2025-10-31T05:37:00.000Z,2025-10-31T07:50:00.000Z,confirmed,sorted
HO-RV4D-KG4G,LOT_00063,COL_0001,REC_013,TXN_00049,336829,c884a30aade66355ab0bd917f133550709fc2c064c4d3d8d1d2942f8a64ec4f6,1,b54f123ffdb4,41.08,41.04,20.144208687990904,73.92183781919181,Nashik,2026-05-24T20:38:00.000Z,2026-05-25T00:32:00.000Z,confirmed,processed
HO-SA79-GC43,LOT_00064,COL_0022,REC_008,TXN_00050,766564,13685dc939dc996d0eda1e593e9ea06914ce3f97e5351a4caef33b2fa156a4f3,2,52cca263067d|37b753016d45,10.67,11.04,19.13597666629255,72.88983899966328,Mumbai Suburban,2026-07-26T14:38:00.000Z,2026-07-26T15:35:00.000Z,confirmed,received
HO-HQMZ-3NW1,LOT_00065,COL_0059,REC_005,TXN_00051,052603,8037da5f4acadd0565af926b623f80c0fa4e1c8673e37b99e1a7c817670b94e0,2,5e158678ae7f|575f5786a137,22.29,22.29,18.489540040129423,73.82892603611648,Pune,2026-06-17T15:51:00.000Z,2026-06-17T19:27:00.000Z,confirmed,received
HO-ZHXC-R4XD,LOT_00066,COL_0033,REC_011,TXN_00052,324452,2000d21e90382928d357c497766bf35a7391d3c2ff9f5360f7fb6df158c7cc78,2,2a576365da19|91631ac92de7,1.31,1.26,19.102753954026102,72.87410855862349,Thane,2025-12-01T17:45:00.000Z,2025-12-01T20:47:00.000Z,confirmed,reported_to_epr
HO-73NR-KMFB,LOT_00067,COL_0001,REC_012,TXN_00053,340924,c7554d8b384dda65df6998fe49f0fe373a3a99b23a92806a0f5f29f4364cbdf3,2,984718ee4e52|e5e29af13453,39.54,39.55,19.959777436479925,73.75584969283193,Nashik,2025-10-24T00:00:00.000Z,2025-10-24T00:44:00.000Z,confirmed,reported_to_epr
HO-YG5M-HRD8,LOT_00068,COL_0036,REC_007,TXN_00054,194746,ee9a99d1200a3fe6be7e3cd339b51ff3b0eca19c7774deb6cf230d5999dba20a,2,c7d7c8f51928|b44ccc1d491e,42.62,45.21,19.195889419919254,72.94376047792733,Mumbai Suburban,2026-03-26T09:00:00.000Z,2026-03-26T10:20:00.000Z,confirmed,sorted
HO-PEHK-6N5W,LOT_00069,COL_0056,REC_007,TXN_00055,464785,dd9e708a6ec012b7c75e874d2b11e5ff1f4c644be14438db80e784c30f6b68a5,2,27c4aaaa6624|094ac4ce143d,59.11,61.19,19.195889419919254,72.94376047792733,Mumbai Suburban,2026-04-21T17:43:00.000Z,2026-04-21T21:27:00.000Z,confirmed,processed
HO-4HNN-4MHP,LOT_00070,COL_0030,REC_013,TXN_00056,201600,bc4622e2bf4e04cb5a76ea7b018ba6a954649b103ef205a3d17427d6d8fac9a9,2,396fe7eb4f86|ea786f41425f,17.11,16.7,20.144208687990904,73.92183781919181,Nashik,2026-03-11T20:07:00.000Z,2026-03-11T22:52:00.000Z,confirmed,reported_to_epr
HO-XX8Y-BDG7,LOT_00071,COL_0007,REC_011,TXN_00057,082333,0f9de421f450f311e7db63b2576ae09487d1a87e98535ce861d68f7afcca84ad,1,61326890486e,0.07,0.07,19.102753954026102,72.87410855862349,Thane,2025-11-17T16:52:00.000Z,2025-11-17T19:26:00.000Z,confirmed,reported_to_epr
HO-KB38-9PBS,LOT_00072,COL_0038,REC_013,TXN_00058,229499,17d313c017f9aa1956492dd1dd5a83f5c0e40e552457aea1886f9265ca7ef3a8,1,98186b9fba9e,67.27,69.24,20.144208687990904,73.92183781919181,Nashik,2025-09-06T21:56:00.000Z,2025-09-06T23:29:00.000Z,confirmed,received
HO-W18C-B6FH,LOT_00074,COL_0025,REC_003,TXN_00059,786789,a15b31ce2a92109e4344401ea850bc200b25887c808664b14a1519d84cd534ae,1,a9efc1f62310,3.29,3.25,18.591669234344362,73.92084231090993,Pune,2026-08-04T04:03:00.000Z,2026-08-04T05:56:00.000Z,confirmed,processed
HO-3DFD-KJNK,LOT_00075,COL_0043,REC_002,TXN_00060,671001,43c4b3bc138be371dface488c2f6523d40abab8a0b444344ee078342172c7fe0,2,c2002a07f83e|b85f9cea55eb,65.24,64.78,18.50604963646233,73.8437846728161,Pune,2026-01-25T02:50:00.000Z,,pending,
HO-N27R-VEWA,LOT_00078,COL_0036,REC_007,TXN_00061,769108,2510c59f62ed93e89357267447a50c68df6f57a22cdd63ef51c8421905f5e4d7,2,1f3befed5b21|bb91d05f8533,8.16,8.11,19.195889419919254,72.94376047792733,Mumbai Suburban,2026-04-08T20:54:00.000Z,2026-04-08T21:08:00.000Z,confirmed,processed
HO-BENK-1BDJ,LOT_00080,COL_0056,REC_008,TXN_00062,903099,8015320188c5dc2128916247aca24724e20824241b77099f95d324ff18fb1b72,1,b51b240a1b43,0.32,0.33,19.13597666629255,72.88983899966328,Mumbai Suburban,2025-11-08T09:03:00.000Z,2025-11-08T09:54:00.000Z,confirmed,processed
HO-9R3G-4FAV,LOT_00081,COL_0030,REC_012,TXN_00063,803043,b4c3048cb4162dc9364f7a9c907f25e6915325449df1eda857f6d14d5255b34e,4,c3ee43695bae|ee8875c2dc73|1c10090b085c|6150b1dfab41,31.5,31.83,19.959777436479925,73.75584969283193,Nashik,2026-04-04T03:16:00.000Z,2026-04-04T07:01:00.000Z,confirmed,processed
HO-5QN5-2DA0,LOT_00082,COL_0017,REC_010,TXN_00064,093726,3a6c6fb52ac4a87c76c22b13e03a084801f725b4ea25207566c7848dd0a0a4b3,2,51747f4c0b79|a1cce91e7359,2.65,2.71,19.083108686077594,72.85642781746984,Thane,2025-12-14T19:12:00.000Z,2025-12-14T21:04:00.000Z,confirmed,received
HO-VD0N-VCAS,LOT_00083,COL_0032,REC_007,TXN_00065,171874,2d438fbac01097a0f6dc37fde1b2221dd46da0d7647784e18da21e9c247e2b1f,1,bba8b7b86b4e,15.17,14.84,19.195889419919254,72.94376047792733,Mumbai Suburban,2026-03-26T07:47:00.000Z,2026-03-26T09:11:00.000Z,confirmed,reported_to_epr
HO-RK1M-HC82,LOT_00084,COL_0036,REC_008,TXN_00066,749785,438c67dbf390d8f47ea52f079527fb2dd278983032c6642f8f45186dbda8cd15,1,52c7c79014e2,0.04,0.04,19.13597666629255,72.88983899966328,Mumbai Suburban,2025-10-25T17:51:00.000Z,2025-10-25T20:10:00.000Z,confirmed,processed
HO-5E86-HM0R,LOT_00085,COL_0048,REC_010,TXN_00067,169771,b6fb54282f8db6dd095cd20c4af14dec5ab343eaad6aac980ef52ce7d7890ed1,2,df8ca85c3377|b335e33984f1,34.75,33.9,19.083108686077594,72.85642781746984,Thane,2026-02-09T05:26:00.000Z,2026-02-09T06:07:00.000Z,confirmed,reported_to_epr
HO-YNB3-4MVP,LOT_00088,COL_0034,REC_003,TXN_00068,221974,09428bacad5279b225f9cf45d8e914295be48dcbd81220aa9e997ff9b9da6f0f,3,97235e31a25d|189896ad2f29|fb582eae0863,15.27,15.21,18.591669234344362,73.92084231090993,Pune,2025-12-19T23:41:00.000Z,2025-12-20T00:49:00.000Z,confirmed,received
HO-0EC8-13QT,LOT_00089,COL_0056,REC_008,TXN_00069,797530,cf3fffe2b1d2656748edd276c767862db42b733eeb25c0f23c070ce5a4980b3e,2,163e8c100112|a05e7fa87025,6.57,6.68,19.13597666629255,72.88983899966328,Mumbai Suburban,2026-02-18T16:25:00.000Z,2026-02-18T17:19:00.000Z,confirmed,received
HO-HXE7-PQG2,LOT_00091,COL_0057,REC_014,TXN_00070,379151,53ef1db459b699767f9c9598084cc5d5e56fe9d1952de295fd13e383accee140,1,0166aa6ef883,0.71,0.68,21.207097198012473,79.14336747821122,Nagpur,2026-02-08T21:15:00.000Z,2026-02-09T00:35:00.000Z,confirmed,reported_to_epr
HO-TZZW-4BGE,LOT_00094,COL_0042,REC_002,TXN_00071,140546,d3f86260988bb8243d47b84b3cf1c2016e3f308a8106a12edcb6eab868ad2888,2,827e1d14978f|a21a952f0434,14.2,14.81,18.50604963646233,73.8437846728161,Pune,2026-07-29T03:45:00.000Z,2026-07-29T05:37:00.000Z,confirmed,received
HO-WT0P-W5Z2,LOT_00097,COL_0008,REC_012,TXN_00072,200146,b142d290c7d862402ec6ba559109c0474d8982c822001dc601a5d0e94052497e,3,8c7a48ce17d4|721ea3568ca9|81b87cef215c,85.74,86.72,19.959777436479925,73.75584969283193,Nashik,2026-04-16T17:30:00.000Z,2026-04-16T21:17:00.000Z,confirmed,processed
HO-NCX7-Q3KV,LOT_00098,COL_0020,REC_010,TXN_00073,347612,16363590715ee64f171ad6a9121869901e0eff2d525a8cce6ec05629125d4303,3,d5e5eb407329|f1aadd7e08b0|4b18bfb2a60e,52.12,52.26,19.083108686077594,72.85642781746984,Thane,2026-01-16T13:19:00.000Z,2026-01-16T14:50:00.000Z,confirmed,processed
HO-9A27-CYKP,LOT_00099,COL_0034,REC_005,TXN_00074,741971,52ec798d2cb73c42bc5385f661bb6ca00ad5d54d0dc80aa7c9aa0cfc1fead5e8,2,6371ef9089b2|c466ff5d3627,6.67,6.54,18.489540040129423,73.82892603611648,Pune,2026-05-28T15:03:00.000Z,2026-05-28T16:33:00.000Z,confirmed,reported_to_epr
HO-T1A4-SW8A,LOT_00101,COL_0016,REC_007,TXN_00075,456111,94d30ac45b44a6ea197d5f1a8e311bd587bda2a8f7fb9846f5c9101e90692701,4,cfc471e621bb|47eb9df9692f|ab752fa25619|a5efdee23048,68.87,72.09,19.195889419919254,72.94376047792733,Mumbai Suburban,2025-10-01T03:59:00.000Z,2025-10-01T07:56:00.000Z,confirmed,processed
HO-7FZ6-077N,LOT_00102,COL_0059,REC_001,TXN_00076,909517,47846065402b50986eb535b6c88aa4d652bc0b6569a740fab3cf7519abcfe47d,2,c611a6703c94|753a9783bfaa,3.6,3.59,18.486481618070602,73.82617345626355,Pune,2025-10-16T08:20:00.000Z,,pending,
HO-3E5T-7T4B,LOT_00103,COL_0010,REC_005,TXN_00077,502790,2c9ac80269643efbd905e59ad8cdc62c28cd600971992d682ec051d5d410debc,3,82df8c96ddda|965e67280896|984568816746,6.08,6.2,18.489540040129423,73.82892603611648,Pune,2026-05-20T13:18:00.000Z,2026-05-20T13:23:00.000Z,confirmed,sorted
HO-FHRM-A2PS,LOT_00104,COL_0012,REC_005,TXN_00078,335984,8a2d30b52eedebbd9882a1357ebe36f2aa3ddeb20bd4444f73179b8ad185a19c,1,269fa53ab93d,97.79,97.82,18.489540040129423,73.82892603611648,Pune,2026-07-08T23:51:00.000Z,2026-07-09T03:03:00.000Z,confirmed,processed
HO-N8CR-EPRX,LOT_00106,COL_0034,REC_005,TXN_00079,332037,9aade1ff3eaf7501c1a5ca1c0a3d05bc47c53eee95d8c260f9383195de93c1d0,4,19548278ced5|5c981adaaa38|81a61cb07dd8|7c9cac91d1ae,63.48,64.83,18.489540040129423,73.82892603611648,Pune,2026-07-06T23:49:00.000Z,2026-07-07T03:40:00.000Z,confirmed,sorted
HO-7RDM-RD6N,LOT_00107,COL_0043,REC_001,TXN_00080,447428,d06ce9093297892160d18aaa0db1f8bd7dbf09bc7a7aabff2003c6f48c41627a,2,0fdb3402b86f|78bc94a0acff,6.19,4.14,18.486481618070602,73.82617345626355,Pune,2026-03-09T18:36:00.000Z,2026-03-09T22:02:00.000Z,confirmed,sorted
HO-K3T7-7CTE,LOT_00110,COL_0044,REC_005,TXN_00081,231637,590e0bc841d5575cc4f97e0edb8ce0dc1c052a3995a8b2f9bc3b594d4598b5e7,4,5419ed76da67|6548ce4676f3|3ade45059883|4718e30acc9c,89.99,87.82,18.489540040129423,73.82892603611648,Pune,2026-02-15T09:36:00.000Z,2026-02-15T12:48:00.000Z,confirmed,processed
HO-ZSJ1-ET70,LOT_00111,COL_0046,REC_003,TXN_00082,892069,66c1bff3946c101a7a02e08536f90d0e1a5235bdb0db10711328b21595ce2cf6,1,53e6bb5a1530,0.91,0.89,18.591669234344362,73.92084231090993,Pune,2026-04-20T15:49:00.000Z,2026-04-20T19:15:00.000Z,confirmed,received
HO-G3A9-S3TG,LOT_00112,COL_0007,REC_011,TXN_00083,677746,8e0c917425e82c399232d62341745a6d28dd6d525138ba3b6a0531aba24d68b5,2,8a7b8fc408cc|0c7dc7ce8860,27.4,26.89,19.102753954026102,72.87410855862349,Thane,2025-09-19T22:31:00.000Z,,pending,
HO-1YXM-4RPC,LOT_00114,COL_0001,REC_012,TXN_00084,555318,f6ac9711886eef4e557bc0cf653e082714de93d90d6049c610e1648e2bbaed13,2,8fd618860e2f|c3e6f42e54c1,25.48,25.08,19.959777436479925,73.75584969283193,Nashik,2026-01-28T10:32:00.000Z,2026-01-28T11:22:00.000Z,confirmed,reported_to_epr
HO-PBRJ-9JK6,LOT_00115,COL_0039,REC_010,TXN_00085,198007,42e918ad2f3b42f2928c5edf4008977144379ddcf6d22d6be017d91cd0df0bce,3,194b80afb547|a76faabebe0e|2bb42cdbd11f,20.57,19.49,19.083108686077594,72.85642781746984,Thane,2026-08-16T21:31:00.000Z,2026-08-16T22:04:00.000Z,confirmed,received
HO-T235-BWBJ,LOT_00117,COL_0011,REC_014,TXN_00086,375341,bb6d0d36c8aff91b0cda26645be1773e7ee12fca1afdb93d2545f40436576689,2,a6e55c802d76|9a099fd186ed,29.14,30.31,21.207097198012473,79.14336747821122,Nagpur,2025-09-29T21:34:00.000Z,2025-09-30T00:59:00.000Z,confirmed,processed
HO-DRNB-71P8,LOT_00118,COL_0038,REC_013,TXN_00087,889889,97e9a79b655b8e1ed5e061fce0f2d36a660ce32fc7e7b5fb3449ac7e8f786360,2,4ff83ec68a3f|c614a1e03312,26.91,26.6,20.144208687990904,73.92183781919181,Nashik,2026-07-29T18:19:00.000Z,2026-07-29T18:52:00.000Z,confirmed,sorted
HO-FXV0-MHYR,LOT_00119,COL_0043,REC_004,TXN_00088,798515,1873c094bf24154349ea25e8ff4e7ad1ac2eede7ef5c0fdfa381fcf19e67adee,2,4be6a54eb020|16551e5fc440,15.53,15.66,18.47728938193023,73.81790044373722,Pune,2026-08-23T02:51:00.000Z,2026-08-23T06:14:00.000Z,confirmed,reported_to_epr
HO-C41B-TTKQ,LOT_00120,COL_0059,REC_002,TXN_00089,291191,460a62889df85cf7e1a2db2abe5438be528b445cb10b6ca80ec2f79c5933a21d,2,72db283cfabb|4e53c1fc9ede,44.03,43.25,18.50604963646233,73.8437846728161,Pune,2026-07-13T15:41:00.000Z,2026-07-13T18:48:00.000Z,confirmed,reported_to_epr
HO-1PHW-DEW6,LOT_00121,COL_0040,REC_008,TXN_00090,267836,ea1f26bc2d908f139dd32001787d1ed164106f6eddcc50e2ac407bab309097cb,3,a199888d8299|d6483ca488e2|68741656c863,65,65.74,19.13597666629255,72.88983899966328,Mumbai Suburban,2026-05-23T12:22:00.000Z,2026-05-23T14:26:00.000Z,confirmed,reported_to_epr
HO-GTNC-E78G,LOT_00126,COL_0035,REC_006,TXN_00091,286519,c091e405846df952512a60f3aa5188798a287a1879d743d45cef1b72ef2acd41,2,d1cf48bf50bb|850825652ed4,11.48,11.36,19.03367845774293,72.79777061196863,Mumbai Suburban,2026-06-18T13:29:00.000Z,2026-06-18T14:17:00.000Z,confirmed,reported_to_epr
HO-SBVQ-2Q2B,LOT_00128,COL_0042,REC_004,TXN_00092,876047,4d6055016eb7745ce1aabd2077a44dafe94d2a251305aa895c64038c28004610,1,1973eaf28301,30.48,30.01,18.47728938193023,73.81790044373722,Pune,2026-08-29T22:48:00.000Z,2026-08-30T01:43:00.000Z,confirmed,sorted
HO-A70Y-FTTJ,LOT_00129,COL_0037,REC_002,TXN_00093,374722,53da0b2c084060a1091911839f5781c683bde97a86168e8dbaa1ccd381dcdd9c,1,4b08c9a3227d,33.28,32.52,18.50604963646233,73.8437846728161,Pune,2026-07-31T19:56:00.000Z,2026-07-31T21:28:00.000Z,confirmed,sorted
HO-4BDD-N8FC,LOT_00130,COL_0027,REC_012,TXN_00094,396763,c080ee0f2958b6b1887df6222f9d3ee221af6e2f20dc222a8c762554df3c4bef,2,4c37aa66965e|0a7ae969b9f8,0.38,0.38,19.959777436479925,73.75584969283193,Nashik,2025-10-31T01:20:00.000Z,2025-10-31T02:38:00.000Z,confirmed,received
HO-52V0-A5Z3,LOT_00132,COL_0017,REC_010,TXN_00095,308990,42a61fba61eef11059fc7fb48b21bc889ffd1af5babb76ba1c921263ed5d4334,2,03f0d91c3f63|9baccddd4464,72.09,70.39,19.083108686077594,72.85642781746984,Thane,2026-04-02T06:48:00.000Z,2026-04-02T10:38:00.000Z,confirmed,processed
HO-BXP5-49AN,LOT_00133,COL_0018,REC_008,TXN_00096,473009,b76c187b363d77aa01d4db34c4521b47a2d01f1375ef96b782a306f54bef137a,4,ea0bd795c0e7|822c3b0b029f|bda708512f6f|bfd89cea8358,39.01,39.59,19.13597666629255,72.88983899966328,Mumbai Suburban,2025-10-12T21:18:00.000Z,2025-10-12T21:46:00.000Z,confirmed,received
HO-2DYV-YCG3,LOT_00134,COL_0019,REC_011,TXN_00097,785008,2587effd75052057c4315d94253f484661b7200fbd6b8222a4ea8d0fac1f6a7e,1,907dee59f138,0.27,0.27,19.102753954026102,72.87410855862349,Thane,2025-11-16T15:30:00.000Z,2025-11-16T16:37:00.000Z,confirmed,processed
HO-9C1K-FWFH,LOT_00135,COL_0047,REC_019,TXN_00098,098811,03d35a54cff6d00097b9cf684ce9945bf78326e6e6d487ad26c30b672cbf281b,3,7d948e4a63f6|1f45a87bf261|bbffaa63c73c,14.82,14.45,28.5746101020962,77.17363909188659,New Delhi,2026-02-02T18:03:00.000Z,2026-02-02T21:27:00.000Z,confirmed,reported_to_epr
HO-Q0R7-V5SK,LOT_00136,COL_0030,REC_012,TXN_00099,360812,a660f38806248712ee1c00a9bbd7ff3ef65b177c07ef89e4c451d7b8b71c4c6f,1,3ce34ca0c374,21.15,21.72,19.959777436479925,73.75584969283193,Nashik,2026-02-25T11:11:00.000Z,2026-02-25T11:21:00.000Z,confirmed,processed
HO-68X0-J0J8,LOT_00137,COL_0003,REC_003,TXN_00100,871690,e78297b201e0b7f667d7bea3c46fcabc01e6a85e12cb6308b0e582ccb2a6dda8,2,2ebca05ba7ba|05f53ca1ad64,38.32,37.09,18.591669234344362,73.92084231090993,Pune,2025-10-15T07:00:00.000Z,2025-10-15T09:34:00.000Z,confirmed,reported_to_epr
HO-A2S9-53MP,LOT_00138,COL_0039,REC_011,TXN_00101,940151,6fb85061413b49ee970d253b56dd205414764bebd948543872e518104fe7b914,1,f58cadd44efb,134.18,135.45,19.102753954026102,72.87410855862349,Thane,2026-05-31T02:07:00.000Z,2026-05-31T05:58:00.000Z,confirmed,processed
HO-23MZ-NHE5,LOT_00139,COL_0021,REC_002,TXN_00102,494455,06ce344bcc6e6b742ba9c2fc30cfffb7ef8f15e7c2c3d3439c6ffef40011a3f5,3,a1e558b0ae1c|c17be67c2049|32f5948df1da,55.1,55.6,18.50604963646233,73.8437846728161,Pune,2026-05-24T11:11:00.000Z,2026-05-24T14:55:00.000Z,confirmed,sorted
HO-04RZ-B0SC,LOT_00140,COL_0039,REC_011,TXN_00103,858547,94d916dba9ff2d4c89303e19dadfbfe893284a12475c1e8e75bfc2b316b78f67,4,92b01556099c|3a32b54c051d|72257f8140e9|43ef70c55187,103.1,105.96,19.102753954026102,72.87410855862349,Thane,2025-09-26T05:19:00.000Z,2025-09-26T06:35:00.000Z,confirmed,processed
HO-QYQN-WWE0,LOT_00146,COL_0046,REC_003,TXN_00104,858871,aebcb09e90ec0e943cbc9b0ad78a28905beeb36f43a53a11b29523b0bfefdcc0,4,7401da8b8945|873704808595|ad0d7af8a7b2|7551da06b88d,48.55,47.08,18.591669234344362,73.92084231090993,Pune,2026-05-09T11:08:00.000Z,2026-05-09T12:46:00.000Z,confirmed,reported_to_epr
HO-N1B4-EEGW,LOT_00149,COL_0050,REC_002,TXN_00105,425343,45d7bed342c5f116dedeff55d56cae2af15b49ec39cb5570f80db46be9139c93,4,ad470809a827|551b4e3c35af|5002cb757fc4|c52c704c7b12,19.53,18.83,18.50604963646233,73.8437846728161,Pune,2026-06-11T21:03:00.000Z,2026-06-11T22:34:00.000Z,confirmed,received
HO-XT0P-PKGM,LOT_00150,COL_0027,REC_012,TXN_00106,133411,16ed09bd412c585c9f67554ce4bfc9975938388e6f4aa51d6bc202675cd5693b,2,f2d3133cb7ca|6daf303a472c,35.54,38.39,19.959777436479925,73.75584969283193,Nashik,2026-08-27T09:09:00.000Z,2026-08-27T10:41:00.000Z,confirmed,reported_to_epr
HO-1R7X-TMJG,LOT_00152,COL_0046,REC_003,TXN_00107,793990,e1ce441919bd040b9299289f819fed5f78218d85c99ced7bf9f537bbad53694e,2,2692242f59f3,26.43,25.44,18.591669234344362,73.92084231090993,Pune,2026-06-16T09:00:00.000Z,2026-06-16T09:34:00.000Z,confirmed,processed
HO-1D1E-74VW,LOT_00153,COL_0052,REC_020,TXN_00108,968841,fb1cdd061ee6c6ab26cf3d96dd110e99c34fe11a181b78ff116395cb9b7bd817,1,587998080028,33.46,32.32,13.029597338622809,77.64679760476052,Bengaluru Urban,2026-02-03T06:16:00.000Z,2026-02-03T09:34:00.000Z,confirmed,processed
HO-13M0-R4RZ,LOT_00154,COL_0017,REC_010,TXN_00109,997724,ac55cf2ead30d1455edac4a67835fdf485c6f504ddeb80fa6b42de402339c832,2,8ff0782486ef|ea41a0cd6605,17.28,16.8,19.083108686077594,72.85642781746984,Thane,2026-02-15T22:25:00.000Z,2026-02-16T02:03:00.000Z,confirmed,reported_to_epr
HO-VXJN-YDBR,LOT_00155,COL_0056,REC_007,TXN_00110,757920,a3826e15f53d43d619e5241f4f65d32532effae35654f634bc8e5a90d2120ffb,1,5b25d113b106,25.9,26.24,19.195889419919254,72.94376047792733,Mumbai Suburban,2025-09-24T03:12:00.000Z,2025-09-24T04:21:00.000Z,confirmed,processed
HO-1Z0Y-08QQ,LOT_00156,COL_0050,REC_001,TXN_00111,371175,4c0e47e5fd379a34066e0513fdabe205d738a392c6b3a996e3965f7a4906d7b5,1,ae1d5cf27bd3,0.2,0.2,18.486481618070602,73.82617345626355,Pune,2026-05-29T07:13:00.000Z,2026-05-29T07:43:00.000Z,confirmed,sorted
HO-RRJZ-6PJT,LOT_00158,COL_0007,REC_010,TXN_00112,085072,fcd49e5145658a497200161075c61021bc50d8f579035e3213de4052cd79bfbe,2,eef9b6fc2add|38f9ac3f3330,49.04,49.97,19.083108686077594,72.85642781746984,Thane,2026-08-14T14:05:00.000Z,2026-08-14T16:35:00.000Z,confirmed,reported_to_epr
HO-X87Y-FGZX,LOT_00159,COL_0043,REC_004,TXN_00113,572236,c00a149a7eef3718659d18fde470e212589bb81ab0de1f083014624e3d61a95a,1,91773507a78b,12.19,12.45,18.47728938193023,73.81790044373722,Pune,2026-02-08T15:28:00.000Z,2026-02-08T16:18:00.000Z,confirmed,reported_to_epr
HO-090P-6KKT,LOT_00160,COL_0015,REC_016,TXN_00114,954107,e9849fb1eb4bf9bdfe224156ffeeb5f2336095c40c800e35bfc8deb1fdef29d6,2,23775d0501df|115f008ce47a,16.47,15.97,19.93828253748715,75.39917428373843,Chhatrapati Sambhajinagar,2025-12-23T21:32:00.000Z,2025-12-24T01:06:00.000Z,confirmed,sorted
HO-PEZZ-G6SR,LOT_00161,COL_0032,REC_007,TXN_00115,172104,d32221d39a94cb3f44fe8fd234a6c6b45d1bdb3663568561bb97833b040fc93d,3,7d2a3100f2ed|03e11cfd0fe4|7a285e80ac4a,13.2,12.7,19.195889419919254,72.94376047792733,Mumbai Suburban,2025-11-07T12:16:00.000Z,2025-11-07T14:04:00.000Z,confirmed,received
HO-ZDEX-M78E,LOT_00162,COL_0023,REC_019,TXN_00116,653781,051c0e940b9a2834b6b98dab97612c87004692fa01da32c051c1c041df544a39,4,20dd403b182f|b55124876827|10c81a095883|f9a392637291,16.76,17.47,28.5746101020962,77.17363909188659,New Delhi,2025-09-05T10:57:00.000Z,2025-09-05T12:17:00.000Z,confirmed,processed
HO-ED3K-PXNP,LOT_00163,COL_0014,REC_004,TXN_00117,761576,304860f371d2d7499573e1677a4cfbf11dcf861428b0ac53cf5f17e643c330ca,4,16e2881f6493|7083e8ec2e40|83e5ff2e5a6a|c276d586506d,12.53,12.89,18.47728938193023,73.81790044373722,Pune,2026-02-15T13:59:00.000Z,2026-02-15T17:00:00.000Z,confirmed,received
HO-NPTC-PBZY,LOT_00164,COL_0044,REC_001,TXN_00118,185103,cb268bfeba879b671d9a43ceaada3944908dbd7d69bbe0a4aab5a3487541a464,3,46e0665d70b8|79375b37cb96|8c056585de43,10.27,10.6,18.486481618070602,73.82617345626355,Pune,2026-05-10T15:18:00.000Z,,pending,
HO-MRM2-EVZZ,LOT_00165,COL_0016,REC_008,TXN_00119,384056,919aa4c15aebdac228e276a4331d8c044fa306fe4ac9a40986aab96ac14a62b3,3,266acdb32622|f0299ee25a2e|a231dad9f7f7,9.27,9.23,19.13597666629255,72.88983899966328,Mumbai Suburban,2025-12-03T01:44:00.000Z,2025-12-03T04:58:00.000Z,confirmed,sorted
HO-136V-7ESC,LOT_00166,COL_0051,REC_008,TXN_00120,260039,0c97b9baaf280c9d4ff89d56d01ef7b175cb9a305aa9a0e634dfe349c4739039,4,c27843c18461|5018d4995e94|a3a45c7fb59f|52c587b93d80,43.02,44.68,19.13597666629255,72.88983899966328,Mumbai Suburban,2025-12-05T11:24:00.000Z,2025-12-05T14:44:00.000Z,confirmed,sorted
HO-PCGD-Q78N,LOT_00167,COL_0013,REC_021,TXN_00121,650722,1362e5a41be134672b1f42edf30fe5ba8c8fbbb657678a4af03fd612548bb801,3,e779b0c70a91|e590d04e6662|00a7347923cf,21.13,21.93,12.939527776500583,77.56573499885053,Bengaluru Urban,2025-10-02T02:37:00.000Z,2025-10-02T03:12:00.000Z,confirmed,processed
HO-A8HC-S257,LOT_00168,COL_0016,REC_007,TXN_00122,189571,aa60758a1f659c107a6315b339c5449516cc8182a1b97b05af947498ba7c05a8,4,b0c52f5446fb|6fe4fe54ccdd|55e7f79e7b54|79eea653472b,58.09,57.45,19.195889419919254,72.94376047792733,Mumbai Suburban,2026-07-05T14:49:00.000Z,2026-07-05T15:48:00.000Z,confirmed,processed
HO-SSHA-TK1V,LOT_00170,COL_0041,REC_020,TXN_00123,336501,2557739b2e802d7a68d0ee11e75129f6b8753d2d03c947f6e77ddb548896e2e6,3,709407395ad3|93e0c3898e3b|021f7d89f95f,42.86,42.22,13.029597338622809,77.64679760476052,Bengaluru Urban,2026-03-17T18:10:00.000Z,2026-03-17T21:10:00.000Z,confirmed,processed
HO-AC6W-4H2Z,LOT_00171,COL_0020,REC_010,TXN_00124,177768,0e7b53441390bc2369bcd90f91522938a53b9b5a61c826f09455927e9e199a99,1,8aa819e706b9,0.39,0.36,19.083108686077594,72.85642781746984,Thane,2026-04-06T05:43:00.000Z,2026-04-06T07:37:00.000Z,confirmed,reported_to_epr
HO-BTVX-TKZB,LOT_00172,COL_0004,REC_001,TXN_00125,871165,b17a2fe99f66eb5e08d283232256a496618c925db6d88fa2f521c6a756f4761d,3,499ece473d81|e0c62ec7a739|22a931acd91f,78.75,79.46,18.486481618070602,73.82617345626355,Pune,2025-11-21T09:12:00.000Z,2025-11-21T10:04:00.000Z,confirmed,processed
HO-TXB1-ZR1Q,LOT_00173,COL_0019,REC_010,TXN_00126,713159,bb5d016937e37d282d2e8907d7b3c77698666ae8f92319e199105dbf95f4fcaa,2,51193c4c9d6b|42cf2a4fa614,17.12,11.27,19.083108686077594,72.85642781746984,Thane,2026-04-16T11:22:00.000Z,2026-04-16T11:47:00.000Z,confirmed,processed
HO-6ACT-NB2K,LOT_00178,COL_0001,REC_013,TXN_00127,498546,0a6e91cc8437972242c2d0da1dde7a49d06692fa2e07b64786dadf6f720d6bb8,1,77c8d8a1e246,3.98,3.92,20.144208687990904,73.92183781919181,Nashik,2026-01-22T07:11:00.000Z,2026-01-22T10:21:00.000Z,confirmed,reported_to_epr
HO-BT2P-QRHX,LOT_00179,COL_0001,REC_013,TXN_00128,272219,8443438f6f6e3f91d8b81a4dcd4b2806aa9b16c23fdb33502b3a2991d9f0d9e1,3,2252731b387f|87ff4cdd572d|03bafd350f0c,8.87,8.58,20.144208687990904,73.92183781919181,Nashik,2025-11-13T01:17:00.000Z,2025-11-13T01:26:00.000Z,confirmed,received
HO-AM88-0E71,LOT_00180,COL_0039,REC_010,TXN_00129,992374,2a7b935d3db222a2ed4a2608f0efdabc754265e7dc5d61b0990d29d4e2e249a9,2,0ae01743eeda|686e904de651,50.6,50.68,19.083108686077594,72.85642781746984,Thane,2026-04-05T16:55:00.000Z,2026-04-05T19:20:00.000Z,confirmed,reported_to_epr
HO-W3T7-R4E5,LOT_00181,COL_0024,REC_006,TXN_00130,889476,55b21196c1d2b1e4412b04657edfc57b07aba5331ae824fd9079a6811f256a16,1,94c8597ed4d0,48.83,49.25,19.03367845774293,72.79777061196863,Mumbai Suburban,2026-07-20T23:06:00.000Z,2026-07-21T00:35:00.000Z,confirmed,received
HO-EX2F-PKDV,LOT_00182,COL_0055,REC_008,TXN_00131,146960,0cecc4aa32aa727b8ac0a7108d27327ebf4909b60f1f76bdfe6447742c48fe86,2,179760ff6ab8|9435464a2303,37.72,38.12,19.13597666629255,72.88983899966328,Mumbai Suburban,2026-02-25T01:40:00.000Z,,pending,
HO-NAJ5-WHPQ,LOT_00183,COL_0012,REC_001,TXN_00132,145318,cb30936c3106c0de3828c55eedf650de60e68bb469c36e545c312ab9470e0311,2,2030d470ff1a|04578754ae42,48.76,47.76,18.486481618070602,73.82617345626355,Pune,2026-03-11T21:48:00.000Z,2026-03-12T00:16:00.000Z,confirmed,received
HO-SMQ5-C3Q0,LOT_00185,COL_0032,REC_008,TXN_00133,441478,b0ce0b3fdc1283d3ce0c3713aac2ee44537232763b1d585c1f6204ec6fc43b47,2,6ab9822208c2|eefe48aadd80,4.89,5.07,19.13597666629255,72.88983899966328,Mumbai Suburban,2026-01-17T13:21:00.000Z,2026-01-17T16:34:00.000Z,confirmed,received
HO-Q1WB-6JV6,LOT_00186,COL_0049,REC_019,TXN_00134,687231,b3ea158b8a1e920ce0cc683be30369575a771365661aea58a3fe5d70a5740a5b,1,427e4bcf39f5,2.97,3.04,28.5746101020962,77.17363909188659,New Delhi,2025-12-20T14:23:00.000Z,2025-12-20T15:35:00.000Z,confirmed,processed
HO-XKZ6-956S,LOT_00188,COL_0028,REC_007,TXN_00135,427860,630e1e4fa00f6c736cafeb3552cb40e346e28d378b041441fddc7ce3f398cab7,2,da6f888da049|35dc6ec346d1,87.58,87.59,19.195889419919254,72.94376047792733,Mumbai Suburban,2026-06-14T07:18:00.000Z,2026-06-14T09:55:00.000Z,confirmed,received
HO-MBAF-FR76,LOT_00189,COL_0028,REC_008,TXN_00136,009982,a6943269e8bf7d2032b573677ca8d2921cca8d0b0d102d39954a2ec2aeaa0da3,1,b212503d4e69,3.93,3.68,19.13597666629255,72.88983899966328,Mumbai Suburban,2026-02-06T11:26:00.000Z,2026-02-06T13:56:00.000Z,confirmed,received
HO-CVWR-PK87,LOT_00191,COL_0032,REC_007,TXN_00137,649240,d167a57d98fd9d5afe2687172676c57eb817e1b610b945c7c83f6ee070ccff73,2,c54a44701cdf|238a9a3e23cb,29.21,30.8,19.195889419919254,72.94376047792733,Mumbai Suburban,2026-01-04T00:21:00.000Z,2026-01-04T04:01:00.000Z,confirmed,processed
HO-2ZSW-G858,LOT_00192,COL_0040,REC_008,TXN_00138,013826,252c40e7407b60b13dd1479c7d8be8b4d0cb13d717f262282eb677b29c548c61,2,edd3e6808ace|b7f389194e24,26.48,28.2,19.13597666629255,72.88983899966328,Mumbai Suburban,2026-04-29T02:28:00.000Z,2026-04-29T05:48:00.000Z,confirmed,sorted
HO-N8CS-SSF6,LOT_00193,COL_0010,REC_005,TXN_00139,484656,46a67f05bbab018ff3868f58384f39ad559817392dc23653359a7c70b6735b83,2,d0981d59cbc0|6e44ce1c93a1,0.21,0.2,18.489540040129423,73.82892603611648,Pune,2026-06-29T14:27:00.000Z,2026-06-29T15:53:00.000Z,confirmed,reported_to_epr
HO-NW2Y-K87N,LOT_00194,COL_0020,REC_011,TXN_00140,894498,e7dd3a21d2354c636e91565b79756dfe292f91806ed2e55385c8c0aee09cebd7,2,da14b1ab3f16|54b1deb8a1a5,61.22,60.7,19.102753954026102,72.87410855862349,Thane,2026-07-20T17:57:00.000Z,2026-07-20T21:55:00.000Z,confirmed,processed
HO-95P8-H90S,LOT_00195,COL_0001,REC_013,TXN_00141,163610,d9d34c498dc4d546838c071c6ef516a0ba99dc550b35171a6f5d5aa11cd6d0d4,1,8d8c68d78a43,0.49,0.49,20.144208687990904,73.92183781919181,Nashik,2026-08-03T19:12:00.000Z,2026-08-03T20:16:00.000Z,confirmed,reported_to_epr
HO-GM07-XZM7,LOT_00197,COL_0030,REC_012,TXN_00142,203340,04a335181325d11cbb2db19813d3780900c647eac5ddb1d44998c968abdcc06f,3,754744fee784|55117173a1e8|f4e01b1f0794,3.75,3.86,19.959777436479925,73.75584969283193,Nashik,2025-11-28T07:04:00.000Z,2025-11-28T10:54:00.000Z,confirmed,received
HO-C67Q-J6DP,LOT_00198,COL_0025,REC_002,TXN_00143,181409,6ec01824a50bade3d0dcdfa03883310513d7261d158225e5533c6f683c3bbf82,1,a4ddfde0966b,36.58,36.87,18.50604963646233,73.8437846728161,Pune,2026-01-30T19:45:00.000Z,2026-01-30T22:36:00.000Z,confirmed,sorted
HO-9PM7-J2VW,LOT_00199,COL_0030,REC_013,TXN_00144,953662,be7ca91533ed925bb064fb732e824480b1ae6722c3cd5002747c93e8642bbc40,2,e477b4781ca2|2e24aebe0e0f,55.01,55.77,20.144208687990904,73.92183781919181,Nashik,2026-03-22T05:35:00.000Z,2026-03-22T06:32:00.000Z,confirmed,sorted
HO-ZYS2-1Y15,LOT_00200,COL_0019,REC_010,TXN_00145,808811,fbd1cbf61e0211d002d4c2acb98f05817b0fca3d1548200d9d875eb6e864d03a,2,79763e9f101d|4d5707a740cb,6.1,6.07,19.083108686077594,72.85642781746984,Thane,2025-11-06T07:44:00.000Z,2025-11-06T10:47:00.000Z,confirmed,sorted
HO-ZCYP-HFKC,LOT_00201,COL_0022,REC_007,TXN_00146,505881,06d9a3686997b99c80e952d363dca9f4b0e969a6909a8c9e4985c8173ecd2872,3,76960c016513|fe32981ac83e|70de3cc771c5,107,107.17,19.195889419919254,72.94376047792733,Mumbai Suburban,2026-03-15T02:30:00.000Z,2026-03-15T04:44:00.000Z,confirmed,received
HO-X0V4-KH8T,LOT_00202,COL_0042,REC_002,TXN_00147,554224,b482e7170282758885d7d6398a6aae5a5be203dd2dc60667c8002eecb64d2e15,1,97467a9ff9ae,34.54,36.32,18.50604963646233,73.8437846728161,Pune,2026-05-21T22:49:00.000Z,2026-05-22T00:38:00.000Z,confirmed,received
HO-7747-R6VV,LOT_00203,COL_0050,REC_002,TXN_00148,883477,6d3c29ee778b1409545927e1daecb8bdd1fb5cee6ae746fa170ce17087b803a1,2,3ed5b412210b|9dbf1e670e9e,34,33.12,18.50604963646233,73.8437846728161,Pune,2026-07-09T14:53:00.000Z,2026-07-09T17:59:00.000Z,confirmed,sorted
HO-VYQM-MJ5M,LOT_00204,COL_0053,REC_012,TXN_00149,480118,4c8b3c3e7178fa6f11c61ba0b82f95e399f25e314b368d3e3358a62284d8d91b,1,9f2ab3119b9d,36,35.86,19.959777436479925,73.75584969283193,Nashik,2026-06-09T22:02:00.000Z,2026-06-09T22:24:00.000Z,confirmed,reported_to_epr
HO-ZMV3-E41D,LOT_00205,COL_0039,REC_010,TXN_00150,348222,f1d740aca31c60eee37b49be15c25c2d55d38e0c1f85f29c91be3983cbf76ae6,2,548390127a0e|2c56e1abfd9a,67.4,66.93,19.083108686077594,72.85642781746984,Thane,2026-07-12T19:54:00.000Z,2026-07-12T21:34:00.000Z,confirmed,sorted
HO-400R-WSYM,LOT_00206,COL_0049,REC_019,TXN_00151,755898,57c263878de7919ac79766ab2e7903578c125651c78d4d1bbb70f1323830872d,3,e28834868f4e|61ffc0374fbb|bacc929b48c6,33.1,31.12,28.5746101020962,77.17363909188659,New Delhi,2025-12-10T04:48:00.000Z,2025-12-10T05:31:00.000Z,confirmed,received
HO-W8V7-HF4S,LOT_00207,COL_0015,REC_016,TXN_00152,062038,9cd895812930a378e49c3741c18c8885936b547aa46622cb9085c7678b6f0901,1,adc5a94c6c76,4.58,3.14,19.93828253748715,75.39917428373843,Chhatrapati Sambhajinagar,2025-09-30T12:06:00.000Z,2025-09-30T15:59:00.000Z,confirmed,received
HO-RRJ6-SE2F,LOT_00210,COL_0020,REC_011,TXN_00153,215026,cf2be692dab99b33aa66751fb0c0c33694b8439e45ccde1c9eb7886ee0933921,2,bb708c4777c5|9385957bd919,65.97,65.41,19.102753954026102,72.87410855862349,Thane,2026-03-09T06:30:00.000Z,2026-03-09T06:56:00.000Z,confirmed,sorted
HO-Z9SV-1AFW,LOT_00211,COL_0029,REC_008,TXN_00154,385653,3add50462920b61664eac854caef718fa56f6c9930733f37218753391bccb37a,1,5d47e3f6b915,4.44,4.61,19.13597666629255,72.88983899966328,Mumbai Suburban,2026-05-17T04:00:00.000Z,2026-05-17T06:26:00.000Z,confirmed,reported_to_epr
HO-M5SB-BV1R,LOT_00212,COL_0039,REC_011,TXN_00155,533678,6cf8e3124c8932af30644ff2135df5318e26821abf02c2ef551b4addb0de534b,1,b13a52587115,3.65,3.57,19.102753954026102,72.87410855862349,Thane,2026-01-23T12:18:00.000Z,2026-01-23T13:11:00.000Z,confirmed,sorted
HO-PNKQ-0DMM,LOT_00213,COL_0049,REC_019,TXN_00156,619010,3c2170dd8d9f8d8a898ad8184754f1f0e4e5576f4d2e0f1c930b8c3e0a2a766f,3,fcbc4c5f4a3d,39.31,41.59,28.5746101020962,77.17363909188659,New Delhi,2026-05-20T08:21:00.000Z,2026-05-20T12:15:00.000Z,confirmed,received
HO-HMCW-19PD,LOT_00214,COL_0017,REC_011,TXN_00157,462366,093ca158710e03de3f6db48173b1f5cd077e68b01dcf15041d16fa3add63d5f3,1,913e384dd4ab,0.17,0.17,19.102753954026102,72.87410855862349,Thane,2026-01-21T16:21:00.000Z,2026-01-21T19:06:00.000Z,confirmed,received
HO-Y377-JPB4,LOT_00215,COL_0030,REC_012,TXN_00158,737500,e1bd1c21df9f1f0650999816f02c340220513a1ae63324f3bc1bc07e8741f881,3,149bbc7d39e7|7c29609d2dab|ab26795ca541,20.31,20.24,19.959777436479925,73.75584969283193,Nashik,2025-12-27T22:59:00.000Z,2025-12-27T23:52:00.000Z,confirmed,sorted
HO-BSZ3-PS3Z,LOT_00218,COL_0011,REC_014,TXN_00159,768847,a9656d3920ac4ad49e87653a0b105aea06fb656a62a617a5681981ec89fab736,1,88c4f6aaaa16,28.28,27.59,21.207097198012473,79.14336747821122,Nagpur,2026-06-22T02:42:00.000Z,2026-06-22T06:02:00.000Z,confirmed,processed
HO-2BRZ-2V3K,LOT_00220,COL_0003,REC_001,TXN_00160,489703,d16c0512ff7c12d1d8ac06c596d6abf28d00dee5d99f0dbcb1530ac29f74fb17,2,5e774c226aa8|5683d49bf1ed,21.36,22.17,18.486481618070602,73.82617345626355,Pune,2026-06-27T21:04:00.000Z,2026-06-28T00:47:00.000Z,confirmed,sorted
HO-CHWS-00TY,LOT_00221,COL_0050,REC_001,TXN_00161,208965,c0820a94c39443f6bb22f4a3e6b4e4b85f926a4d744a5cf2de16bd0897c82e33,2,0b46848d38ea|5825ed638179,68.33,67.58,18.486481618070602,73.82617345626355,Pune,2026-05-29T01:33:00.000Z,2026-05-29T05:22:00.000Z,confirmed,reported_to_epr
HO-Y308-QFCG,LOT_00222,COL_0043,REC_001,TXN_00162,125817,8790e853ac2c998807dcadd9972010b7c176bd1d7bccf4015343b6af679dc127,2,df9d3b417d4b|549d58ec5487,30.57,30.06,18.486481618070602,73.82617345626355,Pune,2026-06-24T12:19:00.000Z,2026-06-24T13:22:00.000Z,confirmed,sorted
HO-X106-S5FS,LOT_00223,COL_0021,REC_002,TXN_00163,641347,0aeb501fefebc5d22ccda7162662f685a3fdaa53c793b13ee8b03bcd80919057,1,9759fe303838,5.9,5.58,18.50604963646233,73.8437846728161,Pune,2026-07-03T10:48:00.000Z,2026-07-03T12:08:00.000Z,confirmed,processed
HO-VS58-C2ZM,LOT_00224,COL_0037,REC_002,TXN_00164,938019,51c5b32bf0592958050711b8ca824b7cd547bd73df2367128a3e9a19b5d6b02e,1,ffa5fc5c6b3f,11.39,11.39,18.50604963646233,73.8437846728161,Pune,2026-08-01T16:34:00.000Z,2026-08-01T20:06:00.000Z,confirmed,received
HO-NNNQ-BG1N,LOT_00225,COL_0006,REC_006,TXN_00165,814688,62a269fed92a6f6148325dd3c0942b291e16ca4c1569342abcb379d3e8616ac4,3,ddc3f2e0a1b2|8a13bf68f5a4|3383c29254df,41.22,40.94,19.03367845774293,72.79777061196863,Mumbai Suburban,2026-04-21T02:52:00.000Z,2026-04-21T06:20:00.000Z,confirmed,reported_to_epr
HO-KWM1-P4H1,LOT_00226,COL_0023,REC_019,TXN_00166,910094,1b1526732614218f453cab5ace1ee47d0838c2bc2b82d15579cd7a2471c5e50b,1,d2c134fdb861,30.99,32.72,28.5746101020962,77.17363909188659,New Delhi,2026-07-27T03:29:00.000Z,2026-07-27T04:03:00.000Z,confirmed,processed
HO-5VCZ-847E,LOT_00229,COL_0018,REC_008,TXN_00167,429061,4eadd4c2de025b819d95a6d8cbcf059c9a4ca1ef1b372a5e899b67d1f26b9a3e,3,cba282e1f7fa|b1511ce16f09|04afd9f32644,15.83,15.36,19.13597666629255,72.88983899966328,Mumbai Suburban,2026-05-08T14:36:00.000Z,2026-05-08T16:56:00.000Z,confirmed,processed
HO-BQ97-G3DQ,LOT_00230,COL_0002,REC_007,TXN_00168,150654,1ef20dbb12a5ec5726abad1b666544028cff4e80b610e89f24f38f25314ee772,1,818e300e285e,1.5,1.54,19.195889419919254,72.94376047792733,Mumbai Suburban,2026-08-17T02:27:00.000Z,2026-08-17T05:58:00.000Z,confirmed,sorted
HO-QFB9-1N7A,LOT_00231,COL_0035,REC_008,TXN_00169,089982,ee23c537f0d614c7961b6df495cda95e708c3b2c267412563b47ca21897da61c,2,1bbabfe5ace4|f6e85b537a16,3.94,2.43,19.13597666629255,72.88983899966328,Mumbai Suburban,2025-10-20T08:17:00.000Z,2025-10-20T11:09:00.000Z,confirmed,sorted
HO-X2AA-FXNG,LOT_00232,COL_0027,REC_013,TXN_00170,684482,55064c8a3b955cbf97227e1122d3a6b3b15611813fdb8d537eda4289fb0fce63,2,efe62ebc4e74|625fe9ed5d26,0.79,0.81,20.144208687990904,73.92183781919181,Nashik,2025-09-16T05:45:00.000Z,2025-09-16T09:28:00.000Z,confirmed,processed
HO-AXA9-PRBW,LOT_00233,COL_0048,REC_010,TXN_00171,058919,37b242aeec355b9bad05e932ed3c81ad4f8b492e0a356138adbc1cb892ac6d13,1,d6014be2c6e5,14.26,14.6,19.083108686077594,72.85642781746984,Thane,2026-06-15T19:22:00.000Z,2026-06-15T19:28:00.000Z,confirmed,sorted
HO-JSAJ-8DQE,LOT_00234,COL_0046,REC_002,TXN_00172,145961,7e44595797178e65d94ab3c312d6aa2fdaf3bcb13d7535beac71de0447519ea8,2,2301983b7225|8b2cb3cbb3c0,84.51,82.95,18.50604963646233,73.8437846728161,Pune,2026-04-09T02:08:00.000Z,2026-04-09T02:26:00.000Z,confirmed,received
HO-0CMA-GANY,LOT_00236,COL_0005,REC_014,TXN_00173,961780,c831d35037fc819553d27a4567cfff5cfc5b88ce9eadc8c91b19ce1679dc4bae,1,77115fd45b44,26.92,28.22,21.207097198012473,79.14336747821122,Nagpur,2026-03-23T19:07:00.000Z,2026-03-23T22:20:00.000Z,confirmed,processed
HO-BJS0-ECZT,LOT_00237,COL_0044,REC_005,TXN_00174,503704,fd06f3c0049c881086c33ec16c98ce32430fe99da35f81b06f745eedc7f3a33e,4,0d9721ff55a2|305b8903cd5f|c3e4c7f1a503|06a455645bbe,40.45,41.02,18.489540040129423,73.82892603611648,Pune,2025-10-25T16:54:00.000Z,2025-10-25T20:29:00.000Z,confirmed,processed
HO-X4ZN-7CZE,LOT_00238,COL_0033,REC_010,TXN_00175,544709,62a37166d17a508feb8c8caf7abbb51fa069eae02b76d435d988aa04e47f3bc0,1,754605d794df,0.31,0.31,19.083108686077594,72.85642781746984,Thane,2026-07-16T17:33:00.000Z,2026-07-16T20:56:00.000Z,confirmed,processed
HO-16EN-6NXS,LOT_00239,COL_0011,REC_014,TXN_00176,521439,71a20bbadf5fb29e86763f187b4ec09498b17b0e6e3bfd943d242b77122ce0dc,3,278380320a8c|01c74b1ed477|fc0af35c8415,23.92,24.5,21.207097198012473,79.14336747821122,Nagpur,2026-08-04T14:51:00.000Z,2026-08-04T14:57:00.000Z,confirmed,received
HO-DC5E-KKQK,LOT_00240,COL_0020,REC_011,TXN_00177,996493,2d9a27fd15116b13e5924a7f376d31a6f70296f1bdda733cfc42ea1c29f0b847,1,ff1f8e44ca0f,3.57,3.64,19.102753954026102,72.87410855862349,Thane,2025-10-21T15:07:00.000Z,2025-10-21T16:58:00.000Z,confirmed,reported_to_epr
HO-71W7-PB1D,LOT_00241,COL_0007,REC_011,TXN_00178,507028,7ae034a65ecae0a6704d17a77a4f800e7c18749529b6ab5f86fcec5e84209a66,4,7a87469464e7|726b63575eee|c00c9bdaa0f6|6db93dccc134,58.23,56.03,19.102753954026102,72.87410855862349,Thane,2025-11-29T18:22:00.000Z,2025-11-29T20:53:00.000Z,confirmed,received
HO-PRDS-Q2NB,LOT_00242,COL_0020,REC_010,TXN_00179,758910,3cc740c485dfed4ea079673d0a5e082686ef1abd92c5ed87a4b13e69f3a4b9f2,4,632ac929b61c|67aa88bb0fe2|dc761e897568|e040389fbf6e,23.61,23.98,19.083108686077594,72.85642781746984,Thane,2025-11-02T04:05:00.000Z,2025-11-02T07:02:00.000Z,confirmed,reported_to_epr
HO-W26G-P7Z0,LOT_00243,COL_0012,REC_003,TXN_00180,897183,9d30ab8d9ad6b63d905f34b6b4b89f1b072c3f82b6b85a2d10a4c331246ce3fa,2,d4f3daef2676|a338422badfd,14.66,14.92,18.591669234344362,73.92084231090993,Pune,2026-06-07T12:36:00.000Z,2026-06-07T14:07:00.000Z,confirmed,received
HO-A840-AFPQ,LOT_00245,COL_0023,REC_019,TXN_00181,434830,98123fca4cb71fa379c21bd11e274a5b0bdf2b4e71832493428fb0c60b50f803,1,3367c059f289,0.4,0.4,28.5746101020962,77.17363909188659,New Delhi,2026-06-14T00:30:00.000Z,2026-06-14T04:28:00.000Z,confirmed,received
HO-PVWE-KAPV,LOT_00246,COL_0058,REC_019,TXN_00182,530504,f48b43020902cbc0372edc079117d4d1f54b2eece57e1a07e4ef53ca23d390ae,1,ba6e31dce770,43.41,44.63,28.5746101020962,77.17363909188659,New Delhi,2026-06-20T08:42:00.000Z,2026-06-20T11:44:00.000Z,confirmed,sorted
HO-M4QV-J04A,LOT_00247,COL_0044,REC_004,TXN_00183,894843,ae7a912be47eb1b53348fb463f42efe73610eaf2544005186b7c04c5a2a4becb,1,06d8a15eaba9,2.34,2.37,18.47728938193023,73.81790044373722,Pune,2026-06-16T09:54:00.000Z,2026-06-16T11:54:00.000Z,confirmed,sorted
HO-9C5H-X661,LOT_00249,COL_0053,REC_013,TXN_00184,078616,2a9a4a2b80718ab0133ade11a16031de63f48698a37f9bdeab9313902851d96d,1,57f6fd3e70ca,0.11,0.11,20.144208687990904,73.92183781919181,Nashik,2026-07-28T02:19:00.000Z,2026-07-28T06:00:00.000Z,confirmed,reported_to_epr
HO-6K7V-NZXX,LOT_00250,COL_0009,REC_013,TXN_00185,195091,eebc78689a9fa7192e9a030f6f3d3456b4021377bf265655c2995316a835f2d4,1,718dd8ceb7ed,82.41,78.18,20.144208687990904,73.92183781919181,Nashik,2026-04-18T07:57:00.000Z,2026-04-18T11:19:00.000Z,confirmed,processed
HO-7H7M-62NE,LOT_00251,COL_0037,REC_003,TXN_00186,638593,445f595ae0a6991299a6bcf9718fc71b6c84039f468fe2a4bf19672bea05edd9,3,7e3c9b64cf9f|cdf860fc236f|8f96a0dd47fb,48.2,48.26,18.591669234344362,73.92084231090993,Pune,2026-01-15T15:20:00.000Z,2026-01-15T19:00:00.000Z,confirmed,received
HO-9X9C-AX1S,LOT_00253,COL_0051,REC_008,TXN_00187,608710,d0bb6409f2386c18385e8763f530189721bc19dc5ca990704121b49486320468,3,fb0edfb0db33|cdf55540e081|f7d53fe3ab52,31.44,32.07,19.13597666629255,72.88983899966328,Mumbai Suburban,2026-04-20T20:32:00.000Z,2026-04-20T23:08:00.000Z,confirmed,reported_to_epr
HO-DA2D-C1A2,LOT_00254,COL_0019,REC_010,TXN_00188,987586,50d89d2fd9242648ad5b3d442ff44ea21f06e0f7041e1e6228d42d2f7ab0f3fa,3,e542f9a1e935|dde943fab422|52d1b0cc886f,79.99,82.15,19.083108686077594,72.85642781746984,Thane,2026-07-14T08:54:00.000Z,2026-07-14T09:25:00.000Z,confirmed,reported_to_epr
HO-TFTR-MXTP,LOT_00255,COL_0044,REC_001,TXN_00189,171181,577ad940cc3ce46f32a00e0b2ab377bf4c5327bcb407a05d6a4ce42000889e73,3,8e51de39c67c|54d8f5ea7349|226d537cb539,41.41,42.3,18.486481618070602,73.82617345626355,Pune,2026-03-23T07:51:00.000Z,2026-03-23T09:14:00.000Z,confirmed,processed
HO-PK1C-YPW0,LOT_00256,COL_0041,REC_021,TXN_00190,926562,beb288e5bc70323734e60a202d6aa40c486060b7207a61ba81bf897cd1bf83d3,3,1b432db5a672|f584ac30e725|badc1b4ae00c,25.71,26.9,12.939527776500583,77.56573499885053,Bengaluru Urban,2025-12-04T15:24:00.000Z,2025-12-04T18:37:00.000Z,confirmed,sorted
HO-3P3E-6NY1,LOT_00260,COL_0022,REC_008,TXN_00191,658772,ea0a6ec1445d84c58b45cc0ab7760c234527a3cb12a69aa327b380409e6b895c,1,238a9a3e23cb,0.1,0.1,19.13597666629255,72.88983899966328,Mumbai Suburban,2025-09-02T22:03:00.000Z,2025-09-03T01:49:00.000Z,confirmed,sorted
HO-MM75-P9TN,LOT_00261,COL_0004,REC_001,TXN_00192,564847,64975c0fc534cb1900857ba7637547d393bc4d95be57a38705fe97315e7fa888,1,0098b404f526,37.63,36.48,18.486481618070602,73.82617345626355,Pune,2025-10-19T10:15:00.000Z,2025-10-19T10:19:00.000Z,confirmed,sorted
HO-250J-GRN4,LOT_00262,COL_0021,REC_005,TXN_00193,644228,37d7ffdda3298728ea21a62237136ca796c086307ddf0518fbd9bf0ef740f07d,1,2b38124ac667,41.06,42.17,18.489540040129423,73.82892603611648,Pune,2026-03-29T20:15:00.000Z,2026-03-29T22:40:00.000Z,confirmed,processed
HO-V5SV-BB0K,LOT_00263,COL_0029,REC_007,TXN_00194,860941,400741c00cab5fa02f2c998bd586b673e4f3a0c48d58881383f57a3195cf139b,1,275ab5afb9b6,23.51,24.32,19.195889419919254,72.94376047792733,Mumbai Suburban,2025-12-04T06:12:00.000Z,2025-12-04T09:20:00.000Z,confirmed,received
HO-R5AJ-4DPT,LOT_00264,COL_0006,REC_007,TXN_00195,547847,2889748e025b2e1c8c7d572d3049da1c22253f4f29cb8d05abdc3c6fda0713c3,2,b8dcf3cbaf41|1871d2cbf061,1.9,1.95,19.195889419919254,72.94376047792733,Mumbai Suburban,2025-11-20T14:45:00.000Z,2025-11-20T18:13:00.000Z,confirmed,received
HO-HN6Q-SNRW,LOT_00265,COL_0024,REC_007,TXN_00196,377560,1173fc9dfd02529174f4c2fb9a87d6d4b9aa917c89882f9e428af4561bec07cf,3,9d52de65a499|9a2da89d39d1|32aa72df860f,27.99,25.91,19.195889419919254,72.94376047792733,Mumbai Suburban,2026-08-19T07:19:00.000Z,2026-08-19T08:26:00.000Z,confirmed,sorted
HO-GA2J-8XJG,LOT_00266,COL_0049,REC_019,TXN_00197,175711,d74f81bc731e25f4df9a9446e202e112d1ec1c15dcf92803de1ac8ec0c08f26b,1,f5987d9acf3e,3.01,3.03,28.5746101020962,77.17363909188659,New Delhi,2025-09-18T11:24:00.000Z,2025-09-18T14:40:00.000Z,confirmed,received
HO-5HZS-8GQ0,LOT_00268,COL_0053,REC_013,TXN_00198,199037,9def52539dca4eb100944c3e3c6de4a6f1e0770cbfc53743d03843db182889be,1,b9b1d5d77db2,7.03,6.77,20.144208687990904,73.92183781919181,Nashik,2025-11-22T20:46:00.000Z,2025-11-23T00:44:00.000Z,confirmed,received
HO-JHP9-N5S1,LOT_00269,COL_0043,REC_003,TXN_00199,474621,a8e6a7ad5e0cac90ee17fc2c93c2d2962c0686a16d0837e522c3db136978e5a6,1,1e73292c0710,40.06,41.48,18.591669234344362,73.92084231090993,Pune,2025-12-13T05:57:00.000Z,2025-12-13T06:41:00.000Z,confirmed,reported_to_epr
HO-Q7H3-1YTM,LOT_00271,COL_0045,REC_020,TXN_00200,429980,283267cc04fab9a98fa5b26ad0e0c28c79c840d863c43f6d335f5313377a87d4,2,d12f325199ae|59e42dd12057,119.74,119,13.029597338622809,77.64679760476052,Bengaluru Urban,2026-01-15T01:51:00.000Z,2026-01-15T05:27:00.000Z,confirmed,processed
HO-ZTXX-CW7D,LOT_00274,COL_0052,REC_020,TXN_00201,184103,0c2ee0e69b2a80918ceb81c9392467102066afa7e031317a28ef0efd8d19ede5,1,159746db8944,2.99,2.95,13.029597338622809,77.64679760476052,Bengaluru Urban,2026-08-18T02:07:00.000Z,2026-08-18T04:13:00.000Z,confirmed,sorted
HO-V5AM-V7JV,LOT_00276,COL_0055,REC_008,TXN_00202,390049,527c650bcf82ee4e6f89a38567420863a09854e49eb710213dc9b55fe1c79adf,2,6cddb4f83ff5|65169fa9ff4e,32.52,31.13,19.13597666629255,72.88983899966328,Mumbai Suburban,2025-12-13T21:08:00.000Z,2025-12-13T21:42:00.000Z,confirmed,processed
HO-HVQ2-R5PE,LOT_00277,COL_0025,REC_002,TXN_00203,802033,9c6906c064164940fcd2727bbc2f245c32ec59eb3509251e56f65212cc398c84,3,83b06e5b288b|cebcd71ad63f|2bf9298df1ca,23.03,22.31,18.50604963646233,73.8437846728161,Pune,2026-08-12T17:56:00.000Z,2026-08-12T19:57:00.000Z,confirmed,reported_to_epr
HO-H1D1-ACMC,LOT_00278,COL_0017,REC_010,TXN_00204,786212,6ca53ea7ee01a6d28f082ec9bcf3e8917498dd999e0858e179a0c37e1c2ef8cc,2,d3dcea22d57d|47b045fbbf11,54.8,58.47,19.083108686077594,72.85642781746984,Thane,2025-09-05T05:12:00.000Z,2025-09-05T09:07:00.000Z,confirmed,processed
HO-1RET-MYNR,LOT_00280,COL_0001,REC_013,TXN_00205,928003,1ac234bf2ce7bd38672de04fd6a93b794a7027f1ab3e974256c522fbcc562424,1,0f5d40c7463e,0.04,0.04,20.144208687990904,73.92183781919181,Nashik,2026-02-03T09:26:00.000Z,2026-02-03T11:20:00.000Z,confirmed,received
HO-VYJF-Q3ZV,LOT_00281,COL_0051,REC_007,TXN_00206,372723,f77bcc6acf0938ce0a9991584c56a3a62898b477411d7be904b0ccac78bb1c1c,2,af83a931ad81|80509589e6da,3.86,3.95,19.195889419919254,72.94376047792733,Mumbai Suburban,2025-11-05T11:35:00.000Z,2025-11-05T14:10:00.000Z,confirmed,processed
HO-XNNP-CPW3,LOT_00282,COL_0052,REC_020,TXN_00207,813178,0862e10cb2165467dc8b84154f6c8ddd4e179dc8b0ae71290966728125b58662,2,e7ac07a70201|1cad5aaaa741,109.52,105.17,13.029597338622809,77.64679760476052,Bengaluru Urban,2025-11-14T15:30:00.000Z,2025-11-14T19:05:00.000Z,confirmed,received
HO-AHTW-PWBE,LOT_00284,COL_0035,REC_007,TXN_00208,251162,e43c4f1c14e18e3120715929917cc9cc4c7641d783c501925ef87f9899f13c4e,1,8d3003f0f6d1,0.44,0.42,19.195889419919254,72.94376047792733,Mumbai Suburban,2025-10-27T14:48:00.000Z,2025-10-27T15:08:00.000Z,confirmed,received
HO-VMB4-6RJX,LOT_00285,COL_0055,REC_008,TXN_00209,599089,81daaa975f6449d21dbbf1ffb36ea83935913c0a96300d94275e46373c4971fe,2,4ef753072d71|bc427e2aa450,39.2,38.33,19.13597666629255,72.88983899966328,Mumbai Suburban,2026-06-16T06:25:00.000Z,2026-06-16T08:48:00.000Z,confirmed,sorted
HO-MVHS-7T1J,LOT_00286,COL_0034,REC_005,TXN_00210,744933,880ce89ad002ef2d1a7bb70018e1eadff72322fe1c96c3a14b17e935232eaa5f,2,77107b5d4a23|91597bf36f0b,26.56,26.52,18.489540040129423,73.82892603611648,Pune,2026-05-23T03:26:00.000Z,2026-05-23T06:45:00.000Z,confirmed,reported_to_epr
HO-S3BB-DFJK,LOT_00287,COL_0039,REC_010,TXN_00211,146102,30df25bfaf7ad25393e6c92e458b35b7ead0516638680d876be710da58519545,1,ea93be060a42,21.06,21.59,19.083108686077594,72.85642781746984,Thane,2026-02-21T13:17:00.000Z,2026-02-21T14:28:00.000Z,confirmed,processed
HO-B2P8-4Y7P,LOT_00288,COL_0010,REC_004,TXN_00212,308659,2cdc89a57ddd9bf9bfdcb4624129af270d7af5ef5474f119790043b430fcd6a2,4,d93e0185f8bd|e4b037d924f5|e3994ace4296|e9c02f2bd3c0,67.53,69.07,18.47728938193023,73.81790044373722,Pune,2026-07-07T17:14:00.000Z,2026-07-07T19:20:00.000Z,confirmed,received
HO-5ZEX-BV98,LOT_00289,COL_0015,REC_016,TXN_00213,085416,da03f6cc5068dda1330d8b67dd6154a61584e907b5dd6cd796780c9d4c9e8785,4,21de8b5f92f8|bd49542b7173|9ed39eabd071|c3ed7a64b0ea,44.28,43.6,19.93828253748715,75.39917428373843,Chhatrapati Sambhajinagar,2025-09-15T23:43:00.000Z,2025-09-16T00:43:00.000Z,confirmed,processed
HO-Z8MW-K84S,LOT_00290,COL_0012,REC_003,TXN_00214,603093,1a685fd307a9e53aa35581722ebff8b72e1c6e8f937df7b340a8d31ec888252f,2,c63d2a1d132f|edbae72b46d4,3.28,3.36,18.591669234344362,73.92084231090993,Pune,2026-04-19T11:00:00.000Z,2026-04-19T14:47:00.000Z,confirmed,reported_to_epr
HO-73FZ-AV9P,LOT_00291,COL_0040,REC_008,TXN_00215,920178,716bd530e05b1271bdec6c2145a74c807a049d4e5df199f9311a8a1db3a9c5df,1,844ca2643420,0.2,0.2,19.13597666629255,72.88983899966328,Mumbai Suburban,2026-06-06T09:24:00.000Z,2026-06-06T09:33:00.000Z,confirmed,processed
HO-FSBH-MV65,LOT_00292,COL_0033,REC_010,TXN_00216,328627,d885da9b8ba3a09b1ce0252047a6782fbe2e6e32decf1a637d5a89aa09845286,3,475706f7f3fa|35a67b7c6688|ea0a68313836,30.69,32.39,19.083108686077594,72.85642781746984,Thane,2026-06-06T11:53:00.000Z,2026-06-06T14:49:00.000Z,confirmed,reported_to_epr
HO-QN6Y-KZK9,LOT_00295,COL_0060,REC_014,TXN_00217,625578,5d621afeb0d5de0e8e9c0c023901c06224eece614ec74908f746038360935baa,3,0ea6a7c4a5e5|01af273cefc9|bfea872cf506,56.19,56.67,21.207097198012473,79.14336747821122,Nagpur,2026-06-06T23:51:00.000Z,2026-06-07T01:18:00.000Z,confirmed,processed
HO-DAQX-GTM2,LOT_00296,COL_0001,REC_013,TXN_00218,908985,d59c5cfb941cc8003fb1748f2c5327949f878a66b51358fdb032a8729b9dd20c,1,ea89e9bc111b,6.1,6.15,20.144208687990904,73.92183781919181,Nashik,2026-03-18T03:26:00.000Z,2026-03-18T05:05:00.000Z,confirmed,received
HO-HQN2-ZDBG,LOT_00297,COL_0025,REC_003,TXN_00219,797929,18e036aa13835b4481d34f9861e3907dc58da33963a4d28639016d255516ad00,2,f93e25813f41|b122fc108616,30.35,29.59,18.591669234344362,73.92084231090993,Pune,2026-08-13T20:12:00.000Z,2026-08-13T20:23:00.000Z,confirmed,sorted
HO-58ZB-KM54,LOT_00299,COL_0025,REC_001,TXN_00220,627074,7cbb52acbe3a3cea8cecf15dcb42f64e33dfe85bffa6fafe7cb5b37d123fc8c6,1,a56e75dd472f,0.25,0.24,18.486481618070602,73.82617345626355,Pune,2025-10-28T19:52:00.000Z,2025-10-28T21:17:00.000Z,confirmed,processed
HO-64SV-QV8B,LOT_00300,COL_0042,REC_003,TXN_00221,912367,68d0c93d741124ca51bc18e55e0459a921deaffc93121c5b4b1e2326b8a9714a,2,ef21196bc184|bd2a12530042,3.23,3.24,18.591669234344362,73.92084231090993,Pune,2026-02-21T22:58:00.000Z,2026-02-22T01:25:00.000Z,confirmed,processed
HO-7XR6-M5DV,LOT_00304,COL_0001,REC_013,TXN_00222,748152,48a902506aa79c789b60a3db4fd1605e1096b8cb66ec6cd8b51912f636313e31,2,63f62efd12e4|bae7cae0811f,21.86,21.65,20.144208687990904,73.92183781919181,Nashik,2026-06-19T04:35:00.000Z,2026-06-19T04:37:00.000Z,confirmed,sorted
HO-9TFM-W4YW,LOT_00306,COL_0060,REC_014,TXN_00223,650331,b2f857b0e4ff3c0a4f1fb204366c77a77940b379b7f258b32a75339f5a13d3bb,3,69f2fb3efb0b|ccfad3b3f88b|c8e055cbbbac,29.96,29.42,21.207097198012473,79.14336747821122,Nagpur,2025-10-07T09:58:00.000Z,2025-10-07T10:29:00.000Z,confirmed,sorted
HO-2B8X-YEN5,LOT_00307,COL_0010,REC_004,TXN_00224,447596,b0710ad1591a4947d22b8a81b60f6f2ba15e3ec1ded533a2ecc5bb0175cf04f2,1,062f7263e5af,13.7,13.53,18.47728938193023,73.81790044373722,Pune,2026-01-31T03:36:00.000Z,2026-01-31T04:06:00.000Z,confirmed,sorted
HO-ZMEB-CJFH,LOT_00308,COL_0046,REC_003,TXN_00225,934757,ef7c63b6d8f59971037701a4161ea7699d620a14e99bfb50f82dd9302c942121,4,d35b246503d9|e66ab59bd493|afbf29cfbb95|88c66e443d7d,57.31,56.47,18.591669234344362,73.92084231090993,Pune,2026-01-23T23:47:00.000Z,2026-01-24T01:59:00.000Z,confirmed,processed
HO-7XPN-8THR,LOT_00310,COL_0056,REC_007,TXN_00226,689267,8902945e886c97a533178dfb3e47c3df01d68e5e962afc1aa1c2a03637698346,3,63e269280b96|6cc29c3c25ba|a21e39d7d48b,188.9,180.22,19.195889419919254,72.94376047792733,Mumbai Suburban,2026-04-30T06:04:00.000Z,2026-04-30T07:54:00.000Z,confirmed,sorted
HO-CPV9-R18E,LOT_00311,COL_0047,REC_019,TXN_00227,812711,c473e257180f2f41da902836c5055acc1f939ca25baa8131d8f1696e8efd228f,2,dc24f5ba062e|d9ec4e4b7d43,44.53,41.96,28.5746101020962,77.17363909188659,New Delhi,2025-10-03T19:20:00.000Z,2025-10-03T20:00:00.000Z,confirmed,processed
HO-A4SF-86ZW,LOT_00313,COL_0004,REC_001,TXN_00228,820298,b3d3efbbdeae55e84b55ef921eaa0b932b26ac0c011d1a45c125fa7ab9ff869f,3,e363937238b3|dbc7220e2e0f|89ea91208b32,12.06,12.86,18.486481618070602,73.82617345626355,Pune,2026-07-15T02:14:00.000Z,2026-07-15T03:02:00.000Z,confirmed,processed
HO-VH4K-XE1Z,LOT_00314,COL_0022,REC_007,TXN_00229,339619,15bf47d8015be3e566e095477b2c5f22168b06b36dea8bab5519e224f17efb44,2,04b54183de06|7b2dea729b4c,12.24,11.82,19.195889419919254,72.94376047792733,Mumbai Suburban,2025-12-29T16:45:00.000Z,2025-12-29T20:34:00.000Z,confirmed,sorted
HO-0H9H-V1AT,LOT_00316,COL_0053,REC_013,TXN_00230,444825,eb1f7fffc35584d10070e2b1b059991367fcef3c9887c6839faa3267fc075602,1,d59146f6b074,0.13,0.12,20.144208687990904,73.92183781919181,Nashik,2026-07-29T22:59:00.000Z,2026-07-29T23:12:00.000Z,confirmed,reported_to_epr
HO-HM1T-GA23,LOT_00317,COL_0047,REC_019,TXN_00231,276017,b5a2131778bf4f8ae927731ddd0f7ba1207a8c62ffffb96782e036abc3639e90,1,c1aafca2fa12,42.6,43.23,28.5746101020962,77.17363909188659,New Delhi,2026-07-08T15:20:00.000Z,2026-07-08T16:04:00.000Z,confirmed,sorted
HO-N803-1FCP,LOT_00318,COL_0031,REC_007,TXN_00232,756480,cdbac1e400e05203b401cc5a68b11fb12779aaa3997c10c5100cf6d77633e5dc,3,19883bf4352c|e9bd4e815beb|142e22ab46fe,104.79,105.44,19.195889419919254,72.94376047792733,Mumbai Suburban,2026-04-27T18:33:00.000Z,2026-04-27T21:39:00.000Z,confirmed,processed
HO-7NFQ-BKY4,LOT_00319,COL_0042,REC_004,TXN_00233,941650,18d40c0acd7b0c5909527a8cb1455c24859de938df6ac9ae8137de5df7207622,1,83b5b96d3469,32.76,33.6,18.47728938193023,73.81790044373722,Pune,2025-10-05T15:28:00.000Z,2025-10-05T18:52:00.000Z,confirmed,sorted
HO-C8EG-NF51,LOT_00320,COL_0019,REC_011,TXN_00234,971394,32833de48d15ad056f9d477720c2c8d6c1c57a2182eaca3cf292a63e28e5bd34,2,fd4504a63c73|94c5518de52d,2.39,2.44,19.102753954026102,72.87410855862349,Thane,2025-11-11T04:32:00.000Z,2025-11-11T06:32:00.000Z,confirmed,processed
HO-TTCZ-DEJK,LOT_00322,COL_0040,REC_007,TXN_00235,187833,49c31ba497d318cfc42cd46fd7c38c105adb8ec3fb4bd99106a7906128e9f76e,2,87bcb283c4f1|1121befcc9a8,47.53,48.4,19.195889419919254,72.94376047792733,Mumbai Suburban,2025-11-18T15:47:00.000Z,2025-11-18T19:15:00.000Z,confirmed,processed
HO-H4BN-AV4X,LOT_00324,COL_0053,REC_012,TXN_00236,809097,c137b31eb931cdb44c5cce3fef41c9e838f08831ff0df8912ff60311ee73cffb,1,16ea8d197f9c,2.23,2.26,19.959777436479925,73.75584969283193,Nashik,2026-01-15T20:01:00.000Z,2026-01-15T22:29:00.000Z,confirmed,received
HO-BXK5-0DG3,LOT_00325,COL_0042,REC_003,TXN_00237,752251,c12203d265dd393c8ad919fa7b7bb8c5e3907fbc25e814c00608d2ce62895e5a,1,253e06f5f554,5.66,5.78,18.591669234344362,73.92084231090993,Pune,2026-03-13T07:00:00.000Z,2026-03-13T10:31:00.000Z,confirmed,processed
HO-QM3F-GYHQ,LOT_00326,COL_0045,REC_021,TXN_00238,545837,b737b997382fafc8fc3807708767416de4969b4262ba72f49b25021a31064627,1,a6dfd15d1a92,10.68,10.49,12.939527776500583,77.56573499885053,Bengaluru Urban,2026-08-12T09:15:00.000Z,2026-08-12T09:32:00.000Z,confirmed,sorted
HO-0SZB-FZAT,LOT_00328,COL_0020,REC_010,TXN_00239,457934,dcd30ba138f071b273ca5895f14e4c018ce47d4b28afdfc803aeee1e0469f006,2,bee46afcd9f1|9c69aeb899d4,7.94,7.44,19.083108686077594,72.85642781746984,Thane,2025-11-19T09:20:00.000Z,2025-11-19T09:27:00.000Z,confirmed,processed
HO-PVM1-PBJC,LOT_00329,COL_0017,REC_010,TXN_00240,302618,a50a62e204c924f3d50fc57c1f103e5b9166f775d0089e86afd0f6d2da287107,4,96961b66215a|57a99771c839|7ff25bb02cfe|00408082fc42,48.35,49.83,19.083108686077594,72.85642781746984,Thane,2026-01-13T05:32:00.000Z,2026-01-13T09:11:00.000Z,confirmed,sorted
HO-ASN1-6EYJ,LOT_00330,COL_0040,REC_007,TXN_00241,226143,d97d7d225a86a799f87f909f4e2ffe70e7e2e12b9bb57243e03b03b2fd19f4c0,2,4dfe2bb1f79e|7278ecf46679,67.54,69.82,19.195889419919254,72.94376047792733,Mumbai Suburban,2025-12-01T22:37:00.000Z,2025-12-02T02:25:00.000Z,confirmed,processed
HO-4YA4-FFD6,LOT_00332,COL_0031,REC_007,TXN_00242,326014,3c09ab6266c3c0daaf6648738e86292bb092cb30914654eafb171fd79f57a0e2,1,5ec065935bc1,43.3,43.52,19.195889419919254,72.94376047792733,Mumbai Suburban,2026-03-20T15:50:00.000Z,2026-03-20T17:21:00.000Z,confirmed,received
HO-GA8B-M5F4,LOT_00335,COL_0052,REC_020,TXN_00243,521945,201f07e0aae953cca60132717a97509c1ff8692247939ffcac3c06b3a7ac51c5,1,037f7029ae61,2.63,2.72,13.029597338622809,77.64679760476052,Bengaluru Urban,2026-05-06T13:14:00.000Z,2026-05-06T14:16:00.000Z,confirmed,reported_to_epr
HO-XZXB-ABVX,LOT_00337,COL_0053,REC_013,TXN_00244,668875,8d96f6c78f9a1822d390a1d19121ef30e6be34b8e89ee1b49e774e83815f4672,1,baf37ba244bc,0.19,0.2,20.144208687990904,73.92183781919181,Nashik,2025-12-23T04:47:00.000Z,2025-12-23T05:38:00.000Z,confirmed,sorted
HO-D8AV-95DW,LOT_00338,COL_0022,REC_007,TXN_00245,577956,90d4ac76f823d9f1f13a8e9cde0de68f5670f222ae49145243eb86aad4712478,3,e280217b1209|3b201d939b67|c398df273fb6,84.13,85.35,19.195889419919254,72.94376047792733,Mumbai Suburban,2026-07-07T16:14:00.000Z,2026-07-07T19:57:00.000Z,confirmed,processed
HO-M2D0-QPMV,LOT_00339,COL_0059,REC_001,TXN_00246,507187,26becdb1cb2fd9c9470827bba75c5962c2a1f659c193c3cb1213df30973d14bd,3,70f74c7d2892|5632af0c23cf|d1c95d6ab426,22.81,23.51,18.486481618070602,73.82617345626355,Pune,2025-12-20T03:11:00.000Z,2025-12-20T05:03:00.000Z,confirmed,received
HO-QT7T-53EE,LOT_00341,COL_0045,REC_020,TXN_00247,635252,6123d34c8e21bd32721c3f4301f5b4cf762d736020e6356caf681975535d58bf,2,0a3b4417de4f|a5fa5101e94a,184.97,190.69,13.029597338622809,77.64679760476052,Bengaluru Urban,2025-11-15T09:52:00.000Z,2025-11-15T12:26:00.000Z,confirmed,received
HO-MEY3-5J0V,LOT_00343,COL_0011,REC_014,TXN_00248,495558,c2444982e6393df22d05d08a542093cc30d7b1d60abf2dbad728ca4e497d88f1,2,d1a6f4ad9aec|b021fb6daabe,17.3,17.33,21.207097198012473,79.14336747821122,Nagpur,2025-11-27T23:46:00.000Z,2025-11-28T03:32:00.000Z,confirmed,reported_to_epr
HO-ETM7-1AGM,LOT_00344,COL_0021,REC_003,TXN_00249,349039,b57b00e9ab2c303395754ef9b91cf7e6fd964e1ac29a63d9cfd47c42e37083ad,3,278380320a8c,54.79,57.65,18.591669234344362,73.92084231090993,Pune,2025-12-21T11:13:00.000Z,2025-12-21T13:10:00.000Z,confirmed,processed
HO-95E0-7GB5,LOT_00345,COL_0055,REC_007,TXN_00250,403217,cc830f76a2cda3ddebe1daf71b883ac5bd47bd7635961c6b3b7f5b199ec5eb3a,1,6f0539637270,13.75,13.79,19.195889419919254,72.94376047792733,Mumbai Suburban,2026-04-20T23:40:00.000Z,2026-04-21T03:14:00.000Z,confirmed,received
HO-JKTY-WHKM,LOT_00346,COL_0002,REC_008,TXN_00251,849149,68ea57f75a5b32682f7248f328b41f08d0ad0eb0b7f7fb733366eeffde7e731d,4,27cf8fb5bc8c|71a6609371b1|96b50916f970|7833cd33850a,35.16,36.12,19.13597666629255,72.88983899966328,Mumbai Suburban,2026-04-21T02:22:00.000Z,2026-04-21T03:19:00.000Z,confirmed,reported_to_epr
HO-E5FK-GSCS,LOT_00348,COL_0029,REC_008,TXN_00252,666910,fd88d74650876c1782e075bc1ed0b599baa4412df80089a3d43bc7ca7a69e5ab,1,a855f0eccd2f,2.47,2.4,19.13597666629255,72.88983899966328,Mumbai Suburban,2026-07-24T04:57:00.000Z,2026-07-24T06:47:00.000Z,confirmed,received
HO-1GHK-PZK4,LOT_00353,COL_0046,REC_002,TXN_00253,192849,bc2b6de0467fb272668943f5c51dc16ea4d31aa3326a836aec03d5db470156a3,4,e8c83cf3c7ed|2bfabd97b682|99e15290c88a|d43c69250b10,144.3,146.68,18.50604963646233,73.8437846728161,Pune,2025-11-22T02:57:00.000Z,2025-11-22T06:29:00.000Z,confirmed,sorted
HO-3ZRM-RYB3,LOT_00354,COL_0034,REC_003,TXN_00254,257859,35e0a1d5f44be072fb68f0cc2476997b9fd481819d6a317159f467a1b0f0a9f8,1,2a2448a7373e,0.03,0.03,18.591669234344362,73.92084231090993,Pune,2025-10-23T16:22:00.000Z,2025-10-23T18:30:00.000Z,confirmed,received
HO-RJ26-RQQ3,LOT_00356,COL_0037,REC_003,TXN_00255,024664,1bb1280d1566983004b405301c41dd9d0d800bc925b88c7d7402f35d3a13410e,1,942a4198401f,33.47,32.68,18.591669234344362,73.92084231090993,Pune,2026-05-17T21:32:00.000Z,2026-05-17T23:23:00.000Z,confirmed,reported_to_epr
HO-0GF0-DQP3,LOT_00357,COL_0060,REC_014,TXN_00256,585535,60da3353f52b445b546a2c77f54a15e869139757db7d324010f22e4ead1cf468,2,64a0bda5d1ad|b7f774c6c13c,15.3,15.1,21.207097198012473,79.14336747821122,Nagpur,2026-03-16T16:06:00.000Z,,pending,
HO-RWQ8-K7YT,LOT_00358,COL_0006,REC_007,TXN_00257,291629,dc0d0ab38b20d008c04a2f84486acc0a4becc9e6dcf47e92729f677e3313786e,2,15467e19fbea|62ecbd24e77b,37.01,35.18,19.195889419919254,72.94376047792733,Mumbai Suburban,2026-05-13T03:18:00.000Z,2026-05-13T06:14:00.000Z,confirmed,processed
HO-Z8G3-4CRP,LOT_00360,COL_0034,REC_004,TXN_00258,985414,12e0531d2eecfe4d5d57359a9b2878a2c9e203fa8f96fe28ef58adbfb0fad0a4,3,fb73134f999f|c89a24182917|eac3bf26a010,27.52,27.98,18.47728938193023,73.81790044373722,Pune,2025-12-27T21:04:00.000Z,2025-12-27T22:35:00.000Z,confirmed,processed
HO-6D65-7P80,LOT_00361,COL_0055,REC_007,TXN_00259,018467,e286969007b59d36948bebaec37848205a3b68cebaeee28f20cf962d0e7564d2,4,252db1df37d0|a9b4720b90dc|c60c50505175|b7613fc561f1,253.42,174.77,19.195889419919254,72.94376047792733,Mumbai Suburban,2026-02-15T02:40:00.000Z,2026-02-15T05:13:00.000Z,confirmed,processed
HO-2CGH-20X4,LOT_00362,COL_0031,REC_007,TXN_00260,952622,fe7dd103807e9af67cd6893478efbf3e7b2630acedf086b1a836339e31b6792c,2,715e7310756e|ff36e7458c39,53.46,54.02,19.195889419919254,72.94376047792733,Mumbai Suburban,2026-01-13T13:00:00.000Z,2026-01-13T13:54:00.000Z,confirmed,reported_to_epr
HO-JZHN-Z9BZ,LOT_00363,COL_0002,REC_007,TXN_00261,520313,66868b45e003a0e86c3da577ff419b12008e0a18fd6497f31ec2c230998f5eaf,2,29f86a194d0d|31925af16b22,57.59,57.01,19.195889419919254,72.94376047792733,Mumbai Suburban,2026-08-27T09:15:00.000Z,2026-08-27T12:36:00.000Z,confirmed,processed
HO-9S44-0S4J,LOT_00366,COL_0014,REC_003,TXN_00262,134967,1f840b3bd20acce980b82404c78555152d80dd28588c1f7bbc868c1d461ef24f,3,7df9dc093362|df33e67af3a2|67d740f30384,209.45,204.18,18.591669234344362,73.92084231090993,Pune,2026-07-26T16:44:00.000Z,2026-07-26T18:14:00.000Z,confirmed,reported_to_epr
HO-SK0G-R5DQ,LOT_00367,COL_0004,REC_001,TXN_00263,831709,ee333d56b33d471c857e9d852e5b67193e340d88630c536257ac7c61e58dab6e,2,63fe36db323e|0faaea3a5d3f,59.73,59.6,18.486481618070602,73.82617345626355,Pune,2026-07-27T12:45:00.000Z,2026-07-27T14:24:00.000Z,confirmed,sorted
HO-S2JY-R439,LOT_00368,COL_0052,REC_021,TXN_00264,814368,a67810804242bf2f8dbaf22168e8613d70ec9418d3cbd943b04687d4df2648f4,1,6bb7f6f1be02,26.01,24.98,12.939527776500583,77.56573499885053,Bengaluru Urban,2026-06-28T19:16:00.000Z,2026-06-28T22:53:00.000Z,confirmed,sorted
HO-C4V6-WK24,LOT_00369,COL_0044,REC_005,TXN_00265,394047,4d2ca0fc8bf47be38093f856130e83750aeae67ffcb4866f30099f7138c2f69e,2,8bb65acdb82e|5658c7fd2a2f,32.49,32.56,18.489540040129423,73.82892603611648,Pune,2026-08-09T15:45:00.000Z,2026-08-09T18:24:00.000Z,confirmed,reported_to_epr
HO-MG60-BH5C,LOT_00370,COL_0053,REC_013,TXN_00266,401936,4940ccea05f354369170024c23b069dea21ad8d9175264ffe0a06542fb4abc84,1,6472e463708b,7.06,6.83,20.144208687990904,73.92183781919181,Nashik,2026-06-30T14:01:00.000Z,2026-06-30T14:59:00.000Z,confirmed,reported_to_epr
HO-GQT2-00JA,LOT_00371,COL_0034,REC_002,TXN_00267,127984,6375336e2847b8a6baacf530598b4ae951180f326b75896d75b7b4387ca4285e,2,ca848931fc14|434b36de9c67,44.14,42.59,18.50604963646233,73.8437846728161,Pune,2026-04-22T19:41:00.000Z,2026-04-22T23:29:00.000Z,confirmed,received
HO-YVG4-G7GT,LOT_00373,COL_0032,REC_008,TXN_00268,945857,837b64d6597f84028bda6770a2d1a42fbebdb38ea6870962e1b337f29c906f81,1,f9364eb254f6,0.08,0.08,19.13597666629255,72.88983899966328,Mumbai Suburban,2026-01-09T11:33:00.000Z,2026-01-09T15:17:00.000Z,confirmed,received
HO-VHY3-R051,LOT_00374,COL_0022,REC_007,TXN_00269,645563,da39fe5f17ac60061e2baea2917e7d25dbcd8fc6e1dbf6179ad3ee5bae134ecb,1,f3ce428e7521,27.74,27.04,19.195889419919254,72.94376047792733,Mumbai Suburban,2026-06-16T14:21:00.000Z,2026-06-16T14:27:00.000Z,confirmed,reported_to_epr
HO-C8M8-4R1W,LOT_00375,COL_0043,REC_003,TXN_00270,672546,22d82c84a7044ca8e10549c030425cd406d885bf2fd7fc69976214bf6614d199,3,689c46eee62d|2338b66d6474|86d7b5a3b5fb,56.24,55.54,18.591669234344362,73.92084231090993,Pune,2026-02-10T00:02:00.000Z,2026-02-10T00:38:00.000Z,confirmed,received
HO-RNRW-4J8N,LOT_00377,COL_0009,REC_012,TXN_00271,449005,f2764d61c02ae6eebc2f56ffa1baedb1c8fc704b59db49b82106f4e642675ca6,2,ccefe891bb76|856b7b125eef,93.82,95.38,19.959777436479925,73.75584969283193,Nashik,2026-01-09T07:51:00.000Z,2026-01-09T08:38:00.000Z,confirmed,received
HO-APW5-8TPD,LOT_00378,COL_0014,REC_003,TXN_00272,437153,efaf459a91408df9c5fe91ef9e4ed77a9febc15441a2878f16bfb5f3dcb6381f,4,0c45bd6ef9a0|ba03fdbdf595|cdc774bcd120|091c633add49,29.3,28.85,18.591669234344362,73.92084231090993,Pune,2026-05-25T01:23:00.000Z,2026-05-25T04:06:00.000Z,confirmed,reported_to_epr
HO-9XA4-HCMB,LOT_00379,COL_0044,REC_004,TXN_00273,367646,8caeb2b1cd998c5ac8c12fb6df049e9d09a648623fee858256c67a638e0a2afc,4,06b22d7fde92|8c2254329578|2f43a304f05e|30fb2693c8d8,124.86,118.73,18.47728938193023,73.81790044373722,Pune,2025-09-13T08:30:00.000Z,2025-09-13T09:36:00.000Z,confirmed,received
HO-3RFC-TWVX,LOT_00380,COL_0038,REC_013,TXN_00274,368523,84210e2a3b1025fcca06633c2ec5b210dc5378ccc8c1f536c4cefd4908245145,2,bcf3e4b683bf|c7f97fe73f35,54.11,57.39,20.144208687990904,73.92183781919181,Nashik,2025-10-25T07:45:00.000Z,2025-10-25T10:15:00.000Z,confirmed,received
HO-8JRJ-P2E0,LOT_00381,COL_0027,REC_013,TXN_00275,524595,cf80b9484f211f47e2a0bd9a59246d98cc5e3c38bb070d1efc6f12afa53241d9,1,61c9db3b3c76,0.46,0.46,20.144208687990904,73.92183781919181,Nashik,2026-07-09T10:44:00.000Z,2026-07-09T12:23:00.000Z,confirmed,received
HO-QGDF-BH79,LOT_00382,COL_0006,REC_006,TXN_00276,310282,669dab170ff0e1753aa62576a6579a64a837a9fcb5707439c9b5c5d3670b0b96,3,20ec70841653|785b0fa70c96|b9642dd2fccb,27.61,27.81,19.03367845774293,72.79777061196863,Mumbai Suburban,2026-02-16T11:26:00.000Z,2026-02-16T14:21:00.000Z,confirmed,processed
HO-B0MT-00RW,LOT_00383,COL_0027,REC_013,TXN_00277,294570,25a9d7fd44a27b03fd5ff185a73e69f1ae0b284c02e05938aeb41c203cb6440a,2,0d9cc1a71c9a|7f16c27023a2,8.08,7.78,20.144208687990904,73.92183781919181,Nashik,2026-01-18T17:52:00.000Z,2026-01-18T20:01:00.000Z,confirmed,sorted
HO-W7F0-BZJQ,LOT_00384,COL_0041,REC_020,TXN_00278,487417,495a904b122e7f803154e942cd326a5e04654ea82ba431f90a234cb8ef6e0983,2,5c7113e105e5|ab81d61677c6,20.65,21.54,13.029597338622809,77.64679760476052,Bengaluru Urban,2026-05-27T10:43:00.000Z,2026-05-27T11:52:00.000Z,confirmed,received
HO-60ZE-050V,LOT_00386,COL_0057,REC_014,TXN_00279,068673,6e68a290d340ac65c5d8d537410542bfc2533d0b9acc3e23568dee69a77dfee1,2,9996f4a82bdb|9f9f980aff5f,23.36,24.21,21.207097198012473,79.14336747821122,Nagpur,2026-01-14T18:59:00.000Z,2026-01-14T21:10:00.000Z,confirmed,processed
HO-D00V-P89S,LOT_00387,COL_0014,REC_005,TXN_00280,566910,c21ce0d348b90b19201fad328cfc7a3b0e26c7df1d336df5aea24f49590095b6,2,618facf566f5|662096a82572,7.46,7.42,18.489540040129423,73.82892603611648,Pune,2025-10-08T14:41:00.000Z,2025-10-08T14:59:00.000Z,confirmed,processed
HO-XAKY-P4Y7,LOT_00390,COL_0013,REC_021,TXN_00281,475832,c4a997e8b33b8f7058fb4667055f0398df59e5133470cbe68d1e2028fac36021,1,d74f43c4fe6e,8.9,9.38,12.939527776500583,77.56573499885053,Bengaluru Urban,2026-04-23T11:54:00.000Z,2026-04-23T14:35:00.000Z,confirmed,sorted
HO-RV9Z-P946,LOT_00391,COL_0045,REC_021,TXN_00282,790306,d1ec81a5411ebd4589be88417aa88723c09c8c259cbf274aad4f851fd4238282,1,09631aec8777,19.2,19.6,12.939527776500583,77.56573499885053,Bengaluru Urban,2026-07-05T09:31:00.000Z,2026-07-05T11:51:00.000Z,confirmed,received
HO-ADKP-VJ2S,LOT_00393,COL_0053,REC_013,TXN_00283,396767,464bf53dc2bd3b24ac73a0a594ea2e624ca353c62cf358d964f26928902280f9,2,a3035e548c3e|3f0ac77daa0f,7.35,7.19,20.144208687990904,73.92183781919181,Nashik,2025-12-14T11:01:00.000Z,2025-12-14T14:28:00.000Z,confirmed,processed
HO-HWG5-HR89,LOT_00394,COL_0033,REC_010,TXN_00284,452436,658a202bffa3c67b92159cfdc9a217a5cc770001b66f18d16c064e7b74e269da,1,18edaef4ca1f,0.55,0.56,19.083108686077594,72.85642781746984,Thane,2025-09-21T05:56:00.000Z,2025-09-21T08:12:00.000Z,confirmed,sorted
HO-A8NW-0TA6,LOT_00395,COL_0012,REC_005,TXN_00285,671166,2a7170ceae462e171f54a4d7fab24629ed76f5de8c6e83ea7a6a18de21f4289d,1,2f9381ee5b50,19.2,18.42,18.489540040129423,73.82892603611648,Pune,2026-08-04T04:32:00.000Z,2026-08-04T07:24:00.000Z,confirmed,processed
HO-5N7V-S9T1,LOT_00397,COL_0024,REC_007,TXN_00286,986306,a501c27dd011b39ec9033a1d6a3984132345ca016dae390281869f62ce90b720,4,fc7615a835d5|35680fd8e970|d6c305d9eb64|5dd512c17931,63.76,62.01,19.195889419919254,72.94376047792733,Mumbai Suburban,2025-09-05T21:50:00.000Z,2025-09-05T22:47:00.000Z,confirmed,processed
HO-XZNX-Q165,LOT_00398,COL_0041,REC_020,TXN_00287,045403,bd73433f40c1a56925a683ad81d929165b35fe0ec24c84af635c64903fe581be,2,4526169b5d99|eed04d8011db,43.8,42.41,13.029597338622809,77.64679760476052,Bengaluru Urban,2026-01-16T11:53:00.000Z,2026-01-16T15:35:00.000Z,confirmed,processed
HO-A8HB-FNFG,LOT_00399,COL_0060,REC_014,TXN_00288,342864,3c7a3c541992b96a0db303de467bb46bfab25b5d569612e4ccb36c96f2fcd4f1,4,cbf2c8e34979|fb3454c59eb2|c1831b82aa42|b4bfffb2d6cc,85.76,83.63,21.207097198012473,79.14336747821122,Nagpur,2026-05-01T05:23:00.000Z,2026-05-01T05:56:00.000Z,confirmed,sorted
HO-06EZ-V7NT,LOT_00401,COL_0003,REC_005,TXN_00289,929896,f0cc3893db271a3df7ed1d52284950b0b0d8aeab59b59045f21ee444c019536c,3,936b755448a5|701f3d3fcb26|5b0b9ee380c9,35.68,33.56,18.489540040129423,73.82892603611648,Pune,2026-07-01T02:59:00.000Z,2026-07-01T06:35:00.000Z,confirmed,reported_to_epr
HO-6ZR2-J37H,LOT_00403,COL_0031,REC_006,TXN_00290,484792,335fba634d7be1dd3b82e8ea4323599381e13c9273088347a328cfc0b7ae2b66,2,84164b98b989|aa95395ca873,135.91,141.79,19.03367845774293,72.79777061196863,Mumbai Suburban,2025-12-27T17:57:00.000Z,2025-12-27T21:53:00.000Z,confirmed,received
HO-5TW5-DK9Q,LOT_00404,COL_0007,REC_010,TXN_00291,071322,c23a9cf69b82f1f9e998cf48f35e8049c450eba32fe0a216388eb5a23d027d4c,2,a8bdf0c1e169|b0078d60c69d,97.42,98.06,19.083108686077594,72.85642781746984,Thane,2026-02-10T16:01:00.000Z,2026-02-10T16:08:00.000Z,confirmed,received
HO-PG8D-WWC1,LOT_00405,COL_0003,REC_001,TXN_00292,906037,ac5998046126293abfcdc68a081dd7700eaa031fd8a5bf493245252b1bf776ab,2,74c2b0b026cc|95a420e097d8,36.58,37.87,18.486481618070602,73.82617345626355,Pune,2026-03-03T20:44:00.000Z,,pending,
HO-X36M-RJG3,LOT_00406,COL_0025,REC_005,TXN_00293,168877,cf97d7031439a9de7006fa86d7d7fafaee1044f5999ec9dd5048cd2329f7e470,1,f7960f09e053,6.17,6.2,18.489540040129423,73.82892603611648,Pune,2026-08-24T07:48:00.000Z,2026-08-24T10:12:00.000Z,confirmed,reported_to_epr
HO-6GY8-XR23,LOT_00408,COL_0049,REC_019,TXN_00294,208553,412135f7c1e8197feef8e237bcd46116aa33e59871146d884f135eeb13136275,2,f0f402281556|0d3a4c8a15d1,6.95,6.54,28.5746101020962,77.17363909188659,New Delhi,2026-01-01T08:26:00.000Z,2026-01-01T08:40:00.000Z,confirmed,received
HO-XNE4-TFD5,LOT_00409,COL_0010,REC_001,TXN_00295,442014,1ba93308d9f54c6ef2538b477fc6747069ce226aafd0325bd43b275926602dd3,2,30be23c042a6|9cf3613d2762,32.62,32.42,18.486481618070602,73.82617345626355,Pune,2026-08-28T18:19:00.000Z,,pending,
HO-6897-8YAC,LOT_00410,COL_0038,REC_012,TXN_00296,776160,40c4af72a40e1225c34e69c7de073a66e83703bf026d3fc2db797ab04f365e92,3,4bb004b3307f|ec2135b38715|19f464bba5a7,42.86,42.09,19.959777436479925,73.75584969283193,Nashik,2025-12-22T16:31:00.000Z,2025-12-22T19:07:00.000Z,confirmed,sorted
HO-72FP-D0W8,LOT_00411,COL_0027,REC_013,TXN_00297,743533,e5f9adc9813ffbbbf17ad1b21c57e0e47e1d12d3f0b48280fc2bac153f1881fd,1,6d31b183de49,41.61,40.75,20.144208687990904,73.92183781919181,Nashik,2025-09-22T08:02:00.000Z,2025-09-22T08:56:00.000Z,confirmed,processed
HO-VGBN-S1B7,LOT_00412,COL_0035,REC_006,TXN_00298,627683,a44b8dfc0caddaf9da3e7a29af596e7405080fa05de7dc95991d0918bca78ad7,3,afedbee3c537|c53bbe119039|5c2bfc409176,125.19,127.74,19.03367845774293,72.79777061196863,Mumbai Suburban,2026-07-10T15:39:00.000Z,2026-07-10T15:43:00.000Z,confirmed,processed
HO-1VYE-NP02,LOT_00413,COL_0006,REC_008,TXN_00299,872922,61cc288bf344573a8c80e54373cb8de8cd908e4ac9a6240fc07b82593fe13e8c,2,e2e51f47c71f|c555ab67102f,34.12,34.67,19.13597666629255,72.88983899966328,Mumbai Suburban,2026-01-29T07:51:00.000Z,2026-01-29T10:00:00.000Z,confirmed,sorted
HO-DJVP-FM60,LOT_00414,COL_0012,REC_004,TXN_00300,967040,889055a5afeccb35044322305050eea0f35d3dc7e020a8132bbdc29cc6baf3c4,1,58d96da0ade6,8.28,8.34,18.47728938193023,73.81790044373722,Pune,2025-12-14T16:34:00.000Z,2025-12-14T17:02:00.000Z,confirmed,reported_to_epr
HO-ZBVY-Z1DJ,LOT_00415,COL_0016,REC_008,TXN_00301,498912,2f0a196426b35d557fe3ad455b882964e830c07e214668062951796a8f50b8d6,2,a94dac25aef0|5dd0994de10f,33.97,34.67,19.13597666629255,72.88983899966328,Mumbai Suburban,2026-07-29T12:13:00.000Z,2026-07-29T12:33:00.000Z,confirmed,received
HO-AK4M-7NED,LOT_00416,COL_0042,REC_004,TXN_00302,734710,601f96782d4379db69c69ecc29c3d36e432ac3073fe7d00f92d0ffb2b3e8cb19,4,222ace0c6cfc|ab6c50cf020c|8c91ece36cc7|feb07b7f1d36,76.83,80.8,18.47728938193023,73.81790044373722,Pune,2026-02-19T06:36:00.000Z,2026-02-19T07:22:00.000Z,confirmed,processed
HO-VZ7A-8207,LOT_00417,COL_0058,REC_019,TXN_00303,117320,7d8e7f18df88e45ed8d8ac9c92d0da2b62e76e1abfa998a883be2378bda9a780,1,280fff8bf0ec,28.68,28.38,28.5746101020962,77.17363909188659,New Delhi,2025-09-23T09:13:00.000Z,2025-09-23T09:14:00.000Z,confirmed,sorted
HO-AA7M-D7S9,LOT_00418,COL_0050,REC_005,TXN_00304,268894,8935c3745361593d9f8a6457798298143506f7285aecc4e93f68341fbca69aa8,1,88300d8dcc56,0.84,0.82,18.489540040129423,73.82892603611648,Pune,2025-10-13T12:13:00.000Z,2025-10-13T13:24:00.000Z,confirmed,sorted
HO-4VFN-M26W,LOT_00419,COL_0003,REC_002,TXN_00305,399501,7512413da3b812bb5cd6bfc59af3917d8cf066238c80d1d3015184c562a62d1a,2,bdd4ae89f4cc|b549b88631ce,22.43,22.61,18.50604963646233,73.8437846728161,Pune,2026-07-20T13:06:00.000Z,2026-07-20T15:57:00.000Z,confirmed,received
HO-7VT8-DT3W,LOT_00420,COL_0004,REC_003,TXN_00306,931291,756f8b0011b05e6e2c33d7d07a3d4a31a70bfd3d87f4efd91eceb5707e8b4c36,2,12e28198ac8c|eabe5c12c5ad,17.46,16.87,18.591669234344362,73.92084231090993,Pune,2026-08-11T19:45:00.000Z,2026-08-11T21:03:00.000Z,confirmed,processed
HO-F36Z-TKC9,LOT_00421,COL_0017,REC_010,TXN_00307,012276,f851d9b9f03ba83b927e2c572d2582763f4c15cde150bae8f0c6d14c27300e7d,1,4ecbb85edcea,2.59,2.57,19.083108686077594,72.85642781746984,Thane,2026-01-28T11:31:00.000Z,2026-01-28T14:41:00.000Z,confirmed,received
HO-GBZ1-C71W,LOT_00422,COL_0060,REC_014,TXN_00308,952003,0c468c8dd75ef131744ab88a459bfd1fa533c45c8accf4d67fcb796e9ec54f99,2,10eee2ab19d6|faa279d2aa70,27.36,28.36,21.207097198012473,79.14336747821122,Nagpur,2026-05-22T15:24:00.000Z,2026-05-22T16:22:00.000Z,confirmed,reported_to_epr
HO-J10J-14YA,LOT_00423,COL_0046,REC_004,TXN_00309,244906,ebc5d3d597f37d34ae4fccd5b99a359251f27961e491a3755e31c38adaff0e79,2,bc2145a898a8|9ee3ee460ad6,20.75,20.53,18.47728938193023,73.81790044373722,Pune,2025-09-23T16:56:00.000Z,2025-09-23T19:23:00.000Z,confirmed,sorted
HO-8D41-XRB1,LOT_00424,COL_0013,REC_021,TXN_00310,649386,33d4422be96f375c5adc751ba69400becd4d43100fa3144e736e106195806ebb,2,7ad73ed466b6|051b72e47b6b,21.64,21.91,12.939527776500583,77.56573499885053,Bengaluru Urban,2025-11-04T20:22:00.000Z,,pending,
HO-P0K7-BM8N,LOT_00425,COL_0019,REC_010,TXN_00311,641225,74947706833bda418fb3200ad50c670febb64b5abcd3c1aeb9fed3cb21091fc9,1,a07b585bb671,0.42,0.42,19.083108686077594,72.85642781746984,Thane,2026-04-12T02:09:00.000Z,2026-04-12T04:34:00.000Z,confirmed,sorted
HO-9B1G-R5T2,LOT_00426,COL_0013,REC_020,TXN_00312,278894,bc2081dcfdf40a18803f5c69505191f9d40fac6ba8995e2c556b1895ca7db2a1,2,5a189c84944e|6584e49c1f1a,5.6,6.16,13.029597338622809,77.64679760476052,Bengaluru Urban,2026-05-11T16:31:00.000Z,2026-05-11T17:07:00.000Z,confirmed,received
HO-4ZEG-541Z,LOT_00428,COL_0048,REC_011,TXN_00313,255121,39dce847beff60b1ad156c3c1e203e612cda207d0273ea2fc6e0570fadf41bc4,2,731d3adbe647|13f4c7cc284d,32.76,31.63,19.102753954026102,72.87410855862349,Thane,2025-09-08T06:55:00.000Z,2025-09-08T08:18:00.000Z,confirmed,processed
HO-TPAH-7EYD,LOT_00431,COL_0002,REC_008,TXN_00314,145212,4a8a1c81806af10deb50e1dca2ddb6f3a643b2edcd84cbd133cb5f00e82804d0,3,a67746b095c5|82dbc7baa06a|2a40a4a41c39,18.81,18.57,19.13597666629255,72.88983899966328,Mumbai Suburban,2026-08-31T16:56:00.000Z,2026-08-31T20:44:00.000Z,confirmed,received
HO-WT8Y-0NVK,LOT_00432,COL_0051,REC_008,TXN_00315,703702,c20b7961582f62444f69a66f3aff426e8650fbfc48b38b349412a1fde3f2440d,2,59c171ff1848|ed2fc89d7bb6,2.42,2.58,19.13597666629255,72.88983899966328,Mumbai Suburban,2026-07-21T17:33:00.000Z,2026-07-21T19:47:00.000Z,confirmed,received
HO-QHNE-8S76,LOT_00434,COL_0048,REC_010,TXN_00316,399097,4ac6850b71bd6d4ea6f3d47e8db1c196160d2df9cfb933e67e4dd77bb377c3af,2,0b4eca647d2d|99c4fa0793c7,28.13,27.43,19.083108686077594,72.85642781746984,Thane,2026-06-13T00:32:00.000Z,2026-06-13T04:09:00.000Z,confirmed,received
HO-B0C1-20Q9,LOT_00435,COL_0024,REC_006,TXN_00317,803785,1c64103df7862ce66e3bd7c66dd7e1994f3ecc07a0a22af03a5998ab1bf8ab21,1,0fcb6ba344c4,0.42,0.4,19.03367845774293,72.79777061196863,Mumbai Suburban,2026-03-24T08:54:00.000Z,2026-03-24T12:30:00.000Z,confirmed,processed
HO-VCNZ-B4FZ,LOT_00436,COL_0050,REC_002,TXN_00318,762361,68f64e24432362cdb7bf47d2c9ff778aa1166c323a70ebcae772ec528e50a050,1,103144fc0ed1,14.32,14.08,18.50604963646233,73.8437846728161,Pune,2025-09-11T11:10:00.000Z,2025-09-11T13:54:00.000Z,confirmed,received
HO-VKSV-1ZN5,LOT_00437,COL_0018,REC_008,TXN_00319,704255,695ee35f4ae050a750229b749dda2c72d7625d8cfeb27f344dc8370a6fcbddae,4,3eaf9ddb9b46|05f755967764|3d7d0e80df30|106ee8e42033,199.34,200.7,19.13597666629255,72.88983899966328,Mumbai Suburban,2026-05-28T02:30:00.000Z,2026-05-28T04:54:00.000Z,confirmed,sorted
HO-Q43X-367H,LOT_00438,COL_0016,REC_008,TXN_00320,637385,4d2b4757740b0a81f3797f66a9b80af3f7374d9f2ee1973f8f3b8c0e66a26fb1,2,73f5f14f4ac4|aed147308bea,0.36,0.36,19.13597666629255,72.88983899966328,Mumbai Suburban,2025-09-11T14:48:00.000Z,2025-09-11T16:57:00.000Z,confirmed,processed
HO-B0AF-KS0G,LOT_00439,COL_0058,REC_019,TXN_00321,130374,3b084255d068bce18fa2cd999590ac86c38919aae0f97a2ad1918364fe60f446,2,abc1723928fc|02721a219180,16.36,16.59,28.5746101020962,77.17363909188659,New Delhi,2025-10-01T10:53:00.000Z,2025-10-01T12:17:00.000Z,confirmed,processed
HO-2MV1-GYQ4,LOT_00440,COL_0043,REC_004,TXN_00322,728630,e943e1d7f405eb5b75147c97cc5ab184bb26005b0cc81ea2d438801a38fa6c1e,1,7a6012b737ea,42.75,42.87,18.47728938193023,73.81790044373722,Pune,2026-04-21T19:51:00.000Z,2026-04-21T20:52:00.000Z,confirmed,processed
HO-6FRV-0N26,LOT_00441,COL_0017,REC_011,TXN_00323,437222,7029ba0f16599df235b759f3f74d5e9386557d8de1444d6bb8e0a46d03ace281,3,6b3c3ff588b0|d2869dda79e3|2f768971b421,99.51,104.11,19.102753954026102,72.87410855862349,Thane,2026-08-25T06:43:00.000Z,2026-08-25T08:38:00.000Z,confirmed,received
HO-37B7-P88F,LOT_00442,COL_0007,REC_011,TXN_00324,253905,9ec50c27e0d2653bc2dd2347e1895a49a85c040299c630c3da253894dca07767,2,edb94648b236|7b1495b6248e,53.61,55.66,19.102753954026102,72.87410855862349,Thane,2026-08-16T13:55:00.000Z,2026-08-16T15:54:00.000Z,confirmed,sorted
HO-6296-C8GZ,LOT_00443,COL_0050,REC_003,TXN_00325,406951,5c62325804e24e001894630372f30ebb09a4fd10ec0d06bc7c79a2c369af87b7,2,2fa939a3c8a6|fded7a2f6082,35.84,35.11,18.591669234344362,73.92084231090993,Pune,2026-08-23T15:17:00.000Z,2026-08-23T15:41:00.000Z,confirmed,sorted
HO-E7D0-HQCZ,LOT_00444,COL_0008,REC_013,TXN_00326,210001,ef34c3ebbe73610a47690037436e3c6689d7266c2563c9e5cdd8c24d5d8e8a85,3,cf3ccc77626a|a38594cec871|ffa18867b550,22.29,22.13,20.144208687990904,73.92183781919181,Nashik,2026-03-07T02:07:00.000Z,2026-03-07T03:56:00.000Z,confirmed,received
HO-ZVY8-ED7Q,LOT_00445,COL_0048,REC_011,TXN_00327,017609,7c04186898b101d3691ab66483b69f4e05bab04677017c86faa05fbb0edc366b,1,0aeda43ab308,0.2,0.2,19.102753954026102,72.87410855862349,Thane,2026-03-18T10:41:00.000Z,2026-03-18T11:15:00.000Z,confirmed,received
HO-2YM5-85ND,LOT_00446,COL_0056,REC_008,TXN_00328,378078,cf31942c7964914ca78feab5af8936951a52de98823151c210095a157e059f72,3,724b988e9b51|f625762734cd|cb0b740b3bc3,11.82,11.89,19.13597666629255,72.88983899966328,Mumbai Suburban,2026-06-03T05:12:00.000Z,2026-06-03T06:52:00.000Z,confirmed,received
HO-HG08-YRM7,LOT_00447,COL_0032,REC_007,TXN_00329,925798,ecd6b9ccc72c003fce2debbf4dfa560e479b340a2b7e0de39a0b6489007c1d24,1,6a6860686938,35.82,35.57,19.195889419919254,72.94376047792733,Mumbai Suburban,2026-07-01T14:47:00.000Z,2026-07-01T15:37:00.000Z,confirmed,processed
HO-ZMCH-2G6A,LOT_00448,COL_0011,REC_014,TXN_00330,741619,e80f1fbd68103b17c59137dccec9a73590ac8ddf2479c17e3ef10c53ce32a058,2,7eb6ca566617|603cfb0b13c2,26.78,27.62,21.207097198012473,79.14336747821122,Nagpur,2026-01-30T00:01:00.000Z,2026-01-30T03:36:00.000Z,confirmed,sorted
HO-GVTC-A1AS,LOT_00449,COL_0042,REC_001,TXN_00331,044666,9efdd05de3483a2f75c2a584f280287116ea3d387cb48123e5e17049795c2c0d,1,b111f7449283,10.38,9.96,18.486481618070602,73.82617345626355,Pune,2025-10-13T17:20:00.000Z,,pending,
HO-XTW4-TP0J,LOT_00451,COL_0025,REC_004,TXN_00332,497889,d1c20b17990becfb2bc7ce7b0345be1ea6f4476ca5f2bfafc2b8f5d044dfae38,1,95bd453795a3,52.67,52.52,18.47728938193023,73.81790044373722,Pune,2026-02-25T04:08:00.000Z,2026-02-25T07:41:00.000Z,confirmed,received
HO-J57F-DC89,LOT_00452,COL_0024,REC_008,TXN_00333,802475,03c54886b144d01f5f80c98dc0d699b718ff5ecc124b50b34cafcb617d1355e3,3,850e38d8c116|10ddd0bc3165|355150517d4c,22.01,22.63,19.13597666629255,72.88983899966328,Mumbai Suburban,2026-02-28T02:38:00.000Z,2026-02-28T06:36:00.000Z,confirmed,received
HO-0VPY-6Q3J,LOT_00453,COL_0012,REC_003,TXN_00334,041022,8368dddaebd14439a06590a026ad39d0f4f5d8bc41fcbe31454615b8755ecbe9,2,d3a7960acb61|f355cc3ff4c8,13.59,13.56,18.591669234344362,73.92084231090993,Pune,2026-02-28T14:41:00.000Z,2026-02-28T17:10:00.000Z,confirmed,received
HO-YJN3-5H2K,LOT_00454,COL_0019,REC_011,TXN_00335,630230,a089a5ce783a920db5ff7b1b85ff9724872a9a4c8a3edb541353e15578bcf1b4,3,10ddd0bc3165,64.07,63.49,19.102753954026102,72.87410855862349,Thane,2025-11-11T21:05:00.000Z,2025-11-12T00:05:00.000Z,confirmed,received
HO-F5XA-PF1J,LOT_00455,COL_0019,REC_011,TXN_00336,369149,1fdacc5734be254ba3c91ec2d14791c19e98bb83c0791dfee34783136c0a5626,3,8b52ea626fed|2700c9afcfd0|cc35c78c99e0,36.16,35.53,19.102753954026102,72.87410855862349,Thane,2026-08-27T06:05:00.000Z,2026-08-27T07:45:00.000Z,confirmed,processed
HO-EJJC-SEPF,LOT_00456,COL_0057,REC_014,TXN_00337,821549,5afc73c4efa3446fab49b7d93511ca7358872fbc5e499a69f18da5b782334b5e,2,e57c0aa198b8|3118c5ceb647,87.03,86.78,21.207097198012473,79.14336747821122,Nagpur,2026-05-03T08:24:00.000Z,2026-05-03T10:09:00.000Z,confirmed,reported_to_epr
HO-XZN9-FPYP,LOT_00458,COL_0047,REC_019,TXN_00338,354858,438161512cbf4607bda6ec708738aeb9c78e9d84839112071b383f5b3fd13ff3,2,8a079fac38af|7a9a96a60a48,30.4,28.98,28.5746101020962,77.17363909188659,New Delhi,2025-12-19T14:42:00.000Z,2025-12-19T15:27:00.000Z,confirmed,processed
HO-MK9A-FK94,LOT_00459,COL_0008,REC_013,TXN_00339,635702,f4a67d4b0ffd1a3c9e49eb835e73df54aec2b09ff08c489881d8c626999b556b,3,487a2e64612f|9adacf64b1e0|4b5ed2b04de2,28.81,20.72,20.144208687990904,73.92183781919181,Nashik,2026-07-14T08:10:00.000Z,2026-07-14T09:26:00.000Z,confirmed,received
HO-TGG6-A886,LOT_00460,COL_0046,REC_001,TXN_00340,250614,d3fdb43be105eb1f628b38e166b498ebfb83b8747de32c03c36caccda24d5b91,1,0aaa7d31e72d,2.99,3.03,18.486481618070602,73.82617345626355,Pune,2026-06-21T11:33:00.000Z,2026-06-21T14:25:00.000Z,confirmed,sorted
HO-AN6W-J8NT,LOT_00461,COL_0010,REC_004,TXN_00341,605415,170e5c43e0b8cf3e42de95f331a4c90b4ffb026d655de97bb061843ffb6b9812,4,4866196e9065|9fe5d3763d27|95400be3004a|55c658220193,24.77,24.18,18.47728938193023,73.81790044373722,Pune,2025-11-17T12:13:00.000Z,2025-11-17T15:26:00.000Z,confirmed,reported_to_epr
HO-CN9P-N9JF,LOT_00462,COL_0050,REC_004,TXN_00342,773697,4cf3b490ffec66f4db1e650cc95a9190797dac704a6e9f3efb1ade39c01684bc,1,1dd719c17606,0.19,0.2,18.47728938193023,73.81790044373722,Pune,2026-01-03T12:31:00.000Z,2026-01-03T13:58:00.000Z,confirmed,received
HO-YX48-F7ZN,LOT_00463,COL_0008,REC_013,TXN_00343,852805,abaf87dd33c85569066e6d969bcb5a4c6354a11bb5b133a342244a50673569bc,1,7f9c7ade3517,0.18,0.19,20.144208687990904,73.92183781919181,Nashik,2026-04-09T11:36:00.000Z,2026-04-09T14:30:00.000Z,confirmed,received
HO-6RTD-J9S9,LOT_00467,COL_0045,REC_020,TXN_00344,689065,fd9a80a7f609b46d9153b1e1a5c5cfbb02884572c8961ccaf0f8b6531c3cda7a,1,c4203f9337b7,12.06,11.99,13.029597338622809,77.64679760476052,Bengaluru Urban,2025-10-08T05:19:00.000Z,2025-10-08T08:12:00.000Z,confirmed,received
HO-47D8-DRVW,LOT_00468,COL_0016,REC_007,TXN_00345,208376,d9ebaf9257426621b352aab82ff2dd3c74abde6ced1046689754bd0aa856fa8e,2,8fd3bfec37e8|0852adcb8926,35.65,34.34,19.195889419919254,72.94376047792733,Mumbai Suburban,2025-12-18T02:04:00.000Z,2025-12-18T04:36:00.000Z,confirmed,sorted
HO-K2PK-JZWY,LOT_00469,COL_0053,REC_013,TXN_00346,203971,1987d02b0b841c775e4b1db302e6eb3f36e3cb421f8440d57a61822e465ddfa0,1,3b7583e874bc,17.47,16.95,20.144208687990904,73.92183781919181,Nashik,2026-03-27T14:19:00.000Z,2026-03-27T17:48:00.000Z,confirmed,received
HO-CVHY-8K6K,LOT_00470,COL_0054,REC_001,TXN_00347,546190,a336af74c3a2ffb98666aaf7798c41d7a0a4aa1ec54f4fe0d01380123718451c,3,97c9b148f719|5dcbe4aaf4a9|eec65fdf64b0,22.97,22.33,18.486481618070602,73.82617345626355,Pune,2025-12-17T10:26:00.000Z,2025-12-17T14:09:00.000Z,confirmed,received
HO-Q46N-MDYS,LOT_00473,COL_0023,REC_019,TXN_00348,251996,1fc4ac18c5fce86ba55cb991bac02e31e7dcccf60554c2b493407a8efc4b0a57,3,8aaee1bf537c|fcd5141689c7|a221560b3fe0,45.75,45.97,28.5746101020962,77.17363909188659,New Delhi,2026-07-22T20:41:00.000Z,2026-07-23T00:17:00.000Z,confirmed,received
HO-Q4GZ-KN1F,LOT_00474,COL_0007,REC_010,TXN_00349,817562,9c7e732c3703914b06b73050543fa4883c7b1acff87f53b6df3875ffa8cdbf60,2,c944ba8cc5b3|38f12b3a9754,0.44,0.43,19.083108686077594,72.85642781746984,Thane,2026-01-30T02:26:00.000Z,2026-01-30T05:52:00.000Z,confirmed,sorted
HO-HBVZ-VMQ4,LOT_00476,COL_0034,REC_003,TXN_00350,212925,d5efefdfe086626882ac55dbc58990d20bb893d3c32a6dcc620da8d3293334e2,2,bddba1571e72|4dfcd2481117,62.62,63.26,18.591669234344362,73.92084231090993,Pune,2026-05-30T00:26:00.000Z,2026-05-30T04:21:00.000Z,confirmed,received
HO-2AQA-GVCD,LOT_00477,COL_0028,REC_007,TXN_00351,210917,275b5a450808b0265b24df2ecfc988313479cec4da3bd873ec868345d5775382,1,797c916e3d10,15.72,15.84,19.195889419919254,72.94376047792733,Mumbai Suburban,2026-01-28T12:12:00.000Z,2026-01-28T13:21:00.000Z,confirmed,reported_to_epr
HO-HDKD-G3QD,LOT_00479,COL_0055,REC_007,TXN_00352,559213,74d9c58dd0630efdd38b9adf1db577172f61dbfe5ce059817e1362d85758d07c,1,2fd66e8b59d0,6.24,6.18,19.195889419919254,72.94376047792733,Mumbai Suburban,2025-09-20T11:27:00.000Z,2025-09-20T13:41:00.000Z,confirmed,processed
HO-6VBK-376B,LOT_00481,COL_0016,REC_007,TXN_00353,215629,041d72bc765e394957bc91cd0bf8d58a420110609413ac9d25453aec994e33ca,1,cdc898029820,1.22,1.24,19.195889419919254,72.94376047792733,Mumbai Suburban,2026-05-24T16:42:00.000Z,2026-05-24T19:17:00.000Z,confirmed,received
HO-TRG5-YQCF,LOT_00482,COL_0001,REC_013,TXN_00354,035290,5a014256851cce65fadd2b1c09e2beffe9b0243b6e7540115a5aabe6846099bb,2,d6cafeaa64c4|1b9b004c5055,48.52,48.23,20.144208687990904,73.92183781919181,Nashik,2026-07-14T02:22:00.000Z,2026-07-14T05:51:00.000Z,confirmed,reported_to_epr
HO-XW4A-4ZME,LOT_00483,COL_0034,REC_003,TXN_00355,879399,df178f068d8a434358cb2d258b55e6e0a705136b1b0ce1118cdfe2673b94a5c5,1,f8ee4e840ac4,4.02,3.72,18.591669234344362,73.92084231090993,Pune,2026-08-02T23:21:00.000Z,2026-08-03T02:09:00.000Z,confirmed,received
HO-Y71W-YNHZ,LOT_00484,COL_0020,REC_010,TXN_00356,499847,ac84e260da6562adc5c1049fa3a9912bd83766b2ca8b0663fb0527e0514f0175,2,2da0dd8c28e1|8aec329af5d1,125.74,127,19.083108686077594,72.85642781746984,Thane,2025-10-31T10:48:00.000Z,2025-10-31T13:14:00.000Z,confirmed,received
HO-RKXE-XNDG,LOT_00485,COL_0001,REC_013,TXN_00357,068666,bdaf9b0dbabb7215b170a602d5cd32d21a8ced6e7a74bbff7d3410c3914e9b93,1,babbf21e56de,0.24,0.25,20.144208687990904,73.92183781919181,Nashik,2025-12-27T11:16:00.000Z,2025-12-27T13:45:00.000Z,confirmed,processed
HO-HSG1-8YW8,LOT_00486,COL_0045,REC_021,TXN_00358,516673,9d490a22e19ca51d7ef9170b00ec3e65768824e20179303e0b89c86956551780,2,84202af30d87|fa525f2d8c7f,40.31,42.31,12.939527776500583,77.56573499885053,Bengaluru Urban,2026-01-27T22:23:00.000Z,2026-01-28T02:03:00.000Z,confirmed,reported_to_epr
HO-F47Z-6GHJ,LOT_00488,COL_0050,REC_004,TXN_00359,576904,875acc0c8303debb4cbe4c238d89101b0227bdda63eb9a32a06062bf95f1b0ef,2,648414c8f61a|a1215c3a0242,55.92,54.33,18.47728938193023,73.81790044373722,Pune,2026-01-21T01:50:00.000Z,2026-01-21T02:57:00.000Z,confirmed,received
HO-83TZ-1KMJ,LOT_00489,COL_0048,REC_010,TXN_00360,721417,f95af2e9ece177a203932ad27b338fb9b94ad24ff5392fd023d55a6befd17c98,1,5116d791217c,53.17,52.01,19.083108686077594,72.85642781746984,Thane,2026-01-04T01:36:00.000Z,2026-01-04T04:35:00.000Z,confirmed,received
HO-DMFF-E254,LOT_00491,COL_0030,REC_013,TXN_00361,251596,1a3ea1883b2c3537065a60c62c0811f50ada3a12cf8de7ef5d1c8dca417927a1,1,44c3c287aaca,1.72,1.79,20.144208687990904,73.92183781919181,Nashik,2025-11-24T20:04:00.000Z,2025-11-24T22:11:00.000Z,confirmed,processed
HO-A1K7-9TY0,LOT_00492,COL_0034,REC_003,TXN_00362,779329,12ae2707a50dc02ee73f410d41363fd851d6dcc087929ba5f9ad2a5e60c3bfcd,3,b8e4ff6678bc|c2b27493923e|3cea3ef4f615,89.66,88.29,18.591669234344362,73.92084231090993,Pune,2026-01-23T19:24:00.000Z,2026-01-23T20:14:00.000Z,confirmed,sorted
HO-74KG-RD50,LOT_00493,COL_0007,REC_010,TXN_00363,104540,6b6332b57cbf165b6d51bc78d37462a003e899f7a1e10bd3bb38798dd6f15ab2,1,670df07cb02a,41.58,40.69,19.083108686077594,72.85642781746984,Thane,2026-08-31T15:11:00.000Z,2026-08-31T16:13:00.000Z,confirmed,reported_to_epr
HO-VHTQ-C6JV,LOT_00495,COL_0051,REC_008,TXN_00364,120138,d54810f020c7c810a1d196b763be7bdd8a7b6b8cd880d216005f9e3bc6d5c96c,2,5fec8de794d8|75732e257c26,8.87,9.27,19.13597666629255,72.88983899966328,Mumbai Suburban,2026-03-24T06:18:00.000Z,2026-03-24T06:28:00.000Z,confirmed,reported_to_epr
HO-85VV-AZMR,LOT_00496,COL_0040,REC_007,TXN_00365,429143,10958570b9daedd68f92ffd40dcad467b8589c1718e12e29d963b2aa71888b21,1,b6e099043787,43.99,41.18,19.195889419919254,72.94376047792733,Mumbai Suburban,2026-04-16T14:55:00.000Z,2026-04-16T15:49:00.000Z,confirmed,received
HO-ZSG5-BAQ3,LOT_00497,COL_0012,REC_001,TXN_00366,931192,8cb5e83d70baf97e6351266be36433a3fbbbce419dce3eb3d56307325930162f,2,e6c40ec4b96c|ec1f5b04d03d,32.43,31.53,18.486481618070602,73.82617345626355,Pune,2026-07-16T14:01:00.000Z,2026-07-16T17:50:00.000Z,confirmed,received
HO-GTV7-6S44,LOT_00498,COL_0002,REC_007,TXN_00367,855841,d17f6038d2ccbc169a4437314f6d4dc1dd12daafb548c3465a71ec4791e79496,1,bb2ad4d57659,7.73,7.83,19.195889419919254,72.94376047792733,Mumbai Suburban,2026-04-10T02:07:00.000Z,2026-04-10T03:26:00.000Z,confirmed,sorted
HO-TZRV-X6D1,LOT_00499,COL_0052,REC_020,TXN_00368,065208,79a854f1cdd0a19b3296cee2acc05f5a2cff3d211b14861dfd5199464ace7afd,3,885fe2500cf7|280c9574b320|1170097f11cc,36.43,36.51,13.029597338622809,77.64679760476052,Bengaluru Urban,2026-07-10T20:46:00.000Z,2026-07-11T00:33:00.000Z,confirmed,reported_to_epr
HO-EN7B-RWM5,LOT_00501,COL_0017,REC_010,TXN_00369,584325,3ac13ea081eaee9b099d9d3013396c5e0f765646cf07c1b8887a34a2ec8ff65a,2,7642e6be9425|1e902d6e1c42,37.01,37.06,19.083108686077594,72.85642781746984,Thane,2026-05-27T02:51:00.000Z,2026-05-27T03:39:00.000Z,confirmed,reported_to_epr
HO-YYM5-32EA,LOT_00502,COL_0009,REC_013,TXN_00370,039343,2fba5f1e5a8e562f6830dc0777413786322f373ce1dbc902496c39925df9b9f3,2,7ef2acce76bd|a64acb7a5ad6,67.06,67.38,20.144208687990904,73.92183781919181,Nashik,2025-11-09T03:21:00.000Z,2025-11-09T05:00:00.000Z,confirmed,reported_to_epr
HO-QF68-X4E8,LOT_00503,COL_0033,REC_010,TXN_00371,913156,192945ce092fa49cbe8661425d7f9be07db8a48d156c1363f1ca3ce8b3779d68,3,4f6b1538da0a|6da1671a9605|171766005a2a,56.3,55.78,19.083108686077594,72.85642781746984,Thane,2026-02-09T05:31:00.000Z,2026-02-09T08:23:00.000Z,confirmed,received
HO-PTZS-RXRS,LOT_00505,COL_0023,REC_019,TXN_00372,355487,247d2d6ea4d6f69337d3ba958521e4c57b51518e51c0bd00b850de63a68c91c7,3,35bcc6cc8221|f619a426d018|55975ba36228,6.75,6.93,28.5746101020962,77.17363909188659,New Delhi,2026-08-14T10:37:00.000Z,2026-08-14T12:36:00.000Z,confirmed,sorted
HO-W3FP-YJ9Y,LOT_00506,COL_0029,REC_007,TXN_00373,036413,6c49bc75db5eff1c004168eb8bab3d4bb25a2f3d232eefd19576d58eed2179fe,2,ed8b578eb5e6|c2a503cdf0bb,8.79,8.97,19.195889419919254,72.94376047792733,Mumbai Suburban,2026-06-16T23:32:00.000Z,2026-06-17T03:09:00.000Z,confirmed,sorted
HO-PTN8-MT6Q,LOT_00507,COL_0018,REC_007,TXN_00374,914269,edb7c589131d6f6d156c4f792d55d5ef178cd137455f97014c5b176838c1176d,2,cd93501b7650|9ccd8b0da7f6,25.38,25.04,19.195889419919254,72.94376047792733,Mumbai Suburban,2025-12-20T12:16:00.000Z,2025-12-20T13:00:00.000Z,confirmed,reported_to_epr
HO-03H5-4RAS,LOT_00508,COL_0048,REC_011,TXN_00375,161123,b6f3f0d0c02120916ac9405c9bd30de45a1f92f0c428d0c6631be8d1a9cfcef1,1,80d6ce20563f,3.56,3.65,19.102753954026102,72.87410855862349,Thane,2026-07-07T13:16:00.000Z,2026-07-07T13:51:00.000Z,confirmed,processed
HO-ZN21-VMTJ,LOT_00509,COL_0028,REC_008,TXN_00376,304747,f0d2780f96ce3b6913dbfd8c85caef11d52d947774ec37d86b5810093309fcd3,1,61721b37bca7,0.32,0.34,19.13597666629255,72.88983899966328,Mumbai Suburban,2025-10-23T03:59:00.000Z,2025-10-23T06:04:00.000Z,confirmed,reported_to_epr
HO-3BA3-G0VA,LOT_00510,COL_0002,REC_007,TXN_00377,463886,ebd124dda080d4f380749fd71bfaf84177b60551a29cf11b8018b16d9e110f3c,1,369a8a3ed90c,3.79,3.94,19.195889419919254,72.94376047792733,Mumbai Suburban,2026-03-28T23:29:00.000Z,2026-03-29T01:41:00.000Z,confirmed,reported_to_epr
HO-YXG8-GGW8,LOT_00511,COL_0009,REC_013,TXN_00378,433888,96b2ef957a0e3e3aba3b864b2c10a0d874e870bf90362d66d068294645d60c4b,2,ee89ab9cb126|ea465381f6c0,113.14,105.33,20.144208687990904,73.92183781919181,Nashik,2026-08-23T22:36:00.000Z,2026-08-24T01:17:00.000Z,confirmed,processed
HO-KVZS-Y0VM,LOT_00513,COL_0017,REC_010,TXN_00379,367107,d4741bb8e943d83f28be842deadd574535bccc3a5ac29d297cc3e2797ce4c8e1,2,29a0239342e2|0d274bb6f3ce,26.68,26.49,19.083108686077594,72.85642781746984,Thane,2026-01-11T10:59:00.000Z,2026-01-11T14:05:00.000Z,confirmed,received
HO-3KP2-D1W1,LOT_00515,COL_0010,REC_003,TXN_00380,316088,b0dcedc125dcf6d0e9e4d58caf67e1653b11295d09d17cbd7bae330ab334df5a,2,43da8c45c91b|d4ec73951192,33.46,34.29,18.591669234344362,73.92084231090993,Pune,2026-06-04T16:26:00.000Z,2026-06-04T19:44:00.000Z,confirmed,sorted
HO-DD8K-FH3T,LOT_00516,COL_0043,REC_005,TXN_00381,587987,0f06030baccbbe7bcdcf5a710e15d2e2f27a12a9cc01311d920ecf06126683b6,2,72bf953631fe|49ac98dcdef3,30.92,31.56,18.489540040129423,73.82892603611648,Pune,2026-03-01T07:06:00.000Z,2026-03-01T09:47:00.000Z,confirmed,received
HO-PEBF-RM6G,LOT_00517,COL_0050,REC_005,TXN_00382,325576,40d0e56fe32a9c4d944a010bba013b7f479e287dc881a36077ecf3e14fae0220,3,9e563a7dd29f|9cd5bb77ef11|240aef5262fd,46.63,47.36,18.489540040129423,73.82892603611648,Pune,2026-02-22T16:19:00.000Z,2026-02-22T17:28:00.000Z,confirmed,sorted
HO-AKFS-TAKM,LOT_00518,COL_0043,REC_005,TXN_00383,174003,55a78c5f15f23a06d0dd766ec585d7fb24ea5ab6af445c02148eaca0028f6db5,2,93d2bdecb2f0|2925443a40a0,42.06,42.87,18.489540040129423,73.82892603611648,Pune,2026-03-06T09:06:00.000Z,2026-03-06T12:54:00.000Z,confirmed,received
HO-H673-2YYA,LOT_00520,COL_0035,REC_008,TXN_00384,164937,f3cf86aa3b434d9ad99fbb93794acfca1d2ea5d2fc85a21a4d6e2be724d06311,3,40aeb7a08d77|ccb4e5efad7b|e1b4611425aa,1.49,1.41,19.13597666629255,72.88983899966328,Mumbai Suburban,2025-12-19T00:18:00.000Z,2025-12-19T03:02:00.000Z,confirmed,sorted
HO-PMBW-JPWK,LOT_00522,COL_0009,REC_013,TXN_00385,168520,e14b0e91a4c718703cb89e76485a1e2735ef7c5a23bb0d7d8a68c85c82482f90,2,652950bcfd45|10e495226d65,18.31,18.29,20.144208687990904,73.92183781919181,Nashik,2026-06-17T05:18:00.000Z,2026-06-17T09:16:00.000Z,confirmed,processed
HO-8NPW-T35T,LOT_00523,COL_0029,REC_007,TXN_00386,817890,ab83f0d9eaeb0efac035821f50fc99334e479ff4e98f5bd1482438c2036982dd,1,e76a68a6ead2,41.9,42.78,19.195889419919254,72.94376047792733,Mumbai Suburban,2026-07-06T05:43:00.000Z,2026-07-06T09:27:00.000Z,confirmed,sorted
HO-ZTRZ-0F0B,LOT_00524,COL_0005,REC_014,TXN_00387,639505,20c5044f9ae07111d5f34d0519badc4c315350bb6e2a4a6a545461b03653227b,1,798df58e8f88,36.06,38.66,21.207097198012473,79.14336747821122,Nagpur,2026-01-14T08:50:00.000Z,2026-01-14T09:27:00.000Z,confirmed,reported_to_epr
HO-E00Z-6SD4,LOT_00525,COL_0033,REC_010,TXN_00388,595528,25815a2641a21deb1f24ab83726557540c8627b76155855cf242ef83e086ed83,3,58cd37bb4b78|d2107d8d3ed0|c69bdc84908e,72.64,72.86,19.083108686077594,72.85642781746984,Thane,2026-04-05T11:19:00.000Z,2026-04-05T12:01:00.000Z,confirmed,sorted
HO-R0J6-QHSG,LOT_00526,COL_0017,REC_010,TXN_00389,042586,642834dcb457a07795bb5e664fbb9550597edc45ba486746b8752cf773b7d1ea,2,e36f521e17dc|f18ef0897f68,27.07,26.7,19.083108686077594,72.85642781746984,Thane,2026-01-14T09:58:00.000Z,2026-01-14T12:01:00.000Z,confirmed,processed
HO-PHSM-0V3F,LOT_00527,COL_0008,REC_013,TXN_00390,521508,06a38c8ed85e7248c8160035f0b84f6d99bff480f27d8ee2e8a2f56b07ed8eed,4,a5a496fe3bdd|b9c6b9abce68|18807d0c8af6|78c1df3f7628,35.18,33.52,20.144208687990904,73.92183781919181,Nashik,2025-11-03T14:44:00.000Z,2025-11-03T17:58:00.000Z,confirmed,processed
HO-D5BA-CSA5,LOT_00529,COL_0040,REC_007,TXN_00391,504991,fe932c6bc96309a05791f881102b6ed81bdcae74cd2cfa449a3ea90111df9a96,4,f62cd06e35e6|8ce9518ad558|bce54c884148|1c9164e0ed9a,175.22,181.89,19.195889419919254,72.94376047792733,Mumbai Suburban,2026-02-11T00:30:00.000Z,,pending,
HO-C95P-9QNB,LOT_00531,COL_0051,REC_007,TXN_00392,969229,e0e4458215f746752c49c5452c199e0293a335203b11a6d87016eff139e59741,2,d9fe39c3f954|3e7a3bf24996,51.08,50.61,19.195889419919254,72.94376047792733,Mumbai Suburban,2026-01-27T22:23:00.000Z,2026-01-28T00:09:00.000Z,confirmed,received
HO-A1X2-84WT,LOT_00533,COL_0048,REC_010,TXN_00393,446027,0220901be3ae351a7f3ddf6289bdac2d807c95c0a42028392013bf101d7c4eea,2,8cfe8e33a9b7|79ad00da6c31,32.99,32.43,19.083108686077594,72.85642781746984,Thane,2026-04-17T20:16:00.000Z,2026-04-17T21:54:00.000Z,confirmed,sorted
HO-8MXQ-WXK0,LOT_00534,COL_0043,REC_001,TXN_00394,393166,5a895de873b4f27a9ed7d92f45d0c619a7074e9a4faddcba80168c2bc194de5d,1,7941760d56bf,11.13,11.06,18.486481618070602,73.82617345626355,Pune,2026-06-08T11:32:00.000Z,2026-06-08T11:46:00.000Z,confirmed,reported_to_epr
HO-32VB-HGQS,LOT_00536,COL_0010,REC_004,TXN_00395,048103,365d68b12ea22559b74ed9a3325051d92cba19a68bfc0b878fbdb04c62ab9e98,1,26761238b166,6.29,6.33,18.47728938193023,73.81790044373722,Pune,2025-09-29T20:24:00.000Z,2025-09-29T23:56:00.000Z,confirmed,reported_to_epr
HO-R652-9XCQ,LOT_00537,COL_0019,REC_010,TXN_00396,577039,33ddeb4daf8f06c0426e13d251218edad58adbbcc5e8ec933f50f654333e200b,1,b88ebf4ff310,6.72,6.57,19.083108686077594,72.85642781746984,Thane,2026-06-13T23:59:00.000Z,2026-06-14T02:53:00.000Z,confirmed,processed
HO-TH23-2FYW,LOT_00538,COL_0033,REC_010,TXN_00397,289976,603ef7376ec43d11a653fa5a6d6e70eb57223b0d224d6826e9bb2f93cb94567c,1,501fe4f10e16,9.42,9.22,19.083108686077594,72.85642781746984,Thane,2026-05-28T06:43:00.000Z,2026-05-28T09:21:00.000Z,confirmed,processed
HO-FQ52-MZXA,LOT_00539,COL_0025,REC_001,TXN_00398,171873,4d33a39cf7543466ce76202e32e1f0ecbd9174b698cec5b748dce1a7fb008c05,1,ae2c188f99f9,40.04,38.89,18.486481618070602,73.82617345626355,Pune,2026-08-16T06:41:00.000Z,2026-08-16T08:52:00.000Z,confirmed,processed
HO-FKRS-10PX,LOT_00540,COL_0001,REC_012,TXN_00399,852091,40dfb2e620f9261edebcfd60e7a0cd2b81c2aa792633a34ea3327732fc9ec98e,4,db9948206d46|d8f4ff33473f|65d6a9c07c31|040424ab907a,43.68,44.26,19.959777436479925,73.75584969283193,Nashik,2026-05-04T15:46:00.000Z,2026-05-04T17:47:00.000Z,confirmed,reported_to_epr
HO-KXQC-6Z6B,LOT_00541,COL_0042,REC_004,TXN_00400,324402,0e63f391bc15bd1cc2616a67b0798bad707d72b67188613a552fc44cb219f552,1,f2895db0c3ae,6.25,6.31,18.47728938193023,73.81790044373722,Pune,2025-09-09T08:19:00.000Z,2025-09-09T10:13:00.000Z,confirmed,received
HO-62QY-C8Z1,LOT_00542,COL_0050,REC_003,TXN_00401,770371,167878a4800bf7da9221de4ed3b47113a76492738ed1f3e0341b51ff2ad209d1,2,b0ddc11b302a|b896037f34ee,23.74,24.4,18.591669234344362,73.92084231090993,Pune,2026-02-12T03:06:00.000Z,2026-02-12T04:31:00.000Z,confirmed,received
HO-29C1-T66Y,LOT_00543,COL_0013,REC_020,TXN_00402,247848,31ce879f0e765bc7114965fc3e34b65c2099db0942e865c0acfff0aea1726519,1,9316b3c8f0c6,12.94,12.39,13.029597338622809,77.64679760476052,Bengaluru Urban,2025-10-31T21:03:00.000Z,,pending,
HO-9JWX-96N4,LOT_00544,COL_0034,REC_003,TXN_00403,126397,bf355406d5dc3b047a4c685e97af3b8b3edc3fbf4c78792d9d21ce348d1f357c,1,088292cc87dc,17.4,17.81,18.591669234344362,73.92084231090993,Pune,2026-03-07T14:25:00.000Z,2026-03-07T14:28:00.000Z,confirmed,received
HO-VS1B-KQYQ,LOT_00546,COL_0045,REC_020,TXN_00404,073118,d4139416f0fe26e48147d6eb77f827032b78d1f9c07ae8e1bbac1c9f32a0b0d7,2,dd57fd9626d6|3aedd18aafd2,22.49,23.41,13.029597338622809,77.64679760476052,Bengaluru Urban,2025-10-17T02:03:00.000Z,2025-10-17T05:56:00.000Z,confirmed,received
HO-S1XF-AWB5,LOT_00548,COL_0045,REC_020,TXN_00405,025167,e19381ad9c85a38fbda42bda4e31e1e268da51ca212f7a50a4735c07099ad587,1,c329f4295220,1.9,1.93,13.029597338622809,77.64679760476052,Bengaluru Urban,2026-07-29T08:05:00.000Z,2026-07-29T10:53:00.000Z,confirmed,sorted
HO-6WWT-Y9DH,LOT_00551,COL_0011,REC_014,TXN_00406,528335,b5acba8c16c5e70ac11285124e2c8e0d9a730a8c6d4a16bfe193544ff501a18e,2,867113933faa|42baec7852e0,42.84,41.57,21.207097198012473,79.14336747821122,Nagpur,2025-11-08T09:30:00.000Z,2025-11-08T13:20:00.000Z,confirmed,processed
HO-R934-AJX3,LOT_00553,COL_0030,REC_013,TXN_00407,936421,7a10a688250eb17827755ae82c1537408e70350070c91d486368e84d305e4ac0,1,dc85e7d0b5d8,0.38,0.38,20.144208687990904,73.92183781919181,Nashik,2025-11-07T16:14:00.000Z,2025-11-07T19:24:00.000Z,confirmed,processed
HO-NCF2-5CH2,LOT_00555,COL_0009,REC_012,TXN_00408,602389,f8c62f82e1edbab9a7ceaee4925a69b489b572c98a2b4a64574af9815dde6b9f,4,0272cb7e6510|7d2ed6714d9c|33c99fcda993|58e46d4ef2b9,34.34,33.22,19.959777436479925,73.75584969283193,Nashik,2026-04-26T18:22:00.000Z,2026-04-26T21:55:00.000Z,confirmed,sorted
HO-R19T-R6JS,LOT_00556,COL_0011,REC_014,TXN_00409,723855,a2d4e1b29c96ac03102596a34c56dceb1fd02992b15e8498347b99cdc52bbd58,3,0ce461d0d23c|40e2a359e26b|b94023b8fdc8,117.73,118.91,21.207097198012473,79.14336747821122,Nagpur,2026-07-22T15:27:00.000Z,2026-07-22T17:31:00.000Z,confirmed,sorted
HO-JQ0Y-F53Q,LOT_00557,COL_0029,REC_007,TXN_00410,961650,5adf8e874b546b9bb9283d972c2737dc3c935d0f8ea2f25bdfc9805533f16de0,2,3363b2aad07d|a600947ec776,29.18,28.74,19.195889419919254,72.94376047792733,Mumbai Suburban,2026-03-22T20:00:00.000Z,2026-03-22T20:03:00.000Z,confirmed,received
HO-XS80-CAKE,LOT_00558,COL_0044,REC_001,TXN_00411,266899,7de8cc6a32a7579e5440f9b3224bce7bb6abacf09ce468957f1e8a7c053c3f33,3,8a27c3d26b43|31f9d8701e3b|e3ef6007a916,67.74,62.89,18.486481618070602,73.82617345626355,Pune,2026-05-31T13:36:00.000Z,2026-05-31T16:43:00.000Z,confirmed,reported_to_epr
HO-D2C1-81DW,LOT_00559,COL_0031,REC_007,TXN_00412,584059,3c907f023dcda9896a607ec500b8421574324c0649f5422943180dab165eebd7,1,aaaaab45ceb1,10.95,10.79,19.195889419919254,72.94376047792733,Mumbai Suburban,2026-01-25T15:56:00.000Z,2026-01-25T19:15:00.000Z,confirmed,sorted
HO-QHSG-KB6P,LOT_00561,COL_0056,REC_007,TXN_00413,831950,a1678bcb179e4df1ef64910b27afd38dd63a6f8faf69d9fff9c46382d3f5337c,1,844f88efbe15,28.81,28.46,19.195889419919254,72.94376047792733,Mumbai Suburban,2026-05-18T02:20:00.000Z,2026-05-18T05:46:00.000Z,confirmed,received
HO-BX9S-GAHF,LOT_00562,COL_0023,REC_019,TXN_00414,342015,a7e1d3984e5e0e0b6ea4ecb6aa03ce9b5a733ae0153101bc13fde17091e5c165,2,10dc2484e10a|61baab120b50,21.7,22.11,28.5746101020962,77.17363909188659,New Delhi,2026-06-21T03:01:00.000Z,2026-06-21T04:06:00.000Z,confirmed,received
HO-ZGCV-6KJD,LOT_00563,COL_0052,REC_020,TXN_00415,639727,c518f86abbf1490627e3d7e7ecc27d1c4fe887d897f7e1d456c3a2f11c6ad3bb,2,25e93eb68c79|eb85d2001c6a,16.03,16.1,13.029597338622809,77.64679760476052,Bengaluru Urban,2026-05-24T13:20:00.000Z,2026-05-24T13:29:00.000Z,confirmed,processed
HO-34T3-3PR4,LOT_00564,COL_0029,REC_008,TXN_00416,310520,54b2448faa58fbd86f7e618f6c9fd6e7c5bdc4a0220de20d604b57770ab0f004,1,9f5b74e712b4,0.03,0.03,19.13597666629255,72.88983899966328,Mumbai Suburban,2026-05-14T21:40:00.000Z,2026-05-15T01:01:00.000Z,confirmed,reported_to_epr
HO-DYRY-DZKX,LOT_00565,COL_0019,REC_011,TXN_00417,436308,ae2c35c92e9d4050b59ea91aea0f0861d877b35a43e172ee92e9e1864679c892,1,b9557757aa69,5.15,5.25,19.102753954026102,72.87410855862349,Thane,2025-10-13T13:26:00.000Z,2025-10-13T15:12:00.000Z,confirmed,sorted
HO-0FNC-QN9X,LOT_00567,COL_0009,REC_013,TXN_00418,780181,6d8c4d5acb0a58f1f4c1bf65a8bed37adcb52118550ee4fc41638120f1d3de4d,1,1a84fa363b59,4.61,4.58,20.144208687990904,73.92183781919181,Nashik,2025-12-18T05:53:00.000Z,2025-12-18T07:48:00.000Z,confirmed,sorted
HO-8XC4-EKAS,LOT_00568,COL_0052,REC_020,TXN_00419,952668,a4873d654bfaadae35edf48bfe1e4ed4af31c2366cc7464c53cb9d280365786a,1,59405b0c31f0,17.56,17.35,13.029597338622809,77.64679760476052,Bengaluru Urban,2025-12-25T01:39:00.000Z,2025-12-25T05:17:00.000Z,confirmed,sorted
HO-3J8F-AR28,LOT_00569,COL_0040,REC_006,TXN_00420,964367,3a3b45e2b5e0442dbc39a74c2a578a9adfa84eb9e514f6dcca4976c64cb4c706,1,8cdb9790dcd0,11.05,10.7,19.03367845774293,72.79777061196863,Mumbai Suburban,2026-04-16T23:14:00.000Z,2026-04-17T02:11:00.000Z,confirmed,reported_to_epr
HO-33TT-927C,LOT_00570,COL_0051,REC_008,TXN_00421,739186,eefd3b2f7db4497186def91a01bb4a45e483544576eee90c48ec9a007c73c857,1,8c90d18e3c0a,0.14,0.14,19.13597666629255,72.88983899966328,Mumbai Suburban,2026-01-19T06:49:00.000Z,2026-01-19T08:28:00.000Z,confirmed,sorted
HO-JF9E-MHNA,LOT_00571,COL_0042,REC_004,TXN_00422,804555,8cd786efc4e84ace85e2b61d9718cc303726dd547782a0a17bec3babd7323775,4,9db49c6d23d2|ee29a0a38449|c19d5e57eb0f|9483c562ba61,58.93,60,18.47728938193023,73.81790044373722,Pune,2026-02-07T03:05:00.000Z,2026-02-07T06:09:00.000Z,confirmed,received
HO-0H36-FN0R,LOT_00572,COL_0009,REC_013,TXN_00423,948005,f638c853104ec0527bcf1b4f5cfc7a7dd90ea15fa19d0830a58f82d7223170f7,3,9c086586c6d5|73f6d3971230|fd30cf97fcef,109.46,109.92,20.144208687990904,73.92183781919181,Nashik,2026-05-26T04:01:00.000Z,2026-05-26T06:27:00.000Z,confirmed,sorted
HO-AYQ6-63XH,LOT_00573,COL_0004,REC_002,TXN_00424,455848,abc2016d7dab8bec3b93e4d72f15b700e3c9297dfd64c5783276fbd759adbc2c,2,cdba939fe310|b398914e33ea,57.76,58.56,18.50604963646233,73.8437846728161,Pune,2025-10-09T17:05:00.000Z,2025-10-09T20:54:00.000Z,confirmed,sorted
HO-173A-4S74,LOT_00575,COL_0033,REC_010,TXN_00425,679188,f2d98a23395aa2e94d0a362679cb472805e592f2dfc2cbe21fcf987b8f553983,1,8e091e4b632f,25.59,25.11,19.083108686077594,72.85642781746984,Thane,2026-02-20T05:24:00.000Z,2026-02-20T06:18:00.000Z,confirmed,received
HO-P59F-8SBN,LOT_00578,COL_0025,REC_002,TXN_00426,049896,da84ffcce836fc828474d63ba12375aa05be0963a70ec75089f7696fb81875b2,1,c5eafcfae57a,19.29,19.97,18.50604963646233,73.8437846728161,Pune,2025-11-01T17:31:00.000Z,2025-11-01T17:44:00.000Z,confirmed,sorted
HO-6RZS-1784,LOT_00579,COL_0052,REC_021,TXN_00427,509250,88e081e330c2b34ecdfe6b46037043dde9c738fe268d3049a821565cf0b3d7a0,2,7ba21c96f6fa|feaef2a839db,50.49,50.62,12.939527776500583,77.56573499885053,Bengaluru Urban,2025-11-17T19:57:00.000Z,2025-11-17T21:47:00.000Z,confirmed,processed
HO-6SW0-P2A1,LOT_00580,COL_0032,REC_007,TXN_00428,941389,db791aa4fe861e0981a8d7336df0dcc3784ae4bd51bd2b99d69980ecce17b1e8,2,76d2aa625e0d|2c8e40a28565,92.97,98.34,19.195889419919254,72.94376047792733,Mumbai Suburban,2025-12-30T20:03:00.000Z,2025-12-30T20:26:00.000Z,confirmed,processed
HO-2JEB-1YTZ,LOT_00582,COL_0051,REC_007,TXN_00429,816930,034359a5efa4113453b0eae5f4f3d3394bf84ae28bd8f353528c2e9b1f333184,1,71a64852ec73,39.25,37.29,19.195889419919254,72.94376047792733,Mumbai Suburban,2026-04-17T07:19:00.000Z,2026-04-17T09:32:00.000Z,confirmed,reported_to_epr
HO-63MJ-6SW3,LOT_00583,COL_0027,REC_012,TXN_00430,519328,5e05dca4291231740309c78b1044a73d047cca7a11b800dda1066090b3a25892,2,3b31b8e0d76e|7d59efa68a95,85.97,86.73,19.959777436479925,73.75584969283193,Nashik,2026-01-02T01:18:00.000Z,2026-01-02T03:47:00.000Z,confirmed,reported_to_epr
HO-NGQR-F5N5,LOT_00584,COL_0013,REC_021,TXN_00431,715945,dd810a29936677a1f862539344b267f95c99382d83ea8f7992b011e6cdaa807e,3,50ada0a2f5a1|3e112dc107bb|4ebcba3a2220,74.3,73.09,12.939527776500583,77.56573499885053,Bengaluru Urban,2025-11-09T06:43:00.000Z,2025-11-09T08:22:00.000Z,confirmed,processed
HO-BAZT-J6ZY,LOT_00585,COL_0005,REC_014,TXN_00432,555454,2c59bad94b84b6ceaf8b3e9acbf3668aef756b7539467c118e348c2fcc1283e8,3,1bf03a1ecfb4|01de2a451877|f1e1ad9a22b7,91.04,90.15,21.207097198012473,79.14336747821122,Nagpur,2026-06-26T02:44:00.000Z,,pending,
HO-JDTD-KASK,LOT_00586,COL_0019,REC_011,TXN_00433,775706,b5faa9fec618ed361e9a5107a9a1df0dea975e9ebaec8c023bcb3f5964f0d6e8,1,3dd08930860e,60.01,62.78,19.102753954026102,72.87410855862349,Thane,2026-07-15T05:48:00.000Z,2026-07-15T09:07:00.000Z,confirmed,received
HO-9MZY-RMPC,LOT_00587,COL_0051,REC_007,TXN_00434,395033,60d45db12019acde4bd67b5839a9d499140e8bfab423699e11bc2408c243d30e,4,6d19b8a02604|17d89c2242f8|a54a2b8564f6|f959ce6be4b0,92.96,94.03,19.195889419919254,72.94376047792733,Mumbai Suburban,2026-04-13T21:15:00.000Z,2026-04-13T21:54:00.000Z,confirmed,processed
HO-1246-DRRC,LOT_00588,COL_0039,REC_011,TXN_00435,734862,55217cd90db7987fba99a60f609ac15f0766b3a13fc62e55f2b4fdbe4dedc73d,1,a2e324db8f76,18.73,19.36,19.102753954026102,72.87410855862349,Thane,2025-09-06T04:59:00.000Z,2025-09-06T07:38:00.000Z,confirmed,sorted
HO-AXH1-ZEGC,LOT_00589,COL_0057,REC_014,TXN_00436,734306,3edf4ed238779c92833a88f717e75424ef2daea178686f28839671e2cfde9faa,1,c56396a43f99,23.17,22.52,21.207097198012473,79.14336747821122,Nagpur,2025-11-01T20:20:00.000Z,2025-11-01T22:56:00.000Z,confirmed,received
HO-0NXF-YKPF,LOT_00590,COL_0048,REC_010,TXN_00437,014684,1a28296eadc02cf586cbda51433e38ecbbf0970133580d4f55ac752423d58e1c,2,1b4ac6e905b2|208e900d8e73,11.4,11.27,19.083108686077594,72.85642781746984,Thane,2026-08-31T21:35:00.000Z,2026-09-01T00:04:00.000Z,confirmed,sorted
HO-WAQ1-TTHZ,LOT_00591,COL_0043,REC_003,TXN_00438,191851,53c521fd28aeb7166bcc5abb67b0d9864740c37af5fb86a9d5378c4ebb2be2ae,3,4f667db8df1b|1dbad176f9b3|edd5ba911576,89.01,92.75,18.591669234344362,73.92084231090993,Pune,2025-12-08T12:19:00.000Z,2025-12-08T13:11:00.000Z,confirmed,reported_to_epr
HO-6PYV-P6EK,LOT_00593,COL_0046,REC_001,TXN_00439,137535,4b89eab8981c9871c254466d677a672c0e689b1b2e338997819a1228bd430091,1,5014f06118f2,15.26,15.19,18.486481618070602,73.82617345626355,Pune,2026-03-25T08:07:00.000Z,2026-03-25T09:53:00.000Z,confirmed,reported_to_epr
HO-71XX-1DVS,LOT_00594,COL_0050,REC_001,TXN_00440,818419,5eb699adf086bf94ee6ab5aa7970d5db82ef1104e6671d68f1ddbc5d1ba3ed6b,3,1482e65afceb|34965cf40eb8|28c72e09cec9,27.44,27.5,18.486481618070602,73.82617345626355,Pune,2026-04-22T14:29:00.000Z,2026-04-22T18:00:00.000Z,confirmed,sorted
HO-034D-CMWS,LOT_00595,COL_0027,REC_013,TXN_00441,395512,0460d5b3349bc7c76d8d91bc8b3ada76f65ff5c8e17657cf14266479ab00e418,2,d17a04e0def9|fd10b5e4cefe,61.05,42.91,20.144208687990904,73.92183781919181,Nashik,2025-10-08T08:50:00.000Z,2025-10-08T12:37:00.000Z,confirmed,sorted
HO-BJMM-QNFC,LOT_00596,COL_0053,REC_012,TXN_00442,379711,f77fc9ce9cc3971c5b9089e226e9ed69323825d11b975f699169eb90ca3e1b45,2,6d9e3a673841|f7b98da938ba,25.12,24.8,19.959777436479925,73.75584969283193,Nashik,2026-03-13T16:15:00.000Z,2026-03-13T16:31:00.000Z,confirmed,received
HO-6ZN6-GXRR,LOT_00597,COL_0002,REC_007,TXN_00443,640116,69990e87a79826b82cd8398242fdf68e6faad5bfa641d5119d88544aa9e19e61,1,bd76a0c68eb2,27.14,26.45,19.195889419919254,72.94376047792733,Mumbai Suburban,2026-05-02T16:29:00.000Z,2026-05-02T19:36:00.000Z,confirmed,processed
HO-3DH8-DE6S,LOT_00598,COL_0020,REC_011,TXN_00444,228949,3cc0d6ccf468230f719ace63834b6ba8017449959f98ac3fdf297734a36f6b55,1,e1c5d1de078e,2.44,2.51,19.102753954026102,72.87410855862349,Thane,2025-12-22T23:25:00.000Z,2025-12-23T01:06:00.000Z,confirmed,processed
HO-6995-ATHB,LOT_00599,COL_0054,REC_002,TXN_00445,211590,8a1427508c38fd49bd458d3a92fa5b8a86ccc33536923a9ae2498b6f95db7480,3,812896e7f515|ed4ae1aff7a1|d00894052faf,56.6,57.43,18.50604963646233,73.8437846728161,Pune,2026-02-13T18:24:00.000Z,2026-02-13T21:04:00.000Z,confirmed,sorted
HO-KEWR-P8H6,LOT_00600,COL_0050,REC_002,TXN_00446,786422,f11ca208032d7e5c5944fc7d764a5317e27ba1b160003d80113ce781789ad21a,1,2925443a40a0,21.04,21.13,18.50604963646233,73.8437846728161,Pune,2026-02-23T13:55:00.000Z,,pending,
HO-KZ1S-8ACG,LOT_00601,COL_0042,REC_001,TXN_00447,930647,889d3e9a49cddd72bf81cfaa16088066843f670e8653c42d0e87cf898101b1f4,2,c70d91cac6ab|c33e9b8b70e7,31.02,20.06,18.486481618070602,73.82617345626355,Pune,2026-05-28T17:00:00.000Z,2026-05-28T18:18:00.000Z,confirmed,processed
HO-0KD1-HR2K,LOT_00603,COL_0035,REC_008,TXN_00448,734581,def0379ed1827d2f77a58eea73031254219358099e8a8033afea9b5b3eea958a,2,152c6eee57d5|811bbc35167e,43.8,43.99,19.13597666629255,72.88983899966328,Mumbai Suburban,2026-04-08T17:36:00.000Z,2026-04-08T21:18:00.000Z,confirmed,reported_to_epr
HO-77WK-X1N5,LOT_00604,COL_0022,REC_008,TXN_00449,807206,4e2741a5121bff2718bf8c959bc8d5e228ef994184bd702e669c139de767a174,2,d3efdca9ff65|cc0b4349396e,12.22,11.45,19.13597666629255,72.88983899966328,Mumbai Suburban,2026-07-19T13:10:00.000Z,2026-07-19T13:54:00.000Z,confirmed,reported_to_epr
HO-1Q2Q-EJEK,LOT_00606,COL_0017,REC_010,TXN_00450,534293,6d2a1006ab507113f5c7c5ae1a9790fe94995091d0e06ee4022d2b3d5d85b3f5,1,dbb231acefb8,0.08,0.08,19.083108686077594,72.85642781746984,Thane,2026-08-19T04:49:00.000Z,2026-08-19T07:21:00.000Z,confirmed,processed
HO-K62X-9MPX,LOT_00607,COL_0048,REC_010,TXN_00451,559005,c1ecf1352d2cc083680312dd91a1d069a11534e57653d5cacf814de7ade087af,1,a62472c103a4,17.07,17.77,19.083108686077594,72.85642781746984,Thane,2026-02-03T21:13:00.000Z,2026-02-04T00:36:00.000Z,confirmed,received
HO-2V8Y-VG11,LOT_00608,COL_0026,REC_019,TXN_00452,052905,5157f2bfd746a95b8e67080726595c0a4575370c871995f8a4dee195b3923aef,1,ccd0ccf341d6,0.22,0.22,28.5746101020962,77.17363909188659,New Delhi,2026-04-26T01:07:00.000Z,2026-04-26T05:04:00.000Z,confirmed,received
HO-DD9A-QM7D,LOT_00609,COL_0043,REC_002,TXN_00453,572636,22337abc8e04869e980a234dad9d6df1c0a5111e75185a8eadf3373cc9bb9f16,1,2e24f5a0e839,43.53,44.13,18.50604963646233,73.8437846728161,Pune,2026-01-09T06:31:00.000Z,2026-01-09T07:16:00.000Z,confirmed,received
HO-FPBP-2CWM,LOT_00611,COL_0057,REC_014,TXN_00454,136988,c3a94287dabd232cef29a60afd3c2245902942abae9017810f7757cdf2837057,4,4912370bf060|bed4d06d8ab3|943f1c3518d4|f6536caa9772,69.53,68.01,21.207097198012473,79.14336747821122,Nagpur,2026-07-10T06:42:00.000Z,2026-07-10T09:59:00.000Z,confirmed,processed
HO-VK9W-5031,LOT_00612,COL_0050,REC_005,TXN_00455,790813,94617af35e8ae325e6398a2c492dfa860b2a011689917dfc6207d26308553416,1,0be2c865b3f8,5.73,5.82,18.489540040129423,73.82892603611648,Pune,2025-11-05T08:44:00.000Z,2025-11-05T09:54:00.000Z,confirmed,processed
HO-19D1-8RYX,LOT_00614,COL_0001,REC_013,TXN_00456,255081,21096d1d2e856e345225c6080f2acaead9e43141ee25a3c570dc8044a449be89,1,cdbb7df49ef3,9.21,8.61,20.144208687990904,73.92183781919181,Nashik,2026-01-06T06:56:00.000Z,2026-01-06T08:10:00.000Z,confirmed,processed
HO-6Q65-EVSH,LOT_00616,COL_0013,REC_021,TXN_00457,550166,437934b5d5d6ae7377f297be98fd74824b49ff26f35b7917bcd62bf8800def10,4,a4de70cb1af5|fa9d056e1c9c|799229b9dded|da0f23a47ad3,75.33,74.44,12.939527776500583,77.56573499885053,Bengaluru Urban,2025-09-30T01:50:00.000Z,2025-09-30T04:55:00.000Z,confirmed,processed
HO-W8VH-5K28,LOT_00617,COL_0005,REC_014,TXN_00458,048842,01f1bffa8490be82b36ff3a5c92d3246e267a31ebb4e702b038354f0a8fe7290,2,735d76bb0945|208f8a7fdfaa,43.31,41.78,21.207097198012473,79.14336747821122,Nagpur,2025-12-12T16:19:00.000Z,2025-12-12T18:41:00.000Z,confirmed,sorted
HO-1YVF-HP0Y,LOT_00618,COL_0045,REC_021,TXN_00459,969477,7dda67c7932d7fd0a914602a4d44ab8574e7754e496ebf21c72363b913172c16,3,9db15a506eb4|bb0f39239921|387cc5c861dc,66.27,65.94,12.939527776500583,77.56573499885053,Bengaluru Urban,2025-11-29T09:52:00.000Z,2025-11-29T11:56:00.000Z,confirmed,sorted
HO-83WP-3JHK,LOT_00619,COL_0006,REC_008,TXN_00460,508946,73ba48ad1681755253de533eb6b3c0515b78ce6327c5f2e97c1528dd8b8a51f0,2,e63dbb04371d|4374dea4d4fe,29.11,28.95,19.13597666629255,72.88983899966328,Mumbai Suburban,2026-01-06T20:26:00.000Z,2026-01-06T21:46:00.000Z,confirmed,received
HO-TGYW-G24C,LOT_00620,COL_0010,REC_003,TXN_00461,139933,54d747da3c5101712160e4327eb476bfe90dc81760c0f6125493df8773617721,3,693188d72eb5|d5e27c7381d0|e965752383fb,76.46,73.05,18.591669234344362,73.92084231090993,Pune,2026-08-06T14:22:00.000Z,2026-08-06T17:12:00.000Z,confirmed,reported_to_epr
HO-3B4S-8SVR,LOT_00621,COL_0032,REC_007,TXN_00462,955239,aaa6d71fd885e6d551f7cb953abb9a439742fa2092f85b79b6e695b16e4c752b,1,8eecc47e9e86,5.62,5.59,19.195889419919254,72.94376047792733,Mumbai Suburban,2026-07-06T08:50:00.000Z,2026-07-06T09:07:00.000Z,confirmed,sorted
HO-YYB1-0R4C,LOT_00623,COL_0038,REC_013,TXN_00463,258156,f4ce8272c8f54d7d6a7bc74220fd690e915d02bd66ecb8fa5678e0b36ce2459f,2,c3e5fabb2b81|6f8d5b71bef7,22.49,23.67,20.144208687990904,73.92183781919181,Nashik,2026-01-02T05:14:00.000Z,2026-01-02T05:55:00.000Z,confirmed,processed
HO-BGXC-TDYT,LOT_00626,COL_0034,REC_001,TXN_00464,391586,df4bfcd230e41d00bd80329d439bdfaa61c70d548bf0e5f11246a24cf2497d28,2,9c01df07bcae|73fc75f5dda2,22.62,22.81,18.486481618070602,73.82617345626355,Pune,2025-09-20T07:26:00.000Z,2025-09-20T08:55:00.000Z,confirmed,received
HO-DQZC-SS3G,LOT_00627,COL_0001,REC_012,TXN_00465,228908,fde90dd4d98bf9372449fc79aa7ba82d9a7cf4dbd5b7ecf688041cc56230bd3a,1,68bfa4efe070,24.25,24.04,19.959777436479925,73.75584969283193,Nashik,2026-08-15T23:50:00.000Z,2026-08-16T01:13:00.000Z,confirmed,received
HO-AW3Q-2HFX,LOT_00628,COL_0027,REC_013,TXN_00466,299016,e64e7097faf0bfaadc18fc1031ef34467591b0daf1c663a5c9b710b39d7d47bf,2,d38d3fab43a9|139f69170008,8.79,8.7,20.144208687990904,73.92183781919181,Nashik,2026-05-29T11:01:00.000Z,2026-05-29T11:46:00.000Z,confirmed,sorted
HO-N8Q4-35T7,LOT_00629,COL_0012,REC_001,TXN_00467,146329,4ef8c9105e17bd4b87463d894118fe0d88a378b6bf791dfd73249dc6a4f967eb,1,0b06eaab1905,9.96,9.92,18.486481618070602,73.82617345626355,Pune,2026-07-08T16:14:00.000Z,2026-07-08T16:35:00.000Z,confirmed,processed
HO-5BT3-B2QE,LOT_00630,COL_0037,REC_001,TXN_00468,386268,1da5671ba77680ee3a5cabe415c8351e55ea7fa6fd0235039596318792f090e9,2,af99c3c0365c|158e0088eee6,79.73,81.63,18.486481618070602,73.82617345626355,Pune,2026-06-23T05:42:00.000Z,2026-06-23T08:13:00.000Z,confirmed,processed
HO-7557-WCZJ,LOT_00632,COL_0046,REC_002,TXN_00469,228820,53da0e3edc4ec484ce2cd73dc7511a805b5a548d6ed3e80b4d6abdc5826b3f7e,1,cf1d13b6e109,0.47,0.49,18.50604963646233,73.8437846728161,Pune,2026-05-13T05:36:00.000Z,2026-05-13T09:21:00.000Z,confirmed,processed
HO-9G4D-DGT4,LOT_00633,COL_0037,REC_004,TXN_00470,261031,c0f14f6f1e9a74bd1fc16004d4e0aeab9c734fbaf64bd103fcb1b3a5cc2f661a,1,2dd777e8e387,22.14,22.73,18.47728938193023,73.81790044373722,Pune,2026-04-27T19:46:00.000Z,2026-04-27T23:29:00.000Z,confirmed,received
HO-0E4K-DX4A,LOT_00635,COL_0050,REC_005,TXN_00471,170017,2da0fe2eeb74a71bbe582899c51ce0d5e1f142ba53bebc9132fb28bf1911bca3,2,6636ac72ea32|aaf9243be48f,20.31,13.68,18.489540040129423,73.82892603611648,Pune,2026-01-09T17:01:00.000Z,2026-01-09T17:02:00.000Z,confirmed,received
HO-5S76-99Z7,LOT_00636,COL_0012,REC_005,TXN_00472,599141,a9cf48e3e4729bb1cc30b867052a438dba816969f3317f4fc06172ba06add7f7,3,566cd0b1f677|d5ae7f1293d4|f61a23c3fcb7,31.47,31.49,18.489540040129423,73.82892603611648,Pune,2026-07-03T17:56:00.000Z,2026-07-03T18:45:00.000Z,confirmed,sorted
HO-NXNY-CHHV,LOT_00637,COL_0020,REC_011,TXN_00473,727101,996b299b94a686d97643693d108ace19a0832c9cf7b31f480c32343aec8deb16,2,7d97d79acec7|636f5418990f,40.62,42.15,19.102753954026102,72.87410855862349,Thane,2026-04-15T03:50:00.000Z,2026-04-15T05:26:00.000Z,confirmed,sorted
HO-7822-6EMQ,LOT_00638,COL_0033,REC_010,TXN_00474,996015,31cc6b351c8ab13853cd1637eaef175ec219941cb18396c986a35165354911be,3,ec42902a43fd|a4d4ab33e07d|4f9ab68d50db,35.97,35.52,19.083108686077594,72.85642781746984,Thane,2025-12-10T11:03:00.000Z,2025-12-10T12:48:00.000Z,confirmed,received
HO-TQ7E-FHKM,LOT_00639,COL_0038,REC_013,TXN_00475,507075,4fa97b7a55f8c937dba2db4ef21cf095f8df8687a2fc903a61705ed30f02d4bc,1,5387cd23b6a5,0.13,0.13,20.144208687990904,73.92183781919181,Nashik,2026-01-08T00:38:00.000Z,2026-01-08T03:31:00.000Z,confirmed,sorted
HO-NAFF-FYAW,LOT_00640,COL_0052,REC_020,TXN_00476,578507,9b806cee9342f295333cd82edfa03df0a57a06c0b4bc25574eb4dff02efb62fe,2,e715bca73dad|d7ca9c026076,23.94,24.02,13.029597338622809,77.64679760476052,Bengaluru Urban,2026-07-03T00:49:00.000Z,2026-07-03T00:59:00.000Z,confirmed,processed
HO-5RSN-6TJ8,LOT_00642,COL_0033,REC_010,TXN_00477,141305,5ee11b1c1644237d64bf4633401219ea2d227bcb3b9dba7a136743d68ebd0722,2,e1f83de2bad9|3fe7132d67b2,9.2,9.43,19.083108686077594,72.85642781746984,Thane,2026-02-12T02:28:00.000Z,2026-02-12T04:07:00.000Z,confirmed,processed
HO-JDE9-NDA5,LOT_00643,COL_0044,REC_005,TXN_00478,142248,555d5fd2fecfbae4ca9db363c6820b24b66dad01e18ed41401f68c5dffb39a4c,3,16f07106cfe6|5cefa4226ba8|d8d3675728a3,84.43,84.91,18.489540040129423,73.82892603611648,Pune,2026-05-10T17:08:00.000Z,2026-05-10T18:31:00.000Z,confirmed,sorted
HO-4011-FVY4,LOT_00645,COL_0033,REC_010,TXN_00479,517686,6c88870a263d21ba70abf69ef92e147cff65122bda3d65e7fec608fe65d377a9,2,1395b5461361|eafa59235ccc,35.2,35.34,19.083108686077594,72.85642781746984,Thane,2026-07-26T03:03:00.000Z,2026-07-26T03:48:00.000Z,confirmed,reported_to_epr
HO-K9MA-WSCQ,LOT_00646,COL_0023,REC_019,TXN_00480,791496,b597a18da71746755b94524e4ed0b628367fe9711719b03421155ed993988c44,2,7c2c138d5eb6|8972f9accb04,29.06,28.99,28.5746101020962,77.17363909188659,New Delhi,2026-02-18T18:48:00.000Z,2026-02-18T18:50:00.000Z,confirmed,processed
HO-HDBE-3GRJ,LOT_00647,COL_0037,REC_005,TXN_00481,865585,e21732f9610207a3f14477e36f5a3f3bd96c6e31a87d6ff2a8069638b8a2ff13,1,6bff774c9e00,0.19,0.19,18.489540040129423,73.82892603611648,Pune,2025-09-15T03:20:00.000Z,2025-09-15T03:36:00.000Z,confirmed,sorted
HO-RBRN-0FSB,LOT_00649,COL_0039,REC_010,TXN_00482,111683,c71a621634868812df64060c3972635ca8480a6b8e195bad4d81f126995e7abd,2,ebaebb193b1b|6fea5fab3e3e,29.61,30.75,19.083108686077594,72.85642781746984,Thane,2025-11-13T15:11:00.000Z,2025-11-13T15:12:00.000Z,confirmed,processed
HO-0K0X-351Y,LOT_00651,COL_0001,REC_013,TXN_00483,078007,1c37149030835059508e16afd2131c155eae089f587cf2cc23e81e350fdeba00,1,a31962b5ba4b,0.21,0.22,20.144208687990904,73.92183781919181,Nashik,2026-02-14T04:15:00.000Z,2026-02-14T08:03:00.000Z,confirmed,sorted
HO-6728-1GPG,LOT_00653,COL_0051,REC_007,TXN_00484,247662,122ed42b4f8a1c522f992ce690bd694ff2a204b9ab320ef0c6a7aef45d940693,3,26cb86899933|8b1e0afbf79f|71b09ae0cf0e,16.12,16.24,19.195889419919254,72.94376047792733,Mumbai Suburban,2026-01-25T10:48:00.000Z,2026-01-25T11:42:00.000Z,confirmed,received
HO-NZB7-6T34,LOT_00654,COL_0045,REC_021,TXN_00485,537119,c9bba5c1e04c8823ebbaefa029099983089cac207134dc43f6a59b443d81b8e4,3,57dfb821bfa9|6a071190ca53|d7ac3c04cccc,74.4,74.26,12.939527776500583,77.56573499885053,Bengaluru Urban,2026-05-23T06:24:00.000Z,2026-05-23T09:08:00.000Z,confirmed,received
HO-G153-17FJ,LOT_00656,COL_0016,REC_007,TXN_00486,214451,0770b8d460bd4de6cdc3a05fef5e7e9b4ceea3521cb178c1c7ffd3e5c2b30c4e,1,4bab4178e015,3.78,3.84,19.195889419919254,72.94376047792733,Mumbai Suburban,2026-06-15T04:55:00.000Z,2026-06-15T08:46:00.000Z,confirmed,sorted
HO-HY53-DVWY,LOT_00657,COL_0025,REC_004,TXN_00487,555277,1b8008766a5408d60afdf70355d7c1a002402647b5d06d5df8c217abe80abfdd,2,2c5ec9c4c29c|d171b2885e60,5.03,4.84,18.47728938193023,73.81790044373722,Pune,2026-04-16T22:28:00.000Z,2026-04-17T00:01:00.000Z,confirmed,processed
HO-F3CT-113H,LOT_00658,COL_0033,REC_011,TXN_00488,115425,40b811123d62bb99ba69afd7c4b9c6e5af16f1f867875f0ed8d43c6ce3b12f05,2,a3cbadaca970|ecfad62d0e93,15.77,15.47,19.102753954026102,72.87410855862349,Thane,2026-04-10T23:01:00.000Z,2026-04-10T23:53:00.000Z,confirmed,received
HO-R1GQ-9R6W,LOT_00660,COL_0009,REC_013,TXN_00489,181623,521948329ebc01ba4ad527a399fc0c2271c4b0f7a71a14716d3be5b82d1211ee,1,9bdda40cbaca,69.98,72.93,20.144208687990904,73.92183781919181,Nashik,2025-10-19T18:36:00.000Z,2025-10-19T20:37:00.000Z,confirmed,received
HO-G8M9-JCRH,LOT_00661,COL_0010,REC_003,TXN_00490,966407,646d364c548dd324b1aedb8398a85738de41efbeed1f9834faeff439f1bc5426,1,81a4f1c141a8,0.26,0.27,18.591669234344362,73.92084231090993,Pune,2026-07-13T07:10:00.000Z,2026-07-13T07:48:00.000Z,confirmed,processed
HO-VQX6-2K81,LOT_00665,COL_0033,REC_010,TXN_00491,589164,c51df6275d81ac015d0e8a96589cdacf3a81d66eba81d2eeaabb889632f6db3f,1,3b48d638bc3c,22,23.04,19.083108686077594,72.85642781746984,Thane,2026-07-18T20:00:00.000Z,2026-07-18T22:24:00.000Z,confirmed,received
HO-JN0X-6NS1,LOT_00666,COL_0054,REC_005,TXN_00492,556766,63864a688a44d9ac65a6b688a0127367784a4908ab6db5a602dd4b0befbae7c4,2,4f7761e41bd5|966d1785883f,5.21,4.89,18.489540040129423,73.82892603611648,Pune,2025-10-17T00:22:00.000Z,2025-10-17T03:32:00.000Z,confirmed,reported_to_epr
HO-DHFC-AMQS,LOT_00667,COL_0021,REC_002,TXN_00493,011113,1d9af915b9fd84af1245d189458f3f80dff5d21b820f048ef671ae0340c29621,1,902fd1880e2c,9.11,9.18,18.50604963646233,73.8437846728161,Pune,2026-08-07T05:05:00.000Z,2026-08-07T05:45:00.000Z,confirmed,received
HO-G1AF-QD71,LOT_00668,COL_0009,REC_013,TXN_00494,434687,2ca55b703ae47cc1070c5292162875e952d18507a166c24e06f50ed4c90086b9,3,507ed6f5a8a9|7cc75f4486e5|d07dd0427f35,32.55,32.26,20.144208687990904,73.92183781919181,Nashik,2026-02-02T06:09:00.000Z,2026-02-02T07:16:00.000Z,confirmed,processed
HO-503B-E9G4,LOT_00669,COL_0040,REC_007,TXN_00495,934088,cf82c0f836679119e93eb9fa457e2b8962114b7bb438a6260f04dd15380166ef,3,a1b67a82f1c0|8fd13772e76b|18ff1f7c9b8a,49.67,49.29,19.195889419919254,72.94376047792733,Mumbai Suburban,2025-11-12T03:15:00.000Z,2025-11-12T04:50:00.000Z,confirmed,sorted
HO-VMTB-Q8PV,LOT_00670,COL_0006,REC_007,TXN_00496,104106,3a4fadd2a339adcffc37e9ead040b90537c56ab879336e2862f842ea719d2e0c,2,0e7994ad6b6f|f5f2f09b53c0,7.18,7.13,19.195889419919254,72.94376047792733,Mumbai Suburban,2025-12-01T09:44:00.000Z,2025-12-01T13:38:00.000Z,confirmed,reported_to_epr
HO-D1BX-D4S5,LOT_00672,COL_0018,REC_008,TXN_00497,864810,28ce609de15a1a41065eca5a690490e4ed658e3f61d365253bf7fbe2dd195ec6,2,ab785d168d2f|4d97789dacb6,4.48,4.54,19.13597666629255,72.88983899966328,Mumbai Suburban,2025-12-24T17:52:00.000Z,2025-12-24T21:38:00.000Z,confirmed,sorted
HO-75BJ-MWVV,LOT_00674,COL_0012,REC_005,TXN_00498,092858,c125c696b175db2046022e3232522dbf6025c504291b6fb7c82f8b8e8375f79e,2,fd92befa0da1|82495c55b797,17.27,16.79,18.489540040129423,73.82892603611648,Pune,2026-01-27T07:33:00.000Z,2026-01-27T08:17:00.000Z,confirmed,reported_to_epr
HO-YDS0-VDPA,LOT_00675,COL_0004,REC_002,TXN_00499,819609,d1d7be75065502c58d7737b40d9f92050178ecfb001c054c5fb10dae4cb53290,1,31fb970aec04,37.15,36.39,18.50604963646233,73.8437846728161,Pune,2026-02-26T11:50:00.000Z,2026-02-26T15:25:00.000Z,confirmed,reported_to_epr
HO-9MN4-NH18,LOT_00676,COL_0046,REC_001,TXN_00500,336094,ba3d94dc25e94cf6085233c3e2d5d5cf15aaed2e2f34a5f35ddcdbbc5c6f413a,3,07cad197d353|63dfec965480|d25657bffc22,19.28,18.69,18.486481618070602,73.82617345626355,Pune,2026-02-07T02:04:00.000Z,2026-02-07T02:06:00.000Z,confirmed,processed
HO-Q4X2-38J1,LOT_00677,COL_0034,REC_004,TXN_00501,293394,3c1e9fd531017430ad963ee796a9bb128526fe03975f6fa971f50c1a00c74544,1,8f1c3b82f8a5,35.63,36.44,18.47728938193023,73.81790044373722,Pune,2026-04-14T23:03:00.000Z,2026-04-15T01:46:00.000Z,confirmed,received
HO-TGKD-93HB,LOT_00679,COL_0002,REC_007,TXN_00502,162737,e1cf11a2cfec2d045ec425b39a75eaba7d2997949be259a04af5eb7a401b6de0,4,31a9681fd090|6c09d865ff7c|653c7dac71ec|409d31b10079,109.35,107.7,19.195889419919254,72.94376047792733,Mumbai Suburban,2025-11-25T22:39:00.000Z,2025-11-26T00:57:00.000Z,confirmed,reported_to_epr
HO-VE65-F9RT,LOT_00681,COL_0045,REC_020,TXN_00503,863911,c6ad6672e00a947b793d6014316a8834afc68bbc9a0a8b6690140c1ea2838a86,4,20f0768cea1e|12e2f1c0e312|bd815714241f|9f9c3880878b,88.96,86.2,13.029597338622809,77.64679760476052,Bengaluru Urban,2026-01-11T11:46:00.000Z,2026-01-11T14:24:00.000Z,confirmed,reported_to_epr
HO-EV7R-8V6Z,LOT_00682,COL_0030,REC_012,TXN_00504,041621,b3d28639762a674b2b2713539c20c51872971873352697cd2391957029fe0431,3,b68d158c988d|ed0779f627cb|4676a307d57b,164.78,164.81,19.959777436479925,73.75584969283193,Nashik,2026-01-18T14:23:00.000Z,2026-01-18T17:01:00.000Z,confirmed,reported_to_epr
HO-2GFY-PF1D,LOT_00684,COL_0038,REC_013,TXN_00505,531795,3796f5d3fdbb9d2a0a95d4ce26b721f669849c7bb3b54ad9b8794c7d3b9ad119,2,a066b2179352|e5893b5fa943,5.46,5.16,20.144208687990904,73.92183781919181,Nashik,2025-09-30T19:34:00.000Z,2025-09-30T19:49:00.000Z,confirmed,received
HO-Q5QH-8NER,LOT_00686,COL_0034,REC_001,TXN_00506,549396,18b8f2142d99bc2fa8bd9a2c6adeb456243696e3f97db1212b195a35d8512be6,1,060609b99d16,28.74,28.14,18.486481618070602,73.82617345626355,Pune,2025-11-28T12:29:00.000Z,2025-11-28T14:03:00.000Z,confirmed,received
HO-BK8S-D1RH,LOT_00688,COL_0038,REC_012,TXN_00507,064608,5f96b3d0d382079b304e82d990392e9583e0553401d7db607afb8ceec35fc3a6,3,88ed276b07fc|d76150f6b23f|a70a37278c46,23.31,22.93,19.959777436479925,73.75584969283193,Nashik,2026-05-11T17:56:00.000Z,2026-05-11T18:31:00.000Z,confirmed,sorted
HO-ZNWT-JEGK,LOT_00690,COL_0032,REC_007,TXN_00508,084768,5d9f594c069b9061020297c8233c4d6603ec5c9e70cca8fd8dd0ba4bb4d26d16,1,9870bb306ef6,6.52,6.46,19.195889419919254,72.94376047792733,Mumbai Suburban,2026-03-25T13:03:00.000Z,2026-03-25T14:59:00.000Z,confirmed,received
HO-7MNB-1A45,LOT_00692,COL_0044,REC_002,TXN_00509,790800,df6cc0c0fa20da6a1871f5a08a6f2195f3936be99cfa79bfcb76016c3c8c3c00,2,e99a227ed0be|f8edbdb9fa45,40.68,43.89,18.50604963646233,73.8437846728161,Pune,2026-02-12T11:08:00.000Z,2026-02-12T14:38:00.000Z,confirmed,received
HO-Z5AM-RCMS,LOT_00693,COL_0022,REC_007,TXN_00510,747569,2a7ba7604ae5e84bafaa98c02963932467b1db26c773f7ae69f27e9ac48dfc57,4,22d397fff65c|3379c65a44d7|d7a70241ee5b|0993b9cc63f9,15.39,16.23,19.195889419919254,72.94376047792733,Mumbai Suburban,2026-08-04T04:55:00.000Z,,pending,
HO-37AX-SKDR,LOT_00694,COL_0031,REC_008,TXN_00511,371718,442de736bb050e8d94128da9e99e5670890e12a3638b3c60d4bec0abb39401d9,4,711baf469e87|58b8609c7537|a322b045c09d|e43ddadaac79,124.99,129.16,19.13597666629255,72.88983899966328,Mumbai Suburban,2026-08-09T13:44:00.000Z,2026-08-09T15:51:00.000Z,confirmed,sorted
HO-D105-J0W7,LOT_00695,COL_0015,REC_016,TXN_00512,106254,77acdb3beb69fae4fa0f2c15f8e924259bee8573f6b8b2848038a464f68869c8,1,20f334ef32d8,6.35,6.13,19.93828253748715,75.39917428373843,Chhatrapati Sambhajinagar,2025-09-28T00:16:00.000Z,2025-09-28T02:25:00.000Z,confirmed,sorted
HO-BZN4-SDRW,LOT_00696,COL_0015,REC_016,TXN_00513,045190,e41bc43cc6b93257305e5cf616c935d2082d3b0f84ef71d311fac8b451e82fb8,1,1b8cb79e06ba,0.19,0.19,19.93828253748715,75.39917428373843,Chhatrapati Sambhajinagar,2025-10-31T10:10:00.000Z,,pending,
HO-N3B5-3X5E,LOT_00697,COL_0018,REC_007,TXN_00514,485777,5861d49abc67294ce1a37a3d9b373548f8e3b814a26e850b4c14cde83f52de88,3,745dc89346af|67a5b0f903f3|9f64b13a9a31,89.03,86.78,19.195889419919254,72.94376047792733,Mumbai Suburban,2026-08-21T03:01:00.000Z,2026-08-21T06:36:00.000Z,confirmed,processed
HO-0S25-2DTF,LOT_00698,COL_0043,REC_001,TXN_00515,193292,7b881da9b4f7f222bdfb8c386c490739d7e2eb1ed51aaa5614739cf58ecc47dd,2,fe77852e615c|d0a4935e381a,16.71,17.11,18.486481618070602,73.82617345626355,Pune,2026-07-09T21:19:00.000Z,2026-07-09T22:31:00.000Z,confirmed,sorted
HO-GDBF-E5CG,LOT_00700,COL_0045,REC_021,TXN_00516,508912,13629b67833f4be8210401ded1229725bdc090e6e7b81b484382dc54cabee678,2,1cf8cb46dd46|037560425b82,76.64,75.67,12.939527776500583,77.56573499885053,Bengaluru Urban,2025-10-15T03:06:00.000Z,2025-10-15T05:03:00.000Z,confirmed,reported_to_epr
HO-BMCP-BSWR,LOT_00702,COL_0053,REC_013,TXN_00517,085259,ea21e95fb1bf1526257a0bfadd27ffebf4086bce04fbbbf9aff9a6942c9a4b0b,2,18e0f337ba24|172eefa2bfbd,13.76,13.24,20.144208687990904,73.92183781919181,Nashik,2026-01-29T19:14:00.000Z,2026-01-29T19:45:00.000Z,confirmed,processed
HO-3GB7-6A12,LOT_00703,COL_0001,REC_012,TXN_00518,848526,303ed4ee29c771ec0c9701e00f3e837e16b51b5c747e2c10c972be88e398e58d,2,56345a36e3c7|02d136293339,2.92,2.93,19.959777436479925,73.75584969283193,Nashik,2026-03-14T00:16:00.000Z,2026-03-14T02:26:00.000Z,confirmed,processed
HO-XR5T-PM42,LOT_00704,COL_0035,REC_007,TXN_00519,210533,3d37300a98999e6549cc3c5b2afeb7e251fa529449762cc5a49906a8e1b6828a,1,044f8e08d1d9,3.19,3.25,19.195889419919254,72.94376047792733,Mumbai Suburban,2026-04-08T19:01:00.000Z,2026-04-08T22:25:00.000Z,confirmed,reported_to_epr
HO-VSVX-QPSF,LOT_00707,COL_0037,REC_005,TXN_00520,606629,8e89b07ea3eba37b4c8495f97525f47dfb02eb3ecdf65113959d9a16e25922ee,2,f6f27a5c905b|09a62bcfc0dc,6.91,7.17,18.489540040129423,73.82892603611648,Pune,2026-04-12T16:36:00.000Z,2026-04-12T19:07:00.000Z,confirmed,sorted
HO-QZQA-452D,LOT_00708,COL_0021,REC_005,TXN_00521,178731,2f1db0c7a33f0e17672cdd6c044a2a7dbbc58d0f5db13eadb0a5f350f830c722,1,5fa4c68639ca,2.32,2.31,18.489540040129423,73.82892603611648,Pune,2025-11-07T04:22:00.000Z,,pending,
HO-2N2H-HF3G,LOT_00709,COL_0002,REC_007,TXN_00522,989531,6d13f1e07b4f23073905907e146caadf6fbd12a2f37a6b2568baf807a0debbcd,3,27b2558f807b|102b7f82d28b|8b200b70a9fd,48.9,44.51,19.195889419919254,72.94376047792733,Mumbai Suburban,2026-01-02T11:29:00.000Z,2026-01-02T14:32:00.000Z,confirmed,received
HO-QHKN-33GZ,LOT_00710,COL_0034,REC_001,TXN_00523,095689,1b62c42b77ff8f86c5c1b954f1997feca8302b731ca22a0720a607ca9b750ee5,3,b09ddf8b1cba|387335ef57a1|9ec161236570,29.18,28.24,18.486481618070602,73.82617345626355,Pune,2026-03-24T15:35:00.000Z,,pending,
HO-GC5W-SBVE,LOT_00715,COL_0051,REC_008,TXN_00524,933490,60bc974d86afaa68a46feb1bd4a4373f0f818cbd5a6604efabda1611b51a5688,4,b5549bcb186f|896bd388109f|9293eac5a512|31a31c0c40bd,85.71,83.43,19.13597666629255,72.88983899966328,Mumbai Suburban,2026-06-28T07:10:00.000Z,2026-06-28T11:10:00.000Z,confirmed,received
HO-5A23-6BZA,LOT_00717,COL_0044,REC_001,TXN_00525,523375,eddcd63a6c3eae7c216488263de57b621976fb6f8f93eee691e253165c0d6584,2,d8373a0c3679|77488551ebaf,16.1,15.87,18.486481618070602,73.82617345626355,Pune,2025-12-26T22:20:00.000Z,2025-12-26T23:23:00.000Z,confirmed,sorted
HO-1RHV-TFYB,LOT_00718,COL_0029,REC_007,TXN_00526,169473,6365d9abcc1bb3ce0761f95ac76761182a4d439ec5247e5d7e3df334c69ae102,1,25da05a483ca,4.54,4.44,19.195889419919254,72.94376047792733,Mumbai Suburban,2026-05-23T17:30:00.000Z,2026-05-23T18:37:00.000Z,confirmed,received
HO-2SDG-KMZ9,LOT_00719,COL_0046,REC_003,TXN_00527,700538,48a2dde539eb5b0e2148da6f66edf83e8090c85d3811266c4033d6343c0a2b05,2,740cdc801149|1ac727dcf008,42.64,43.75,18.591669234344362,73.92084231090993,Pune,2026-04-30T14:11:00.000Z,2026-04-30T16:34:00.000Z,confirmed,processed
HO-1M79-14AH,LOT_00720,COL_0001,REC_012,TXN_00528,247354,ee35ea3c747c82d915cc4fd3eb3f89f7b29762be3f7a81f620efabcfac6001da,2,b1d309ff90fd|5627c474871e,49.33,50.13,19.959777436479925,73.75584969283193,Nashik,2025-10-25T21:37:00.000Z,2025-10-25T22:45:00.000Z,confirmed,received
HO-VCRZ-BS2H,LOT_00721,COL_0021,REC_002,TXN_00529,012207,41065c006ee28410bd57f41bc69d347d92faa2e88114ca3716499cb3594117b2,2,e0dad804b47e|ce2327f1fbc4,4.22,4.13,18.50604963646233,73.8437846728161,Pune,2026-03-30T23:57:00.000Z,2026-03-31T02:31:00.000Z,confirmed,processed
HO-RV60-KKTN,LOT_00722,COL_0031,REC_007,TXN_00530,482551,9aef5e31aa3f6050fe22552ad986734f262dec20fe2e87ad2ddefdb94be88faf,1,424c5326a556,92.54,92.24,19.195889419919254,72.94376047792733,Mumbai Suburban,2026-04-14T07:25:00.000Z,2026-04-14T08:23:00.000Z,confirmed,reported_to_epr
HO-3CA9-X0MY,LOT_00723,COL_0015,REC_016,TXN_00531,290592,50507407cae63da6e672708b46dbd192bb6238a4e0e8769c275b09c3bdafe66d,2,0802e01c8a82|59b6eadbe56e,37.78,38.58,19.93828253748715,75.39917428373843,Chhatrapati Sambhajinagar,2025-11-15T20:35:00.000Z,2025-11-15T21:59:00.000Z,confirmed,sorted
HO-5ZJF-XMFF,LOT_00724,COL_0049,REC_019,TXN_00532,138585,a93e3aed104a2259cd0254aacf31a645c0f76248eaf96f3a9f7569cdf8c9a0ca,3,22fc032973f8|b6ea16602714|cdcae155a6d2,62.62,60.93,28.5746101020962,77.17363909188659,New Delhi,2026-05-17T23:02:00.000Z,2026-05-18T00:27:00.000Z,confirmed,received
HO-8CJP-SSAZ,LOT_00727,COL_0003,REC_001,TXN_00533,121562,b784cd20e1abd2bdb0e9698372e78d5f34139e85c2d7872cf59f1b8b752c31a7,2,1ed34f613f7e|620db2924281,51.03,47.36,18.486481618070602,73.82617345626355,Pune,2026-01-02T07:42:00.000Z,2026-01-02T07:51:00.000Z,confirmed,sorted
HO-35SD-77MT,LOT_00728,COL_0001,REC_012,TXN_00534,058649,a956d638cf01f312a68a5835a27d52e121f7753d7b3ff86e45a6269b86652db3,3,72aa1c9ce2a8|e2c09f7c2513|24e1b652f3a2,58.96,58.79,19.959777436479925,73.75584969283193,Nashik,2026-05-14T15:08:00.000Z,,pending,
HO-2BYZ-RB5Z,LOT_00730,COL_0018,REC_008,TXN_00535,248990,4a41341bb1fc3127ed8ab72ec84f8aeff9d3d78267f45b9365c98e2bf49ab36b,1,bebe47036be9,8.12,8.11,19.13597666629255,72.88983899966328,Mumbai Suburban,2025-10-25T16:51:00.000Z,2025-10-25T17:15:00.000Z,confirmed,processed
HO-F0DZ-97BY,LOT_00731,COL_0028,REC_007,TXN_00536,722568,f4c7aa30b50798463d1226085d59ecd7d833027ab4fe610fd46da6d426191ec2,4,961a060583ad|2e4d28d218c8|ee781bf87170|b6a37726b791,42.3,39.79,19.195889419919254,72.94376047792733,Mumbai Suburban,2025-10-06T00:35:00.000Z,2025-10-06T02:53:00.000Z,confirmed,received
HO-E8RW-QX1J,LOT_00732,COL_0035,REC_008,TXN_00537,709786,08b8090b5d4b8f61a65b4c36252dcafeba082af01fe3ca256fc22962d1530fb3,1,0debab18cc6b,8.14,8.32,19.13597666629255,72.88983899966328,Mumbai Suburban,2025-09-13T06:11:00.000Z,2025-09-13T08:21:00.000Z,confirmed,sorted
HO-X9KY-FBVB,LOT_00733,COL_0022,REC_007,TXN_00538,150502,d3086442904d7823ed9e7c1421d3603e71e23b1d159d3c006caee51438e50975,3,6523c220fbaa|1336b80c9384|53152a139574,83.29,80.34,19.195889419919254,72.94376047792733,Mumbai Suburban,2026-02-12T08:14:00.000Z,2026-02-12T10:24:00.000Z,confirmed,sorted
HO-86BG-VG8F,LOT_00734,COL_0016,REC_007,TXN_00539,076317,75550c101a7f5e6988010a811b806b00eb70f59932851318d62254720ad8d01a,1,899617bb1b09,244.75,238.68,19.195889419919254,72.94376047792733,Mumbai Suburban,2026-08-01T21:00:00.000Z,2026-08-01T22:17:00.000Z,confirmed,reported_to_epr
HO-H97E-5TQE,LOT_00735,COL_0043,REC_002,TXN_00540,468022,76d4a4ad2635cfb48f096c7f1deaa533a6301efb26f7ed27be5ff2feb748b312,2,cf59d39a2780|d207aae09781,3.39,3.59,18.50604963646233,73.8437846728161,Pune,2025-10-26T18:43:00.000Z,2025-10-26T21:16:00.000Z,confirmed,sorted
HO-REFE-WK37,LOT_00737,COL_0034,REC_005,TXN_00541,510240,83596c9b279309d39fc86d1184dc67c58f3ffcb9845cf1ba13beb4bf6c26eb70,2,30aecd6bd580|06ead9044b48,52.49,52.75,18.489540040129423,73.82892603611648,Pune,2026-06-07T01:34:00.000Z,2026-06-07T05:24:00.000Z,confirmed,sorted
HO-Z2Z3-A221,LOT_00738,COL_0010,REC_004,TXN_00542,804533,1d139e0b8666ade3a8d5b60a7ef6f3d651c784afb5221a6d3e3c6e5a4542f58b,1,cad88df33d26,4.3,4.14,18.47728938193023,73.81790044373722,Pune,2025-11-25T22:00:00.000Z,2025-11-25T23:18:00.000Z,confirmed,processed
HO-DRE6-H0T3,LOT_00739,COL_0044,REC_003,TXN_00543,974131,d71878d9250fca6753ee095ecafbc9d30eadb6ef505c4514203f6756494c6986,2,cc9b6d93c1fc|13b988bb297e,9.4,9.12,18.591669234344362,73.92084231090993,Pune,2026-07-25T00:09:00.000Z,2026-07-25T02:57:00.000Z,confirmed,processed
HO-C9P1-4P8M,LOT_00740,COL_0020,REC_011,TXN_00544,937493,5a08363f084c20ed34490f0a809d5d5f54965c85786e5651e52dce864202b4cc,3,671502aa18af|5b83ede31056|5fdb5a71c889,74.08,72.57,19.102753954026102,72.87410855862349,Thane,2025-12-25T05:50:00.000Z,2025-12-25T08:58:00.000Z,confirmed,reported_to_epr
HO-75N9-A17M,LOT_00741,COL_0042,REC_001,TXN_00545,070708,20e3ff2a9a2e17b86274d79f1fc6841d9e7334f2a046e42d916f0bfde38b918c,4,0aa40aa71a3a|91832819387d|3df21ad8b126|b1687f4b8745,43.96,45.57,18.486481618070602,73.82617345626355,Pune,2026-05-13T20:02:00.000Z,2026-05-13T20:16:00.000Z,confirmed,processed
HO-PWN3-FCBH,LOT_00743,COL_0001,REC_012,TXN_00546,749679,f16ec9b8cff76cf4f09eb4fd30110300fcd0a7c1a32b8c0c4aa47d57032f234d,1,a13ec2dbf731,9.15,9.09,19.959777436479925,73.75584969283193,Nashik,2025-12-12T01:23:00.000Z,2025-12-12T04:35:00.000Z,confirmed,sorted
HO-VKCE-5K02,LOT_00745,COL_0019,REC_011,TXN_00547,198599,0e7fa9e80238549e66ca1026970ed0994709e3e18a29020e5fb3853ebc0d68c7,2,b79ac097986f|132fbb61d04f,11.82,11.97,19.102753954026102,72.87410855862349,Thane,2026-03-16T05:19:00.000Z,2026-03-16T05:41:00.000Z,confirmed,processed
HO-46BT-63EZ,LOT_00746,COL_0019,REC_011,TXN_00548,469231,20fb53e0c2bf2a6040882ef314c6f7e5db9480b5c583c5361a387ab9eb5be0bc,1,11daa8ff9ebe,0.07,0.07,19.102753954026102,72.87410855862349,Thane,2025-12-06T06:48:00.000Z,2025-12-06T10:39:00.000Z,confirmed,processed
HO-GJ14-18AS,LOT_00748,COL_0024,REC_007,TXN_00549,875014,4b85e52a0742ab633a7d525dc149655f0252a0be8c519369fb325d6465284371,1,b010675c970c,30.65,29.55,19.195889419919254,72.94376047792733,Mumbai Suburban,2025-10-18T08:35:00.000Z,2025-10-18T11:12:00.000Z,confirmed,sorted
HO-TQMR-CJCS,LOT_00749,COL_0024,REC_007,TXN_00550,089382,08a3a3da39b281d683e5c8a6d5b4d911945454b97b5fadbdfd3e1f1502cee83e,3,2be3a153c95e|9fe352d5a8f7|1cc4a8f06af5,19.25,19.32,19.195889419919254,72.94376047792733,Mumbai Suburban,2025-10-28T00:46:00.000Z,2025-10-28T03:23:00.000Z,confirmed,sorted
HO-9TQ7-0AJZ,LOT_00753,COL_0052,REC_021,TXN_00551,231001,af56feb2af285a473fb2079403dc2219da8c3c1b164ac640882da8a3154ff708,1,96e2d5e242d0,1.4,1.4,12.939527776500583,77.56573499885053,Bengaluru Urban,2025-12-03T07:56:00.000Z,2025-12-03T08:45:00.000Z,confirmed,sorted
HO-6TA8-DH1X,LOT_00754,COL_0042,REC_002,TXN_00552,833896,b148b2b206a9d46274be74971f5f8d1064aee3876800979af42496aa35257fb1,3,c5241dcfb9fa|72549c7bc240|47480e05c497,23.06,22.87,18.50604963646233,73.8437846728161,Pune,2026-08-30T07:47:00.000Z,2026-08-30T09:34:00.000Z,confirmed,received
HO-929E-VH4W,LOT_00755,COL_0026,REC_019,TXN_00553,249852,7641bdf8cb2b02a485cd9f451ea8c2f99ef691f4923278cd8f15123ca0ffd6cd,4,4db6d3d3714e|a25b5a0fd05f|1deb11ad841a|129e2679ba6c,38.38,39.18,28.5746101020962,77.17363909188659,New Delhi,2026-04-08T10:59:00.000Z,2026-04-08T13:38:00.000Z,confirmed,received
HO-ARSE-XRKE,LOT_00756,COL_0026,REC_019,TXN_00554,153312,627f2f8cb545d0f386c8554b461f08f9d4b6287236efa020f85c7e897b23e55a,2,69d40a3418f9|68a923f1ac4b,32.76,33.15,28.5746101020962,77.17363909188659,New Delhi,2026-07-09T06:51:00.000Z,2026-07-09T09:19:00.000Z,confirmed,sorted
HO-BC89-5ZMP,LOT_00757,COL_0011,REC_014,TXN_00555,764520,e3e5ffa359eb3aa8eca6c5160c89a92b11eb27bcc0eb93d54e51c13ab3269e89,3,61cac87f0e7b|f427fbd2bbfc|28b28c598afb,65.18,64.89,21.207097198012473,79.14336747821122,Nagpur,2026-08-16T15:42:00.000Z,2026-08-16T17:04:00.000Z,confirmed,sorted
HO-TS76-67QM,LOT_00758,COL_0022,REC_008,TXN_00556,251975,c414209fa57f426e5031850a4ebbb7b17344a5bee3c2e6c2cced7774b7870bd1,4,246c7e284360|b3af15e062d6|43b9df43d175|8f751e2ed7c0,106.18,109.59,19.13597666629255,72.88983899966328,Mumbai Suburban,2026-07-09T15:57:00.000Z,2026-07-09T17:26:00.000Z,confirmed,sorted
HO-C73N-0WHN,LOT_00759,COL_0038,REC_013,TXN_00557,093993,f7f670a29b245d3234b1dee0633d00264581caa1f30f8cbdf254e1ffbdf89d1e,1,ff5d50e39537,16.46,16.04,20.144208687990904,73.92183781919181,Nashik,2026-01-21T23:01:00.000Z,2026-01-22T00:19:00.000Z,confirmed,sorted
HO-S110-Z88H,LOT_00762,COL_0052,REC_020,TXN_00558,697680,464fb9939d6d1d0f084068c00e86c5de4d5f4adc3da3745029187f5c79808ba2,2,8e9c0cac497b|f43930767a91,46.17,47.71,13.029597338622809,77.64679760476052,Bengaluru Urban,2026-07-25T19:04:00.000Z,2026-07-25T22:45:00.000Z,confirmed,received
HO-9EFE-0E20,LOT_00765,COL_0045,REC_020,TXN_00559,904856,1afe5769fc8f77e023a5272156bf7f3b588885547774432327fcf9884e7c9bff,2,10af4542ca88|b982900a1d72,118.86,115.27,13.029597338622809,77.64679760476052,Bengaluru Urban,2025-10-10T10:14:00.000Z,2025-10-10T11:43:00.000Z,confirmed,sorted
HO-R4AZ-6GZA,LOT_00766,COL_0058,REC_019,TXN_00560,759137,bd1928a5adfdf1d98dcad2a47ec18e0c914a9e016941b40bae9cf934834d7fdd,1,17cad40f7558,32.28,32.73,28.5746101020962,77.17363909188659,New Delhi,2026-08-29T03:51:00.000Z,2026-08-29T04:20:00.000Z,confirmed,processed
HO-YSMD-8YD8,LOT_00767,COL_0003,REC_003,TXN_00561,260896,10ae5a3e6038c5374fc27314267588ce0065943110ea4afc1ff082f5e6e52a6e,2,6584e49c1f1a,5.79,6.05,18.591669234344362,73.92084231090993,Pune,2026-01-18T04:18:00.000Z,2026-01-18T07:58:00.000Z,confirmed,received
HO-GFAP-GDV2,LOT_00770,COL_0045,REC_021,TXN_00562,821453,7094699e1898a2daddf5735ede2c0089243e54c8bb6a2e50987a986f59fb0ed3,2,2c186544d38e|5dc8fd2f89a2,26.49,27.07,12.939527776500583,77.56573499885053,Bengaluru Urban,2026-07-14T01:16:00.000Z,2026-07-14T02:11:00.000Z,confirmed,received
HO-FEF8-BV5B,LOT_00772,COL_0034,REC_001,TXN_00563,420290,65d0a95babcfb93a04638d1f67e889260ec49ba2bdf59a340f5b407397077d64,2,11e3d61c710c|9d403648d8ea,36.85,37.3,18.486481618070602,73.82617345626355,Pune,2026-04-27T00:01:00.000Z,2026-04-27T01:10:00.000Z,confirmed,sorted
HO-ZK6Z-8K3F,LOT_00773,COL_0059,REC_005,TXN_00564,240840,05f07dde00142ac809673976acb6613fd4b56a377cbd431b817368cc1125702d,1,0e430757953a,0.35,0.36,18.489540040129423,73.82892603611648,Pune,2026-04-16T16:31:00.000Z,2026-04-16T16:43:00.000Z,confirmed,received
HO-GRH3-EGPS,LOT_00774,COL_0013,REC_021,TXN_00565,234555,ab79a2f919fd5a5bc0cffede776209cdd038ae4de2ab1f86998f04b93c684465,3,15764f4eafe9|564b7609fd08|ba47af0c4040,7.42,7.82,12.939527776500583,77.56573499885053,Bengaluru Urban,2025-10-30T06:28:00.000Z,2025-10-30T07:57:00.000Z,confirmed,received
HO-WAAD-7P13,LOT_00775,COL_0047,REC_019,TXN_00566,174545,5ad26cc1b4f283ad807a3a33afd3a031256b2ea0ddc28bef74c91491907ec9c5,2,54c478b3a1f6|efb770bc4a4a,0.47,0.48,28.5746101020962,77.17363909188659,New Delhi,2026-04-29T06:09:00.000Z,2026-04-29T08:26:00.000Z,confirmed,reported_to_epr
HO-CRXS-A0CN,LOT_00778,COL_0012,REC_002,TXN_00567,561921,2580376de2fd62cd9657b9f54b7ac7674eb536324d063043c5cf1ceb3a28f359,1,999ef24ca37c,2.51,2.47,18.50604963646233,73.8437846728161,Pune,2026-04-10T03:11:00.000Z,2026-04-10T07:09:00.000Z,confirmed,sorted
HO-72FM-V4RA,LOT_00780,COL_0017,REC_010,TXN_00568,168733,8f1fd97f4dd0409f68d6e088aa53aaf79d8e1442706574dc76d58d0b9c23ef7c,1,a9441ba0258f,21.89,22.56,19.083108686077594,72.85642781746984,Thane,2026-05-04T22:52:00.000Z,2026-05-05T00:05:00.000Z,confirmed,sorted
HO-YXNM-9X01,LOT_00781,COL_0035,REC_007,TXN_00569,202999,db9da0c2db289d10f080b152faeadee1d5cd0b203a0c24bd40afee692b5a0ee2,1,ca86bd904718,19.12,18.85,19.195889419919254,72.94376047792733,Mumbai Suburban,2025-12-14T20:45:00.000Z,2025-12-14T21:29:00.000Z,confirmed,processed
HO-HKSC-0C3B,LOT_00782,COL_0043,REC_002,TXN_00570,994725,4e517463eebf25d564c8ebf0b2dfd4e20dead72df40f774d45f8c8cf206302ac,1,27029cf53db5,27.95,27.72,18.50604963646233,73.8437846728161,Pune,2026-02-19T19:52:00.000Z,2026-02-19T21:53:00.000Z,confirmed,received
HO-SRBK-WQYW,LOT_00784,COL_0044,REC_005,TXN_00571,718545,104e5138329663af7f60a9f05f40cb7ead3f470b1ea861c0fea4fdf27874a162,1,2de1cd34d0f9,1.87,1.83,18.489540040129423,73.82892603611648,Pune,2026-04-07T02:06:00.000Z,2026-04-07T04:35:00.000Z,confirmed,processed
HO-9S8G-YTQJ,LOT_00785,COL_0007,REC_011,TXN_00572,903309,8ba3c861f50adb17b209784117d178047b355ce1d788e71c0f59b64ab341423d,2,3e14214ec36a|20b0d8ea62a3,7.37,7.44,19.102753954026102,72.87410855862349,Thane,2025-12-16T01:33:00.000Z,2025-12-16T03:33:00.000Z,confirmed,received
HO-QGAD-Z317,LOT_00786,COL_0009,REC_013,TXN_00573,686159,032d561f554eeeda15ba4e161ef3e05ecd3fd13ed15a30b4dcb890ffe22487e9,2,c61ca9d0c504|af91bf1576ab,25.51,24.68,20.144208687990904,73.92183781919181,Nashik,2025-09-17T04:13:00.000Z,2025-09-17T08:02:00.000Z,confirmed,processed
HO-R7M8-VZ79,LOT_00787,COL_0054,REC_003,TXN_00574,358700,0e5603dfe2dcf556ed37823b536c78f18ccbe6d611079acf54763841fe478442,3,f1ee96156a76|692b6eb699e3|dad19a7746b5,191.31,186.62,18.591669234344362,73.92084231090993,Pune,2026-03-13T05:27:00.000Z,,pending,
HO-SC0P-F9H4,LOT_00788,COL_0045,REC_021,TXN_00575,366910,0ac5ded26586f24e99e83c8b8fcb0d25ecb569d782abfe8a9106d08e4b25a06b,1,4bd76c5f4191,33.91,34.12,12.939527776500583,77.56573499885053,Bengaluru Urban,2026-03-01T03:07:00.000Z,2026-03-01T03:48:00.000Z,confirmed,processed
HO-6GK8-Q3CW,LOT_00789,COL_0053,REC_012,TXN_00576,411240,1e611a5c64f752c96a48de82f161d68c6a0fdfbc600717d63f1398614c25af16,1,e91f88716491,31.19,32.01,19.959777436479925,73.75584969283193,Nashik,2025-11-07T08:09:00.000Z,2025-11-07T10:43:00.000Z,confirmed,received
HO-RMXJ-T1ZP,LOT_00790,COL_0038,REC_013,TXN_00577,456170,6b14352acb68e12fa3393701680ac98cb36d2396bf358aeb33169c87c576d721,2,1323c09e2c66|ee86946917fb,92.95,90.45,20.144208687990904,73.92183781919181,Nashik,2026-06-26T14:47:00.000Z,2026-06-26T16:48:00.000Z,confirmed,sorted
HO-Y4WC-AACJ,LOT_00791,COL_0014,REC_005,TXN_00578,394056,25422d1dfd6b279f9cdeee62e78cb24452863a0bd234d5507576a40ea5af9b1e,2,b3adecfb64dd|0dd1a06d3de4,6.77,6.76,18.489540040129423,73.82892603611648,Pune,2026-08-21T03:33:00.000Z,2026-08-21T06:06:00.000Z,confirmed,reported_to_epr
HO-SSZB-D55T,LOT_00792,COL_0052,REC_020,TXN_00579,005556,5ec87349dbca68371ed374fd1fc143fbee74955543e41d97b0e55dfe4887a895,3,415497028838|7df0c6f78fbe|afa6bcdcae1d,110.35,110.6,13.029597338622809,77.64679760476052,Bengaluru Urban,2026-05-08T02:52:00.000Z,2026-05-08T06:41:00.000Z,confirmed,reported_to_epr
HO-RHH2-KJ2T,LOT_00794,COL_0033,REC_010,TXN_00580,260940,c92ed17c626ac8b1fbf345719c2fbd49a31158e318bd04292adfa44838a7490f,1,5238f9ab8be2,2.47,2.43,19.083108686077594,72.85642781746984,Thane,2026-07-10T09:44:00.000Z,2026-07-10T10:17:00.000Z,confirmed,processed
HO-5PX0-K1GP,LOT_00795,COL_0012,REC_002,TXN_00581,823955,feb4528e7a6b38735204d41ae554f61120bb2b4b87c17ad5bc09e786c064abd5,1,734a6d3179ff,37.63,38.44,18.50604963646233,73.8437846728161,Pune,2026-01-21T10:09:00.000Z,2026-01-21T14:06:00.000Z,confirmed,processed
HO-71Q8-D6T2,LOT_00796,COL_0037,REC_002,TXN_00582,927150,40d4fa8db1e132d03c4e44805a860199c3966c9b4b0230f489b3f7284b6b1543,4,a52e67aa2633|750c81a8bbd8|6945a38739dd|a180eb008a30,13.26,13.51,18.50604963646233,73.8437846728161,Pune,2026-02-19T16:46:00.000Z,2026-02-19T17:11:00.000Z,confirmed,reported_to_epr
HO-G0RM-JS4M,LOT_00797,COL_0004,REC_004,TXN_00583,739312,9c12c19978d1b422bf749b8d87be9ce9e16cd62e35105865440124691eeda04d,1,d8909aa3495a,14.3,14.35,18.47728938193023,73.81790044373722,Pune,2026-04-09T12:57:00.000Z,2026-04-09T16:17:00.000Z,confirmed,reported_to_epr
HO-2CK9-KZ0D,LOT_00800,COL_0038,REC_013,TXN_00584,305963,063d66eccfe8b80f82ef834441bee6bd29984f9120b211a70588f25d921ca037,1,1603076d48fc,8.71,9.16,20.144208687990904,73.92183781919181,Nashik,2025-11-12T21:34:00.000Z,2025-11-12T21:46:00.000Z,confirmed,reported_to_epr
HO-8HH6-TQEB,LOT_00801,COL_0045,REC_021,TXN_00585,480748,6446b3c4b7a10306ec1bc57b2ef87e10fdfd6a99f24d5c821798ebb6975ddac5,2,26b377e8fdda|dbe680d2e362,42.06,42.16,12.939527776500583,77.56573499885053,Bengaluru Urban,2025-11-19T08:45:00.000Z,2025-11-19T11:49:00.000Z,confirmed,received
HO-MD6N-VRW3,LOT_00802,COL_0051,REC_007,TXN_00586,967427,b558037a8a39317f639b91d4a147d0220fcb4203f1a0e5084ff01a20d75956ed,1,52245f8f75ca,33.41,34.68,19.195889419919254,72.94376047792733,Mumbai Suburban,2026-08-25T11:02:00.000Z,2026-08-25T11:15:00.000Z,confirmed,sorted
HO-QKXY-8C5A,LOT_00803,COL_0015,REC_016,TXN_00587,261105,f6507d08b8fb98cd4c817c8222338c573882e2ac4d9443b05471ba917de9d5b5,4,af2e7abb12c1|618dcd5c72bc|961f03928e59|6fd9b9f262a9,37.69,37.26,19.93828253748715,75.39917428373843,Chhatrapati Sambhajinagar,2026-02-19T12:40:00.000Z,2026-02-19T15:54:00.000Z,confirmed,reported_to_epr
HO-SJGQ-FE1T,LOT_00804,COL_0034,REC_005,TXN_00588,706645,e50a7a91c6fdde6cf60382f2bcde2e52eea5a040500698defe7ae6f2fa5c1b15,3,c7d2ec390f99|f51dd8805350|2bf3fc404cf8,36.13,36.27,18.489540040129423,73.82892603611648,Pune,2026-06-05T02:53:00.000Z,2026-06-05T03:38:00.000Z,confirmed,processed
HO-4FHK-6WGH,LOT_00805,COL_0031,REC_008,TXN_00589,370801,b56b274ab5c299336d9b6f56511e10fa2c029540b4e6a2359585782877d986cb,3,4bf7f5d380e2|9ea7b4563597|5088b2467a58,28.31,28.53,19.13597666629255,72.88983899966328,Mumbai Suburban,2026-02-15T05:30:00.000Z,2026-02-15T07:52:00.000Z,confirmed,reported_to_epr
HO-9D6B-42WX,LOT_00806,COL_0005,REC_014,TXN_00590,274115,bb3e037fff3ac8f7008c1126a170fe5e30823d803cc2bf8bbfe1123d6c55df99,1,a0f95992f9b0,7.3,7.53,21.207097198012473,79.14336747821122,Nagpur,2026-02-09T20:21:00.000Z,2026-02-09T20:56:00.000Z,confirmed,sorted
HO-BB5Y-M6TG,LOT_00807,COL_0002,REC_008,TXN_00591,791971,68d204c4a1d4cd17df42b21b5b9179f7add2cb9b89c54e060e9b60e6bc3a3335,2,b0b7bfd6f2ad|292e7a4ca824,34.83,35.42,19.13597666629255,72.88983899966328,Mumbai Suburban,2026-04-10T03:42:00.000Z,2026-04-10T06:59:00.000Z,confirmed,received
HO-94E8-9442,LOT_00808,COL_0025,REC_001,TXN_00592,877004,42d2b89a171fc5ae9ca507640bcb95587cbfc11e8b37dc08da231e8fcf6b9f60,2,43092c85ccc6|586e03460037,57.3,55.87,18.486481618070602,73.82617345626355,Pune,2025-09-12T12:09:00.000Z,2025-09-12T15:17:00.000Z,confirmed,received
HO-T90B-YVGF,LOT_00810,COL_0039,REC_010,TXN_00593,028437,cbef26fb4efe8f276f1312c0161ac12070848135825e0c5316f771bcdd5efc8f,2,a54d38af4b18|83b1d9ca0266,37.35,37.51,19.083108686077594,72.85642781746984,Thane,2025-11-09T21:04:00.000Z,2025-11-09T23:28:00.000Z,confirmed,reported_to_epr
HO-REDJ-S7HA,LOT_00813,COL_0008,REC_013,TXN_00594,720352,a329797b5aac8484bdbaef49f598f1e86f0e34bdd942e8b64e4ff8dc25fb8079,4,9277bf3f73d7|a922854d36f8|62f2bef57cc2|47bc386c1675,118.77,116.56,20.144208687990904,73.92183781919181,Nashik,2025-12-11T12:13:00.000Z,2025-12-11T13:32:00.000Z,confirmed,reported_to_epr
HO-HYKQ-2QMT,LOT_00814,COL_0054,REC_002,TXN_00595,768920,5b06407cbe60a9f8bdc3be71bd0e5d081c9287e11308eddda76badb2b4f6a681,2,091a9b44faf5|45d0b5da4894,36.54,35.6,18.50604963646233,73.8437846728161,Pune,2025-11-30T14:36:00.000Z,2025-11-30T17:54:00.000Z,confirmed,processed
HO-S3V3-E9DG,LOT_00815,COL_0038,REC_013,TXN_00596,203551,4c383acff83721685e159ba7785e21533928d68d6d0605384344a9a5d5ce21f5,1,0c87dcffdc21,15.21,14.9,20.144208687990904,73.92183781919181,Nashik,2026-02-04T12:09:00.000Z,2026-02-04T13:24:00.000Z,confirmed,reported_to_epr
HO-XFEX-CDT0,LOT_00817,COL_0016,REC_008,TXN_00597,833722,39620c1d38b49ef495acfad9723e6d1b03c2a47a4f60294873e1fa5eddc8942c,2,ffb4f0cafd68|d49e55418e08,35.03,33.14,19.13597666629255,72.88983899966328,Mumbai Suburban,2026-02-20T13:18:00.000Z,2026-02-20T13:54:00.000Z,confirmed,sorted
HO-ZTMW-VGRM,LOT_00818,COL_0004,REC_002,TXN_00598,617201,9b0fdfc954b501c7f91fc08ec0d18fa2bf01955d7534293733db79c595ced3cb,2,e15eff8ec77c|c6791eb732ac,53.31,53.86,18.50604963646233,73.8437846728161,Pune,2026-07-23T10:26:00.000Z,2026-07-23T11:42:00.000Z,confirmed,received
HO-5FAQ-45BF,LOT_00819,COL_0014,REC_005,TXN_00599,004816,8307e0b17a7e52abedc7c19669fd527f4d8cd8e90f3122a3ec46f493ea87e045,2,4a4c8e368392|b61310f0d0a6,14.06,14.28,18.489540040129423,73.82892603611648,Pune,2026-02-28T01:00:00.000Z,2026-02-28T01:48:00.000Z,confirmed,sorted
HO-63NN-D3DC,LOT_00820,COL_0014,REC_001,TXN_00600,044774,e3f2f8b9984b7a1df3a35f551481f6334289e51c93d784a4cabea893fd740ee6,2,003f66b79ec3|cd22b6fd5d20,2.81,2.84,18.486481618070602,73.82617345626355,Pune,2026-02-17T06:19:00.000Z,2026-02-17T06:31:00.000Z,confirmed,received
HO-9XZ1-BTEQ,LOT_00822,COL_0019,REC_011,TXN_00601,381450,09e02c9915069e3ea8937a18881e39ac2607acec00488a3b4970f78bb672eb83,3,19fb6fbe136f|15e7558850d6|7217a63f8f2d,10.27,10.27,19.102753954026102,72.87410855862349,Thane,2026-02-15T05:09:00.000Z,2026-02-15T08:20:00.000Z,confirmed,processed
HO-GJY8-TV5B,LOT_00823,COL_0007,REC_010,TXN_00602,915851,c7a9faf5afa9f2f1c5806bcc5a2bc57bb4319b6d40a453a8cc5200fde65028aa,1,4c28c1bd7689,4.32,4.45,19.083108686077594,72.85642781746984,Thane,2026-05-26T00:36:00.000Z,2026-05-26T04:36:00.000Z,confirmed,processed
HO-A3JC-KEZA,LOT_00824,COL_0020,REC_011,TXN_00603,240059,d84e72ecc2cbb3c7aecf8012909986c84c318325fa450f7d04519c04b75e703b,1,d26efed70cb6,0.15,0.15,19.102753954026102,72.87410855862349,Thane,2026-02-12T05:23:00.000Z,,pending,
HO-SES8-6B0D,LOT_00825,COL_0058,REC_019,TXN_00604,389328,4b90a8d95ca882e4147eff385f8f9f644ae9b51ec17f3da6fa8cec91a42d1efe,3,9d157acf54fc|90bad5ad0d88|c597fdb33f9b,28.47,28.95,28.5746101020962,77.17363909188659,New Delhi,2026-02-15T08:58:00.000Z,2026-02-15T09:32:00.000Z,confirmed,reported_to_epr
HO-44Q8-AMEY,LOT_00826,COL_0043,REC_003,TXN_00605,561954,ebdb69a9f7c8dbad42b7fcde66b744eaec09b9b867c8f828b1f657ac9e4192cc,1,495d7d3b71c7,0.18,0.17,18.591669234344362,73.92084231090993,Pune,2025-10-19T10:46:00.000Z,2025-10-19T13:48:00.000Z,confirmed,reported_to_epr
HO-6SX3-2SYG,LOT_00827,COL_0023,REC_019,TXN_00606,175710,8658463e5dbda71db39e921c3d8c0d1a1e0efb59f526883623dda1187294d0c3,2,b275c1434210|493df0dd5ed6,97.35,98.52,28.5746101020962,77.17363909188659,New Delhi,2026-03-23T02:14:00.000Z,2026-03-23T03:40:00.000Z,confirmed,reported_to_epr
HO-9ECG-VFRM,LOT_00828,COL_0022,REC_007,TXN_00607,524811,d7a0f84f691a12d0a4e579575fdf72f066fbdf597f4b7f919064689a1fe6fe24,4,5a2c5a6331bc|84fe67faac1b|e070683ae3e3|a73c8794bc63,69.61,75.31,19.195889419919254,72.94376047792733,Mumbai Suburban,2026-02-11T08:33:00.000Z,2026-02-11T09:24:00.000Z,confirmed,reported_to_epr
HO-AX0Q-J6D5,LOT_00829,COL_0008,REC_013,TXN_00608,836621,f107ba921424fd6dc4c7af4733babab31cbdd30701d88eeb7d6c4052d9b3debd,2,d389daa5d02d|73002c8e33a3,23.66,24.28,20.144208687990904,73.92183781919181,Nashik,2026-02-05T08:46:00.000Z,2026-02-05T11:51:00.000Z,confirmed,sorted
HO-YW09-M10S,LOT_00830,COL_0007,REC_010,TXN_00609,927460,3bb872ab2879c308fbda1f0eba7616cf9801fa7eb6b01e8fc7d88046a5ab3e3b,1,cf85a73ab479,11.56,11.43,19.083108686077594,72.85642781746984,Thane,2026-07-23T06:36:00.000Z,2026-07-23T10:04:00.000Z,confirmed,sorted
HO-DJ9M-NDEP,LOT_00831,COL_0004,REC_004,TXN_00610,401579,17ace40824fd9a618f11ffb669cb4e80574ec656f56932057b985a6e05b94c61,1,a632c44d1b69,3.02,2.97,18.47728938193023,73.81790044373722,Pune,2025-09-06T15:22:00.000Z,2025-09-06T17:01:00.000Z,confirmed,processed
HO-3YYT-S1MF,LOT_00832,COL_0059,REC_003,TXN_00611,667224,e866c39358d7e62b4038e88feffba74ab4f069f7f6bcd56301b2dfbf3c56eede,2,c1b013e59355|8bd74a391199,32.15,31.71,18.591669234344362,73.92084231090993,Pune,2026-01-22T11:52:00.000Z,2026-01-22T11:57:00.000Z,confirmed,sorted
HO-EMP6-JSFQ,LOT_00833,COL_0027,REC_013,TXN_00612,716797,07597825cc78b5af3c806bd0eda5fe09cb2a79d9dfe162602c84dc1f12bb1cc5,2,e1df51f8f258|a5a7778aa5b3,11.7,12.35,20.144208687990904,73.92183781919181,Nashik,2025-12-10T19:14:00.000Z,2025-12-10T19:57:00.000Z,confirmed,received
HO-RNAW-PDNN,LOT_00835,COL_0011,REC_014,TXN_00613,242004,5dcafb9799daf5ab14e003eb8ccfb15a492671bfe084e13c27693a3f1ba94f4c,2,2bafe25fa125|d85217a8a302,140.75,137.89,21.207097198012473,79.14336747821122,Nagpur,2026-06-07T20:36:00.000Z,2026-06-07T22:18:00.000Z,confirmed,sorted
HO-X40C-QGMV,LOT_00836,COL_0033,REC_010,TXN_00614,188585,be228eec0684231542e5c70b24f772e061b1d0a0cba075e3d49930c0573909d9,1,0e71ede0420f,38.24,36.95,19.083108686077594,72.85642781746984,Thane,2026-02-21T03:14:00.000Z,2026-02-21T05:54:00.000Z,confirmed,processed
HO-BKS4-2DV0,LOT_00837,COL_0044,REC_003,TXN_00615,764644,f0bb9b46a4453f20127c25255dfbd774f4244191cd393ae519bcf5abbaca192c,1,4be01d31ec1b,11.55,11.6,18.591669234344362,73.92084231090993,Pune,2025-10-03T08:29:00.000Z,2025-10-03T11:43:00.000Z,confirmed,sorted
HO-S42F-71HX,LOT_00839,COL_0042,REC_001,TXN_00616,536753,39a0979d9166d486b0334780c75c784ec7908216a4431809fe1d9d6566e337ac,1,f8d54467a7b2,22.88,23.19,18.486481618070602,73.82617345626355,Pune,2026-08-13T21:07:00.000Z,2026-08-14T00:41:00.000Z,confirmed,sorted
HO-A9G7-2XR2,LOT_00840,COL_0017,REC_011,TXN_00617,392406,6b900e8bd43fc9d2ffaf47c6d3116a77b920906fd95ad6dd488bbdf026a6540a,1,d16b729bc94b,2.82,2.88,19.102753954026102,72.87410855862349,Thane,2026-08-24T12:55:00.000Z,2026-08-24T14:28:00.000Z,confirmed,sorted
HO-C352-JTZW,LOT_00841,COL_0040,REC_008,TXN_00618,518658,2316980968020fcc64405d7ed666e911b4f5423753503ae2cab066d6106bf2cf,1,67dc0a031b42,2.42,2.26,19.13597666629255,72.88983899966328,Mumbai Suburban,2025-11-05T04:03:00.000Z,2025-11-05T07:44:00.000Z,confirmed,reported_to_epr
HO-RHJK-B2X1,LOT_00843,COL_0045,REC_020,TXN_00619,945717,80bfe6e6ece4a97f614414176e5689e12093c76c69840b31c73f27fcd9e9e32c,1,2fa939a3c8a6,8.99,9.07,13.029597338622809,77.64679760476052,Bengaluru Urban,2026-04-18T16:08:00.000Z,2026-04-18T17:47:00.000Z,confirmed,sorted
HO-JKVP-GDC0,LOT_00844,COL_0032,REC_008,TXN_00620,565260,7cea53c131016702e8d25eb6cf126fb1ef1c77b4005f8d9a67f97f49a534c547,1,376bf849c2d6,2.21,2.2,19.13597666629255,72.88983899966328,Mumbai Suburban,2026-08-15T05:10:00.000Z,2026-08-15T06:56:00.000Z,confirmed,sorted
HO-AW62-B6BV,LOT_00846,COL_0027,REC_013,TXN_00621,446390,becaf369aa70bb8b5e9d9d2a1aa565a2d2e07c2f5ff4e68a7d363ca4ee847653,2,74dd4b8fc768|59c30370235e,11.97,12.2,20.144208687990904,73.92183781919181,Nashik,2025-10-04T18:46:00.000Z,2025-10-04T20:59:00.000Z,confirmed,received
HO-A5NZ-3ZXD,LOT_00848,COL_0016,REC_007,TXN_00622,329370,2da932bb711962ae64e3d8f92ac1e51bcca36f192acbdb45a79f3f675d09a812,1,5b3c234936a2,1.31,0.9,19.195889419919254,72.94376047792733,Mumbai Suburban,2025-11-07T08:16:00.000Z,2025-11-07T10:17:00.000Z,confirmed,received
HO-SVAZ-SDBW,LOT_00849,COL_0002,REC_008,TXN_00623,669478,ce273a5a9236910ce681929785e47d796ccb275c2a1ab806d02ca9a022901f50,1,05d929b14d10,0.16,0.16,19.13597666629255,72.88983899966328,Mumbai Suburban,2026-08-31T08:24:00.000Z,2026-08-31T08:58:00.000Z,confirmed,sorted
HO-QR5J-ZCK7,LOT_00850,COL_0007,REC_010,TXN_00624,573105,3967f3d5c738cf73aa2702dc8533a62de01fa78a5074892215945bf3e9df00e0,3,19953a3887c4|fae4235dc09e|58fc110585d6,98.5,97.09,19.083108686077594,72.85642781746984,Thane,2026-06-06T23:42:00.000Z,2026-06-07T02:02:00.000Z,confirmed,reported_to_epr
HO-PZQ9-A1PB,LOT_00851,COL_0045,REC_021,TXN_00625,807877,99294b7756022bf146c8fb2d4b46fbe07ca04762c225848c0dcb58391f6b4cbb,3,a1c7dc198606|1677ca18bc92|45b3297c34eb,80.99,85.94,12.939527776500583,77.56573499885053,Bengaluru Urban,2026-01-21T12:36:00.000Z,2026-01-21T13:27:00.000Z,confirmed,reported_to_epr
HO-6FZ0-QFZT,LOT_00853,COL_0054,REC_001,TXN_00626,103826,210dfa1f682e6a50714937fba915d15da44b6874c5b8f4002452bdce48d9f686,2,6e3cc808e023|0c64efb34313,0.26,0.26,18.486481618070602,73.82617345626355,Pune,2026-08-15T08:00:00.000Z,2026-08-15T11:51:00.000Z,confirmed,received
HO-B9C3-JRWW,LOT_00854,COL_0015,REC_016,TXN_00627,448337,97e44cd3213dc4c6b1e6e16b3d3a64472d8dc600d1418d2e281a20dce4ba5974,2,97124ab2e8c2|31984c49d9c9,20.46,20.38,19.93828253748715,75.39917428373843,Chhatrapati Sambhajinagar,2025-10-17T07:44:00.000Z,2025-10-17T11:14:00.000Z,confirmed,processed
HO-FQFM-0N22,LOT_00855,COL_0022,REC_008,TXN_00628,640240,b864ca40ef5febef8595578dc5fd031f54ba02a7d6b56c1250174c414df91d76,3,f7f49df9513b|dcee8a3e5854|ef66e23391e1,51.19,50.12,19.13597666629255,72.88983899966328,Mumbai Suburban,2026-06-04T08:43:00.000Z,2026-06-04T10:09:00.000Z,confirmed,received
HO-3J9N-TC4D,LOT_00857,COL_0017,REC_010,TXN_00629,059453,19255bd0bcdd1ae525f94854da12c63290a5da2c7e6a0306f64ca6c9180db39e,2,38b8481234e5|ebac75106f9b,35.44,37.76,19.083108686077594,72.85642781746984,Thane,2026-04-24T04:50:00.000Z,2026-04-24T05:29:00.000Z,confirmed,received
HO-ZXSD-EXTN,LOT_00860,COL_0048,REC_011,TXN_00630,850967,0fd3a9958be566205bc473278d86a93bb9f5359d0edd7620a6b204a33250f7e2,3,74e997c1cf7a|0d0dbf95fca3|e056b7cb2f83,53.35,53.47,19.102753954026102,72.87410855862349,Thane,2025-12-25T11:41:00.000Z,2025-12-25T12:09:00.000Z,confirmed,reported_to_epr
HO-SMVA-8TFG,LOT_00861,COL_0008,REC_013,TXN_00631,845374,3d391c25c7172473831dc6d461828cc39428bc6ba78f026cab1782d97dacdb29,1,a8ca267040f3,7.1,7.03,20.144208687990904,73.92183781919181,Nashik,2025-11-12T03:05:00.000Z,2025-11-12T03:45:00.000Z,confirmed,reported_to_epr
HO-NR59-1ERA,LOT_00862,COL_0059,REC_004,TXN_00632,121031,9dc6ccbe97db9e5de7ec169f6f349e5efffc147d1936fd048a10af14a6700f3d,3,c2d85c7b9a92|1cd051bebc45|df22d210dc22,138.54,136.77,18.47728938193023,73.81790044373722,Pune,2026-08-08T11:58:00.000Z,2026-08-08T12:21:00.000Z,confirmed,reported_to_epr
HO-5BCW-5VCR,LOT_00863,COL_0057,REC_014,TXN_00633,880985,92c7a246324876aff08ccf850d84546368fef997464297ee7a692be7f54046af,1,4191f789788a,44.84,44.92,21.207097198012473,79.14336747821122,Nagpur,2026-03-28T10:24:00.000Z,2026-03-28T14:20:00.000Z,confirmed,received
HO-R1Q3-4XT1,LOT_00864,COL_0032,REC_007,TXN_00634,695039,19ad7bec1c7ac8e40674a33821ed5e41b302d34f2b5d69ad57bf48dcb231939d,2,8cd3bb22d646|1cc69d194484,10.67,10.75,19.195889419919254,72.94376047792733,Mumbai Suburban,2026-05-28T21:36:00.000Z,2026-05-28T22:16:00.000Z,confirmed,received
HO-PWVA-HF3P,LOT_00865,COL_0032,REC_007,TXN_00635,273836,20b2777b3f6dfb56379cf7627aeedb25915ad89440f7118f4374ee8d79f86888,1,7a95a5e8f2c0,4.84,5.01,19.195889419919254,72.94376047792733,Mumbai Suburban,2026-08-31T15:27:00.000Z,2026-08-31T18:34:00.000Z,confirmed,processed
HO-9MVR-WP39,LOT_00866,COL_0009,REC_013,TXN_00636,463868,bb957e65698e24c68d2e1b8e439f0b5917791ec962d4f696eda0484112f2bfd4,1,222be8df754d,7.71,7.92,20.144208687990904,73.92183781919181,Nashik,2025-11-22T08:28:00.000Z,2025-11-22T09:11:00.000Z,confirmed,sorted
HO-3XZW-WW6J,LOT_00867,COL_0021,REC_004,TXN_00637,329576,e5ab9af35e5bebdb050913cc1efaa508c283963196656ec33d84916aa2ddc991,1,3274442e7e46,8.9,8.99,18.47728938193023,73.81790044373722,Pune,2026-08-12T12:48:00.000Z,2026-08-12T16:05:00.000Z,confirmed,received
HO-9MR2-09V8,LOT_00869,COL_0050,REC_005,TXN_00638,489659,612c7342503cb2d3d83951c6db6d17f9d31834e32e1543aebe52bb94a39f3211,2,0da8034b238a|01c38a09231d,10.52,10.49,18.489540040129423,73.82892603611648,Pune,2025-11-21T05:07:00.000Z,2025-11-21T07:30:00.000Z,confirmed,sorted
HO-RT6M-TD74,LOT_00872,COL_0052,REC_021,TXN_00639,666440,d7b08eb34ff94477721bb584ca78072f6e16e0bab44e5690d30f730c63c47680,1,fa7c9729e531,16.2,15.9,12.939527776500583,77.56573499885053,Bengaluru Urban,2025-12-18T04:44:00.000Z,2025-12-18T06:03:00.000Z,confirmed,processed
HO-WX95-TH43,LOT_00873,COL_0001,REC_013,TXN_00640,270304,879aebb8af60f44aa72c30fd6ad28b0b161316d29b5c9bce82db1558428770cd,2,d91ce40685df|4a6752becb14,16.41,16.79,20.144208687990904,73.92183781919181,Nashik,2026-03-23T21:01:00.000Z,2026-03-23T22:30:00.000Z,confirmed,received
HO-J5AP-SEM0,LOT_00874,COL_0045,REC_020,TXN_00641,527364,a84579b8dd348553d7da3ae492d4969ce7ff6f07b118f832220b4fcd41194bcf,1,7fb3e11e45ac,159.91,162.07,13.029597338622809,77.64679760476052,Bengaluru Urban,2026-05-18T05:34:00.000Z,2026-05-18T07:28:00.000Z,confirmed,reported_to_epr
HO-S1WE-FKG6,LOT_00875,COL_0036,REC_007,TXN_00642,576497,e3cc401f714e4b54023b0b6a0a39f6d8e875a53424a18aaa2c2cad7e720a6ff0,3,a42821c609af|c0e605ff62e9|3b3158e6ae66,115.88,119.66,19.195889419919254,72.94376047792733,Mumbai Suburban,2026-02-03T09:28:00.000Z,2026-02-03T12:49:00.000Z,confirmed,processed
HO-9KY7-ZP8Q,LOT_00876,COL_0017,REC_010,TXN_00643,857941,bbe43046cab229230d9e27b0a838449c1cdfae1bc05bdb424e640bd477edf072,1,7c5a087da668,1.23,1.19,19.083108686077594,72.85642781746984,Thane,2025-10-30T10:30:00.000Z,2025-10-30T12:14:00.000Z,confirmed,processed
HO-WQBF-VKFD,LOT_00877,COL_0053,REC_013,TXN_00644,916454,37e4c9374ef4ac1cf4cbed775464f4b6ae6c20059dba0cadbf9623ce85a8fe1b,1,2efe80dbdb6b,0.12,0.11,20.144208687990904,73.92183781919181,Nashik,2026-01-16T23:28:00.000Z,2026-01-17T03:07:00.000Z,confirmed,received
HO-DWPQ-PD99,LOT_00879,COL_0015,REC_016,TXN_00645,167394,ad9610f5fa72fe6854d863eaaeb8cd7b4822ae18049846d36091166b6187c297,3,89a768be1295|b8da2127cfe6|259c16fed6f4,38.2,36.33,19.93828253748715,75.39917428373843,Chhatrapati Sambhajinagar,2025-10-15T18:03:00.000Z,2025-10-15T19:49:00.000Z,confirmed,processed
HO-RVWM-JJ1Z,LOT_00884,COL_0009,REC_013,TXN_00646,504747,8e20034289ce8e03b547a896aff7b8ae9bfce1b830bb1b156a3d85cc22d3c425,2,ca8205869b2e|c8f4cc0816fb,19.1,18.5,20.144208687990904,73.92183781919181,Nashik,2025-12-01T03:14:00.000Z,2025-12-01T05:01:00.000Z,confirmed,received
HO-J4AT-CFGN,LOT_00885,COL_0039,REC_010,TXN_00647,212855,8890e0a361a4f1a45ba84849cfc658b0de571c09596bad40fad583a1e5d0f2f0,2,ef3b569e73a9|aab1a4733af5,23.23,23.66,19.083108686077594,72.85642781746984,Thane,2026-07-22T23:53:00.000Z,2026-07-23T03:48:00.000Z,confirmed,received
HO-HCZM-WBC9,LOT_00886,COL_0038,REC_013,TXN_00648,918635,4ec1e9b852051613339f400507b7abf78a5e64a2fb30fd2e225f17dc2584f1f9,3,3437708ac42a|512f580ddf68|5e2802bc77fd,29.12,29.53,20.144208687990904,73.92183781919181,Nashik,2026-08-05T08:38:00.000Z,2026-08-05T10:02:00.000Z,confirmed,received
HO-3EH6-DB3A,LOT_00887,COL_0009,REC_012,TXN_00649,455269,e936843159d9743ea2271dc7b133e747dafdf5ac27e84074ffcb40abcbf88592,3,ed4523dac7d6|32b0bc579f27|20b430f53643,51.38,52.46,19.959777436479925,73.75584969283193,Nashik,2026-08-14T14:48:00.000Z,,pending,
HO-Y0PE-R7Y8,LOT_00888,COL_0051,REC_007,TXN_00650,820282,0799828ac3686d09b26a7c090ced2ccc157c77926e32ff0fbe55b870bf4b9393,1,217aa8f1ea78,6.14,5.94,19.195889419919254,72.94376047792733,Mumbai Suburban,2026-03-02T19:54:00.000Z,2026-03-02T22:24:00.000Z,confirmed,processed
HO-QQ82-PYD3,LOT_00889,COL_0049,REC_019,TXN_00651,632464,9db07c376a27862a0660d48ecfb80f371de75f1f40de6f073de98ad4a08f992f,3,b1fa09783a58|6998646e8ce9|2f217c600900,33.47,32.6,28.5746101020962,77.17363909188659,New Delhi,2026-04-04T10:22:00.000Z,2026-04-04T13:11:00.000Z,confirmed,reported_to_epr
HO-TPZV-T3T9,LOT_00890,COL_0038,REC_013,TXN_00652,031194,ea8f85e408f8c6b8090f886341b3d62d663bd766ab63ef97950a6950eab5858e,1,2160b9bad211,2.46,2.38,20.144208687990904,73.92183781919181,Nashik,2025-11-30T14:22:00.000Z,2025-11-30T15:31:00.000Z,confirmed,reported_to_epr
HO-270N-YHB5,LOT_00893,COL_0006,REC_007,TXN_00653,809961,db26096392e96394e8273733305a93c2e51e6c0425d92ed51c3513eaa788565e,1,bd3d56f6a3b2,40.23,37.61,19.195889419919254,72.94376047792733,Mumbai Suburban,2026-03-16T23:30:00.000Z,2026-03-17T03:02:00.000Z,confirmed,received
HO-T7HA-ZR1P,LOT_00894,COL_0059,REC_001,TXN_00654,733395,ef488fe748e32b50afc442f78660b72d90fd8cedc03438d7b1e60f773f767922,1,04dca9316e1c,11.66,11.42,18.486481618070602,73.82617345626355,Pune,2026-06-23T17:23:00.000Z,2026-06-23T21:14:00.000Z,confirmed,sorted
HO-M5QA-Q7JS,LOT_00895,COL_0057,REC_014,TXN_00655,034972,8e5e6d465c1b9b58b0d7fe07f6ff419ddc5777d305509dc61cb0a4a24ee0890a,2,6651cbb88b1a|d7526c704bac,54.79,55.47,21.207097198012473,79.14336747821122,Nagpur,2026-03-03T15:02:00.000Z,2026-03-03T18:28:00.000Z,confirmed,reported_to_epr
HO-Q0J5-E2SF,LOT_00897,COL_0043,REC_005,TXN_00656,793701,d9440a8ffa3225f769bb7679e3daa544c598826f00b684d84ea56dadd7631258,2,bdb9ea51e317|d33015c1741a,12.83,12.44,18.489540040129423,73.82892603611648,Pune,2026-06-17T00:35:00.000Z,2026-06-17T00:49:00.000Z,confirmed,sorted
HO-C0KP-H63H,LOT_00898,COL_0014,REC_002,TXN_00657,495960,e5c44d8106de1cc39d952fc6b3fd908ea82bf75ea5ca480ccf549920628f5c31,3,42fe1f8d60bf|76ba335ffddf|621fc8fc3101,56.65,56.28,18.50604963646233,73.8437846728161,Pune,2025-12-22T13:39:00.000Z,2025-12-22T14:13:00.000Z,confirmed,received
HO-SGQX-EH4F,LOT_00900,COL_0033,REC_010,TXN_00658,977157,328ed495e8f82024b431d4508d63ee159fcec8a57e59efb4f67070212b13f4ab,3,bcca1fe582ec|393def3ca46d|9527f142d21d,50.13,51.84,19.083108686077594,72.85642781746984,Thane,2026-02-06T04:32:00.000Z,2026-02-06T04:52:00.000Z,confirmed,reported_to_epr
HO-QMJT-RAZZ,LOT_00901,COL_0001,REC_013,TXN_00659,418262,570641c28ee9620299eb95674b954ee85ca8a70a9a1130f11803ba6569377b4e,2,da1d59e0cef7|9ac3ec9867dd,14.72,14.35,20.144208687990904,73.92183781919181,Nashik,2026-06-22T21:04:00.000Z,2026-06-22T21:56:00.000Z,confirmed,reported_to_epr
HO-PJMA-Y15W,LOT_00904,COL_0056,REC_008,TXN_00660,503124,6449dec172e0b8cbaf6cc04eed085be3d0f9c80cef918e38934480bfe36aa5c2,3,ca6205033e2b|50928a8376f2|ad0a9c2ce2f9,49.07,47.3,19.13597666629255,72.88983899966328,Mumbai Suburban,2026-08-31T17:20:00.000Z,2026-08-31T19:39:00.000Z,confirmed,received
HO-7P7S-Q8RA,LOT_00905,COL_0009,REC_013,TXN_00661,052120,2e2d3231911ce74a15befcd5ac5a022b095d90de26e2cb362c3bc7f9442c4079,2,ec88735fae64|cb366d524de2,21.27,21.46,20.144208687990904,73.92183781919181,Nashik,2025-10-23T13:33:00.000Z,2025-10-23T16:07:00.000Z,confirmed,sorted
HO-02MM-G4ND,LOT_00907,COL_0059,REC_002,TXN_00662,269700,d229f07c15e86b6c321a80cad133eda7be93ace1ceb20e2bbd7aae4902638b24,1,dcb1ca7b2326,2.53,2.52,18.50604963646233,73.8437846728161,Pune,2026-05-02T08:50:00.000Z,2026-05-02T09:19:00.000Z,confirmed,processed
HO-RESX-QW11,LOT_00908,COL_0050,REC_003,TXN_00663,281198,107277ec1e70696da6defc1485328428da9da8e6c58d5c95b3fbe8d1bcc26940,2,0e6b4b032db9|3a3d8cfa17c0,42.7,42.24,18.591669234344362,73.92084231090993,Pune,2026-07-01T00:36:00.000Z,,pending,
HO-Z0VR-VE67,LOT_00909,COL_0022,REC_007,TXN_00664,863306,d368d59306dbd1ceb5286f56faff5557f5ed98e9c07caf77dc4a5ca5386ed661,2,9a4ac5965a68|aa3ec34f17bd,42.16,42.1,19.195889419919254,72.94376047792733,Mumbai Suburban,2025-11-03T17:56:00.000Z,2025-11-03T18:59:00.000Z,confirmed,received
HO-E0SV-ETE7,LOT_00912,COL_0004,REC_003,TXN_00665,978852,9d829f2e1ae14f2d1233bc3b10021b2181eaef4b84f96f82bec555efaf335f82,3,d90927059d15|968e3334c254|40ae66de5fde,60.1,60.95,18.591669234344362,73.92084231090993,Pune,2026-01-08T01:03:00.000Z,2026-01-08T01:56:00.000Z,confirmed,reported_to_epr
HO-GCM6-CNCH,LOT_00913,COL_0041,REC_020,TXN_00666,438851,d0909d3ea470c7450062275e997db0678a8782d9dbe0ca95133448e2ba9cb57c,1,9acd9b1484de,1.38,1.38,13.029597338622809,77.64679760476052,Bengaluru Urban,2025-12-17T21:37:00.000Z,2025-12-18T00:09:00.000Z,confirmed,received
HO-CEYG-AN1J,LOT_00914,COL_0009,REC_013,TXN_00667,408860,29d5fa55ff4ae592490a74061edeb98d5086d800e21def2fc3024af8bf99bc69,2,3d0fee4d31bb|fa1bd674f200,10.04,10.26,20.144208687990904,73.92183781919181,Nashik,2026-08-11T10:18:00.000Z,2026-08-11T12:04:00.000Z,confirmed,processed
HO-5C7J-AXMG,LOT_00915,COL_0012,REC_003,TXN_00668,394627,d5fe031f98e9af1aee7743bc9d007ee0272fe1f10422c90429bef43e3dda4aa4,1,ed107537b7e9,31.96,30.57,18.591669234344362,73.92084231090993,Pune,2026-03-04T06:25:00.000Z,2026-03-04T09:15:00.000Z,confirmed,processed
HO-60DD-PTB2,LOT_00916,COL_0052,REC_020,TXN_00669,992989,46acd1fd5f98d85e6f2b7c9ad318be9ec1bb1a7dd61b027d8eab75eddf411178,1,f18dec21a2f1,0.73,0.7,13.029597338622809,77.64679760476052,Bengaluru Urban,2026-05-24T13:12:00.000Z,2026-05-24T15:31:00.000Z,confirmed,received
HO-070Y-JNQ2,LOT_00917,COL_0005,REC_014,TXN_00670,163923,fad7bbfcb3eac34bc2856df18cf50a8ff7fe235e26a45112ae8344f7ca690777,3,36aa57baf238|ac7a02edd036|fcdc1312dd22,106.19,102.53,21.207097198012473,79.14336747821122,Nagpur,2025-10-28T22:21:00.000Z,2025-10-29T01:36:00.000Z,confirmed,sorted
HO-B6S9-HSPW,LOT_00918,COL_0030,REC_013,TXN_00671,064364,6d04ff9d4711e6d68f445572753afbc8737167eb09204c81459d0b4d1d1c980f,1,abc900912b48,3.09,3.09,20.144208687990904,73.92183781919181,Nashik,2026-04-01T03:36:00.000Z,,pending,
HO-C40H-AX5D,LOT_00920,COL_0050,REC_003,TXN_00672,897889,a6317ecd81d718aa85eee2c1995bd8bbcd8b5ada477c4aaddcd966549430bb81,3,933cbce878c1|89c197559dbf|09fee03bc75a,7.14,6.96,18.591669234344362,73.92084231090993,Pune,2025-09-25T11:54:00.000Z,2025-09-25T13:56:00.000Z,confirmed,sorted
HO-0389-W2W0,LOT_00921,COL_0028,REC_006,TXN_00673,164349,b06f18e246c4caccfeee54d85eadd6c6c427356bb39a81e68c67c777a4263292,1,91e5f50eedea,5.19,5.08,19.03367845774293,72.79777061196863,Mumbai Suburban,2026-06-03T01:33:00.000Z,2026-06-03T02:58:00.000Z,confirmed,reported_to_epr
HO-Q828-V7AH,LOT_00922,COL_0038,REC_012,TXN_00674,358831,8617a76923658f343aa3f1c039e7b52b50c31c928103705906fee53fbb3cb259,2,4012d1f6516e|8cd10709d946,26.41,26.81,19.959777436479925,73.75584969283193,Nashik,2026-08-10T14:28:00.000Z,2026-08-10T16:50:00.000Z,confirmed,sorted
HO-HZHV-J7CH,LOT_00924,COL_0053,REC_013,TXN_00675,871965,a24827a1d27c143fddc314e4db88610801ca97894ee21c7143ee2d6efaea3ed3,1,54a8eab925e0,0.27,0.27,20.144208687990904,73.92183781919181,Nashik,2025-10-25T14:56:00.000Z,2025-10-25T16:15:00.000Z,confirmed,received
HO-29F6-AAPV,LOT_00926,COL_0028,REC_007,TXN_00676,331272,7266bea1bfee1caee797bd8ae579a1bb73a1385ab3ecbd1306e93ffa22d96c52,2,fc9480e601d2|60c4b5f1e839,42.7,42.78,19.195889419919254,72.94376047792733,Mumbai Suburban,2026-08-27T11:23:00.000Z,2026-08-27T12:13:00.000Z,confirmed,received
HO-E16E-EJQT,LOT_00927,COL_0059,REC_002,TXN_00677,151772,4f2a164235297299302dbf831ee0635f5c50c8c98bd6331aa68c40fc5d521f71,2,e9539d3668a1|12596f0890fa,78.89,53.91,18.50604963646233,73.8437846728161,Pune,2026-03-12T04:25:00.000Z,2026-03-12T07:48:00.000Z,confirmed,received
HO-HJ37-0T8J,LOT_00928,COL_0059,REC_002,TXN_00678,329649,73279a230b177865aedd5d1eec10693912af4d0baebba07020ea55afbcb185e7,3,da28f760b731|d38a091990d8|252929c5f609,89.76,91.2,18.50604963646233,73.8437846728161,Pune,2026-02-03T11:26:00.000Z,2026-02-03T14:46:00.000Z,confirmed,reported_to_epr
HO-A0B4-YSWM,LOT_00930,COL_0010,REC_001,TXN_00679,829422,010d6618edba4632dcd8107c78adfbeb859f1cb78ce10bd2ddee1373fb11b168,1,5f416ca05a76,2.88,2.83,18.486481618070602,73.82617345626355,Pune,2025-10-01T09:39:00.000Z,2025-10-01T10:07:00.000Z,confirmed,reported_to_epr
HO-NEVT-8C7H,LOT_00931,COL_0012,REC_005,TXN_00680,975879,d19dc823d227bb4534188b9227d93a000c84a77b4e4057816905ba7c0f209e7f,1,46461b72dc1e,3.41,3.26,18.489540040129423,73.82892603611648,Pune,2025-09-29T10:36:00.000Z,2025-09-29T11:05:00.000Z,confirmed,received
HO-4K05-PN9X,LOT_00932,COL_0039,REC_010,TXN_00681,240383,3a393f4abd450b0b7c9e4c4bacb2c5f5b4a48e4863c41cbe573a6a374e285380,2,47a4cb7a40c6|7e555ca29477,19.35,19.33,19.083108686077594,72.85642781746984,Thane,2026-06-09T15:47:00.000Z,2026-06-09T17:30:00.000Z,confirmed,received
HO-AZZM-RJT6,LOT_00934,COL_0036,REC_008,TXN_00682,794633,e0bf2a19d23e637a9f27611fb7ea91a8f9be81cd890c2307750d9d99cb4eb164,2,e8f6b7ce93e1|41cf1d540890,9.37,9.03,19.13597666629255,72.88983899966328,Mumbai Suburban,2026-04-25T23:31:00.000Z,2026-04-25T23:40:00.000Z,confirmed,reported_to_epr
HO-24NN-WGPD,LOT_00935,COL_0042,REC_001,TXN_00683,876091,892ab81229ffc52d80a7a4c544c953c7ac1d539fdc8aa62b97d47511c1a4b2c2,1,3d4ed7b3dae5,1.73,1.73,18.486481618070602,73.82617345626355,Pune,2026-07-27T08:38:00.000Z,2026-07-27T11:13:00.000Z,confirmed,sorted
HO-302B-AQ5K,LOT_00936,COL_0044,REC_003,TXN_00684,132796,103274648d8324472f0c239b884048cb3203cbbfa15072680c846207e8f986a7,1,01c4fb00071e,13.96,13.52,18.591669234344362,73.92084231090993,Pune,2025-12-27T15:32:00.000Z,2025-12-27T15:39:00.000Z,confirmed,received
HO-XYB3-WRJF,LOT_00939,COL_0023,REC_019,TXN_00685,957162,075c46bde547c3b9d93980835bd893ae44c52eac4481a44f74d7d4b5aea44dc5,1,a8665b5f1464,14.43,15.07,28.5746101020962,77.17363909188659,New Delhi,2026-04-01T14:32:00.000Z,2026-04-01T16:37:00.000Z,confirmed,received
HO-PMWV-RVBJ,LOT_00940,COL_0017,REC_010,TXN_00686,178029,7851e82f26ad2061dd3de5a84a8425a8c0ed195d435fc1f55a2ac998d6c0dd65,1,0ac0653ab331,20.15,20.46,19.083108686077594,72.85642781746984,Thane,2026-04-06T20:15:00.000Z,2026-04-06T22:14:00.000Z,confirmed,received
HO-25X5-DQ3G,LOT_00942,COL_0046,REC_004,TXN_00687,741507,d28115708d8d47d0c4bc491f0edf348caf1c8a242e58a4686f220c21bd142a20,3,78a3de8516e1|1b8d05c158d5|eebfa1f97570,31.93,30.09,18.47728938193023,73.81790044373722,Pune,2026-08-05T21:21:00.000Z,2026-08-06T00:18:00.000Z,confirmed,processed
HO-6ZC7-3F8Q,LOT_00943,COL_0040,REC_008,TXN_00688,313933,30f89352861a8a99bc75435c39f2246a3c07406115472d97060110c237cb6168,4,d4e510ad2f10|1b914e250955|f74100e15a50|6c757cbaefe7,40.41,40.63,19.13597666629255,72.88983899966328,Mumbai Suburban,2026-01-05T15:14:00.000Z,2026-01-05T16:08:00.000Z,confirmed,sorted
HO-08SY-K4SZ,LOT_00945,COL_0042,REC_004,TXN_00689,820616,b690913b3673da1b4193b722f83e5d94afbab2377ba6ffd20b2640092012e338,4,ae976fdb5e11|cd26319b57f1|e2739fb96782|68a6dad83841,28.89,29.54,18.47728938193023,73.81790044373722,Pune,2026-06-10T23:28:00.000Z,2026-06-11T02:42:00.000Z,confirmed,received
HO-CPY6-4WEP,LOT_00946,COL_0034,REC_005,TXN_00690,035945,51edfb56fddb62968d7c2b6e22e20bc668a24b8e87d64689aab0a0ab6bae5705,1,47c43d7e9f93,0.33,0.32,18.489540040129423,73.82892603611648,Pune,2025-12-05T06:05:00.000Z,2025-12-05T06:44:00.000Z,confirmed,received
HO-58C1-MG74,LOT_00947,COL_0048,REC_011,TXN_00691,579797,eb5111fc119299ee450ed78919d33ab91534d1abc106585593cb6cad93d3b716,1,bd61c59d88f0,5.92,5.85,19.102753954026102,72.87410855862349,Thane,2026-06-07T20:37:00.000Z,2026-06-07T22:29:00.000Z,confirmed,sorted
HO-S90P-7JTC,LOT_00948,COL_0007,REC_011,TXN_00692,559076,a4d2133ae4923e7ab700de6417ea823372ff4c319b9a5b7a217732a7d50b9169,1,d5b738953472,5.89,5.75,19.102753954026102,72.87410855862349,Thane,2026-07-11T06:45:00.000Z,,pending,
HO-F6DF-CBS1,LOT_00949,COL_0009,REC_012,TXN_00693,087345,3693786589babb1e4b9b3539c438f587ddc340c177b07f1138bcdefab97c41c2,1,5f0bda8e35db,19.91,20.28,19.959777436479925,73.75584969283193,Nashik,2026-04-29T21:02:00.000Z,2026-04-30T00:16:00.000Z,confirmed,reported_to_epr
HO-CS20-A6WJ,LOT_00950,COL_0017,REC_011,TXN_00694,113855,3b847c35198cb07eebf24fd126bd841b110121646c7792da287a6549f6569b22,1,2dc7d7f555cd,78.22,78.17,19.102753954026102,72.87410855862349,Thane,2026-04-13T09:49:00.000Z,2026-04-13T13:36:00.000Z,confirmed,processed
HO-8C9M-GSN8,LOT_00951,COL_0039,REC_011,TXN_00695,851054,e59f1adc78c11c6eb3ab0652eb15af38881692ae32a90702477f1aab593b3014,1,6d8f5638bbc5,0.76,0.73,19.102753954026102,72.87410855862349,Thane,2026-02-16T04:03:00.000Z,,pending,
HO-PG1A-3AZ7,LOT_00952,COL_0016,REC_007,TXN_00696,864129,c5b25075390e4cc5c24bb9624f3145ae84356a354ca19f6b4d3d3e59d4314d5b,2,e3f39ea79a3e|09a99fe5616e,39.96,39.65,19.195889419919254,72.94376047792733,Mumbai Suburban,2026-07-20T12:51:00.000Z,2026-07-20T14:31:00.000Z,confirmed,sorted
HO-GF1G-WZZD,LOT_00953,COL_0009,REC_012,TXN_00697,999774,40410b2292779b902fc0383b5b9390e2768dede8371ec4a6c3458cbbc1600863,3,957772a1dfb6|5d713b40ec68|acd85bb6f347,26.75,26.55,19.959777436479925,73.75584969283193,Nashik,2026-05-03T16:01:00.000Z,2026-05-03T19:34:00.000Z,confirmed,received
HO-XAXZ-A0N1,LOT_00955,COL_0014,REC_001,TXN_00698,527032,16c77c8665524f0a3b7f426b0c1b1def0d38d184d5f47c377eb26bd10a14cf53,2,586cd5d18739|5203ca0386e3,11.13,11.02,18.486481618070602,73.82617345626355,Pune,2026-01-23T09:24:00.000Z,2026-01-23T12:36:00.000Z,confirmed,reported_to_epr
HO-V85V-0Q97,LOT_00956,COL_0014,REC_001,TXN_00699,741802,14921a03b15ce9d5fcd110bad20a1ed4900bcb39ce2e6fb6f51e29cfd239b0bf,2,6348d4ab8ab6|42cd1f7b3e6c,12.37,12.22,18.486481618070602,73.82617345626355,Pune,2026-05-23T00:29:00.000Z,2026-05-23T01:34:00.000Z,confirmed,sorted
HO-3Y93-FVYJ,LOT_00958,COL_0039,REC_010,TXN_00700,034587,bf29979873e5ae873559040e73e35f3fb885182cef7e4b7ad811ee8169ecf0e0,1,6f8907744660,31.48,30.97,19.083108686077594,72.85642781746984,Thane,2026-01-26T07:28:00.000Z,2026-01-26T10:58:00.000Z,confirmed,processed
HO-4SP3-3ZBB,LOT_00960,COL_0019,REC_010,TXN_00701,232961,1b3cdf8dfe676b4ffe13f6851ecb9912d7fd0f23849efb14ee80e8acf455cd79,4,f4aa5d8953ce|00084a91b721|198894765e69|5224ca0e2bce,105.48,109.46,19.083108686077594,72.85642781746984,Thane,2026-06-07T23:57:00.000Z,2026-06-08T01:50:00.000Z,confirmed,processed
HO-K0F3-AJW7,LOT_00961,COL_0009,REC_013,TXN_00702,012814,e05cb312a97f5f7323a7fd0a35d2a5e776aa7064749c3392b19a85a9fdfae754,1,79b976b9d7bc,3.59,3.58,20.144208687990904,73.92183781919181,Nashik,2026-05-29T03:25:00.000Z,2026-05-29T06:23:00.000Z,confirmed,processed
HO-V7DR-J8JX,LOT_00964,COL_0010,REC_001,TXN_00703,274052,87d397f9152fee3c982bba92f4e7a4f7a5faf8b87f026f98ae02206c57d9a0ea,2,07024c145894|05777ecae225,8.31,8.2,18.486481618070602,73.82617345626355,Pune,2026-04-03T23:30:00.000Z,2026-04-04T02:34:00.000Z,confirmed,sorted
HO-2128-7DHX,LOT_00965,COL_0052,REC_020,TXN_00704,266273,0b6c264148d47c11046d33628c0a73a3b4575834e720b1f0c95f3f8f77a5ad72,1,afd13750127b,32.1,31.9,13.029597338622809,77.64679760476052,Bengaluru Urban,2026-05-16T09:20:00.000Z,2026-05-16T10:03:00.000Z,confirmed,reported_to_epr
HO-XQ7Q-1JSJ,LOT_00966,COL_0054,REC_001,TXN_00705,762493,e35731fd0499547fd0505d0873747244d320d9cd537b6fa717a2fe8ea3d55645,2,5df0f60dbd88|939d4329117e,54.92,52.43,18.486481618070602,73.82617345626355,Pune,2026-08-19T07:12:00.000Z,2026-08-19T11:02:00.000Z,confirmed,received
HO-DE62-36DD,LOT_00967,COL_0027,REC_013,TXN_00706,201803,25faf65a99874939250c67f33b5ca9221406dd273062f35bbd3d14ba9deeda4f,1,f7f9330e93c0,3.52,3.58,20.144208687990904,73.92183781919181,Nashik,2026-06-30T18:48:00.000Z,2026-06-30T19:55:00.000Z,confirmed,processed
HO-20HN-B6Q0,LOT_00968,COL_0055,REC_007,TXN_00707,905447,226bcd878b622c66df7371a5c4f9ea34a59facd54420e9f8770c1a9d29990aa9,2,1b99ba79fdac|204b14690077,39.25,38.41,19.195889419919254,72.94376047792733,Mumbai Suburban,2025-12-27T12:24:00.000Z,2025-12-27T12:35:00.000Z,confirmed,reported_to_epr
HO-8Q8C-SG05,LOT_00969,COL_0042,REC_003,TXN_00708,241410,22ec0459e73c0f66ad85999a240015000865e59dca3543f78b2071755c6034df,4,570f2f2a07e2|5e4ebcccc2a8|6054fdd90f1d|357d14c9f5fd,50.33,51.63,18.591669234344362,73.92084231090993,Pune,2026-05-05T23:08:00.000Z,2026-05-06T01:41:00.000Z,confirmed,sorted
HO-WCF2-BK0X,LOT_00971,COL_0016,REC_008,TXN_00709,360479,73a897a2e74448e6339962659427044e261758e99129e6f324d735b18306d824,2,4145edc5f647|e3227fd757eb,3.63,3.51,19.13597666629255,72.88983899966328,Mumbai Suburban,2025-11-25T06:43:00.000Z,2025-11-25T10:41:00.000Z,confirmed,received
HO-2KN1-0M5B,LOT_00974,COL_0033,REC_010,TXN_00710,455855,a7acccbe77c0fd294ecb4ace19273ad0408ee6a590145a3c2a49e4d6db606402,1,a0926f606a51,0.04,0.04,19.083108686077594,72.85642781746984,Thane,2026-05-25T03:17:00.000Z,2026-05-25T05:23:00.000Z,confirmed,received
HO-WPVD-86V8,LOT_00975,COL_0043,REC_001,TXN_00711,583713,c5a55221cf2054c022d20cb7e53de9d5e286fdf46d1b1e5ab10bfd4e2cdd9974,2,91819ba6a48e|0c3b33e26f7b,0.3,0.29,18.486481618070602,73.82617345626355,Pune,2026-05-16T22:32:00.000Z,2026-05-17T00:19:00.000Z,confirmed,processed
HO-50NY-2C1M,LOT_00979,COL_0043,REC_001,TXN_00712,953042,cb07e9c608f45b2e9c481ecea0290cc723119589a042a0bc34b5b8c0d3378f3b,2,ae90f9ca3984|1197d920fbba,1.68,1.69,18.486481618070602,73.82617345626355,Pune,2025-09-29T17:17:00.000Z,2025-09-29T18:22:00.000Z,confirmed,reported_to_epr
HO-RKE3-H0HC,LOT_00981,COL_0048,REC_010,TXN_00713,153910,16776f415c4d73b0971e605f26618b55f3230150a75b4b8c4e2a3348f107b41e,2,2c2aec47e71d|19aff4090129,50.5,47.03,19.083108686077594,72.85642781746984,Thane,2026-01-29T06:48:00.000Z,,pending,
HO-92Z5-SENT,LOT_00982,COL_0028,REC_007,TXN_00714,503210,62964f38b2840cd1bfb5623c99381c820f523bad77e685200bb7fe00e0fcf679,2,e025c6d7679b|b32dd713271d,16.28,16.98,19.195889419919254,72.94376047792733,Mumbai Suburban,2025-12-30T13:45:00.000Z,2025-12-30T15:45:00.000Z,confirmed,processed
HO-XG42-MVHT,LOT_00983,COL_0044,REC_002,TXN_00715,724274,d228ed02b73718c964e8b4c226208222ad2e0de06725c514da34ef932feb1b17,2,a060d04ed9bd|74408578d09a,7.54,7.53,18.50604963646233,73.8437846728161,Pune,2026-03-27T15:21:00.000Z,2026-03-27T16:52:00.000Z,confirmed,received
HO-16AZ-38A1,LOT_00985,COL_0051,REC_007,TXN_00716,698136,6b8f7f8ed0fb03cd72bd1ec3c50cb832415388cfdf945e22279e56c4c92037e3,2,e93cf70a2b0a|697a5a602ed2,66.69,66.66,19.195889419919254,72.94376047792733,Mumbai Suburban,2025-10-14T19:37:00.000Z,2025-10-14T21:40:00.000Z,confirmed,processed
HO-7B5F-RZ59,LOT_00987,COL_0024,REC_008,TXN_00717,084837,97099d9e7f1e78a054f6838d09918d8886077a1b170c8b64e74c7c9c2e1fe8ab,1,fcc450518b6a,0.02,0.02,19.13597666629255,72.88983899966328,Mumbai Suburban,2026-02-16T11:19:00.000Z,2026-02-16T13:52:00.000Z,confirmed,processed
HO-FM2H-50W6,LOT_00988,COL_0011,REC_014,TXN_00718,499433,cabc471b6fa5152d925b6ce373998f31e34c7295783c22a052d074edc697a119,1,e44248c20ecd,43.88,45.57,21.207097198012473,79.14336747821122,Nagpur,2026-07-24T13:29:00.000Z,2026-07-24T17:12:00.000Z,confirmed,received
HO-J4VM-4TBS,LOT_00990,COL_0032,REC_007,TXN_00719,019477,78a4a8872dd28668a49b4757bde4cc00923cf42aa08654607ec9c1f3a9e1f6d6,2,0c7d66710ea6|b06bf481495e,25.88,26.07,19.195889419919254,72.94376047792733,Mumbai Suburban,2025-11-12T07:30:00.000Z,2025-11-12T10:49:00.000Z,confirmed,processed
HO-B6NC-1G11,LOT_00991,COL_0006,REC_006,TXN_00720,836245,d2d09cb9f774f2b9d190076b9463ccccd743978be86fd3c54d080ac135982b7b,3,09d8e059cea1|b7b2361b5a9b|58d219b6fb98,33.68,32.26,19.03367845774293,72.79777061196863,Mumbai Suburban,2025-12-20T01:28:00.000Z,2025-12-20T05:16:00.000Z,confirmed,reported_to_epr
HO-M7FK-057Y,LOT_00992,COL_0003,REC_002,TXN_00721,509294,cc683cce6ee705c38a98cbec7dcf96a54db08268b6dbb6cf48d914d3459aa8ff,2,ffa009e38080|c635ee4cc9c5,38.21,39.08,18.50604963646233,73.8437846728161,Pune,2025-11-06T02:19:00.000Z,2025-11-06T02:26:00.000Z,confirmed,received
HO-1MWV-WCCG,LOT_00993,COL_0008,REC_013,TXN_00722,400931,a90f46404fac2ce29bc9817dc5841dbcee143ea79ba773846df26db738ae0040,3,615ae18e3a0d|520121ce8a4e|2937f681c8f1,5.72,3.56,20.144208687990904,73.92183781919181,Nashik,2026-03-11T00:14:00.000Z,2026-03-11T03:33:00.000Z,confirmed,reported_to_epr
HO-QXYX-FY8X,LOT_00994,COL_0032,REC_008,TXN_00723,290089,329a91c5279b5de446908bc284b2257ad68214947f1d55170aa29c96662cd33e,4,9fe737d99e95|760e421361da|afe9b743dffa|3bbb529dbf6f,94.51,98.42,19.13597666629255,72.88983899966328,Mumbai Suburban,2025-12-05T22:24:00.000Z,2025-12-05T23:06:00.000Z,confirmed,received
HO-7VPH-X59M,LOT_00995,COL_0024,REC_007,TXN_00724,053242,68508ef6a8333ffb3aa3329561c886e52b3006e870614c16f5b4866061f56dcf,1,30ff099e0709,30.49,30.86,19.195889419919254,72.94376047792733,Mumbai Suburban,2026-01-12T14:55:00.000Z,2026-01-12T16:24:00.000Z,confirmed,received
HO-YKSW-DAF3,LOT_00996,COL_0021,REC_003,TXN_00725,377788,ef4dd99b4bc6140047ce5ae6e4fd2ffb8ba8411903b0a3f91e56e9705fbdf7a4,1,5077c638bb35,1.4,1.4,18.591669234344362,73.92084231090993,Pune,2026-03-28T08:18:00.000Z,2026-03-28T11:39:00.000Z,confirmed,reported_to_epr
HO-MG6B-QXJW,LOT_00998,COL_0038,REC_013,TXN_00726,168550,3ce3d25f7b2d97e78f8d1c116d2c7f00e33dd037501511d48d1fb34dc7396cea,4,b82da572fe7b|05a49da421a9|8ea6422ec3e6|6d1f26e6877f,80.6,76.84,20.144208687990904,73.92183781919181,Nashik,2025-09-25T20:54:00.000Z,2025-09-26T00:12:00.000Z,confirmed,received
HO-D1NP-CBHD,LOT_00999,COL_0031,REC_006,TXN_00727,854321,cd1f354ef4048407ae6f0cdb30d5f9ee7dc899a21773692d4f89abd5cc4e0e94,3,5bde90bdaa15|100ac33f0a8a|4cc78d17f58c,80.34,78.79,19.03367845774293,72.79777061196863,Mumbai Suburban,2025-09-21T20:36:00.000Z,2025-09-21T23:57:00.000Z,confirmed,reported_to_epr
HO-BRZY-WPA6,LOT_01000,COL_0004,REC_001,TXN_00728,610361,5a9a203657bc08f6280325319c4f4aeb43c0cd8d68cecbbc4779658619581c39,2,800d5014ea67|e1a046c0cbf9,9.07,9.6,18.486481618070602,73.82617345626355,Pune,2026-07-22T01:17:00.000Z,,pending,
HO-ARGW-TPRK,LOT_01002,COL_0006,REC_008,TXN_00729,145340,8ca6fecfda7fbec5f626b7a20b85da21def2785c50f4b6e3afdc2b2eeceef760,3,c2227e613c6f|260e9909f81e|3166e0a6f8a5,6.56,6.36,19.13597666629255,72.88983899966328,Mumbai Suburban,2026-06-29T10:36:00.000Z,2026-06-29T13:09:00.000Z,confirmed,sorted
HO-MHEV-JVDD,LOT_01003,COL_0045,REC_021,TXN_00730,959639,1cfd14c7367bfe84fa57f06ba58c7bae1b9bd3272ab6b40924bae30ccd55f4cd,1,6557ef5e0732,2.5,2.25,12.939527776500583,77.56573499885053,Bengaluru Urban,2026-03-03T10:26:00.000Z,2026-03-03T13:41:00.000Z,confirmed,reported_to_epr
HO-MJW9-035G,LOT_01004,COL_0027,REC_012,TXN_00731,024653,4a59791d1599b7f02c609c2ce3ec0d609a601fc841fb99b9b15c260da3559b05,1,8e5bef1c520b,35.06,33.21,19.959777436479925,73.75584969283193,Nashik,2026-02-11T11:22:00.000Z,2026-02-11T12:33:00.000Z,confirmed,received
HO-0CGY-AT26,LOT_01006,COL_0021,REC_005,TXN_00732,467057,3a46bb8623f58e141280e8b543b99e767233bc360971c2b2bb96e3570fb1ac7c,4,51094bee9b76|eeeb5ad4e032|c9e5917045e7|9356e84b830d,60.65,59.59,18.489540040129423,73.82892603611648,Pune,2026-03-29T04:16:00.000Z,,pending,
HO-HAY2-8VW3,LOT_01007,COL_0029,REC_007,TXN_00733,398516,723f2cdec2a5ba72ab83ac7dfb7c19b7d45f54946fd577f5f9d801c442979c75,2,2a31df2d085f|55a70dd7d6b1,23.03,23.22,19.195889419919254,72.94376047792733,Mumbai Suburban,2026-02-24T12:29:00.000Z,2026-02-24T13:55:00.000Z,confirmed,processed
HO-J1E3-V4AQ,LOT_01008,COL_0040,REC_007,TXN_00734,358255,f6fac6d05179468d56802ec3ee9af464d61fa89633dd766a0cc58122633e2a78,1,386de1d11fd2,38.69,38.56,19.195889419919254,72.94376047792733,Mumbai Suburban,2025-11-11T12:51:00.000Z,2025-11-11T16:12:00.000Z,confirmed,processed
HO-Y82G-5P8W,LOT_01009,COL_0046,REC_005,TXN_00735,153018,f2e5ad1d797fa7176c9c113ad71354a755bd95b2538635a0f244be426fe42772,2,cdb74bf3d604|8c04398953f1,10.43,10.45,18.489540040129423,73.82892603611648,Pune,2025-09-20T10:27:00.000Z,2025-09-20T12:14:00.000Z,confirmed,received
HO-CF7X-N2PK,LOT_01011,COL_0045,REC_020,TXN_00736,311756,d7389e69ee0116ce39cbc9e9b7741a64f9fd3d959dd9c0ba61f302bb167a6437,3,387509165a95|d9c7f3861b60|9df55d111aef,50.15,50.16,13.029597338622809,77.64679760476052,Bengaluru Urban,2026-02-03T19:41:00.000Z,2026-02-03T20:56:00.000Z,confirmed,received
HO-XCDC-AXET,LOT_01012,COL_0036,REC_008,TXN_00737,411539,fbc2730969230d061fb04be77022bee6785f6f8a525c7b4cc0ed5b5bf7ed4658,1,4995e00eb7dd,0.45,0.44,19.13597666629255,72.88983899966328,Mumbai Suburban,2025-09-19T17:10:00.000Z,2025-09-19T19:21:00.000Z,confirmed,sorted
HO-7JJ3-6ZB4,LOT_01013,COL_0014,REC_001,TXN_00738,825177,63053e65b9f9d9b6d133626bb248c6b20d8dd22d0eb5763c16a97b8ffb4f5397,3,1d1e43515b46|9cc64ff24760|1a9608d5ea61,74.94,75.33,18.486481618070602,73.82617345626355,Pune,2026-06-18T10:20:00.000Z,2026-06-18T13:28:00.000Z,confirmed,sorted
HO-GMV8-T8R5,LOT_01014,COL_0005,REC_014,TXN_00739,680777,9187e8e4a2c82dfb63662386fd8c4d620d87c57e7c943f3a44a36b73673709f4,2,fb53ba40bb48|ee17bfa74b37,52.06,54.7,21.207097198012473,79.14336747821122,Nagpur,2026-07-23T10:31:00.000Z,2026-07-23T11:16:00.000Z,confirmed,processed
HO-PFNG-Y2G4,LOT_01015,COL_0023,REC_019,TXN_00740,095710,3da293d2b4acf42c5b3c8b79534e96621ae013ba5d576f4a27dd6ceef6b06ae9,1,e1b220485dbf,43.98,44.27,28.5746101020962,77.17363909188659,New Delhi,2026-03-08T07:18:00.000Z,2026-03-08T08:27:00.000Z,confirmed,sorted
HO-YFD6-3S5M,LOT_01017,COL_0033,REC_010,TXN_00741,332888,a1f73364b0d625c0e47455fc9debcc537994bec3b8b245c314ac1faf04b988b0,1,35937f306a87,5.87,5.86,19.083108686077594,72.85642781746984,Thane,2026-04-10T01:18:00.000Z,2026-04-10T03:31:00.000Z,confirmed,sorted
HO-D95P-MP31,LOT_01018,COL_0038,REC_012,TXN_00742,801162,6bf64ecda77dce7f4becb0afe7dcc81d92354f5303dc0527e8517c421ae8bcfa,1,cb83572c561e,33.94,32.34,19.959777436479925,73.75584969283193,Nashik,2025-10-22T07:38:00.000Z,2025-10-22T09:30:00.000Z,confirmed,received
HO-GK9J-636D,LOT_01020,COL_0058,REC_019,TXN_00743,722730,76a35bbb50ee5f271901ec855ba85f4f9ad19a890f6c7c6efe73d117733ef62d,2,547c0409a406|0f3f3eeefb59,44.36,47.11,28.5746101020962,77.17363909188659,New Delhi,2026-04-18T06:57:00.000Z,2026-04-18T10:12:00.000Z,confirmed,received
HO-39E8-DJY7,LOT_01021,COL_0037,REC_005,TXN_00744,654348,47abd2582dd251b54706a994892d7b0d96a8a6415caf453ee9ff7ba9f49a648f,2,f25d65847e10|a832e9be7f50,9.55,9.3,18.489540040129423,73.82892603611648,Pune,2025-09-23T08:38:00.000Z,2025-09-23T12:30:00.000Z,confirmed,sorted
HO-RFH7-K429,LOT_01022,COL_0058,REC_019,TXN_00745,803834,081baa91ecf011d0bf98455605c2ee542c5396c17e5ee8369f1e1863f6ff5dff,1,8274e203628f,7.81,7.81,28.5746101020962,77.17363909188659,New Delhi,2026-02-10T04:44:00.000Z,2026-02-10T05:53:00.000Z,confirmed,sorted
HO-CD68-SVDP,LOT_01023,COL_0053,REC_013,TXN_00746,653228,1914d1e31ebc58732b7ab3ff23dd39fd7d7e16e7538a302e45137ac9d5088ad2,2,3a6bf7868d1e|8082944cf051,6.68,6.55,20.144208687990904,73.92183781919181,Nashik,2026-05-20T22:30:00.000Z,2026-05-20T23:34:00.000Z,confirmed,processed
HO-FRTG-HDPK,LOT_01027,COL_0010,REC_004,TXN_00747,538520,323b89439174e3cb18fcb9587dd93e6f1206f48e315dc5abadb7c485348ca99e,4,ef701b8ae5f7|18f948e0b2e7|6e8a66e0de2d|421197803e0c,117.08,116.92,18.47728938193023,73.81790044373722,Pune,2025-09-24T18:33:00.000Z,2025-09-24T22:08:00.000Z,confirmed,reported_to_epr
HO-ANP8-3C3K,LOT_01028,COL_0001,REC_012,TXN_00748,958019,911c238864c3696aef1857d79294c6b6d619434b38eec3e803ef6f607d8a669f,2,c1f3c7848d17|7f6d158f7ed8,25.94,26.89,19.959777436479925,73.75584969283193,Nashik,2026-05-05T16:59:00.000Z,2026-05-05T20:45:00.000Z,confirmed,reported_to_epr
HO-88FE-Y5Q3,LOT_01029,COL_0018,REC_008,TXN_00749,410196,cc1366238554c427f44cea25b90a2f7edd8f9eabfd3b53b81275f1c99f7e2962,1,98348a347ea4,0.25,0.25,19.13597666629255,72.88983899966328,Mumbai Suburban,2026-03-27T03:29:00.000Z,2026-03-27T05:45:00.000Z,confirmed,received
HO-W2JD-7DHN,LOT_01031,COL_0031,REC_007,TXN_00750,544467,3595b577b8662d9681b3f7b0975f61c67c439b4bca5db5c1b826fc0ae59301bc,1,baecb03269d8,38.23,39.76,19.195889419919254,72.94376047792733,Mumbai Suburban,2025-12-25T17:50:00.000Z,2025-12-25T19:24:00.000Z,confirmed,processed
HO-Z18M-5KYR,LOT_01032,COL_0022,REC_007,TXN_00751,067510,e634d5746f94c548f6d91ca2452b01e16d21a10270643f4b895a3576eebfbf3f,2,7c4d763b718d|e89c65f14e74,44.97,44.57,19.195889419919254,72.94376047792733,Mumbai Suburban,2026-05-02T00:33:00.000Z,2026-05-02T02:45:00.000Z,confirmed,reported_to_epr
HO-67VC-ZXY5,LOT_01035,COL_0028,REC_007,TXN_00752,135979,ba1350df94983a0c1adc5f7e3ad18d7baa50b99041497ed0c99bf41432d8c446,2,b3dadaa2e421|7960fbff1427,22.47,21.89,19.195889419919254,72.94376047792733,Mumbai Suburban,2026-03-22T13:07:00.000Z,2026-03-22T14:19:00.000Z,confirmed,processed
HO-E8ZA-E5YS,LOT_01036,COL_0025,REC_003,TXN_00753,115616,8b311917cc4cfb6d2978a332a206628bb23ffd62d8f452cb4d588492ab991b86,2,e19f3d24b711|c79589ecc875,43.26,41.73,18.591669234344362,73.92084231090993,Pune,2026-05-04T17:50:00.000Z,2026-05-04T18:21:00.000Z,confirmed,sorted
HO-P4W5-0R3X,LOT_01037,COL_0016,REC_008,TXN_00754,805268,2953115294c343eac4985f39606cb242c0db9dfe23d22ed3d18062b2cb302eb3,3,89223180f979|b206f83b8514|b62b0c9e39bc,32.49,32.95,19.13597666629255,72.88983899966328,Mumbai Suburban,2025-10-11T10:23:00.000Z,2025-10-11T11:18:00.000Z,confirmed,sorted
HO-NCEM-0045,LOT_01038,COL_0041,REC_020,TXN_00755,348655,0011163dd72cbb844d11dc8d923c7c8abeec3aaf20bc72ab49941ca4d59c7c56,3,7224870e0549|41d206806e08|fbbf191d7fdf,66.1,66.67,13.029597338622809,77.64679760476052,Bengaluru Urban,2026-01-04T01:15:00.000Z,2026-01-04T01:20:00.000Z,confirmed,reported_to_epr
HO-SYK6-RX9Y,LOT_01039,COL_0008,REC_013,TXN_00756,737450,4b039aeb42bd96cfd5122730bf0919acf78a4d2b1a236c76e8f01b53f6b1f60b,1,994a5fcf5c33,5.11,5.07,20.144208687990904,73.92183781919181,Nashik,2026-06-25T06:54:00.000Z,2026-06-25T10:07:00.000Z,confirmed,reported_to_epr
HO-G5ZN-BX3E,LOT_01040,COL_0012,REC_004,TXN_00757,277340,8a8f584887d6db61f469e9c70d5b6e559e418ccdded57384a2a83e93f6dfa769,2,a18aa3d4d8f8|bb4be4bfad92,62.54,63.63,18.47728938193023,73.81790044373722,Pune,2025-10-23T06:53:00.000Z,2025-10-23T07:41:00.000Z,confirmed,processed
HO-C2BC-844D,LOT_01041,COL_0002,REC_008,TXN_00758,304274,f0a1530089755dc887e005cac630fadeef2d346750d30ac6fa94498e8a688e48,3,06a455645bbe,46.8,45.8,19.13597666629255,72.88983899966328,Mumbai Suburban,2025-12-28T01:27:00.000Z,2025-12-28T03:42:00.000Z,confirmed,reported_to_epr
HO-DSS8-GEF7,LOT_01043,COL_0002,REC_007,TXN_00759,674096,f6fede404ccf002815c7f4c99c0742c5bcac0208cccf761b567370dad823df9d,4,967bd0735068|498ec4b3987b|006fd480b858|6d254b53298a,53.32,53.07,19.195889419919254,72.94376047792733,Mumbai Suburban,2026-02-25T21:05:00.000Z,2026-02-25T21:25:00.000Z,confirmed,sorted
HO-V1PY-2GP2,LOT_01044,COL_0027,REC_013,TXN_00760,901312,8c8dfdb707f061213aefea4a9c34446e6e240bfcf73df78b05795ae660d32cd8,3,383c4125c427|122ad2f5c1ca|665c9c2453bc,64.49,60.79,20.144208687990904,73.92183781919181,Nashik,2026-01-17T09:10:00.000Z,2026-01-17T10:25:00.000Z,confirmed,processed
HO-2BTQ-D0MB,LOT_01047,COL_0008,REC_012,TXN_00761,485886,b72d6e9d37321f1f1e6c277525eeba60a63234958056d271fe37342b92fe2b69,4,49d8ceedfe5e|0a4dd90c7b08|f2a4dca54240|af3b9eded78c,54.62,55.54,19.959777436479925,73.75584969283193,Nashik,2025-12-31T15:10:00.000Z,2025-12-31T17:56:00.000Z,confirmed,sorted
HO-VPF9-51VX,LOT_01048,COL_0007,REC_010,TXN_00762,812119,7ba98530e473a029576d752d4ac6500b92a1e13880eab71376e27f45867c5b35,1,20b879e3ee27,26.82,26.91,19.083108686077594,72.85642781746984,Thane,2025-12-08T05:56:00.000Z,2025-12-08T07:26:00.000Z,confirmed,sorted
HO-5432-HQND,LOT_01051,COL_0039,REC_011,TXN_00763,361749,ea4cc0820ef46d2d0b401c9f4ccafebb70ec016395f455b3456a98ca55572f32,3,9ed508180312|62e87c06c63a|58fbb8d44775,75.72,75.51,19.102753954026102,72.87410855862349,Thane,2026-07-28T09:23:00.000Z,2026-07-28T10:51:00.000Z,confirmed,sorted
HO-K66M-Q590,LOT_01052,COL_0008,REC_012,TXN_00764,865398,cbb8a5a24831529dca2d3c8c038ac1778b59538525d555471c08de5439debfd4,3,ad642fafa7d8|dc5afefe4bc0|53c7ef2683fd,18.1,17.8,19.959777436479925,73.75584969283193,Nashik,2026-01-12T05:33:00.000Z,2026-01-12T05:49:00.000Z,confirmed,received
HO-VPQD-AY7F,LOT_01053,COL_0010,REC_002,TXN_00765,847336,2139eb87c9c474aa63874b143f54c2a194733c2f49075d365709d071335db0c7,3,ae70a6cb294c|ca0ebf786e82|50680123ed22,176.13,176.96,18.50604963646233,73.8437846728161,Pune,2026-04-16T16:15:00.000Z,2026-04-16T17:00:00.000Z,confirmed,processed
HO-NXF5-3C5Z,LOT_01054,COL_0053,REC_013,TXN_00766,584994,f2f31690212f3b8b20023584a5d94b44fb465dff4015587fc52c17d0b4629334,1,f7bb53493524,3.77,3.61,20.144208687990904,73.92183781919181,Nashik,2025-12-04T12:02:00.000Z,2025-12-04T13:29:00.000Z,confirmed,reported_to_epr
HO-KDZ6-55RG,LOT_01055,COL_0032,REC_007,TXN_00767,583152,5dc113a0d72eab7b27967dd716cd4c73723002b8b4b4f0c426eb44606e42938d,3,87cdb59c492d|07d88b5f1b61|cb76657089af,41.52,40.41,19.195889419919254,72.94376047792733,Mumbai Suburban,2026-01-11T19:58:00.000Z,2026-01-11T23:11:00.000Z,confirmed,received
HO-Q1FE-GE16,LOT_01057,COL_0030,REC_013,TXN_00768,120286,6853acf29e8572ba2918ee828e17c3a9bf21831f344d620348f118fe87df9fd7,1,77c0d39cc3c9,23.58,23.55,20.144208687990904,73.92183781919181,Nashik,2026-02-27T08:37:00.000Z,2026-02-27T12:16:00.000Z,confirmed,processed
HO-BCB5-315C,LOT_01058,COL_0038,REC_013,TXN_00769,019413,c7f3134978ae5d5e435c4045c52fbd05cbbc386361d7eb7fc95e5739ec7a3e02,2,f66d7e156d27|375561537510,35.8,35.85,20.144208687990904,73.92183781919181,Nashik,2026-04-24T10:57:00.000Z,2026-04-24T13:54:00.000Z,confirmed,sorted
HO-386F-88KY,LOT_01059,COL_0006,REC_007,TXN_00770,053273,08ec90e36f1b9a7cd2c9735969417e22c4b1389287dd2b1b7d847053015abf82,2,24c6d3ccf34c|d273b76c95bd,32.25,32.4,19.195889419919254,72.94376047792733,Mumbai Suburban,2025-12-03T19:46:00.000Z,2025-12-03T23:21:00.000Z,confirmed,reported_to_epr
HO-THG4-XW9T,LOT_01060,COL_0016,REC_007,TXN_00771,056550,ee64681b88d1de84481e8e8867fa0e6dd8d57a9ac86d8e313c87f7ee303bb30f,2,5624b624dc81|de44bac29aed,54.81,54.98,19.195889419919254,72.94376047792733,Mumbai Suburban,2025-12-03T21:38:00.000Z,2025-12-04T01:20:00.000Z,confirmed,sorted
HO-8XXM-T7M7,LOT_01062,COL_0010,REC_001,TXN_00772,594866,c82d974b1d2a4b87125c9a60d01b59aaa22286edc9b62fcdc92b233716568f80,3,3bda0c49817e|4c177aee5cc4|bcaf3b211e40,50.3,48.2,18.486481618070602,73.82617345626355,Pune,2026-05-11T17:38:00.000Z,2026-05-11T19:05:00.000Z,confirmed,received
HO-GSG7-9ER6,LOT_01063,COL_0003,REC_005,TXN_00773,561180,88dd872d2604354da854604c3588532e1606e0edeb9a603918fa9a79365f1a48,4,4dfcd2481117,103.52,104.26,18.489540040129423,73.82892603611648,Pune,2025-12-11T01:37:00.000Z,2025-12-11T05:23:00.000Z,confirmed,sorted
HO-42YZ-6Q8D,LOT_01064,COL_0054,REC_005,TXN_00774,263068,ba055cfdefefdfd6ba26380dce6225082a20d201b19f7a24cd012eb94ec72a53,2,34fcad5c82ad|4fb362636b8c,73.65,76.33,18.489540040129423,73.82892603611648,Pune,2026-04-22T17:47:00.000Z,,pending,
HO-WH99-J78M,LOT_01065,COL_0044,REC_002,TXN_00775,278226,02e472d02944e78ee6f5cb1a899b80fc554aa7ec766f259f5f0f95140b495761,3,1e6bfcb327f8|57d2f42ab62e|60aee83b1f25,63.76,66.14,18.50604963646233,73.8437846728161,Pune,2026-01-10T16:05:00.000Z,2026-01-10T19:14:00.000Z,confirmed,processed
HO-W6V9-MJFW,LOT_01066,COL_0051,REC_008,TXN_00776,046512,fd5e605d76f84a4fe989b80540b5ce6d1ffded48a8329f6bc873e9efadc218e8,2,494d299e8368|a17025f2362a,25.92,24.76,19.13597666629255,72.88983899966328,Mumbai Suburban,2026-01-14T11:12:00.000Z,2026-01-14T13:53:00.000Z,confirmed,sorted
HO-7CTD-3J5Q,LOT_01067,COL_0001,REC_012,TXN_00777,234845,f57ec3f0d7be950707f74afd8cad0d995ae78a39f2875c4935e9a4c041b2d899,1,80fe09499366,33.88,33.32,19.959777436479925,73.75584969283193,Nashik,2026-06-06T01:19:00.000Z,2026-06-06T01:29:00.000Z,confirmed,sorted
HO-ZZYS-H2EB,LOT_01068,COL_0038,REC_013,TXN_00778,646779,1a3487aebbc025d36484c164a94aca46b7f94bcc004fcbe5f13024f2bf178bc8,1,fd9cc05e251c,156.97,152.65,20.144208687990904,73.92183781919181,Nashik,2026-01-26T12:48:00.000Z,2026-01-26T13:50:00.000Z,confirmed,processed
HO-KPAH-XZY2,LOT_01069,COL_0010,REC_003,TXN_00779,816049,c56aaded3b5e9f3b2f8b81cfd9dcfac6fdd690cd9657b8e814beaf7c3ea12057,1,0b5e96e547f4,7.31,7.4,18.591669234344362,73.92084231090993,Pune,2026-07-01T05:39:00.000Z,2026-07-01T09:28:00.000Z,confirmed,sorted
HO-WNY4-CR2B,LOT_01070,COL_0054,REC_003,TXN_00780,616174,0f936ee9c7bde9eb4373d0232e73bb7915184ed853f18ecb01f2d4fef9e0c6be,4,fa9e2b4e24f7|910bc0d953e6|708d27db83ee|f22e1eed87b9,36.53,37.19,18.591669234344362,73.92084231090993,Pune,2025-11-28T01:29:00.000Z,2025-11-28T02:57:00.000Z,confirmed,reported_to_epr
HO-0ATS-ZP0C,LOT_01072,COL_0007,REC_010,TXN_00781,946282,e65123a2ddd77170ce07ada72a156f0d9a03acce9afe4c774c673943cb8dc828,3,1b4cd77fcab3|a9aa3641cc04|bac744aaa714,199.16,199.2,19.083108686077594,72.85642781746984,Thane,2026-03-18T04:02:00.000Z,2026-03-18T05:05:00.000Z,confirmed,processed
HO-2BXM-4HD5,LOT_01073,COL_0056,REC_008,TXN_00782,230770,c2feaf40ceedef9424d38b9699ed83994f0e1e54f4dff24db352234de2330286,2,b67332b7c61e|1795f74fd4cb,4.75,4.93,19.13597666629255,72.88983899966328,Mumbai Suburban,2025-12-25T23:59:00.000Z,2025-12-26T03:54:00.000Z,confirmed,received
HO-CWA9-64N0,LOT_01075,COL_0019,REC_011,TXN_00783,561881,28ec5e43db64c3ad4e0b892495b79b290c05208217a8ceced16dd18263123b41,1,6192b4f6814e,3.06,3.09,19.102753954026102,72.87410855862349,Thane,2026-06-02T02:22:00.000Z,2026-06-02T03:47:00.000Z,confirmed,received
HO-TBXC-FZW0,LOT_01076,COL_0007,REC_010,TXN_00784,088554,7a60c9833206f470e1e85e5b9c5cc02f7eb52926a923bae49b385f8b90104a5e,1,a469cd219275,32.09,31.89,19.083108686077594,72.85642781746984,Thane,2025-11-17T22:01:00.000Z,2025-11-17T22:22:00.000Z,confirmed,received
HO-1C4G-KEVZ,LOT_01077,COL_0012,REC_002,TXN_00785,652541,cc4308ac7aa4525239a6cb37281fdb2b325f8a6dbcd9c08ff092eb002fcf6c1c,2,ed07bb8fc9ec|4da1e7c104fa,21.73,22,18.50604963646233,73.8437846728161,Pune,2025-11-04T09:26:00.000Z,2025-11-04T12:35:00.000Z,confirmed,received
HO-KW3N-PRGS,LOT_01078,COL_0008,REC_012,TXN_00786,978635,086a9347d116f1e221b508c86e6d388a5798d8ccb8750d04b1a100578a6ee73b,1,fd5cf435b5c6,28.69,30.22,19.959777436479925,73.75584969283193,Nashik,2026-01-30T13:18:00.000Z,2026-01-30T13:39:00.000Z,confirmed,reported_to_epr
HO-BN0D-9XAP,LOT_01080,COL_0043,REC_003,TXN_00787,958714,2b773712fec3848b0be2cf2542b1b7224cf41326cf32d4b2eef317dca26580a9,3,ac7424fda867|6753462cf218|8c0458e784ed,36.26,35.13,18.591669234344362,73.92084231090993,Pune,2025-09-05T21:50:00.000Z,2025-09-06T01:30:00.000Z,confirmed,processed
HO-XWMB-98DC,LOT_01081,COL_0035,REC_008,TXN_00788,044691,c49455a3e93ae431a93b23c9684c4334afc9a691c411bf6448d892f5b8c7a521,3,48fb270dc443|285949a176f6|cb64d9e0e7b5,3.71,3.84,19.13597666629255,72.88983899966328,Mumbai Suburban,2026-01-16T19:57:00.000Z,2026-01-16T23:55:00.000Z,confirmed,received
HO-AMQD-MG3B,LOT_01083,COL_0028,REC_007,TXN_00789,875036,e3907872356acb303ece1e5321e87aecb1aa2ed3234d2fb11dcfe250419d52e8,2,b50c64caac45|92330a5e2111,25.55,25.66,19.195889419919254,72.94376047792733,Mumbai Suburban,2026-02-27T00:38:00.000Z,2026-02-27T01:17:00.000Z,confirmed,sorted
HO-E64R-CTV9,LOT_01085,COL_0031,REC_007,TXN_00790,208678,491e2beebc780313a233167ae04011bb7fc48b3d36154ae9f94329ae329a6df0,2,0a754d943068|986467ec3fcb,23.68,23.49,19.195889419919254,72.94376047792733,Mumbai Suburban,2025-12-11T08:57:00.000Z,2025-12-11T12:54:00.000Z,confirmed,reported_to_epr
HO-MNPD-KP08,LOT_01087,COL_0016,REC_008,TXN_00791,514744,28c05e3e7148ddcb2a041b321a8fb564d3ad08655767c4aa6495ee08859641d0,4,4fffc1d4aac5|67cac93f4a69|7323e616cf31|f5b72946fab0,35.94,36.18,19.13597666629255,72.88983899966328,Mumbai Suburban,2026-03-16T20:36:00.000Z,2026-03-16T21:32:00.000Z,confirmed,processed
HO-HQN0-SKPT,LOT_01088,COL_0051,REC_008,TXN_00792,003640,43835c7b84ae656abc3423453663de5f2e12cbe5a05451e6dc5e9547b08e1f9e,3,a3510225af75|e8e167ee9077|91bd011fb785,29.84,30.2,19.13597666629255,72.88983899966328,Mumbai Suburban,2026-05-21T04:30:00.000Z,2026-05-21T08:11:00.000Z,confirmed,received
HO-ST90-1RJZ,LOT_01089,COL_0056,REC_007,TXN_00793,444019,658bb2f045ced53f0006469e56cd2f6e66a66f46dde88db9251072e694076dc0,3,6200b36a3c8a|fc2be9acc676|55d223359691,71.13,73.23,19.195889419919254,72.94376047792733,Mumbai Suburban,2025-09-27T19:30:00.000Z,2025-09-27T22:20:00.000Z,confirmed,received
HO-135Z-MJP0,LOT_01090,COL_0010,REC_001,TXN_00794,913081,4653f4a753458c04fb44777c588376909c8a168d44bfe70beaf39fd39fe12021,2,5883abeb8bcb|2f673cee9ab4,27.4,27.62,18.486481618070602,73.82617345626355,Pune,2025-11-10T23:40:00.000Z,2025-11-11T01:16:00.000Z,confirmed,processed
HO-92GH-JSXF,LOT_01092,COL_0029,REC_007,TXN_00795,749599,52cedbae614bbd15643dce12bf1c772d5df7fd46b90a4fc9cdf67dcdecb20ad1,3,8e4b8ae3a357|ed1e4ae76633|eec3b7a96e8b,85.92,87.75,19.195889419919254,72.94376047792733,Mumbai Suburban,2025-09-18T12:01:00.000Z,2025-09-18T14:42:00.000Z,confirmed,reported_to_epr
HO-NWWR-DG0D,LOT_01093,COL_0008,REC_013,TXN_00796,989993,b1626ad1d7e1443948f360b412e8a7e3940ec5720b8cc6857cd08807eb2dc32c,3,5d7f4d2d19c3|1ede67ad157f|fffefe9b86be,244.94,255.58,20.144208687990904,73.92183781919181,Nashik,2025-12-11T09:21:00.000Z,2025-12-11T09:22:00.000Z,confirmed,processed
HO-KNNS-2MA5,LOT_01094,COL_0027,REC_013,TXN_00797,705502,dba1f535625ebc33511e84f07d17609901e89a11896c99f030a93892a152a99e,2,2764686cece0|4fa60f364f1f,2.4,2.34,20.144208687990904,73.92183781919181,Nashik,2026-07-22T13:41:00.000Z,2026-07-22T14:23:00.000Z,confirmed,received
HO-BZVE-5ZG3,LOT_01095,COL_0030,REC_012,TXN_00798,512688,3c94551c8a71440c6952d58dd9d117f6f03b0164a7c916c69b122b755567335b,4,032246bb35bf|f05a152a9d96|90e0f9646b56|d87ef2e3b6a0,26.31,25.97,19.959777436479925,73.75584969283193,Nashik,2026-03-11T02:21:00.000Z,2026-03-11T04:16:00.000Z,confirmed,received
HO-M2ST-0WRR,LOT_01096,COL_0007,REC_010,TXN_00799,466511,3f907e5a3ae92d3e1d81ee2ae9a9cf19f0b50bd709d61cf83bc99afb3648dc70,2,cf46064e0e48|18b3dfbfa2ba,44.03,43.64,19.083108686077594,72.85642781746984,Thane,2026-03-18T17:43:00.000Z,2026-03-18T17:57:00.000Z,confirmed,sorted
HO-YA71-S729,LOT_01097,COL_0027,REC_012,TXN_00800,393128,5afbd57d3dca23a2948614546faeba9243b39223f1cc4689347f5eada9ca0d5d,2,d0f374e05a4a|336d73e163df,150.47,153.26,19.959777436479925,73.75584969283193,Nashik,2025-09-05T02:55:00.000Z,2025-09-05T04:17:00.000Z,confirmed,sorted
HO-3101-YZX4,LOT_01098,COL_0051,REC_007,TXN_00801,145803,1382cea4140fb6c8fa83852934042410da5f11d82309c1171bcca92112ecb734,3,c543e80f022d|fd3c7f5a3621|72644e6a2839,23.5,24.05,19.195889419919254,72.94376047792733,Mumbai Suburban,2026-01-16T04:16:00.000Z,2026-01-16T07:00:00.000Z,confirmed,reported_to_epr
HO-CK5N-4MCN,LOT_01099,COL_0004,REC_005,TXN_00802,075704,ebe73ef5a10df160f57ce9393b3baaccca4a03ceee8a717f62474e5cb9616ee7,2,9c4726b4f5fe|f53f707fe0e3,76.57,76.03,18.489540040129423,73.82892603611648,Pune,2025-12-16T08:09:00.000Z,2025-12-16T11:05:00.000Z,confirmed,processed
HO-Y2X2-6V9K,LOT_01100,COL_0055,REC_007,TXN_00803,492753,fd0a36954abc0e60094772d20a016b6be2e447053dc10fcdb4ff56dbb8e4aa4c,3,8d78fe6feb0a|2ef9f2b013fb|75855e181605,28.38,28.94,19.195889419919254,72.94376047792733,Mumbai Suburban,2026-03-21T04:04:00.000Z,2026-03-21T07:20:00.000Z,confirmed,processed
HO-FVPQ-GTNQ,LOT_01101,COL_0056,REC_008,TXN_00804,806339,445f66a2c901cc6fc5ae5eff37610eae07517ad52ab8c4e4ac29945555c7c722,2,f9a422a791e4|a46d7fa891b2,40.5,40.81,19.13597666629255,72.88983899966328,Mumbai Suburban,2026-08-23T07:12:00.000Z,2026-08-23T09:27:00.000Z,confirmed,reported_to_epr
HO-4B06-MKGM,LOT_01103,COL_0009,REC_012,TXN_00805,557783,6ad1007abef86df04f61cf240285f9dd9229268e978fee7bf953ec84ef0e234c,1,9c569ed63eff,27.95,26.84,19.959777436479925,73.75584969283193,Nashik,2026-06-24T11:49:00.000Z,2026-06-24T15:48:00.000Z,confirmed,sorted
HO-GZ3B-PPN7,LOT_01105,COL_0041,REC_021,TXN_00806,674413,0c4b413619ddcd2f5cd4f201f57d4309ef68d665ec24a94a402a1d059f8426a8,3,16ca1af2b61d|2316daba3085|f9996a0ed6dc,29.53,31.12,12.939527776500583,77.56573499885053,Bengaluru Urban,2025-11-27T12:36:00.000Z,2025-11-27T13:12:00.000Z,confirmed,sorted
HO-41EE-T6DF,LOT_01106,COL_0008,REC_013,TXN_00807,175207,e66831a14cf3c4075360a1845e866bf4198d38a55f5fd49a0173ec70bcedd125,2,421ef1c2fdb1|facc9324dd32,41.03,42.84,20.144208687990904,73.92183781919181,Nashik,2025-10-06T19:27:00.000Z,2025-10-06T22:38:00.000Z,confirmed,processed
HO-DXC6-HZSS,LOT_01108,COL_0002,REC_008,TXN_00808,497075,9122bcaf2fa82ec4092625e87ac5c05bd03e559363247a7a21d04afd76636f9e,2,93fce3cfdced|0f182d738957,38.75,39.5,19.13597666629255,72.88983899966328,Mumbai Suburban,2026-02-26T10:29:00.000Z,2026-02-26T13:31:00.000Z,confirmed,processed
HO-H5ZA-2RRM,LOT_01111,COL_0032,REC_008,TXN_00809,915016,fdbdf5ecfdcb79fe83aa026ecd3f2996ad3d4cc71da1d38522bbc5fbca56b327,3,d6cf57c1c019|46632f156c7a|9d23c020ddd0,31.44,31,19.13597666629255,72.88983899966328,Mumbai Suburban,2026-08-16T10:08:00.000Z,2026-08-16T12:44:00.000Z,confirmed,processed
HO-GD03-9HEJ,LOT_01112,COL_0035,REC_008,TXN_00810,546285,72520cef51bbc8e1743594ffe70ae8256f680895abd293a030d48d5d12e42b73,2,86c0bf8ef483|2c825a3863cd,38.13,38.93,19.13597666629255,72.88983899966328,Mumbai Suburban,2026-02-08T16:17:00.000Z,2026-02-08T17:00:00.000Z,confirmed,reported_to_epr
HO-7SH0-FN1F,LOT_01113,COL_0043,REC_005,TXN_00811,060731,43c7b26facc2543c8de569bb696e590856a08a9f1ad32769d4fa17ad16078952,2,b30e300a7685|99a0f70b88a6,41.57,43.15,18.489540040129423,73.82892603611648,Pune,2026-02-01T19:35:00.000Z,2026-02-01T19:56:00.000Z,confirmed,sorted
HO-F5A8-290P,LOT_01114,COL_0025,REC_002,TXN_00812,456051,cdc466adba3c4e5a8cabab9948dcdb27cfc55d1ef36a6659d9ee37dc0cf4da15,1,51ae26cdc5eb,42.86,42.06,18.50604963646233,73.8437846728161,Pune,2026-04-22T04:15:00.000Z,,pending,
HO-JSE9-QZ93,LOT_01115,COL_0010,REC_004,TXN_00813,630120,34b9c05d3e6ab8aee9c5395d93c29fbfee9dcf591be5a9ba054b57b35e35576d,1,962da2447a03,40.51,40.01,18.47728938193023,73.81790044373722,Pune,2026-01-13T19:15:00.000Z,2026-01-13T21:26:00.000Z,confirmed,received
HO-MFHE-J64G,LOT_01116,COL_0051,REC_007,TXN_00814,114784,83a7c149c576fcb3769d3487ce6e51351d14cea0995762c28b574506fc45fccf,1,ca1af36e987e,3.41,3.34,19.195889419919254,72.94376047792733,Mumbai Suburban,2026-01-27T04:49:00.000Z,,pending,
HO-1639-W352,LOT_01117,COL_0011,REC_014,TXN_00815,979277,7834021eda2bd554663bc7032b8152eb745cd30f3ea031dfd4b3830e7b424da5,1,63ceb4f059bb,37.17,36.18,21.207097198012473,79.14336747821122,Nagpur,2026-05-04T03:37:00.000Z,2026-05-04T06:52:00.000Z,confirmed,processed
HO-YKZG-PPB0,LOT_01118,COL_0003,REC_003,TXN_00816,372044,722176a6c6dfb4c771c51c85a872be392f2787b937d6c9bf7bb636699ce78a2d,1,bb6af61a980a,5.71,5.77,18.591669234344362,73.92084231090993,Pune,2026-05-07T20:02:00.000Z,2026-05-07T22:50:00.000Z,confirmed,reported_to_epr
HO-M071-17TA,LOT_01119,COL_0034,REC_003,TXN_00817,614174,85d39d6869d33d40f841728f234bede958c5fe7ac94d83009b7e3f07868365a3,2,261469f9ab6c|dad6f7d6a281,48.82,50.07,18.591669234344362,73.92084231090993,Pune,2026-02-13T07:47:00.000Z,2026-02-13T09:12:00.000Z,confirmed,received
HO-S585-803Y,LOT_01121,COL_0045,REC_021,TXN_00818,398400,ac13a66e51a8f6770089bd4e090bee7c794e3273b5f25295141379562995e14b,1,3868cc6c7a3b,0.21,0.21,12.939527776500583,77.56573499885053,Bengaluru Urban,2026-04-12T05:12:00.000Z,2026-04-12T08:44:00.000Z,confirmed,processed
HO-DJJH-YSZ1,LOT_01123,COL_0027,REC_013,TXN_00819,813937,ccb51fae4849e5a4f348bdf05722d08767d5e1922dbc8d9fec840b860e79fcf2,1,d80469154e38,0.86,0.89,20.144208687990904,73.92183781919181,Nashik,2026-06-02T00:52:00.000Z,2026-06-02T02:04:00.000Z,confirmed,sorted
HO-8031-04FM,LOT_01124,COL_0041,REC_021,TXN_00820,868925,ca8985f9d12df0508341f8dddca971298894c213b1a6c040c2139e4cc4d2ae3c,1,c5d1033830a7,36.24,35.06,12.939527776500583,77.56573499885053,Bengaluru Urban,2026-01-09T20:42:00.000Z,2026-01-09T23:45:00.000Z,confirmed,reported_to_epr
HO-432H-NDA9,LOT_01126,COL_0016,REC_007,TXN_00821,998332,7b48ab164e0154731f1657ff4afd831e68f2e0dadddd4dd2790f61b538e2093d,3,13dcadcd95b5|4618d9131cea|41728c725f13,126.57,127.71,19.195889419919254,72.94376047792733,Mumbai Suburban,2025-12-10T10:39:00.000Z,2025-12-10T12:36:00.000Z,confirmed,processed
HO-5JT6-47DZ,LOT_01128,COL_0053,REC_013,TXN_00822,739623,f1a3081e038b2d16488c9fdf245ff42398ce97f5cc468205a437119a36917d32,2,b1fe4522ca0e|a6a93761dc11,55.04,52.68,20.144208687990904,73.92183781919181,Nashik,2025-10-29T11:36:00.000Z,2025-10-29T13:21:00.000Z,confirmed,reported_to_epr
HO-FE3P-4S3Z,LOT_01129,COL_0005,REC_014,TXN_00823,150028,263d79d041aeccebbc01665c73b5ea5347051f102fe9e06891bae8b499bbdd12,1,5aff899018c9,31.16,31.87,21.207097198012473,79.14336747821122,Nagpur,2025-10-03T10:24:00.000Z,2025-10-03T12:54:00.000Z,confirmed,sorted
HO-7TP9-KYYQ,LOT_01130,COL_0019,REC_010,TXN_00824,494240,129bb637a07d31e51b8299b315ae2f3c264ae8800cd47816e3b2e41ad79a564a,3,f80acb09d742|7cf8243e8d96|714a96ebad6a,42.68,42.13,19.083108686077594,72.85642781746984,Thane,2026-01-31T01:55:00.000Z,2026-01-31T05:51:00.000Z,confirmed,reported_to_epr
HO-NZ66-K6DZ,LOT_01132,COL_0023,REC_019,TXN_00825,265964,49be74c47a643f4006c3dfebc38df1184d4af7905a054a453a943b9a2612afbe,2,2558d9aa48c1|fefd5006995a,25.52,26.37,28.5746101020962,77.17363909188659,New Delhi,2025-10-07T20:37:00.000Z,2025-10-07T22:48:00.000Z,confirmed,processed
HO-7SV1-P4CH,LOT_01133,COL_0053,REC_013,TXN_00826,221989,2ed21a432f7b0648ffe87ae235e7715471a94580e495f9e23e443c3e5bcf39fe,1,907ab27db9e7,4.32,4.36,20.144208687990904,73.92183781919181,Nashik,2025-09-12T23:57:00.000Z,2025-09-13T01:11:00.000Z,confirmed,processed
HO-SNTE-H630,LOT_01135,COL_0048,REC_011,TXN_00827,859945,6505e82a7b60b55d92027dc97dd51872f4c8bde0016786e6599db7c1db41499a,2,dde4d85b8234|1fd5668046c7,2.38,2.41,19.102753954026102,72.87410855862349,Thane,2025-11-25T06:29:00.000Z,2025-11-25T06:32:00.000Z,confirmed,reported_to_epr
HO-YT40-FHRZ,LOT_01136,COL_0030,REC_012,TXN_00828,523807,81cb44b2608ffe44a96ce989037cddae74528f9221b50be57db5ec0749f8923c,2,22ff83afcfd1|d9dac52e4ee2,12.26,12.24,19.959777436479925,73.75584969283193,Nashik,2026-08-01T06:40:00.000Z,2026-08-01T07:36:00.000Z,confirmed,sorted
HO-38FQ-KCEN,LOT_01137,COL_0001,REC_013,TXN_00829,692527,f5494727a0ca1cef308ec88a8ab19313994178024ec77629fcb1a57f32252bed,1,1d898bfdca13,0.16,0.16,20.144208687990904,73.92183781919181,Nashik,2026-04-16T18:20:00.000Z,2026-04-16T21:11:00.000Z,confirmed,received
HO-04A2-BY27,LOT_01138,COL_0055,REC_008,TXN_00830,241674,a3f526e3cf99852d2c665a43edfc3e760bf49abe63364c246bddf6662e454e0b,2,2750536ecd1e|7b9cae09a610,18.6,17.9,19.13597666629255,72.88983899966328,Mumbai Suburban,2026-02-12T01:26:00.000Z,2026-02-12T01:34:00.000Z,confirmed,processed
HO-SZMF-64KV,LOT_01139,COL_0059,REC_004,TXN_00831,468263,08688e4014fdbbb4a7662ef3e023e4a9a4b9f05eb7a2317120e96070478779b2,1,a0a79d096276,40.45,42.22,18.47728938193023,73.81790044373722,Pune,2026-06-13T14:14:00.000Z,2026-06-13T14:23:00.000Z,confirmed,sorted
HO-4T70-TXF1,LOT_01140,COL_0036,REC_008,TXN_00832,006597,eb497bc0756b19f50cfd325d9060d885505e6d52ad269cc5be73a69ea3746b60,3,c35f958718c9|dd8ceddacd8b|cf9994759250,67.15,65.92,19.13597666629255,72.88983899966328,Mumbai Suburban,2025-09-26T10:12:00.000Z,2025-09-26T13:16:00.000Z,confirmed,received
HO-WA4J-6YX4,LOT_01142,COL_0048,REC_010,TXN_00833,709957,f5c0e48482d24c59696d763a484a4d1048f84616aadec71ea0f9f63babf2cdfb,3,f17bbe1d9b01|70dd5d4c6613|a62c379a807e,74.62,75.53,19.083108686077594,72.85642781746984,Thane,2026-01-21T05:07:00.000Z,2026-01-21T05:11:00.000Z,confirmed,processed
HO-P25A-3FTT,LOT_01143,COL_0053,REC_013,TXN_00834,095968,0e0b5d5d40425b5ad797dd47a8a7e7128a234cd10676ae7ff4e0e5bbc3bc7d25,4,21532a231bb1|e70f20642fc6|cef0a3e6bf39|772b2cfdc4ef,51.18,51.42,20.144208687990904,73.92183781919181,Nashik,2026-08-18T19:22:00.000Z,2026-08-18T22:37:00.000Z,confirmed,processed
HO-P8RT-3KFE,LOT_01144,COL_0044,REC_002,TXN_00835,773557,36dbad0c62cdac005fb5613e5b8386e5aa31c82abebfd84cd43786c93c0e5dc8,1,2e30b4081e44,41.32,42.38,18.50604963646233,73.8437846728161,Pune,2026-05-02T02:13:00.000Z,2026-05-02T02:16:00.000Z,confirmed,reported_to_epr
HO-B6DW-272J,LOT_01146,COL_0056,REC_007,TXN_00836,342696,925c4ca4003624f2086cf7846dc0be02e3f76f708a95b91da9839f21fbe306be,4,a7ca24c2744b|dc6b314c0cc6|a1c79a570e53|e14e06f11cdb,88.34,87.84,19.195889419919254,72.94376047792733,Mumbai Suburban,2026-03-14T11:24:00.000Z,2026-03-14T14:22:00.000Z,confirmed,received
HO-04RK-R53X,LOT_01147,COL_0009,REC_013,TXN_00837,414773,27dc54926ca63ea91393f3cba05a8b70480de3047947f0eb0d7e63310d180d2c,4,8ca78d9d9874|416816eba833|41c238e3fc7c|2d32bdbb09cb,87.8,87.34,20.144208687990904,73.92183781919181,Nashik,2026-06-07T07:22:00.000Z,2026-06-07T07:44:00.000Z,confirmed,received
HO-DQ4Z-7MQ4,LOT_01149,COL_0030,REC_013,TXN_00838,783406,d5eea6bee24b7f4d7b9c0f35541c6abcb5da634a2bb2bd25e938f918e7bf522e,2,af317204e815|55f0208e82f1,5.87,5.78,20.144208687990904,73.92183781919181,Nashik,2026-08-19T13:15:00.000Z,2026-08-19T15:44:00.000Z,confirmed,sorted
HO-CRYK-ZNCP,LOT_01150,COL_0044,REC_001,TXN_00839,100850,31a0430a3f6afd76b867091cbb32acd05381067c5d31b3f578f9a74eca653e3e,3,ecf811307961|8ea29525e6e0|d2bb7c60bf76,85.83,84.8,18.486481618070602,73.82617345626355,Pune,2026-03-09T19:00:00.000Z,2026-03-09T22:31:00.000Z,confirmed,reported_to_epr
HO-P1EW-H5Z4,LOT_01152,COL_0009,REC_012,TXN_00840,660493,5757ba08833ea1baab605e43a174af6c4b62248c500c54ad93809b81d3f04184,1,583d14dfc783,4.89,4.98,19.959777436479925,73.75584969283193,Nashik,2026-08-13T03:32:00.000Z,2026-08-13T03:36:00.000Z,confirmed,processed
HO-RQMV-QVRW,LOT_01153,COL_0029,REC_007,TXN_00841,202267,f0769de0c874a85d513b48658dd252b1809949e9e9e27a4c6f4810f6c5194e4e,1,038af5b87cee,40.18,42.41,19.195889419919254,72.94376047792733,Mumbai Suburban,2026-08-19T21:12:00.000Z,2026-08-19T21:29:00.000Z,confirmed,received
HO-HZ4S-PK0E,LOT_01154,COL_0012,REC_004,TXN_00842,780976,15e8c272462e12d662bc344c075e27b7756b08cdd4409182d8f50b47808abeb0,1,134b219cd763,10.99,10.98,18.47728938193023,73.81790044373722,Pune,2026-07-30T11:12:00.000Z,2026-07-30T12:33:00.000Z,confirmed,processed
HO-RVTC-FX7W,LOT_01156,COL_0037,REC_002,TXN_00843,185644,31d939a72ff323fc209e96be4f22525bb0d719edde8c00a85573fd237e3f1faa,1,da763788ea86,24.01,23.41,18.50604963646233,73.8437846728161,Pune,2025-12-03T12:56:00.000Z,2025-12-03T16:02:00.000Z,confirmed,sorted
HO-6K4V-VHHQ,LOT_01157,COL_0042,REC_002,TXN_00844,685764,fbe1ee601c738aa3d31a93ee98df761e33e59ccdfca73eb507ef1ffd37199d51,1,dd4a7893a5d4,15.68,16.21,18.50604963646233,73.8437846728161,Pune,2026-05-18T22:34:00.000Z,2026-05-19T01:23:00.000Z,confirmed,received
HO-Z0PK-K1G0,LOT_01158,COL_0056,REC_006,TXN_00845,554141,c7ec7c8db2fe468a16eb9058ae135034e50e412cbf4f8fe801a568c7b8b7afcb,3,984fad5ed940|ff865bf4cf6c|963ea646efcb,3.37,3.47,19.03367845774293,72.79777061196863,Mumbai Suburban,2026-01-09T12:41:00.000Z,2026-01-09T15:18:00.000Z,confirmed,reported_to_epr
HO-3Q5Z-FJ3B,LOT_01159,COL_0002,REC_007,TXN_00846,418217,45044d382e060c16bc6113f1b6c7324ccb21835e197e69b0c01dd4286ae91c98,1,45f999271454,2.1,2.08,19.195889419919254,72.94376047792733,Mumbai Suburban,2025-10-30T14:35:00.000Z,2025-10-30T18:13:00.000Z,confirmed,sorted
HO-T4GP-8W88,LOT_01160,COL_0056,REC_007,TXN_00847,913830,15e41d4af3ae0bbf5279f73c6cb17415f2f11a4574a3f292749ca931432303c4,1,5703f9534f24,2.97,2.94,19.195889419919254,72.94376047792733,Mumbai Suburban,2025-10-17T23:32:00.000Z,2025-10-18T00:14:00.000Z,confirmed,processed
HO-52KY-NEFJ,LOT_01162,COL_0010,REC_001,TXN_00848,413452,355a47edf51ef27f0018ab7a5c710a232565c90d41053f1a4af93fe51df656fa,1,4b3bec16a111,9.68,9.93,18.486481618070602,73.82617345626355,Pune,2025-09-17T04:16:00.000Z,2025-09-17T06:09:00.000Z,confirmed,received
HO-W70B-TK78,LOT_01163,COL_0003,REC_002,TXN_00849,011808,bd63cc0732fc93c545f3ee08f431476aa563bf4f2cd2f2ca37d1d49427b7081b,2,0029f2869f79|7b558cd7e8b9,19.32,20.45,18.50604963646233,73.8437846728161,Pune,2025-12-10T15:49:00.000Z,2025-12-10T16:26:00.000Z,confirmed,processed
HO-ASZ2-60BZ,LOT_01165,COL_0053,REC_012,TXN_00850,948515,dbe2751f84283c6a26c2b1329b9a00793834ebb655d8f599ec8e87861aaf8443,3,655c9ce79754|d06c9ce5e410|d0550c5fd501,18.31,18.39,19.959777436479925,73.75584969283193,Nashik,2025-09-13T22:55:00.000Z,2025-09-14T00:58:00.000Z,confirmed,received
HO-X2P2-NP4X,LOT_01166,COL_0031,REC_008,TXN_00851,989915,535fc91cfef9dd57ed48f721c0536c3612b2e2a994d5402c34d771c964a54a7b,4,74dc1c7ab573|02887df9dddd|e974cd6236df|adf0385e930c,139.89,147.37,19.13597666629255,72.88983899966328,Mumbai Suburban,2025-12-12T10:03:00.000Z,2025-12-12T13:28:00.000Z,confirmed,received
HO-XTF3-CG78,LOT_01167,COL_0022,REC_007,TXN_00852,893869,30900d0380667ad4b35d4855486aca7b4713fbeb55f0c677bc8e51de2f9b04c7,1,9bc96ab55e96,8.62,8.73,19.195889419919254,72.94376047792733,Mumbai Suburban,2026-08-06T17:15:00.000Z,,pending,
HO-XY9P-EP68,LOT_01168,COL_0033,REC_010,TXN_00853,900019,740c432e327e9e02016eef44e36183b3962d2ec1477d8c83022b9876a0747740,2,2423c4fe398c|26be0f301909,67.95,69.5,19.083108686077594,72.85642781746984,Thane,2026-06-11T07:55:00.000Z,2026-06-11T09:02:00.000Z,confirmed,reported_to_epr
HO-SKPT-RBAG,LOT_01169,COL_0016,REC_007,TXN_00854,723870,ee4baed1e4ab6250e7d0aebad4c60721d7051f63bf07176bce7f6e50e37b5000,1,5ad0a13c27c5,28.89,29.21,19.195889419919254,72.94376047792733,Mumbai Suburban,2026-03-07T06:45:00.000Z,2026-03-07T06:54:00.000Z,confirmed,processed
HO-1VVY-TE2D,LOT_01170,COL_0024,REC_006,TXN_00855,503589,8fa65835a85279753bd06c9cba59ddf844ed979a681f8ed55bd778e451061fb6,4,cf68c7dd3573|678b9f2dfc5b|a9721cb0ad68|4a62494640a7,130.35,136.44,19.03367845774293,72.79777061196863,Mumbai Suburban,2026-01-24T01:05:00.000Z,2026-01-24T03:35:00.000Z,confirmed,received
HO-SX92-XJQ2,LOT_01171,COL_0055,REC_007,TXN_00856,150733,e7967535b990a36783692c0cfbdf8a21da15d298c62eaf6a9523bca317026bda,3,51103b05f2fd|167df3aee926|694235d3efb1,33.84,33.94,19.195889419919254,72.94376047792733,Mumbai Suburban,2025-10-11T12:19:00.000Z,2025-10-11T13:24:00.000Z,confirmed,received
HO-DAA2-YCSG,LOT_01172,COL_0052,REC_020,TXN_00857,947877,ed0cca5fb385bd970947f434712681db5cd3059cd6cbd0eaad69738a959c4cce,1,448330ed15a1,6.06,6.17,13.029597338622809,77.64679760476052,Bengaluru Urban,2025-12-30T18:13:00.000Z,2025-12-30T18:38:00.000Z,confirmed,sorted
HO-QP9X-D8GJ,LOT_01173,COL_0021,REC_003,TXN_00858,675298,c322657192508a409b2c93e5032863512dae1dac9af27b88303ee7099f5d3da4,3,a65d0ee20953|456c5576e28d|98dfac8f2cf1,58.38,55.6,18.591669234344362,73.92084231090993,Pune,2025-09-06T17:26:00.000Z,2025-09-06T21:05:00.000Z,confirmed,received
HO-068G-HZ7H,LOT_01175,COL_0004,REC_002,TXN_00859,080677,8aba228d96dded869161936bd3daed30e3bc6ff81e323095a2ebd4d4139decfe,3,05c437001d41|41c23f1c7454|0d251e8d4f74,62.55,66.98,18.50604963646233,73.8437846728161,Pune,2026-05-04T00:49:00.000Z,2026-05-04T03:43:00.000Z,confirmed,processed
HO-VRFW-048Z,LOT_01177,COL_0046,REC_003,TXN_00860,810116,800ac9cfbf1e6cdb70b7dbf52389621039ba3d33669d17fec90731f9e03df41e,3,81e45b2dbff5|e42216399cf0|1b452d3ad151,21.97,23.51,18.591669234344362,73.92084231090993,Pune,2026-06-20T12:03:00.000Z,2026-06-20T14:12:00.000Z,confirmed,reported_to_epr
HO-4QKV-G1CV,LOT_01178,COL_0044,REC_001,TXN_00861,734222,27879d9677d17f8f43608766fa6a7bec9328cc62e294ae8d32d0d1b2f8c74e19,1,e01f630c8217,4.95,5.06,18.486481618070602,73.82617345626355,Pune,2026-06-12T14:48:00.000Z,2026-06-12T15:14:00.000Z,confirmed,sorted
HO-6Y5P-AFC3,LOT_01179,COL_0009,REC_012,TXN_00862,103033,d74573c23dc42da7fd5d8d089567036761380f1b06208a62488898d67ffa235d,2,9cabe0fa8bc7|b8ce40427ffe,64.99,59.69,19.959777436479925,73.75584969283193,Nashik,2026-08-17T00:15:00.000Z,2026-08-17T04:11:00.000Z,confirmed,processed
HO-N9EG-FBTH,LOT_01180,COL_0048,REC_011,TXN_00863,262393,45164cb9c4564c2456e27dba2356e75902f018c032bcc3b6b6477cff408b6167,3,6455759bd5cf|84717203048b|10f39e94b6ff,10.14,9.73,19.102753954026102,72.87410855862349,Thane,2026-07-19T09:28:00.000Z,2026-07-19T11:18:00.000Z,confirmed,sorted
HO-453C-2PQG,LOT_01181,COL_0057,REC_014,TXN_00864,092033,2115cca14e790bfe55374e5837bb2cd1f10c146786de181d940718838d4e195e,4,40f4a21b3cb3|4f5faf8923d6|8de74275a26b|388aaa92d65b,49.04,50.4,21.207097198012473,79.14336747821122,Nagpur,2026-03-29T19:50:00.000Z,2026-03-29T20:34:00.000Z,confirmed,reported_to_epr
HO-2SXF-HJNX,LOT_01183,COL_0035,REC_007,TXN_00865,418918,81897cc8a1a179c8627c423e69fda8ec607ada90c77f5cb44fab93003543eea1,3,059536d1c26a|6a1b0fe35370|5ace2579f5e2,63.17,61.57,19.195889419919254,72.94376047792733,Mumbai Suburban,2025-12-23T07:31:00.000Z,2025-12-23T08:33:00.000Z,confirmed,sorted
HO-JSYH-N7BV,LOT_01184,COL_0006,REC_008,TXN_00866,998574,b84a64ff9e28101d0e401f87ac33ce6a217a8ee06839cb89c5e89f1ec8809c7c,1,7cedc1e2ca37,2.48,2.65,19.13597666629255,72.88983899966328,Mumbai Suburban,2025-11-25T04:32:00.000Z,2025-11-25T07:53:00.000Z,confirmed,reported_to_epr
HO-MQ72-2QB1,LOT_01185,COL_0052,REC_021,TXN_00867,678657,228a155f6cc0403878f03175aa24ac5ba8c1e1c306274be803dd99e2ef2187c2,3,33356a06a798|38fed7377ddd|263b38c1821a,44.52,44.66,12.939527776500583,77.56573499885053,Bengaluru Urban,2025-10-24T07:13:00.000Z,2025-10-24T07:31:00.000Z,confirmed,received
HO-ACDQ-1CBS,LOT_01188,COL_0022,REC_008,TXN_00868,698207,ef2e4ab8cde9bf53580011908d260882de16ae0975d8a5501f0d988c8b9ebb6a,2,3d894d340dae|180ccc202060,8.22,8.21,19.13597666629255,72.88983899966328,Mumbai Suburban,2026-08-27T02:48:00.000Z,2026-08-27T06:45:00.000Z,confirmed,sorted
HO-69ES-WV18,LOT_01189,COL_0037,REC_003,TXN_00869,757707,7c2d461ca2ccd6095251f0bbdc0894cb5310f98514ae90fca66f6adbc163e7b8,1,61c6bb907ec6,21.43,21.33,18.591669234344362,73.92084231090993,Pune,2025-12-15T11:36:00.000Z,2025-12-15T13:27:00.000Z,confirmed,received
HO-X60C-SD67,LOT_01190,COL_0043,REC_001,TXN_00870,873229,0a3bfdc7efbe160b4261dab9a72439fa69e1535ecf14711db72c4f8ec92f7298,2,294b112fd16d|0040d6c8e882,15.62,15.3,18.486481618070602,73.82617345626355,Pune,2026-02-16T00:38:00.000Z,2026-02-16T04:32:00.000Z,confirmed,sorted
HO-458H-517K,LOT_01191,COL_0058,REC_019,TXN_00871,928748,49531192494182df72cf1a8638fef9d7ca1d9f04597a57b4e0ddcc16069640da,1,20bb9e8917f4,22.92,22.25,28.5746101020962,77.17363909188659,New Delhi,2026-06-13T21:24:00.000Z,2026-06-13T22:24:00.000Z,confirmed,received
HO-BRHA-PQT5,LOT_01194,COL_0019,REC_010,TXN_00872,048287,0dc8ee1d8d3538d5f10e665f213779b8fe53e1cf178ce40d0e750c0919539b39,1,5a80da425cce,17.23,17.11,19.083108686077594,72.85642781746984,Thane,2025-10-09T04:00:00.000Z,2025-10-09T06:08:00.000Z,confirmed,sorted
HO-JKEN-7F8K,LOT_01195,COL_0020,REC_011,TXN_00873,096483,be97a6eff1487690df52f711de36bc06c60a0015acdec0b9fa7cf99c67348807,1,fca244c3fa45,10.49,10.87,19.102753954026102,72.87410855862349,Thane,2026-07-18T17:05:00.000Z,2026-07-18T21:03:00.000Z,confirmed,received
HO-6K1R-SD3M,LOT_01196,COL_0013,REC_020,TXN_00874,670002,f95419be425118412d2db0f3e8928b15a21814f09bb87f4a6c2e1d98b7f6abe5,3,c50613157222|af3372e0aa9e|7258726615d0,41.26,42.89,13.029597338622809,77.64679760476052,Bengaluru Urban,2026-06-02T12:06:00.000Z,2026-06-02T14:28:00.000Z,confirmed,sorted
HO-GF5A-02PQ,LOT_01197,COL_0012,REC_001,TXN_00875,752277,d9ab593dd2eb871e7d639347c700365362bd5bf371cbb8b241335a39001c5781,4,087194bd1ade|b929c458f884|2524ddb7b69f|6b55f690f2d8,28.65,29.01,18.486481618070602,73.82617345626355,Pune,2026-02-21T09:34:00.000Z,2026-02-21T12:30:00.000Z,confirmed,received
HO-QFSV-PTVR,LOT_01198,COL_0017,REC_010,TXN_00876,801038,af5c7d08f8ddeb590e516e8e415f197448b6350df43467f4d6a4bd6a0b19c79f,1,a006c9e3919e,4.38,4.65,19.083108686077594,72.85642781746984,Thane,2026-04-25T03:08:00.000Z,2026-04-25T06:42:00.000Z,confirmed,reported_to_epr
HO-NGA0-0WQJ,LOT_01199,COL_0006,REC_006,TXN_00877,889231,1d9026a7f2748018c11e805397b9bab238da895123776b8564c19828fb9c849e,1,de99cc99e1bd,15.97,15.18,19.03367845774293,72.79777061196863,Mumbai Suburban,2026-02-12T02:46:00.000Z,2026-02-12T03:49:00.000Z,confirmed,received
HO-DEJ0-YPMP,LOT_01200,COL_0055,REC_006,TXN_00878,736713,b1f198f8a7b422dedf78f2f173d04a6bb10234ef1dd5cdc1477d5197044080df,1,d5ba9a9b94da,22.04,21.12,19.03367845774293,72.79777061196863,Mumbai Suburban,2026-03-28T05:45:00.000Z,2026-03-28T07:35:00.000Z,confirmed,sorted
HO-4QDK-R0TC,LOT_01201,COL_0028,REC_008,TXN_00879,065798,f76d84a4b75eb48f3538ffb696094d467af246fce5613d7c38898dda5b712c8f,1,a96ad5e72fc3,0.12,0.12,19.13597666629255,72.88983899966328,Mumbai Suburban,2025-11-08T21:23:00.000Z,2025-11-09T00:45:00.000Z,confirmed,sorted
HO-MBW6-RD10,LOT_01202,COL_0020,REC_010,TXN_00880,177097,7343e098a7c6df9ecf56059895e3dcd1f64a77d16a68d2dffaf861c3f6678e0f,1,df1cd573f1df,3.68,3.75,19.083108686077594,72.85642781746984,Thane,2026-08-27T11:28:00.000Z,2026-08-27T13:50:00.000Z,confirmed,reported_to_epr
HO-DHZX-G00E,LOT_01203,COL_0056,REC_007,TXN_00881,284227,9dee3cb8e1185614f768d1da408e41d7bc81562eb49c76581e1628c1b1cd0e01,1,631c47b3f079,13.46,13.78,19.195889419919254,72.94376047792733,Mumbai Suburban,2025-11-01T13:59:00.000Z,2025-11-01T16:32:00.000Z,confirmed,reported_to_epr
HO-R6XW-3PFM,LOT_01204,COL_0016,REC_007,TXN_00882,061145,04fe20dc00fb97110f6a057b4a8b07191300ee9b099fe2878e8f780181daccd4,1,64d9df14f074,8.78,8.38,19.195889419919254,72.94376047792733,Mumbai Suburban,2025-12-06T11:26:00.000Z,2025-12-06T12:52:00.000Z,confirmed,sorted
HO-G0XA-NYEY,LOT_01205,COL_0040,REC_008,TXN_00883,556765,0ffbed42f0573351c7f479f3bc545efb20cc14797adf7c6cedf8be75ee7e6634,3,cbb3c0536747|fb514b1b0a54|8aa0aecb0c9f,9.38,9.61,19.13597666629255,72.88983899966328,Mumbai Suburban,2026-02-15T10:58:00.000Z,2026-02-15T11:17:00.000Z,confirmed,received
HO-49Q7-599P,LOT_01206,COL_0005,REC_014,TXN_00884,433525,49f2597f510d3b605a37bc1c34c8585f48b1f58312af51d5cac811ef04fd3e25,2,165b8ac565ad|9cde602651c9,45.29,44.74,21.207097198012473,79.14336747821122,Nagpur,2025-11-18T19:04:00.000Z,2025-11-18T20:39:00.000Z,confirmed,reported_to_epr
HO-43PZ-4FP6,LOT_01207,COL_0016,REC_007,TXN_00885,156460,31461dbd76f176354b47746fc9abf21eafb7311392d70c072cdf3fac93d1df56,4,cef8e3628bd5|46be1bb9f69b|6135ab8f3c93|8192056567f5,58.98,62.12,19.195889419919254,72.94376047792733,Mumbai Suburban,2025-12-08T08:04:00.000Z,2025-12-08T08:12:00.000Z,confirmed,processed
HO-9VDW-WNRR,LOT_01208,COL_0030,REC_013,TXN_00886,390234,05617224d9407169b65be79364180b68bf51b1410cf535c612dee18c15d52fe8,3,06538cf4fd82|fc2a8972129d|27f040a8766c,57.76,54.86,20.144208687990904,73.92183781919181,Nashik,2026-06-09T06:17:00.000Z,2026-06-09T06:44:00.000Z,confirmed,sorted
HO-62AS-8PX6,LOT_01209,COL_0038,REC_012,TXN_00887,528067,3c265d573a98c4e487b5904e83e8020108cec7c3dcb0eebbbf1b1d5f84751fdb,1,9a5b724031e5,44.37,45.1,19.959777436479925,73.75584969283193,Nashik,2025-12-27T19:32:00.000Z,,pending,
HO-7882-Z67C,LOT_01210,COL_0046,REC_005,TXN_00888,283853,4c3cf0ebbe0903937d00405adc734bd8cc8503f5f09d312f6a0ed1da910958ea,3,4c244e0130b1|f710cd985fac|13d0768d47a9,73.56,72.04,18.489540040129423,73.82892603611648,Pune,2026-03-13T19:33:00.000Z,2026-03-13T22:51:00.000Z,confirmed,processed
HO-PZ54-Y4C0,LOT_01211,COL_0053,REC_013,TXN_00889,533854,7829e815757a9aa057c8015300c58ea3dc2793b053180a6372b7bcfeac790db5,1,05d20fd35edb,5.06,5.05,20.144208687990904,73.92183781919181,Nashik,2026-02-12T09:33:00.000Z,2026-02-12T10:33:00.000Z,confirmed,reported_to_epr
HO-7TYH-00GT,LOT_01212,COL_0013,REC_020,TXN_00890,695299,04c80e5240cb1144123a47dcbb40df36d0fc639dcb571c601d3b8b8adf1a08d2,2,bab3c968f450|310b03c2e3d9,8.88,9.07,13.029597338622809,77.64679760476052,Bengaluru Urban,2025-11-13T03:05:00.000Z,2025-11-13T04:20:00.000Z,confirmed,reported_to_epr
HO-TK29-3H0S,LOT_01213,COL_0001,REC_013,TXN_00891,859140,10d5180c35636a0203082786d04a2cddd9f6658029205ac0bee60ecda56f3c95,2,cace4b77b674|a6721e74bb55,52.15,51.1,20.144208687990904,73.92183781919181,Nashik,2026-03-17T17:30:00.000Z,2026-03-17T17:58:00.000Z,confirmed,received
HO-0SRE-6RY1,LOT_01214,COL_0059,REC_003,TXN_00892,205167,489d42cb17b95297608b0834cb0ea69e7d96663fb31e4a789f50352d551a2976,1,eaecf2db6b4e,29.51,30.88,18.591669234344362,73.92084231090993,Pune,2025-12-17T06:01:00.000Z,2025-12-17T06:33:00.000Z,confirmed,processed
HO-BWDY-FD3C,LOT_01215,COL_0017,REC_010,TXN_00893,817685,2ca7f045fbf3df7c9be6a0c50f0e99cba13ce56188a81647e8d1c3a6cefede66,3,1c1732293c9b|7ae21cf4a9d3|b2f4fa473a82,32.24,33.64,19.083108686077594,72.85642781746984,Thane,2026-02-23T11:21:00.000Z,2026-02-23T14:58:00.000Z,confirmed,reported_to_epr
HO-NG4E-V3K6,LOT_01217,COL_0040,REC_007,TXN_00894,657451,8319be10d9378f0b65b3cb5bfa088f74daf9b99df1bcc7098a887b85a675d3d6,1,1e97d76247c2,31.34,30.93,19.195889419919254,72.94376047792733,Mumbai Suburban,2025-09-29T16:22:00.000Z,2025-09-29T19:50:00.000Z,confirmed,processed
HO-TP2C-HGQN,LOT_01218,COL_0028,REC_008,TXN_00895,603775,5aa856cae62e147abb473ad43817d31cc2a84ca157bc044dc3bea952dc628ed0,3,b1f82a9c595a|7f18a86cadac|5b8a35d5eeaf,248.03,245.21,19.13597666629255,72.88983899966328,Mumbai Suburban,2026-04-12T08:32:00.000Z,2026-04-12T09:27:00.000Z,confirmed,reported_to_epr
HO-KQ44-92MS,LOT_01220,COL_0037,REC_002,TXN_00896,082203,3b6e2be0e312ab190504df6291f2a9d99de77e3427e92d2405f3e24f858340af,1,f0987f09fdf9,3.58,3.54,18.50604963646233,73.8437846728161,Pune,2025-09-27T03:18:00.000Z,2025-09-27T03:55:00.000Z,confirmed,received
HO-BN7E-8MWB,LOT_01221,COL_0016,REC_008,TXN_00897,262372,31d11761a3c8c733869df4e5c9470b6e5d4946f79409951e057505a10d39f21c,1,544f83290a46,9.12,9.11,19.13597666629255,72.88983899966328,Mumbai Suburban,2026-04-08T20:52:00.000Z,2026-04-08T23:56:00.000Z,confirmed,processed
HO-FD75-1N4Z,LOT_01222,COL_0055,REC_007,TXN_00898,260738,e8f1c0136151638ece4502c3c07abee1c49bc2051e033e8ec65ad9f81a7ce016,3,cbba38eb8312|f4d296c236a3|c68a9ff48b38,97.52,92.08,19.195889419919254,72.94376047792733,Mumbai Suburban,2026-08-04T08:04:00.000Z,2026-08-04T10:50:00.000Z,confirmed,reported_to_epr
HO-JPBC-HE8G,LOT_01224,COL_0054,REC_001,TXN_00899,999470,bec9825d246bd39e5d3d4f205ed03204ea6523113b77aa5a1cc01c5bf23dde53,1,2662c988c916,11.34,11.67,18.486481618070602,73.82617345626355,Pune,2025-12-13T14:37:00.000Z,2025-12-13T15:34:00.000Z,confirmed,sorted
HO-HGQZ-7S7S,LOT_01225,COL_0019,REC_010,TXN_00900,164208,2bea4efd9868ea7d584825ce15330fb02ae742a40ea96ce90965baa8b075ddcd,1,7ebce0536a74,25.8,26.43,19.083108686077594,72.85642781746984,Thane,2025-10-24T06:51:00.000Z,2025-10-24T08:01:00.000Z,confirmed,processed
HO-5VG7-086G,LOT_01227,COL_0039,REC_010,TXN_00901,334604,b3616ddb0095a7601ec37c85c002bb168ff6adc680e4780107c88fccbe335c9d,2,d55b5f7e2b66|ac913bb417fe,4.32,4.32,19.083108686077594,72.85642781746984,Thane,2026-03-12T03:14:00.000Z,2026-03-12T05:17:00.000Z,confirmed,reported_to_epr
HO-F0V3-PGP9,LOT_01228,COL_0025,REC_002,TXN_00902,297515,da84fe372dde2476235520e990a8467ae66700d3309eae98e20cdf65920e8081,3,ea67eab0e5bc|30df908876c7|acf3e2e19dc4,29.69,28.68,18.50604963646233,73.8437846728161,Pune,2026-03-04T19:59:00.000Z,,pending,
HO-EBMG-1YKK,LOT_01230,COL_0049,REC_019,TXN_00903,644412,b9d46fde2dbf831ad1652c0d76a9c16ebd244ddceadf0d8b2f0d68e2f175eec8,4,793b5f458e55|c35a27fd9593|d9f56b488ded|6da9ef053e89,16.34,15.93,28.5746101020962,77.17363909188659,New Delhi,2026-02-12T19:22:00.000Z,2026-02-12T19:33:00.000Z,confirmed,received
HO-HAS4-20E7,LOT_01233,COL_0043,REC_003,TXN_00904,953820,8e81dc04feb5353e584efc6f5418e1f4a2506d0f83d42ae90edffbc6b70828f5,1,947c53b9b0ac,1.98,1.98,18.591669234344362,73.92084231090993,Pune,2025-09-07T08:52:00.000Z,2025-09-07T12:17:00.000Z,confirmed,processed
HO-HHCK-XTRJ,LOT_01234,COL_0027,REC_012,TXN_00905,838543,27a2479f1e71dac5a897fd4bd8fa87eeedf15c4d276a8c855043b297c0550bbe,4,46a1973c4ceb|2eef69c26eea|63d674b378ee|c19a130629f5,43.62,45,19.959777436479925,73.75584969283193,Nashik,2026-06-27T19:44:00.000Z,2026-06-27T22:12:00.000Z,confirmed,processed
HO-FNS6-0VAE,LOT_01235,COL_0016,REC_008,TXN_00906,439616,0abe74bec7d865a5c4615e66a27f26ec370e6337d06b17579413976a3802b8ab,2,459c02a4728e|224f7494c4a6,1.18,1.22,19.13597666629255,72.88983899966328,Mumbai Suburban,2025-12-27T00:42:00.000Z,2025-12-27T01:03:00.000Z,confirmed,processed
HO-2P18-DHDP,LOT_01236,COL_0045,REC_021,TXN_00907,355868,350ceedd82ddc80e2e080039d0defbafb07e3dfecc166f524cec34f12eb38f03,1,2f4e1e062a63,4.68,4.72,12.939527776500583,77.56573499885053,Bengaluru Urban,2025-10-08T12:03:00.000Z,2025-10-08T15:46:00.000Z,confirmed,sorted
HO-886E-84YH,LOT_01237,COL_0031,REC_008,TXN_00908,507064,6b3bdf5f36bb61e15b212247a4f10ec41a34b385f43dddae4cf35b8b2e8d7f52,3,f9585f1af1ee|933f4dc8b800|4e228e12a170,40.34,39.64,19.13597666629255,72.88983899966328,Mumbai Suburban,2026-03-21T17:28:00.000Z,2026-03-21T17:36:00.000Z,confirmed,processed
HO-3HG6-9PFE,LOT_01238,COL_0026,REC_019,TXN_00909,060721,e31161c88ab654839a498ba953f10f89a3090c37ee0281b1f835019d438aae81,1,a79cb968b1a2,0.59,0.59,28.5746101020962,77.17363909188659,New Delhi,2025-11-22T01:48:00.000Z,2025-11-22T04:49:00.000Z,confirmed,sorted
HO-5NGS-ZM4X,LOT_01239,COL_0055,REC_008,TXN_00910,289106,60ac81acb334f0e241ebfa740331e1b7c5caa8359869b04c3642a2ff66707952,2,97fec0ce2563|234e806901fb,60.11,58.31,19.13597666629255,72.88983899966328,Mumbai Suburban,2025-09-26T08:47:00.000Z,2025-09-26T11:07:00.000Z,confirmed,reported_to_epr
HO-Q87S-1P2P,LOT_01241,COL_0048,REC_011,TXN_00911,512924,1102fcaa50d4db27e933127ed262792c8fb28f05d1cf8d0617003e31423fb99f,3,9605665ef8b1|b863709c1484|5406d0a8721b,28.15,27.76,19.102753954026102,72.87410855862349,Thane,2026-03-12T09:05:00.000Z,2026-03-12T12:21:00.000Z,confirmed,received
HO-8BDC-SVY5,LOT_01242,COL_0019,REC_010,TXN_00912,342837,1db4523a0b200140b491442f9b80fddaac04cff3d787a9c688b8780102963072,2,5b764dfb256f|bf35260030ff,60.75,61.32,19.083108686077594,72.85642781746984,Thane,2026-06-29T01:50:00.000Z,2026-06-29T04:59:00.000Z,confirmed,reported_to_epr
HO-FYFV-ZFT2,LOT_01243,COL_0042,REC_001,TXN_00913,175896,7364ba1f56188032f1e706a2967a6c4607448e00eb131de957b07f9639176358,1,1c01074fe0ba,4.97,5.01,18.486481618070602,73.82617345626355,Pune,2026-07-28T07:27:00.000Z,2026-07-28T07:36:00.000Z,confirmed,received
HO-SHG5-D3H2,LOT_01245,COL_0030,REC_012,TXN_00914,346515,27afb076e3e1a0af7be6798e7f53f321cac8ce5a903f564555d483c1cdbc17bf,2,65356c095d29|aa0d37b54d8f,7.71,8.23,19.959777436479925,73.75584969283193,Nashik,2025-11-07T02:17:00.000Z,2025-11-07T03:37:00.000Z,confirmed,received
HO-VR5M-P5RG,LOT_01247,COL_0014,REC_004,TXN_00915,527486,9c045e0012c76dff4d541f436fb5fc337ebd330086848b3dd9b581e746ca5133,1,83453ad32ed2,13.66,14.18,18.47728938193023,73.81790044373722,Pune,2026-03-07T05:14:00.000Z,2026-03-07T07:25:00.000Z,confirmed,reported_to_epr
HO-6X8M-MHXC,LOT_01249,COL_0059,REC_001,TXN_00916,677397,ec95cebb606a1857605b5764ece49cb43b2874080dd84b3c76b29c656fba45dc,3,d5f1f8a25bd9|e687cb1105a5|fd3a8b194e4f,52.16,51.8,18.486481618070602,73.82617345626355,Pune,2025-10-20T19:13:00.000Z,2025-10-20T20:02:00.000Z,confirmed,received
HO-MBW1-R3NY,LOT_01250,COL_0006,REC_007,TXN_00917,939480,8dee3a27ddea011089d862abde10e6692ffd36ebd6972136bea38bb6d2524bcb,4,06c3bbc766a1|7e0df9b2fc22|b9f2e38faf12|b0e78247015e,37.68,37.78,19.195889419919254,72.94376047792733,Mumbai Suburban,2026-03-02T07:11:00.000Z,2026-03-02T07:12:00.000Z,confirmed,received
HO-V3P7-3CW0,LOT_01251,COL_0027,REC_012,TXN_00918,780195,801e771000b8637d867c64147df3cde883e7b899aa943c4c9a2c90c040e4b23d,2,4be69607b42f|2292d4cc8622,10.5,10.81,19.959777436479925,73.75584969283193,Nashik,2025-12-21T12:12:00.000Z,2025-12-21T15:04:00.000Z,confirmed,received
HO-3349-K273,LOT_01252,COL_0045,REC_021,TXN_00919,272378,c1093b9dfb9f242ff2e7b8b105cb41b6e02ba707d6ee1049d3e0e879e87a9623,4,5ab7664815a6|7929a4e20d7b|99f4d66b47d7|4099b535c0e6,132.54,132.26,12.939527776500583,77.56573499885053,Bengaluru Urban,2026-01-07T17:39:00.000Z,2026-01-07T21:15:00.000Z,confirmed,processed
HO-QDEB-6WBN,LOT_01253,COL_0017,REC_010,TXN_00920,723681,9e166f6d0e00823b28b60566caf55681317b6551aa3ad961cea8e4ee687d8ca9,1,abb580247e38,48.57,49.26,19.083108686077594,72.85642781746984,Thane,2026-05-25T10:00:00.000Z,2026-05-25T12:27:00.000Z,confirmed,received
HO-B7MY-G4HT,LOT_01254,COL_0019,REC_010,TXN_00921,013939,c283d189af651549fe2aac24e8afc4a87bb87f1d0feddfea26466ef19cf8501d,2,a887e21b6640|5f773c2e52d0,60.19,62.83,19.083108686077594,72.85642781746984,Thane,2026-08-16T14:42:00.000Z,,pending,
HO-46RM-8P6E,LOT_01255,COL_0040,REC_007,TXN_00922,597719,8751ad7f89788a767635d2ecefe74a2324c81ee625a6a490172d094fa5e3669e,1,36a5f234da59,28.05,26.45,19.195889419919254,72.94376047792733,Mumbai Suburban,2025-11-01T13:13:00.000Z,2025-11-01T16:04:00.000Z,confirmed,received
HO-FTZT-ZDFD,LOT_01257,COL_0021,REC_001,TXN_00923,662983,e3c90033534bb4f9af17a2ec71bfbe10906dc75153807cf51ff6d238205fcbbc,1,0770e1cdebef,18.24,17.64,18.486481618070602,73.82617345626355,Pune,2025-12-22T20:50:00.000Z,,pending,
HO-QCNG-BVM9,LOT_01258,COL_0034,REC_001,TXN_00924,897443,d9f8a57e885de66e6322a793d7e14e5195fbb0277a6eaec45b7f4f971c1e80c2,2,c1d93e52aac6|af330be627ae,41.61,42.53,18.486481618070602,73.82617345626355,Pune,2025-11-24T16:48:00.000Z,2025-11-24T19:05:00.000Z,confirmed,processed
HO-1W2Q-NAA4,LOT_01259,COL_0032,REC_008,TXN_00925,994292,31b8f233286303fbb0de49660a65323fa1f1c24d82a545ad8e4d1d5d61c4053f,2,4093be9435e2|13f9b65707e5,0.34,0.35,19.13597666629255,72.88983899966328,Mumbai Suburban,2026-06-18T17:22:00.000Z,2026-06-18T17:32:00.000Z,confirmed,received
HO-XY0P-5KE9,LOT_01260,COL_0042,REC_003,TXN_00926,514646,d9b6780c4f18de1136225a2f064291e769d61900b9cdb07a44e0814544efa17c,1,06db53b5cf44,27.69,27.18,18.591669234344362,73.92084231090993,Pune,2026-06-19T08:18:00.000Z,2026-06-19T11:26:00.000Z,confirmed,processed
HO-WY47-QJBN,LOT_01261,COL_0028,REC_008,TXN_00927,284890,1f57a400116fa59d82d01f19e5ebfbe936a52dacdce3272e9bc8e0947c3e496a,2,889ad0f9d3d9|c5b3ff1bd4e3,4.18,4.05,19.13597666629255,72.88983899966328,Mumbai Suburban,2025-11-08T03:50:00.000Z,2025-11-08T06:26:00.000Z,confirmed,received
HO-04NA-R1TS,LOT_01262,COL_0051,REC_007,TXN_00928,774026,31d147c3ccb5965259047bbee3a433505510add1d1b167e235ef605bd3eb5286,1,510a486bfc40,5.23,5.23,19.195889419919254,72.94376047792733,Mumbai Suburban,2026-06-16T08:37:00.000Z,2026-06-16T10:05:00.000Z,confirmed,sorted
HO-F406-KMMW,LOT_01264,COL_0008,REC_012,TXN_00929,776640,1c21b98201662809e93c577bab4de766cf7eee0c0467b035fa4bfee04b35b0ae,1,73573e45aa67,30.42,31.04,19.959777436479925,73.75584969283193,Nashik,2025-12-25T03:12:00.000Z,2025-12-25T06:49:00.000Z,confirmed,received
HO-SDNR-RNAM,LOT_01265,COL_0027,REC_013,TXN_00930,931438,7c973ad9600add8512ba79ed6cd68dd0575cfb4a0ce4ed0b9a4aa280a6488c57,1,57b70bc2cab0,41.06,41.72,20.144208687990904,73.92183781919181,Nashik,2026-08-22T11:00:00.000Z,2026-08-22T13:41:00.000Z,confirmed,received
HO-2AYZ-9QG7,LOT_01266,COL_0003,REC_002,TXN_00931,589933,c1f09ffdb126242347b90cf4a6d19e881f348aaecd831a0a5626363af574d624,2,0003c3047513|77de9658cfdb,31.82,32.42,18.50604963646233,73.8437846728161,Pune,2026-04-22T18:56:00.000Z,2026-04-22T19:39:00.000Z,confirmed,sorted
HO-8FM5-56JV,LOT_01267,COL_0028,REC_007,TXN_00932,240446,ab8774833b915df4c74ded50ed4ca1c2f84279d1af2c801c5a3186b4420201f3,1,a3402c46430b,4.21,4.16,19.195889419919254,72.94376047792733,Mumbai Suburban,2026-06-10T18:51:00.000Z,2026-06-10T20:26:00.000Z,confirmed,sorted
HO-8KBN-EX4Q,LOT_01268,COL_0044,REC_004,TXN_00933,913677,eaf4be32b1a4eb00e8cc0046cb141d4a3a2aed930b085ad611fff32d45dda37f,3,55d9fbcc4a8d|ffe99780c2de|87765b3673e4,38.69,38.99,18.47728938193023,73.81790044373722,Pune,2026-08-17T19:38:00.000Z,2026-08-17T20:54:00.000Z,confirmed,received
HO-6PJ6-ZR37,LOT_01269,COL_0016,REC_008,TXN_00934,530915,a1e78ef08ca94bc3b2a255f245b190ac9a0359dae5f54b7dc4eed238352fa9c2,2,728b7dd28b28|355cff364814,12.39,12.82,19.13597666629255,72.88983899966328,Mumbai Suburban,2026-02-17T15:20:00.000Z,2026-02-17T18:16:00.000Z,confirmed,received
HO-M46C-FAZG,LOT_01270,COL_0034,REC_003,TXN_00935,589079,d841bcae72a6eeee49d1e7cee14c7184309f931dbe4a7914f34e26fb27bc2d3d,3,fc52065f1f35|428142320bfa|880e80c2b9b6,8.53,8.62,18.591669234344362,73.92084231090993,Pune,2026-05-16T05:04:00.000Z,2026-05-16T08:13:00.000Z,confirmed,reported_to_epr
HO-QGSJ-HTV9,LOT_01271,COL_0024,REC_007,TXN_00936,814708,ba1b7789be3e34fcc0622a71195fdae64d201bac23ee299dc8ff716e146bb6a7,2,3a8b779b9778|7bc94091c6f0,40.71,41.6,19.195889419919254,72.94376047792733,Mumbai Suburban,2026-03-27T11:22:00.000Z,2026-03-27T12:04:00.000Z,confirmed,reported_to_epr
HO-P0DG-22NA,LOT_01272,COL_0001,REC_013,TXN_00937,873284,01d1026ec9935c75243612cdd3a08c0a5a8896679a66eeb0634cea0a97bdcac8,2,22921c3da57c|3f435abc0d2f,36.27,35.75,20.144208687990904,73.92183781919181,Nashik,2025-11-11T08:10:00.000Z,2025-11-11T08:37:00.000Z,confirmed,processed
HO-484S-BSK4,LOT_01273,COL_0054,REC_005,TXN_00938,379133,8c3d148eabf464e1aba279fc281ff68f84181d279c4d169311f53b73092bc07d,1,be6d7aa59d41,4.69,4.64,18.489540040129423,73.82892603611648,Pune,2026-05-23T11:05:00.000Z,2026-05-23T13:11:00.000Z,confirmed,sorted
HO-VXQF-GMSQ,LOT_01274,COL_0054,REC_003,TXN_00939,794068,bbf690475ecf3f184275fdad2f68da3a0f8495dcbc32580fa9809bb821e3a876,1,5c8f91e82d05,54.03,53.78,18.591669234344362,73.92084231090993,Pune,2026-05-21T04:56:00.000Z,2026-05-21T05:45:00.000Z,confirmed,received
HO-82WW-383W,LOT_01275,COL_0012,REC_004,TXN_00940,294658,6f61589551492c1194be5906f388a857a485af7b6bad7b3c8139d92a5753a638,1,92a7b84f3b84,15.86,16.57,18.47728938193023,73.81790044373722,Pune,2026-05-10T14:03:00.000Z,2026-05-10T14:38:00.000Z,confirmed,reported_to_epr
HO-3KP9-2DWB,LOT_01278,COL_0051,REC_006,TXN_00941,743310,e4ca158932bd125d3ff37863d1a46ee3904486942cae8bc948aae2f92da86a0d,2,33deaad3dda0|e2c7e2064293,27.63,28.27,19.03367845774293,72.79777061196863,Mumbai Suburban,2026-01-03T18:52:00.000Z,2026-01-03T20:26:00.000Z,confirmed,sorted
HO-TPF4-AN8C,LOT_01279,COL_0003,REC_002,TXN_00942,513361,c5abe29bc7a4a10f7d60acb9ae3613ca07b3630b79c0be3e6905640eec94ff9f,3,8fd4b2192674|887cec71cee4|6107764bf53a,73.61,71.35,18.50604963646233,73.8437846728161,Pune,2026-02-18T05:27:00.000Z,2026-02-18T07:45:00.000Z,confirmed,processed
HO-BCED-T85C,LOT_01280,COL_0046,REC_004,TXN_00943,599148,629c86cbcdb50901d6b4b06a53ce2264c905b4fa857d7d173d36e8223f9eaf58,1,d0c3c927323c,114.97,116.09,18.47728938193023,73.81790044373722,Pune,2026-04-13T04:56:00.000Z,2026-04-13T06:48:00.000Z,confirmed,reported_to_epr
HO-N595-KRX7,LOT_01281,COL_0037,REC_001,TXN_00944,372228,6eede8b5661129ebfd4fe7129ade76a2a16037fd208cebf3a9db5a0bb3cfb1c4,1,e673d8c91fb8,37.42,40.06,18.486481618070602,73.82617345626355,Pune,2026-04-04T14:02:00.000Z,2026-04-04T16:33:00.000Z,confirmed,reported_to_epr
HO-V33V-KB6B,LOT_01283,COL_0037,REC_001,TXN_00945,289060,fe843a0e12f20a3417f22945ccf1b02a5fdd8adbf1bf78d77f66f7ae3892f82c,1,172f8db56de1,0.11,0.11,18.486481618070602,73.82617345626355,Pune,2026-02-17T09:08:00.000Z,2026-02-17T12:48:00.000Z,confirmed,reported_to_epr
HO-GA4E-QHEN,LOT_01284,COL_0032,REC_007,TXN_00946,352111,9afb9200dfe5105d1ebcad362742fb8d04a2cec10bd6445fd62a7ac7f7909ec5,3,f837409780d0|65fc22581990|c10895765176,102.08,103.42,19.195889419919254,72.94376047792733,Mumbai Suburban,2026-07-20T10:34:00.000Z,2026-07-20T14:11:00.000Z,confirmed,sorted
HO-HGAJ-CVJP,LOT_01286,COL_0013,REC_020,TXN_00947,536682,60023642f4bfd44fae4abcd940f095b641ac3a01319636fc14027310f0beb06c,3,70567c97af52|ad0180812bd3|08ccf6b8e541,55.55,54.86,13.029597338622809,77.64679760476052,Bengaluru Urban,2026-02-13T12:08:00.000Z,2026-02-13T12:57:00.000Z,confirmed,sorted
HO-5WCJ-2MKJ,LOT_01287,COL_0032,REC_006,TXN_00948,105331,7e02544e0464f54c05ead6e71dad76a15fad4874a099a63d5f9b019c8c5bcee1,2,2ca74fe294c9|411c5be19905,31.86,30.98,19.03367845774293,72.79777061196863,Mumbai Suburban,2026-02-18T02:14:00.000Z,2026-02-18T05:01:00.000Z,confirmed,received
HO-159Y-K238,LOT_01288,COL_0013,REC_020,TXN_00949,015596,00ae090aa8bd1818228c66d0c70536e0a702f29a0fa646ee1d0f95e00d5d0251,4,9da04282e70a|8598bd05c8f1|859f703e0fa3|a1de7e3ea0d1,68.49,69.16,13.029597338622809,77.64679760476052,Bengaluru Urban,2025-09-18T23:21:00.000Z,2025-09-19T00:23:00.000Z,confirmed,received
HO-5J44-56CJ,LOT_01289,COL_0014,REC_004,TXN_00950,543045,2966288e984617c4e48d88f3f542dd2898db13c06f682580c773edeb9d67dacf,2,9ddca3a4dfd5|e3cae13bc73f,7.16,7.48,18.47728938193023,73.81790044373722,Pune,2026-08-30T03:25:00.000Z,2026-08-30T05:21:00.000Z,confirmed,sorted
HO-5EJ1-2X67,LOT_01290,COL_0008,REC_012,TXN_00951,149058,669c4fc87a2c08ab6877c1448a75f2858fd33313c3f42518b23a91987e7b476c,1,b278ae9fd91e,16.88,16.6,19.959777436479925,73.75584969283193,Nashik,2026-01-24T06:56:00.000Z,2026-01-24T10:03:00.000Z,confirmed,sorted
HO-S2SP-FRKM,LOT_01291,COL_0055,REC_008,TXN_00952,115838,ab661f8813be9d7f984334c3679629b801c95b358d73f439fb54557811f744d1,2,808ebf8a1ae3|3af86b743c0b,0.43,0.42,19.13597666629255,72.88983899966328,Mumbai Suburban,2026-07-10T07:23:00.000Z,2026-07-10T10:51:00.000Z,confirmed,processed
HO-J08K-PJ7D,LOT_01293,COL_0052,REC_021,TXN_00953,174966,830eb8f4e1b60ed149e29405867fd46341457c76d595fbf416528f52df8cd0c9,2,dca1fc8ddcb3|3dcf887db88f,1.62,1.62,12.939527776500583,77.56573499885053,Bengaluru Urban,2026-05-16T10:59:00.000Z,2026-05-16T13:02:00.000Z,confirmed,reported_to_epr
HO-PE89-RFVY,LOT_01297,COL_0037,REC_005,TXN_00954,791392,bae478ca83e07ab7f87e722a90c9d3d4702457270659fbc1e681f9fdd42b8b8e,1,577cc5254c44,0.13,0.12,18.489540040129423,73.82892603611648,Pune,2026-03-26T01:41:00.000Z,2026-03-26T03:11:00.000Z,confirmed,received
HO-KNG3-RAW7,LOT_01298,COL_0004,REC_003,TXN_00955,653488,7d3b2c363ab59d6dd901f538e68f420396ebc131986f7b49ab5feb77c929afb9,3,09f04e2ed7c5|46730f7330de|9881bca60773,72.61,72.02,18.591669234344362,73.92084231090993,Pune,2026-08-09T23:10:00.000Z,2026-08-10T00:24:00.000Z,confirmed,processed
HO-54N2-58ES,LOT_01300,COL_0054,REC_003,TXN_00956,999083,14acfeec04b414417ca6d3a091345c1f374a6c2f6be95d6e2dee241f6b3c027b,1,08be311cd49f,0.13,0.13,18.591669234344362,73.92084231090993,Pune,2025-10-08T09:02:00.000Z,2025-10-08T12:10:00.000Z,confirmed,processed
HO-8PVV-YN4J,LOT_01302,COL_0017,REC_010,TXN_00957,603162,87d7c33a59d95459eb201746d07044e24d8dc534bd1c5def814331c6828ccd3a,1,dc63d5e38a7e,24.87,25.02,19.083108686077594,72.85642781746984,Thane,2026-03-06T08:56:00.000Z,2026-03-06T09:02:00.000Z,confirmed,sorted
HO-NZZN-WWRN,LOT_01303,COL_0024,REC_007,TXN_00958,133637,038d484da91ca1365070047de869e950813428f6a72e308cc13bcdc88dbe95b8,2,18af21b4eb8a|f751556b12e5,40.79,43.58,19.195889419919254,72.94376047792733,Mumbai Suburban,2025-09-25T11:25:00.000Z,2025-09-25T14:44:00.000Z,confirmed,received
HO-HDKM-S6TB,LOT_01304,COL_0001,REC_012,TXN_00959,622995,ba1cac6568d457ac8d3a625433e07ffa7d172ba0393f032c8167bb1864c911c5,1,b01dfcfde9c5,29.69,29.45,19.959777436479925,73.75584969283193,Nashik,2025-12-15T05:04:00.000Z,2025-12-15T07:09:00.000Z,confirmed,reported_to_epr
HO-ZM1N-DC13,LOT_01305,COL_0034,REC_005,TXN_00960,217244,fe1d98644c8812ded3ce7d484a44db75573c4603a1e2cb41315ed1a31232a337,2,6faaa1fa183e|0d189bec49c1,4.02,3.97,18.489540040129423,73.82892603611648,Pune,2026-02-14T10:06:00.000Z,2026-02-14T12:49:00.000Z,confirmed,sorted
HO-ZN9C-4RGJ,LOT_01307,COL_0026,REC_019,TXN_00961,063477,5d905fa11a98112171348d5b5f3e05e176fb38bb57b26891fbab0548977c9d96,2,d02b707540b1|0a2e08d14376,38.79,40.4,28.5746101020962,77.17363909188659,New Delhi,2026-04-05T17:50:00.000Z,2026-04-05T19:16:00.000Z,confirmed,processed
HO-NW33-C84T,LOT_01308,COL_0023,REC_019,TXN_00962,254837,775143a4faf0ca20370c4a0af46cbd003d441265dcfb6edfb7077a7fc406b28a,2,0732006de3fa|d7cbe1d00874,37.99,37.83,28.5746101020962,77.17363909188659,New Delhi,2026-05-24T08:44:00.000Z,2026-05-24T08:57:00.000Z,confirmed,reported_to_epr
HO-WM0P-N0ZR,LOT_01309,COL_0041,REC_021,TXN_00963,456667,48749164d90b14d43ab46e15fe15eb2b1e5c0fc33c0837718f61bf334f061762,3,7394079c76b9|d489dc2012f9|88b82bd623e0,30.62,31.63,12.939527776500583,77.56573499885053,Bengaluru Urban,2025-11-13T19:36:00.000Z,2025-11-13T22:19:00.000Z,confirmed,sorted
HO-1T4T-CT10,LOT_01310,COL_0018,REC_007,TXN_00964,846501,efda11d2e5617791c45ccb5e1176035476af9a076005caf3e2657e2d6bf10cbc,2,5df458416991|8ae41033d7d1,9.33,9.6,19.195889419919254,72.94376047792733,Mumbai Suburban,2026-06-14T18:44:00.000Z,2026-06-14T22:39:00.000Z,confirmed,sorted
HO-Y4WD-TZ4H,LOT_01311,COL_0057,REC_014,TXN_00965,188579,6e8da891594bb5d5cef54e726ee095477b4895895d6304710707638a7f1750db,2,ff51880ba614|8a11c4b91b2f,4.77,4.65,21.207097198012473,79.14336747821122,Nagpur,2025-09-16T13:08:00.000Z,2025-09-16T16:32:00.000Z,confirmed,sorted
HO-69ZR-M452,LOT_01312,COL_0013,REC_020,TXN_00966,833503,760963032c9aac0499e493eb5086d7a0d4c4f5cbbb8aa6697cf69d0d5470af75,1,9366d818d1e3,99.64,98.29,13.029597338622809,77.64679760476052,Bengaluru Urban,2025-10-06T05:59:00.000Z,2025-10-06T08:10:00.000Z,confirmed,reported_to_epr
HO-3GYR-T0B9,LOT_01313,COL_0022,REC_007,TXN_00967,099567,530a08ff37da00cde139a4dda05c4c80d9a3088bad70fb3c861edbcd8ec76555,3,cb9457a81162|25c118b0cbc9|5bbc197eab39,65.59,62.67,19.195889419919254,72.94376047792733,Mumbai Suburban,2025-11-23T11:19:00.000Z,2025-11-23T13:49:00.000Z,confirmed,reported_to_epr
HO-XB00-NNBK,LOT_01314,COL_0054,REC_005,TXN_00968,905953,ba1aa406e410a03af2e81c1f79a91212203069a92f8c3719e2f49efbec297bab,2,ad5aceb0405e|a80e81482504,94.11,94.65,18.489540040129423,73.82892603611648,Pune,2026-04-30T19:36:00.000Z,2026-04-30T20:38:00.000Z,confirmed,processed
HO-MMGW-XJRH,LOT_01315,COL_0046,REC_005,TXN_00969,888914,d68995bafa550387037803df0946e8dfb9e1daa8e9ab17269bbe314496291952,1,0a644dff24e8,36.43,36.78,18.489540040129423,73.82892603611648,Pune,2026-07-16T14:24:00.000Z,2026-07-16T17:09:00.000Z,confirmed,reported_to_epr
HO-8P04-VTK8,LOT_01317,COL_0055,REC_007,TXN_00970,324331,0e8b41935dd749c47955b811c92859da7347295d92e2627345cd20421a952669,1,b39363e132b2,17.81,16.55,19.195889419919254,72.94376047792733,Mumbai Suburban,2025-12-10T20:00:00.000Z,2025-12-10T23:38:00.000Z,confirmed,processed
HO-DV6D-HFYS,LOT_01318,COL_0050,REC_004,TXN_00971,852529,3b916b71d777c3904347007db31026b46d06b5a343f25767eba1750c2eea6a1f,1,65191b548753,0.18,0.18,18.47728938193023,73.81790044373722,Pune,2025-12-18T08:57:00.000Z,2025-12-18T11:07:00.000Z,confirmed,sorted
HO-GC0A-7323,LOT_01319,COL_0044,REC_003,TXN_00972,220523,2a3407380223a47fb44118cd605c66647c5273118229769e3e73f030f60ca049,2,d58086ad0358|56a9e2a3bd5f,56.61,56.26,18.591669234344362,73.92084231090993,Pune,2025-11-08T17:12:00.000Z,2025-11-08T20:43:00.000Z,confirmed,processed
HO-BK0B-YGDK,LOT_01320,COL_0037,REC_001,TXN_00973,918225,1153581a1cb05b49da75a138e29840a449b3ed27f625de55cb607fe04c6f6c96,1,b823cf94876b,27.6,27.22,18.486481618070602,73.82617345626355,Pune,2026-03-22T09:18:00.000Z,2026-03-22T10:57:00.000Z,confirmed,received
HO-5ZJV-SWK2,LOT_01322,COL_0029,REC_006,TXN_00974,345963,370cc35ec311d9fd8077a48afb20d9fe57e2b9a8d9c4f0341cbd1fe584ebb906,2,9f164cd58ec4|b1f681200a34,107.73,106.68,19.03367845774293,72.79777061196863,Mumbai Suburban,2026-01-04T21:03:00.000Z,2026-01-05T00:42:00.000Z,confirmed,reported_to_epr
HO-9BFB-1FXR,LOT_01323,COL_0048,REC_010,TXN_00975,983958,be8e0f2b608e11906f18e4f562c75cec6bf43a1c70c25cc5000ef4101ac10bde,1,061a078e2c3a,2,2.02,19.083108686077594,72.85642781746984,Thane,2026-02-25T17:59:00.000Z,2026-02-25T19:23:00.000Z,confirmed,processed
HO-6AAG-NZFW,LOT_01325,COL_0007,REC_010,TXN_00976,144684,674807a95903c3983439db75c1e81fa2a253bb533a59f9d948a0d04dd18a07d4,3,ecc82c2061d0|2ee46810a120|7f42edc93ddd,100.21,100.78,19.083108686077594,72.85642781746984,Thane,2026-03-08T11:58:00.000Z,2026-03-08T13:34:00.000Z,confirmed,processed
HO-Z59V-YKK6,LOT_01326,COL_0001,REC_013,TXN_00977,448512,699a433afec8b0beb5118773a7e907c21ac78ebaf88d7b5cd5959e8fc3cd58dd,2,6b9935eed7d3|c4ce084306fd,37.92,39.06,20.144208687990904,73.92183781919181,Nashik,2026-06-01T05:28:00.000Z,2026-06-01T09:23:00.000Z,confirmed,received
HO-CSFP-R551,LOT_01327,COL_0047,REC_019,TXN_00978,306898,a8df895bd048650ca899957e69b3f8e32b14a6cae24914cb437557b9e24ff516,4,81a0ce45b789|037b8dc09d56|12adec378fb3|80984c77deac,41.79,41.43,28.5746101020962,77.17363909188659,New Delhi,2026-03-11T08:11:00.000Z,2026-03-11T09:33:00.000Z,confirmed,reported_to_epr
HO-TX56-2W2B,LOT_01328,COL_0009,REC_013,TXN_00979,480647,9444fea65a8324ca15234c1ae85dd6dbf7ec9cf6fb21c52f59a2269db6ca9d2e,2,fdc0b5713084|4011fe55a18d,4.45,4.33,20.144208687990904,73.92183781919181,Nashik,2025-10-23T18:13:00.000Z,2025-10-23T20:39:00.000Z,confirmed,processed
HO-WRKG-M49C,LOT_01329,COL_0009,REC_013,TXN_00980,679040,991a5b2c38a4d9969e3e3b25f3df7c0b12c4c5e1cf73423a59551a7eb96e9f06,1,797029fd3fae,0.23,0.24,20.144208687990904,73.92183781919181,Nashik,2026-04-19T08:22:00.000Z,2026-04-19T10:12:00.000Z,confirmed,processed
HO-9EPK-QAB3,LOT_01331,COL_0058,REC_019,TXN_00981,231309,7a079885995da682f95a82018f8a80211798c86d4150df1a1572865e969e8943,3,88623e22c0fe|473a7eb9aafc|1e9d4371bd67,36.82,38.02,28.5746101020962,77.17363909188659,New Delhi,2026-06-21T07:47:00.000Z,2026-06-21T08:43:00.000Z,confirmed,sorted
HO-ASW7-HTPE,LOT_01333,COL_0001,REC_013,TXN_00982,473611,e69db79477529aecc1d042419acbd73e1a0061eb21feb66a93d3769baa44dd29,2,75f054cc3967|b2b1cbfcc537,27.41,27.73,20.144208687990904,73.92183781919181,Nashik,2026-01-26T18:22:00.000Z,2026-01-26T19:41:00.000Z,confirmed,received
HO-J4BC-PCJG,LOT_01335,COL_0039,REC_011,TXN_00983,197581,dcfc4b3fe44ae1421eeac52ec234aa768982b195c1812fb811b630caaffbb289,1,746382b8b5df,0.49,0.5,19.102753954026102,72.87410855862349,Thane,2026-05-02T14:24:00.000Z,2026-05-02T14:34:00.000Z,confirmed,processed
HO-1V7A-AT4C,LOT_01336,COL_0031,REC_007,TXN_00984,825321,c96ed9b1a515b451e09b845128857560ba5695cd599a149860312affe046b0da,1,e6b398d8ebff,26.82,26.79,19.195889419919254,72.94376047792733,Mumbai Suburban,2025-11-15T02:35:00.000Z,2025-11-15T03:06:00.000Z,confirmed,processed
HO-VJX1-QT2M,LOT_01337,COL_0004,REC_004,TXN_00985,361357,6496879894ed259754e8d95dbf4a3f68613f65fe43e6dc256b874bd96a90a85c,1,b77bf5716e52,7.41,5.48,18.47728938193023,73.81790044373722,Pune,2026-05-09T10:11:00.000Z,2026-05-09T13:11:00.000Z,confirmed,reported_to_epr
HO-2FDC-DS1R,LOT_01341,COL_0008,REC_013,TXN_00986,562462,ca7a20700eebf7885393ccbd882bf273fcf6524245849ca9cae67ed65daf5443,3,86e463f60130|95396394c54a|041f64a6568f,62.9,65.32,20.144208687990904,73.92183781919181,Nashik,2026-03-05T03:02:00.000Z,2026-03-05T05:23:00.000Z,confirmed,processed
HO-SS13-HWNH,LOT_01342,COL_0008,REC_013,TXN_00987,652988,96bf6b5844f880671a394ec934f8f3e77d60c4c83116e34ed50e73c632fe254a,1,c36e6964549c,10.48,7.53,20.144208687990904,73.92183781919181,Nashik,2025-09-25T11:52:00.000Z,2025-09-25T13:29:00.000Z,confirmed,reported_to_epr
HO-CN7P-HMQ7,LOT_01343,COL_0021,REC_001,TXN_00988,825426,6137acf66c4dfce28baa4f1abc407e840e3e35629c03281aa4751b369e7144ae,1,69e6c88f9993,12.3,12.09,18.486481618070602,73.82617345626355,Pune,2026-04-06T00:39:00.000Z,2026-04-06T03:49:00.000Z,confirmed,received
HO-GMHW-6JZM,LOT_01344,COL_0032,REC_008,TXN_00989,881805,832ae0842a6a5e11782ebee20f38304b86bfcccc62db2f97f4c965e313e687d7,3,c03563c1ea9f|eb8fda9fe1b0|60a32f248152,38.61,38.33,19.13597666629255,72.88983899966328,Mumbai Suburban,2026-06-18T17:15:00.000Z,2026-06-18T20:01:00.000Z,confirmed,received
HO-6BSX-Z1JQ,LOT_01345,COL_0010,REC_002,TXN_00990,136341,df4e50230ef5b1624f0d50b0eebdf5b5e0ce151ecab13b00240cc1818c259463,1,a1c1e864d593,5.02,5.15,18.50604963646233,73.8437846728161,Pune,2025-11-09T03:04:00.000Z,2025-11-09T03:12:00.000Z,confirmed,sorted
HO-X11E-BRMZ,LOT_01346,COL_0020,REC_011,TXN_00991,170200,372b4e537251f9c1a79dfd047330761b152e9b59e641eb3830a523841bad9bd6,1,26850592df02,0.15,0.15,19.102753954026102,72.87410855862349,Thane,2025-10-18T08:52:00.000Z,2025-10-18T11:23:00.000Z,confirmed,reported_to_epr
HO-QASP-5VNT,LOT_01347,COL_0033,REC_010,TXN_00992,204640,650f4a2ab0449ad8d52e90b3f8e0aac3cd04045e8f085c77c2dad96a07e021c1,1,e64b16be04a8,42.8,41.9,19.083108686077594,72.85642781746984,Thane,2025-09-14T21:59:00.000Z,2025-09-15T00:38:00.000Z,confirmed,received
HO-6Z7C-Z7GF,LOT_01349,COL_0045,REC_021,TXN_00993,191693,10634c913bda04654a0606bd08aeb8b7fd28e4989bd5043452bad069b826380e,2,07a1bde069d1|98ad60b8509a,21.51,21.97,12.939527776500583,77.56573499885053,Bengaluru Urban,2026-04-17T11:47:00.000Z,2026-04-17T11:51:00.000Z,confirmed,processed
HO-Z40H-JM10,LOT_01351,COL_0059,REC_001,TXN_00994,622362,3e19de0dd0727f4f624c7f3dff4fd0e24e9c4595cd30fad2a95925a432cc89f6,3,f5f2f09b53c0,86.24,86.74,18.486481618070602,73.82617345626355,Pune,2026-07-03T05:38:00.000Z,2026-07-03T06:13:00.000Z,confirmed,received
HO-4K78-RJ2V,LOT_01352,COL_0033,REC_010,TXN_00995,807830,7fb967bd4d7855f75022ab46aaabea5f53ef80f0f6c487b5332782a48ad2c634,2,dffa1a8a9fa8|64c3def1807d,3.47,3.64,19.083108686077594,72.85642781746984,Thane,2026-06-07T11:02:00.000Z,2026-06-07T14:42:00.000Z,confirmed,received
HO-FK5S-YS7Z,LOT_01353,COL_0024,REC_008,TXN_00996,099460,305ea7cc15808652f4482d1596f12fe3b8f41ac7ac3c30ea6e2cf515344642a4,2,c9c0130cefe4|e75aee7dc909,28.77,29.87,19.13597666629255,72.88983899966328,Mumbai Suburban,2026-06-05T02:16:00.000Z,2026-06-05T04:45:00.000Z,confirmed,received
HO-6E6V-4G9J,LOT_01354,COL_0010,REC_004,TXN_00997,788957,ff6d39bffa562572afd8c68baf5b8a101e8dbe5e405f84274f3210c0b2a28740,2,84c8e7d86786|6f59663ffa50,43.41,44.42,18.47728938193023,73.81790044373722,Pune,2025-12-17T18:33:00.000Z,2025-12-17T19:49:00.000Z,confirmed,processed
HO-257N-CQGD,LOT_01356,COL_0037,REC_002,TXN_00998,840946,3ef69888ca992a525123e0d9a7dfcff4bf78e25cfbf8d2741a926b83229ea784,3,62d04ae0f127|876f45b3216f|9845e8c4aa8b,42.54,43.47,18.50604963646233,73.8437846728161,Pune,2026-06-25T03:35:00.000Z,2026-06-25T04:33:00.000Z,confirmed,processed
HO-2437-A9TJ,LOT_01358,COL_0039,REC_010,TXN_00999,497712,74e07732c03f9fa98b81ad926b07c6c866d917169d0838ba27097fd836833f1f,1,27701b6143ca,25.2,25.43,19.083108686077594,72.85642781746984,Thane,2026-07-02T06:04:00.000Z,2026-07-02T08:37:00.000Z,confirmed,received
HO-VEJ4-Q6WD,LOT_01359,COL_0031,REC_006,TXN_01000,869247,7aeb708526655c4aff2dcb8540c7e335d6a4019b50432638b267f7d7696b43ee,2,b7600cea0018|983cef373580,38.69,37.07,19.03367845774293,72.79777061196863,Mumbai Suburban,2026-05-18T07:58:00.000Z,2026-05-18T09:28:00.000Z,confirmed,received
HO-TAKX-J4P5,LOT_01360,COL_0027,REC_013,TXN_01001,903967,3e46229ee008770e59ab7bd3aaf8a57a8a7325bf6cba79eaf2707d6cb2e62b71,3,4ffb443ae27d|c81bec1648df|52919ee23f85,32.9,32.61,20.144208687990904,73.92183781919181,Nashik,2026-04-01T01:57:00.000Z,2026-04-01T02:04:00.000Z,confirmed,processed
HO-BN8W-S14N,LOT_01361,COL_0020,REC_010,TXN_01002,605981,66cddc9ee632276213dd6415a34f13ae9f4a202f4cac38e73597993575b97a70,3,76a79aa91896|5d078fe3f796|ec6418ce26a7,48.37,50.36,19.083108686077594,72.85642781746984,Thane,2025-09-11T02:15:00.000Z,2025-09-11T04:38:00.000Z,confirmed,received
HO-VT3P-AEFP,LOT_01362,COL_0026,REC_019,TXN_01003,516818,9109af558015ef191bc5cc48d295676068c3411dff6825e519e3c78c26f0f90f,2,7047638f700b|07cb886e2dde,41.63,41.09,28.5746101020962,77.17363909188659,New Delhi,2026-06-28T20:52:00.000Z,2026-06-28T22:19:00.000Z,confirmed,reported_to_epr
HO-Z718-EJXV,LOT_01363,COL_0042,REC_004,TXN_01004,247417,ad987a04171fa3e857821d6a85631c0d359d54c3f6b074ab35cd3699aeb41e2c,4,1e57026cba47|3a5eabe7d260|77a7864e5a5d|fb71bb51609b,34.2,35.9,18.47728938193023,73.81790044373722,Pune,2026-03-04T14:25:00.000Z,2026-03-04T14:43:00.000Z,confirmed,reported_to_epr
HO-ZTKA-CR51,LOT_01364,COL_0045,REC_021,TXN_01005,751867,fa2417e30271976b6a4c386087b3cb448559061351d12a90bf699200a8c62b65,1,57e05fe4b924,12.08,12.59,12.939527776500583,77.56573499885053,Bengaluru Urban,2025-12-21T03:12:00.000Z,2025-12-21T04:31:00.000Z,confirmed,received
HO-YWNK-KB42,LOT_01365,COL_0021,REC_001,TXN_01006,821559,9de8ec2af38d82e5822810bb657128fabe19601c71720ac397de2cff7c11f832,1,236926618c26,40.09,39.6,18.486481618070602,73.82617345626355,Pune,2026-08-12T23:55:00.000Z,2026-08-12T23:57:00.000Z,confirmed,processed
HO-804H-CRHM,LOT_01366,COL_0049,REC_019,TXN_01007,388578,f48502681c90dfd07024e5f04bdf4c7c0c1b29cd60e4db7cc1cb897b1255ff6b,1,76b9edd06e15,57.1,58.8,28.5746101020962,77.17363909188659,New Delhi,2025-11-16T19:28:00.000Z,2025-11-16T19:35:00.000Z,confirmed,processed
HO-NDCS-E003,LOT_01367,COL_0009,REC_012,TXN_01008,854154,6c2e4c9609d24d9caf5a9a64f44ac27c57767540309c58dc1d290c6fb7d7844a,2,cbf6a446be7c|64dd976d0bdb,34.31,34.49,19.959777436479925,73.75584969283193,Nashik,2026-04-02T20:40:00.000Z,2026-04-02T21:18:00.000Z,confirmed,sorted
HO-ZVHK-B4HB,LOT_01368,COL_0016,REC_007,TXN_01009,875557,8568f12ecc0825aa327bafad1b8a531a1bfec873357540aa42b0592d7eabb8cf,2,83e5ff2e5a6a,0.97,0.99,19.195889419919254,72.94376047792733,Mumbai Suburban,2026-04-14T05:55:00.000Z,2026-04-14T09:35:00.000Z,confirmed,processed
HO-SBDS-6Q8F,LOT_01369,COL_0033,REC_010,TXN_01010,696094,eb170dfe8832ab0bbff9e0ec7c10d39e63c7c9a7bf53ad4f722ea2f9e525afc9,2,40d4ba222470|7219276c667e,3.51,3.44,19.083108686077594,72.85642781746984,Thane,2026-07-12T15:16:00.000Z,2026-07-12T18:43:00.000Z,confirmed,processed
HO-557P-Y2GY,LOT_01370,COL_0013,REC_020,TXN_01011,978666,135ffe3622f4c304f7c61ff6d19e98d0a9e045a6827eb84d2306c9db59c288ad,2,c407bdd2a227|a292afe1a641,69.88,69.94,13.029597338622809,77.64679760476052,Bengaluru Urban,2026-06-19T07:15:00.000Z,2026-06-19T10:33:00.000Z,confirmed,sorted
HO-18C5-7Y5J,LOT_01371,COL_0021,REC_003,TXN_01012,474408,e3c330af2a28895f0809d60697dfca56f1ccf7fd0211343a1d63f56491627c5f,1,a52e67aa2633,37.61,37.89,18.591669234344362,73.92084231090993,Pune,2025-11-17T10:36:00.000Z,2025-11-17T13:28:00.000Z,confirmed,sorted
HO-49R0-RS3X,LOT_01372,COL_0059,REC_003,TXN_01013,611885,6f288867cf877b9824a9fddd8783691bc26e12883477457a7e4237a57cac1c87,1,edfc8f71593c,4.88,4.69,18.591669234344362,73.92084231090993,Pune,2026-07-26T16:56:00.000Z,2026-07-26T19:45:00.000Z,confirmed,reported_to_epr
HO-31KS-S5HT,LOT_01373,COL_0041,REC_021,TXN_01014,790475,e8c5ccce40a134740b36ea492dbb841932efb4beef1dbdd25baf560de51b9476,1,fb22ab5644a2,9.33,9.78,12.939527776500583,77.56573499885053,Bengaluru Urban,2026-07-25T21:06:00.000Z,2026-07-26T00:01:00.000Z,confirmed,reported_to_epr
HO-PJ2G-NSEA,LOT_01374,COL_0027,REC_013,TXN_01015,034514,82d1fa67ff13bee202e996f87fdbbdb4f6a50c2c83d39f44cede831bcdc96c2e,1,29a465bfed31,3,2.97,20.144208687990904,73.92183781919181,Nashik,2026-04-18T10:32:00.000Z,2026-04-18T13:05:00.000Z,confirmed,sorted
HO-S6CW-Q1BA,LOT_01375,COL_0025,REC_005,TXN_01016,848184,84ab75119c809356c1755e07ea2618d97ef309e30bf903ca17325be5702619c5,3,f1cdbd2ed5bc|9258e2470a96|63a6279fb9dc,141.09,146.64,18.489540040129423,73.82892603611648,Pune,2026-05-22T11:51:00.000Z,2026-05-22T15:25:00.000Z,confirmed,sorted
HO-TJC7-TWFD,LOT_01376,COL_0012,REC_002,TXN_01017,714847,a3df675b52e86225625dabfec51bd7af24a2c6a0f7983f7a2186a34e9e251b4a,1,6955642c9f2d,18.18,18.19,18.50604963646233,73.8437846728161,Pune,2026-04-25T10:23:00.000Z,2026-04-25T11:44:00.000Z,confirmed,received
HO-CY3D-57HF,LOT_01377,COL_0040,REC_008,TXN_01018,356178,cfc53cd85dbd604393d47d4e39dcda1dd0cc6032765ffc18ec34039865c52501,1,82133d082f3c,8.46,8.92,19.13597666629255,72.88983899966328,Mumbai Suburban,2026-06-19T22:45:00.000Z,2026-06-19T23:22:00.000Z,confirmed,sorted
HO-Z21J-M005,LOT_01378,COL_0036,REC_008,TXN_01019,149877,5015a714222dfaa393e002c7a7b6aa5dfbdc4f2de16102eb0509c564691cb607,2,df9a4cc47ae9|abcd47616e6f,152.47,155.72,19.13597666629255,72.88983899966328,Mumbai Suburban,2026-02-15T16:49:00.000Z,2026-02-15T19:15:00.000Z,confirmed,processed
HO-NSCE-49SD,LOT_01379,COL_0010,REC_005,TXN_01020,131684,7413446cafc080c8b753b1fca1c201e299c5ac98bb49fe5bba8dc2961f6349ae,2,e243e8d2016f|699f66052a64,29.22,29.18,18.489540040129423,73.82892603611648,Pune,2026-08-17T23:49:00.000Z,2026-08-18T02:24:00.000Z,confirmed,received
HO-ZTTA-C56J,LOT_01380,COL_0014,REC_001,TXN_01021,155391,4e4e0c1cef3e1f1e3286bfb211a4835262122c5dec432da11d4263e7fc4e4436,3,7d1c5204671c|a3b41e2b037f|6922bf636fde,18.66,18.06,18.486481618070602,73.82617345626355,Pune,2026-03-15T14:37:00.000Z,2026-03-15T18:33:00.000Z,confirmed,reported_to_epr
HO-7QK0-QBFX,LOT_01383,COL_0048,REC_010,TXN_01022,256099,42e353b962bfc1cd312e1047a1f56c8ea9257babaa1f965cf28c14aabf98e3e0,1,c0088fe7704f,37.15,39.8,19.083108686077594,72.85642781746984,Thane,2026-06-09T20:22:00.000Z,2026-06-09T21:10:00.000Z,confirmed,processed
HO-FP2F-EXAF,LOT_01384,COL_0049,REC_019,TXN_01023,357641,d5c950b3a793d2e9a23c4c7d3fd62c518662b23231a3012b6cda50c02dbccb4e,2,cdb9d045ebe4|82be8cd11b33,69.09,67.33,28.5746101020962,77.17363909188659,New Delhi,2026-05-07T17:02:00.000Z,2026-05-07T20:32:00.000Z,confirmed,received
HO-12EH-BA5P,LOT_01385,COL_0042,REC_003,TXN_01024,460042,2fe426a47dcdc6f906ea184ac18e7c65e27d650df7c63610eac7b099da6dfd88,4,58a281806c1f|d4babf6c19bd|6faec173bd52|6431d4b52da1,71.39,72.74,18.591669234344362,73.92084231090993,Pune,2026-01-05T11:07:00.000Z,2026-01-05T12:11:00.000Z,confirmed,processed
HO-DGF8-5S6S,LOT_01386,COL_0043,REC_002,TXN_01025,005161,9de15545db9995c4395bf2508273cc9774f1a29afdc35b65e90d213092624dc0,1,224db0d0478a,68.59,68.4,18.50604963646233,73.8437846728161,Pune,2025-11-22T13:18:00.000Z,2025-11-22T14:45:00.000Z,confirmed,received
HO-6TEX-6BMS,LOT_01388,COL_0017,REC_010,TXN_01026,589457,dd5121117e5b2412a774d4da2a114c4ae578c6e0a0b590c7ee801bc203fe9a8c,1,71c12925ad14,42.34,41.48,19.083108686077594,72.85642781746984,Thane,2025-11-26T10:26:00.000Z,2025-11-26T11:38:00.000Z,confirmed,received
HO-C0JR-TAB6,LOT_01392,COL_0008,REC_012,TXN_01027,292933,229417e7358cbe969b25e750647b4631ec275cbb05aacd9512e08034562268aa,4,8f25fd3845ab|c16ebf9809b3|a37b9358dfc0|6db7fc65c89f,110.75,112.17,19.959777436479925,73.75584969283193,Nashik,2026-03-12T09:14:00.000Z,2026-03-12T12:01:00.000Z,confirmed,reported_to_epr
HO-FFS0-C2HR,LOT_01393,COL_0054,REC_001,TXN_01028,799685,294ac5b6d3493bcb3456d16bc822504cbe10a65d1238bfe195d32bcc194b2d1d,2,febff36a78c6|f37dc084142d,7.27,7.33,18.486481618070602,73.82617345626355,Pune,2026-01-26T08:41:00.000Z,2026-01-26T11:57:00.000Z,confirmed,received
HO-23QP-Q47P,LOT_01394,COL_0004,REC_002,TXN_01029,173974,54f66e57e839a97c3db47c0c12a1d081bfbc32fc43b69eb5d31323d0f18ac292,3,bd1ef231440e|44d0ee6f7d30|8b4c35afbdd5,34.23,33.97,18.50604963646233,73.8437846728161,Pune,2026-07-22T15:40:00.000Z,2026-07-22T17:20:00.000Z,confirmed,received
HO-7QYB-NMER,LOT_01396,COL_0012,REC_004,TXN_01030,741649,f82e1c82e91367192b329381bc41fefb4d9841f2b1a3e258868edc0c3bf14ae8,1,fcf01f2d2d5e,0.28,0.25,18.47728938193023,73.81790044373722,Pune,2025-11-28T22:54:00.000Z,2025-11-29T01:51:00.000Z,confirmed,received
HO-864D-94M9,LOT_01397,COL_0021,REC_003,TXN_01031,346250,0f5e408cd8fbeb2c14a40901a5457ae9cd5cf1b16529cfc810d3021c0139043e,1,48a2224f14cd,34.32,35.74,18.591669234344362,73.92084231090993,Pune,2026-06-21T02:33:00.000Z,2026-06-21T05:28:00.000Z,confirmed,received
HO-7P7R-DYDV,LOT_01399,COL_0039,REC_011,TXN_01032,340770,5d4f78afa4212e0dab31a8036bdfd9c60540a224a448457674b9526e39aeaa81,1,873f6e22ac0c,28.13,28.19,19.102753954026102,72.87410855862349,Thane,2025-09-22T11:10:00.000Z,2025-09-22T14:46:00.000Z,confirmed,sorted
HO-FKRN-BSR5,LOT_01400,COL_0020,REC_011,TXN_01033,987369,907a495306e51aa22190159cf1a188bbd63a1487609b0a1b963b77879f511fd8,2,3e03f765721f|b3070bf5e868,14.62,15.28,19.102753954026102,72.87410855862349,Thane,2026-08-06T23:02:00.000Z,2026-08-06T23:31:00.000Z,confirmed,sorted
