sampleId,imageRef,imageHash,labelCategoryId,labelSubCategoryId,labelSource,weightKg,district,observedPriceInr,finalPriceInr,capturedAt,split,synthetic
TRN_000001,synthetic://images/cable_mixed_scrap/36ddf6b602a0.jpg,36ddf6b602a0,cable,cable_mixed_scrap,collector,29.19,Nashik,4730.67,4454.55,2026-08-02T16:13:00.000Z,train,true
TRN_000002,synthetic://images/pcb_motherboard/fcbc4c5f4a3d.jpg,fcbc4c5f4a3d,pcb,pcb_motherboard,collector,6.18,Nashik,1895.7,1785.05,2026-08-02T16:13:00.000Z,train,true
TRN_000003,synthetic://images/pcb_ram_gold/a19f0c06e3b4.jpg,a19f0c06e3b4,pcb,pcb_ram_gold,collector,0.47,Nashik,282.79,266.28,2026-08-02T16:13:00.000Z,test,true
TRN_000004,synthetic://images/motor_speaker_magnet/dae91158cfb5.jpg,dae91158cfb5,motor_magnet,motor_speaker_magnet,collector,2.59,Nashik,175.43,165.19,2026-08-02T16:13:00.000Z,val,true
TRN_000005,synthetic://images/pcb_cpu_processor/870f4e2edf06.jpg,870f4e2edf06,pcb,pcb_cpu_processor,collector,0.11,New Delhi,521.92,,2026-07-15T14:10:00.000Z,test,true
TRN_000006,synthetic://images/crt_yoke/1615a9374ae0.jpg,1615a9374ae0,crt,crt_yoke,recycler_corrected,2.9,Bengaluru Urban,225.33,,2026-08-30T12:04:00.000Z,train,true
TRN_000007,synthetic://images/pcb_tv_low_grade/b921d1e4faf7.jpg,b921d1e4faf7,pcb,pcb_tv_low_grade,collector,3.21,Bengaluru Urban,389.5,,2026-08-30T12:04:00.000Z,train,true
TRN_000008,synthetic://images/cable_aluminium/e83ec3d08ec0.jpg,e83ec3d08ec0,cable,cable_aluminium,collector,22.94,Thane,2401.8,2221.28,2026-01-02T08:46:00.000Z,train,true
TRN_000009,synthetic://images/pcb_power_supply/aa737a45a90c.jpg,aa737a45a90c,pcb,pcb_power_supply,recycler_corrected,14.91,Mumbai Suburban,1524.43,,2026-09-01T11:04:00.000Z,train,true
TRN_000010,synthetic://images/pcb_motherboard/4fa3e2af0293.jpg,4fa3e2af0293,pcb,pcb_motherboard,collector,0.83,Mumbai Suburban,297.32,203.39,2025-10-25T10:58:00.000Z,test,true
TRN_000011,synthetic://images/cable_aluminium/c3da454b1d3b.jpg,c3da454b1d3b,cable,cable_aluminium,collector,33.5,Mumbai Suburban,4774.42,3266.08,2025-10-25T10:58:00.000Z,train,true
TRN_000012,synthetic://images/crt_monitor/9d0c249868e0.jpg,9d0c249868e0,crt,crt_monitor,collector,90.1,Mumbai Suburban,788.83,539.62,2025-10-25T10:58:00.000Z,train,true
TRN_000013,synthetic://images/pcb_power_supply/9e1d5a33347e.jpg,9e1d5a33347e,pcb,pcb_power_supply,collector,3.57,Pune,207,,2025-12-02T09:39:00.000Z,train,true
TRN_000014,synthetic://images/motor_fan_ac/999ef24ca37c.jpg,999ef24ca37c,motor_magnet,motor_fan_ac,collector,26.91,Mumbai Suburban,4309.91,4367.48,2025-11-04T10:31:00.000Z,val,true
TRN_000015,synthetic://images/crt_yoke/935146c7f508.jpg,935146c7f508,crt,crt_yoke,collector,3.77,Mumbai Suburban,290.03,293.9,2025-11-04T10:31:00.000Z,train,true
TRN_000016,synthetic://images/motor_speaker_magnet/34b679932e7e.jpg,34b679932e7e,motor_magnet,motor_speaker_magnet,collector,2.06,Mumbai Suburban,159.72,145.29,2025-12-11T08:35:00.000Z,train,true
TRN_000017,synthetic://images/pcb_tv_low_grade/239b87183700.jpg,239b87183700,pcb,pcb_tv_low_grade,collector,3.6,Mumbai Suburban,353.32,321.4,2025-12-11T08:35:00.000Z,train,true
TRN_000018,synthetic://images/pcb_ram_gold/60f29af0b52c.jpg,60f29af0b52c,pcb,pcb_ram_gold,collector,0.34,Pune,562.32,569.45,2025-12-19T06:51:00.000Z,train,true
TRN_000019,synthetic://images/battery_lead_acid_ups/a2388fdd9430.jpg,a2388fdd9430,battery,battery_lead_acid_ups,collector,15.36,Bengaluru Urban,1607.12,,2025-12-08T09:40:00.000Z,train,true
TRN_000020,synthetic://images/plastic_hips_tv/30d0a9a543e2.jpg,30d0a9a543e2,mixed_plastic,plastic_hips_tv,collector,28.71,Pune,301.41,307.1,2026-01-22T15:53:00.000Z,train,true
TRN_000021,synthetic://images/pcb_cpu_processor/b900dc88eb85.jpg,b900dc88eb85,pcb,pcb_cpu_processor,collector,0.15,New Delhi,714.6,,2026-04-05T09:14:00.000Z,train,true
TRN_000022,synthetic://images/pcb_power_supply/21feb5dacc50.jpg,21feb5dacc50,pcb,pcb_power_supply,collector,4.65,Thane,650.21,656.75,2026-01-18T11:20:00.000Z,train,true
TRN_000023,synthetic://images/cable_data_thin/d495421d6b69.jpg,d495421d6b69,cable,cable_data_thin,collector,14.45,Thane,2033.84,2054.29,2026-01-18T11:20:00.000Z,train,true
TRN_000024,synthetic://images/battery_button_cell/484af1fb1787.jpg,484af1fb1787,battery,battery_button_cell,collector,13.34,Thane,1395.63,1409.66,2026-01-18T11:20:00.000Z,val,true
TRN_000025,synthetic://images/battery_li_ion_mobile/ff1b62af353a.jpg,ff1b62af353a,battery,battery_li_ion_mobile,recycler_corrected,0.37,Pune,66.6,71.47,2026-06-20T09:48:00.000Z,train,true
TRN_000026,synthetic://images/plastic_mixed_dirty/a76da9ef3fa5.jpg,a76da9ef3fa5,mixed_plastic,plastic_mixed_dirty,collector,36.59,Pune,484.85,520.32,2026-06-20T09:48:00.000Z,train,true
TRN_000027,synthetic://images/pcb_power_supply/d7494fcdf45c.jpg,d7494fcdf45c,pcb,pcb_power_supply,collector,8.79,Pune,1145.69,1229.51,2026-06-20T09:48:00.000Z,test,true
TRN_000028,synthetic://images/cable_mixed_scrap/3651c7745c8d.jpg,3651c7745c8d,cable,cable_mixed_scrap,collector,42.85,Mumbai Suburban,7159.87,6513.52,2026-05-20T17:24:00.000Z,train,true
TRN_000029,synthetic://images/led_backlight_strip/d33cce489d1e.jpg,d33cce489d1e,lcd_panel,led_backlight_strip,recycler_corrected,25.88,Mumbai Suburban,2248.22,2045.26,2026-05-20T17:24:00.000Z,train,true
TRN_000030,synthetic://images/pcb_motherboard/7dc1c96f296b.jpg,7dc1c96f296b,pcb,pcb_motherboard,collector,5.26,Thane,1486.41,1401.98,2026-07-19T11:05:00.000Z,train,true
TRN_000031,synthetic://images/pcb_mobile/5cf80f805dce.jpg,5cf80f805dce,pcb,pcb_mobile,collector,0.08,Thane,91.47,86.27,2026-07-19T11:05:00.000Z,test,true
TRN_000032,synthetic://images/battery_li_ion_mobile/8de0a3c12953.jpg,8de0a3c12953,battery,battery_li_ion_mobile,collector,0.43,Mumbai Suburban,84.7,,2025-10-14T18:06:00.000Z,test,true
TRN_000033,synthetic://images/motor_hdd_assembly/540529c3fa1e.jpg,540529c3fa1e,motor_magnet,motor_hdd_assembly,collector,3.01,Nashik,794.55,767.84,2025-09-17T13:17:00.000Z,train,true
TRN_000034,synthetic://images/plastic_abs_casing/31e48a049cbb.jpg,31e48a049cbb,mixed_plastic,plastic_abs_casing,collector,28.63,Nashik,908.16,877.64,2025-09-17T13:17:00.000Z,train,true
TRN_000035,synthetic://images/crt_yoke/a0412128675c.jpg,a0412128675c,crt,crt_yoke,collector,0.95,Pune,55.15,58.54,2026-08-24T07:18:00.000Z,train,true
TRN_000036,synthetic://images/pcb_motherboard/621d65579a84.jpg,621d65579a84,pcb,pcb_motherboard,collector,2.39,Bengaluru Urban,813.4,859.63,2025-12-30T07:14:00.000Z,train,true
TRN_000037,synthetic://images/crt_tv/aad5426cad4f.jpg,aad5426cad4f,crt,crt_tv,collector,63.85,Mumbai Suburban,482.06,461.52,2026-08-03T09:26:00.000Z,train,true
TRN_000038,synthetic://images/battery_lead_acid_ups/3d4c634aa6b4.jpg,3d4c634aa6b4,battery,battery_lead_acid_ups,collector,79.86,Pune,6961.31,7152.77,2026-08-20T13:30:00.000Z,train,true
TRN_000039,synthetic://images/motor_hdd_assembly/9dd81c180fe2.jpg,9dd81c180fe2,motor_magnet,motor_hdd_assembly,collector,1.27,Nagpur,303.72,,2025-10-17T19:50:00.000Z,train,true
TRN_000040,synthetic://images/pcb_mobile/71f097621753.jpg,71f097621753,pcb,pcb_mobile,collector,0.05,Nagpur,33.56,,2025-10-17T19:50:00.000Z,train,true
TRN_000041,synthetic://images/plastic_abs_casing/1b193ddaf8fb.jpg,1b193ddaf8fb,mixed_plastic,plastic_abs_casing,collector,15.28,Bengaluru Urban,394.06,418.54,2026-07-08T12:19:00.000Z,train,true
TRN_000042,synthetic://images/battery_li_ion_laptop/4e4a750b869c.jpg,4e4a750b869c,battery,battery_li_ion_laptop,recycler_corrected,3.52,Bengaluru Urban,834.52,886.35,2026-07-08T12:19:00.000Z,train,true
TRN_000043,synthetic://images/cable_aluminium/5c6f284c8965.jpg,5c6f284c8965,cable,cable_aluminium,collector,10.91,Mumbai Suburban,1550.53,,2026-04-25T11:30:00.000Z,train,true
TRN_000044,synthetic://images/battery_lead_acid_ups/15a56fcc593d.jpg,15a56fcc593d,battery,battery_lead_acid_ups,collector,42.34,Mumbai Suburban,3869.88,,2026-04-25T11:30:00.000Z,test,true
TRN_000045,synthetic://images/battery_li_ion_mobile/377fd2f743b0.jpg,377fd2f743b0,battery,battery_li_ion_mobile,collector,0.15,Mumbai Suburban,30.88,,2026-04-25T11:30:00.000Z,test,true
TRN_000046,synthetic://images/motor_hdd_assembly/e09430f335c2.jpg,e09430f335c2,motor_magnet,motor_hdd_assembly,recycler_corrected,5.13,Mumbai Suburban,1416.7,1443.74,2025-10-16T13:09:00.000Z,train,true
TRN_000047,synthetic://images/plastic_hips_tv/b6f66d66491c.jpg,b6f66d66491c,mixed_plastic,plastic_hips_tv,collector,40.68,Mumbai Suburban,880.97,897.78,2025-10-16T13:09:00.000Z,train,true
TRN_000048,synthetic://images/plastic_hips_tv/a0daf8d1c171.jpg,a0daf8d1c171,mixed_plastic,plastic_hips_tv,collector,24.59,Thane,611.55,584.46,2025-11-16T10:47:00.000Z,test,true
TRN_000049,synthetic://images/plastic_mixed_dirty/f065866b4f2d.jpg,f065866b4f2d,mixed_plastic,plastic_mixed_dirty,recycler_corrected,16.14,Thane,188.52,180.17,2025-11-16T10:47:00.000Z,train,true
TRN_000050,synthetic://images/cable_aluminium/b085c30616cc.jpg,b085c30616cc,cable,cable_aluminium,collector,16.8,Nashik,2388.1,2317.33,2026-01-23T15:22:00.000Z,train,true
TRN_000051,synthetic://images/motor_speaker_magnet/862fdc7cdbca.jpg,862fdc7cdbca,motor_magnet,motor_speaker_magnet,collector,0.63,Mumbai Suburban,44.67,44.55,2026-05-28T15:24:00.000Z,train,true
TRN_000052,synthetic://images/lcd_tv_panel/12ec1a70420c.jpg,12ec1a70420c,lcd_panel,lcd_tv_panel,collector,74.46,Mumbai Suburban,1569.16,1564.89,2026-05-28T15:24:00.000Z,val,true
TRN_000053,synthetic://images/pcb_ram_gold/141f5dbc0ac5.jpg,141f5dbc0ac5,pcb,pcb_ram_gold,collector,0.4,Mumbai Suburban,530.07,528.63,2026-05-28T15:24:00.000Z,train,true
TRN_000054,synthetic://images/plastic_mixed_dirty/d071fdbccca3.jpg,d071fdbccca3,mixed_plastic,plastic_mixed_dirty,collector,11.47,Mumbai Suburban,111.27,110.97,2026-05-28T15:24:00.000Z,train,true
TRN_000055,synthetic://images/cable_mixed_scrap/8a2ccbe8c2ac.jpg,8a2ccbe8c2ac,cable,cable_mixed_scrap,collector,28.55,Nashik,5924.75,6290.09,2026-06-07T08:55:00.000Z,train,true
TRN_000056,synthetic://images/battery_li_ion_laptop/f3d3027a1590.jpg,f3d3027a1590,battery,battery_li_ion_laptop,collector,3.09,Thane,660.61,,2025-10-24T14:58:00.000Z,test,true
TRN_000057,synthetic://images/lcd_laptop_panel/b4e59e4b35b8.jpg,b4e59e4b35b8,lcd_panel,lcd_laptop_panel,collector,2.07,Thane,90.25,,2025-10-24T14:58:00.000Z,val,true
TRN_000058,synthetic://images/lcd_tv_panel/aa6ec0719de8.jpg,aa6ec0719de8,lcd_panel,lcd_tv_panel,collector,18.97,Thane,405.39,,2025-10-24T14:58:00.000Z,val,true
TRN_000059,synthetic://images/pcb_power_supply/50f09137ea50.jpg,50f09137ea50,pcb,pcb_power_supply,collector,8.03,Nagpur,484.43,430.89,2025-12-28T16:12:00.000Z,train,true
TRN_000060,synthetic://images/plastic_mixed_dirty/cec41a3b059b.jpg,cec41a3b059b,mixed_plastic,plastic_mixed_dirty,collector,30.17,Nagpur,303.48,269.94,2025-12-28T16:12:00.000Z,train,true
TRN_000061,synthetic://images/plastic_abs_casing/07c5c8026691.jpg,07c5c8026691,mixed_plastic,plastic_abs_casing,collector,2.21,Pune,77.83,67.56,2025-10-04T16:11:00.000Z,train,true
TRN_000062,synthetic://images/crt_yoke/4d3a42eabadd.jpg,4d3a42eabadd,crt,crt_yoke,collector,2.29,Mumbai Suburban,79.32,,2026-04-03T06:06:00.000Z,train,true
TRN_000063,synthetic://images/cable_aluminium/5a9561de911b.jpg,5a9561de911b,cable,cable_aluminium,collector,8.32,Mumbai Suburban,1241.56,,2026-04-03T06:06:00.000Z,train,true
TRN_000064,synthetic://images/pcb_motherboard/2410f8569c75.jpg,2410f8569c75,pcb,pcb_motherboard,collector,1.95,Mumbai Suburban,675.58,,2026-04-03T06:06:00.000Z,val,true
TRN_000065,synthetic://images/battery_button_cell/4416df8ba720.jpg,4416df8ba720,battery,battery_button_cell,collector,36.28,Nashik,2952.65,2804.88,2025-10-19T15:56:00.000Z,train,true
TRN_000066,synthetic://images/cable_aluminium/62e7196a4011.jpg,62e7196a4011,cable,cable_aluminium,collector,7.78,Pune,872.03,866.36,2026-01-06T10:52:00.000Z,test,true
TRN_000067,synthetic://images/cable_copper_house/0da77e0bced4.jpg,0da77e0bced4,cable,cable_copper_house,collector,30.9,Mumbai Suburban,14047.14,12699.29,2025-12-26T19:43:00.000Z,train,true
TRN_000068,synthetic://images/plastic_hips_tv/c73aaf3e925b.jpg,c73aaf3e925b,mixed_plastic,plastic_hips_tv,collector,30.06,Mumbai Suburban,650,587.63,2025-12-26T19:43:00.000Z,train,true
TRN_000069,synthetic://images/pcb_cpu_processor/5f6f818dc890.jpg,5f6f818dc890,pcb,pcb_cpu_processor,collector,0.06,New Delhi,286.19,,2026-05-11T15:41:00.000Z,train,true
TRN_000070,synthetic://images/pcb_motherboard/ee134a7f59b3.jpg,ee134a7f59b3,pcb,pcb_motherboard,collector,7.33,Bengaluru Urban,2355.06,2152.2,2026-05-09T18:26:00.000Z,val,true
TRN_000071,synthetic://images/battery_li_ion_mobile/63beb63399cf.jpg,63beb63399cf,battery,battery_li_ion_mobile,recycler_corrected,0.15,Bengaluru Urban,27.57,25.2,2026-05-09T18:26:00.000Z,test,true
TRN_000072,synthetic://images/pcb_mobile/c0b3b77d9443.jpg,c0b3b77d9443,pcb,pcb_mobile,collector,0.08,Bengaluru Urban,72.91,66.63,2026-05-09T18:26:00.000Z,train,true
TRN_000073,synthetic://images/plastic_mixed_dirty/d534c9cff839.jpg,d534c9cff839,mixed_plastic,plastic_mixed_dirty,collector,14.43,Mumbai Suburban,170.71,176.42,2026-05-09T13:51:00.000Z,train,true
TRN_000074,synthetic://images/motor_hdd_assembly/ccd25d6e2996.jpg,ccd25d6e2996,motor_magnet,motor_hdd_assembly,collector,5.41,New Delhi,1493.21,,2026-04-18T18:57:00.000Z,test,true
TRN_000075,synthetic://images/crt_yoke/2da11441449f.jpg,2da11441449f,crt,crt_yoke,recycler_corrected,0.96,Pune,68.4,69.46,2026-07-04T17:57:00.000Z,val,true
TRN_000076,synthetic://images/cable_data_thin/e282f4ebdf8a.jpg,e282f4ebdf8a,cable,cable_data_thin,collector,29.17,New Delhi,3752.24,3610.85,2026-01-02T15:47:00.000Z,val,true
TRN_000077,synthetic://images/battery_li_ion_mobile/fb34f53f0805.jpg,fb34f53f0805,battery,battery_li_ion_mobile,collector,0.49,New Delhi,107.05,103.02,2026-01-02T15:47:00.000Z,val,true
TRN_000078,synthetic://images/cable_aluminium/fd2ec7477cd0.jpg,fd2ec7477cd0,cable,cable_aluminium,collector,13.39,New Delhi,2113.21,2033.58,2026-01-02T15:47:00.000Z,train,true
TRN_000079,synthetic://images/plastic_abs_casing/d3431366a650.jpg,d3431366a650,mixed_plastic,plastic_abs_casing,collector,30.02,Nashik,909.91,973.34,2025-12-12T14:36:00.000Z,train,true
TRN_000080,synthetic://images/pcb_tv_low_grade/837a361616e7.jpg,837a361616e7,pcb,pcb_tv_low_grade,collector,3.5,Nashik,366.98,392.56,2025-12-12T14:36:00.000Z,train,true
TRN_000081,synthetic://images/pcb_ram_gold/38e4e5bef423.jpg,38e4e5bef423,pcb,pcb_ram_gold,collector,0.21,Nashik,306.04,327.37,2025-12-12T14:36:00.000Z,train,true
TRN_000082,synthetic://images/pcb_power_supply/569039ece5a6.jpg,569039ece5a6,pcb,pcb_power_supply,collector,2.01,Thane,297.24,309.51,2025-09-18T12:24:00.000Z,test,true
TRN_000083,synthetic://images/pcb_power_supply/acd7c60214b8.jpg,acd7c60214b8,pcb,pcb_power_supply,collector,2.85,Chhatrapati Sambhajinagar,375.43,339.5,2025-09-04T15:27:00.000Z,val,true
TRN_000084,synthetic://images/pcb_ram_gold/2692242f59f3.jpg,2692242f59f3,pcb,pcb_ram_gold,recycler_corrected,0.26,Chhatrapati Sambhajinagar,366.68,331.59,2025-09-04T15:27:00.000Z,train,true
TRN_000085,synthetic://images/lcd_monitor_panel/ca39ae72006c.jpg,ca39ae72006c,lcd_panel,lcd_monitor_panel,collector,26.83,Chhatrapati Sambhajinagar,596.16,539.11,2025-09-04T15:27:00.000Z,test,true
TRN_000086,synthetic://images/plastic_abs_casing/f57be718fb74.jpg,f57be718fb74,mixed_plastic,plastic_abs_casing,collector,5.52,New Delhi,214.95,183.91,2025-11-15T10:26:00.000Z,test,true
TRN_000087,synthetic://images/cable_copper_house/85e793645428.jpg,85e793645428,cable,cable_copper_house,collector,36.46,New Delhi,7511.29,6426.63,2025-11-15T10:26:00.000Z,train,true
TRN_000088,synthetic://images/motor_fan_ac/b92dc724d006.jpg,b92dc724d006,motor_magnet,motor_fan_ac,collector,2.58,Pune,369.89,322.08,2025-11-28T18:47:00.000Z,val,true
TRN_000089,synthetic://images/motor_speaker_magnet/819dbc21b438.jpg,819dbc21b438,motor_magnet,motor_speaker_magnet,collector,6.09,Mumbai Suburban,450.48,420.57,2026-04-04T14:18:00.000Z,train,true
TRN_000090,synthetic://images/plastic_hips_tv/672d2f567149.jpg,672d2f567149,mixed_plastic,plastic_hips_tv,collector,42.82,New Delhi,1096.62,1046.53,2026-04-23T14:40:00.000Z,train,true
TRN_000091,synthetic://images/pcb_tv_low_grade/02bab8341e09.jpg,02bab8341e09,pcb,pcb_tv_low_grade,collector,1.2,Mumbai Suburban,140.37,116.98,2026-05-01T13:56:00.000Z,train,true
TRN_000092,synthetic://images/plastic_abs_casing/d24d3896f7e7.jpg,d24d3896f7e7,mixed_plastic,plastic_abs_casing,collector,30.98,Mumbai Suburban,893.44,744.59,2026-05-01T13:56:00.000Z,train,true
TRN_000093,synthetic://images/pcb_cpu_processor/e618e3fba9bc.jpg,e618e3fba9bc,pcb,pcb_cpu_processor,collector,0.19,Mumbai Suburban,842.38,808.19,2026-01-17T11:35:00.000Z,train,true
TRN_000094,synthetic://images/plastic_hips_tv/5aee67fab0fa.jpg,5aee67fab0fa,mixed_plastic,plastic_hips_tv,recycler_corrected,3.36,Thane,81.51,76.5,2026-08-26T12:16:00.000Z,val,true
TRN_000095,synthetic://images/cable_mixed_scrap/983edb208c3c.jpg,983edb208c3c,cable,cable_mixed_scrap,collector,43.56,Thane,9195.52,8630.86,2026-08-26T12:16:00.000Z,train,true
TRN_000096,synthetic://images/crt_monitor/8a66d6dde8b5.jpg,8a66d6dde8b5,crt,crt_monitor,recycler_corrected,26.52,Thane,168.97,158.59,2026-08-26T12:16:00.000Z,train,true
TRN_000097,synthetic://images/crt_yoke/4ece218882c6.jpg,4ece218882c6,crt,crt_yoke,collector,4.02,Mumbai Suburban,253.46,253.92,2026-01-28T18:36:00.000Z,train,true
TRN_000098,synthetic://images/motor_small_appliance/05aab7003df9.jpg,05aab7003df9,motor_magnet,motor_small_appliance,collector,7.34,Nagpur,662.43,,2026-08-02T11:52:00.000Z,train,true
TRN_000099,synthetic://images/cable_copper_house/3dbb9cf27052.jpg,3dbb9cf27052,cable,cable_copper_house,collector,20.89,Nagpur,8406.18,,2026-08-02T11:52:00.000Z,train,true
TRN_000100,synthetic://images/pcb_ram_gold/f66ff72ee4af.jpg,f66ff72ee4af,pcb,pcb_ram_gold,collector,0.09,Nagpur,102.34,,2026-08-02T11:52:00.000Z,train,true
TRN_000101,synthetic://images/lcd_laptop_panel/1995ca2e151c.jpg,1995ca2e151c,lcd_panel,lcd_laptop_panel,collector,2.88,Nashik,108.02,98.17,2026-02-07T16:41:00.000Z,train,true
TRN_000102,synthetic://images/lcd_laptop_panel/19ee4823e564.jpg,19ee4823e564,lcd_panel,lcd_laptop_panel,collector,4.46,Bengaluru Urban,237.1,229.1,2026-03-24T16:51:00.000Z,train,true
TRN_000103,synthetic://images/motor_small_appliance/72d61a627f81.jpg,72d61a627f81,motor_magnet,motor_small_appliance,collector,11.57,Bengaluru Urban,1469.74,1420.17,2026-03-24T16:51:00.000Z,train,true
TRN_000104,synthetic://images/pcb_tv_low_grade/7b392b2590bb.jpg,7b392b2590bb,pcb,pcb_tv_low_grade,collector,5.44,Bengaluru Urban,695.72,672.26,2026-03-24T16:51:00.000Z,val,true
TRN_000105,synthetic://images/cable_aluminium/8a69e8a56bc5.jpg,8a69e8a56bc5,cable,cable_aluminium,collector,24.88,Pune,3559.66,3444.7,2026-03-15T13:59:00.000Z,val,true
TRN_000106,synthetic://images/cable_copper_house/169cefd27af4.jpg,169cefd27af4,cable,cable_copper_house,collector,7.99,Nashik,1218.62,1195.24,2025-11-07T11:43:00.000Z,val,true
TRN_000107,synthetic://images/cable_mixed_scrap/366d6c04b032.jpg,366d6c04b032,cable,cable_mixed_scrap,collector,3.13,Nashik,503.67,494.01,2025-11-07T11:43:00.000Z,train,true
TRN_000108,synthetic://images/pcb_motherboard/2fd7c7a69cd2.jpg,2fd7c7a69cd2,pcb,pcb_motherboard,collector,6.78,Nashik,1561.64,1531.68,2025-11-07T11:43:00.000Z,test,true
TRN_000109,synthetic://images/pcb_motherboard/2a33f17f5059.jpg,2a33f17f5059,pcb,pcb_motherboard,recycler_corrected,7.26,Pune,1968.07,1989.28,2026-01-10T13:39:00.000Z,train,true
TRN_000110,synthetic://images/lcd_monitor_panel/0a03ae3eeab7.jpg,0a03ae3eeab7,lcd_panel,lcd_monitor_panel,collector,30.95,Mumbai Suburban,697.16,677.25,2025-10-29T15:37:00.000Z,train,true
TRN_000111,synthetic://images/plastic_mixed_dirty/751ad1d80061.jpg,751ad1d80061,mixed_plastic,plastic_mixed_dirty,collector,42.65,Mumbai Suburban,491.33,477.29,2025-10-29T15:37:00.000Z,train,true
TRN_000112,synthetic://images/lcd_monitor_panel/b54f123ffdb4.jpg,b54f123ffdb4,lcd_panel,lcd_monitor_panel,collector,41.08,Nashik,786.56,807.11,2026-05-22T06:38:00.000Z,train,true
TRN_000113,synthetic://images/pcb_ram_gold/52cca263067d.jpg,52cca263067d,pcb,pcb_ram_gold,collector,0.29,Mumbai Suburban,384.3,407.28,2026-07-26T09:38:00.000Z,test,true
TRN_000114,synthetic://images/cable_data_thin/37b753016d45.jpg,37b753016d45,cable,cable_data_thin,collector,10.38,Mumbai Suburban,1636.48,1734.33,2026-07-26T09:38:00.000Z,val,true
TRN_000115,synthetic://images/cable_mixed_scrap/5e158678ae7f.jpg,5e158678ae7f,cable,cable_mixed_scrap,collector,19.47,Pune,3874.86,3396.09,2026-06-16T13:51:00.000Z,train,true
TRN_000116,synthetic://images/battery_li_ion_laptop/575f5786a137.jpg,575f5786a137,battery,battery_li_ion_laptop,collector,2.82,Pune,640.38,561.26,2026-06-16T13:51:00.000Z,test,true
TRN_000117,synthetic://images/pcb_tv_low_grade/2a576365da19.jpg,2a576365da19,pcb,pcb_tv_low_grade,collector,1.15,Thane,125.63,126.31,2025-11-30T14:45:00.000Z,val,true
TRN_000118,synthetic://images/pcb_cpu_processor/91631ac92de7.jpg,91631ac92de7,pcb,pcb_cpu_processor,collector,0.16,Thane,655.81,659.36,2025-11-30T14:45:00.000Z,train,true
TRN_000119,synthetic://images/plastic_abs_casing/984718ee4e52.jpg,984718ee4e52,mixed_plastic,plastic_abs_casing,collector,25.81,Nashik,780.49,818.02,2025-10-23T06:00:00.000Z,train,true
TRN_000120,synthetic://images/motor_small_appliance/e5e29af13453.jpg,e5e29af13453,motor_magnet,motor_small_appliance,collector,13.73,Nashik,743.71,779.47,2025-10-23T06:00:00.000Z,val,true
TRN_000121,synthetic://images/cable_data_thin/c7d7c8f51928.jpg,c7d7c8f51928,cable,cable_data_thin,collector,40.22,Mumbai Suburban,4780.18,4828.88,2026-03-24T14:00:00.000Z,train,true
TRN_000122,synthetic://images/lcd_laptop_panel/b44ccc1d491e.jpg,b44ccc1d491e,lcd_panel,lcd_laptop_panel,collector,2.4,Mumbai Suburban,134.5,135.87,2026-03-24T14:00:00.000Z,train,true
TRN_000123,synthetic://images/cable_aluminium/27c4aaaa6624.jpg,27c4aaaa6624,cable,cable_aluminium,recycler_corrected,24.77,Mumbai Suburban,3696.33,3245.4,2026-04-20T16:43:00.000Z,val,true
TRN_000124,synthetic://images/motor_fan_ac/094ac4ce143d.jpg,094ac4ce143d,motor_magnet,motor_fan_ac,recycler_corrected,34.34,Mumbai Suburban,5835.1,5123.26,2026-04-20T16:43:00.000Z,train,true
TRN_000125,synthetic://images/motor_small_appliance/396fe7eb4f86.jpg,396fe7eb4f86,motor_magnet,motor_small_appliance,collector,14.53,Nashik,1816.9,1793.53,2026-03-11T08:07:00.000Z,val,true
TRN_000126,synthetic://images/pcb_tv_low_grade/ea786f41425f.jpg,ea786f41425f,pcb,pcb_tv_low_grade,collector,2.58,Nashik,278.32,274.74,2026-03-11T08:07:00.000Z,val,true
TRN_000127,synthetic://images/pcb_mobile/61326890486e.jpg,61326890486e,pcb,pcb_mobile,collector,0.07,Thane,79.4,73.43,2025-11-16T06:52:00.000Z,train,true
TRN_000128,synthetic://images/battery_lead_acid_ups/98186b9fba9e.jpg,98186b9fba9e,battery,battery_lead_acid_ups,collector,67.27,Nashik,6243.62,6528.04,2025-09-04T15:56:00.000Z,train,true
TRN_000129,synthetic://images/cable_mixed_scrap/2213d36d43cf.jpg,2213d36d43cf,cable,cable_mixed_scrap,collector,17.66,Bengaluru Urban,2528.89,,2026-06-09T15:38:00.000Z,val,true
TRN_000130,synthetic://images/plastic_mixed_dirty/a9efc1f62310.jpg,a9efc1f62310,mixed_plastic,plastic_mixed_dirty,recycler_corrected,3.29,Pune,28.4,28.15,2026-08-01T16:03:00.000Z,test,true
TRN_000131,synthetic://images/cable_copper_house/c2002a07f83e.jpg,c2002a07f83e,cable,cable_copper_house,collector,25.92,Pune,8477.74,8060.75,2026-01-23T06:50:00.000Z,train,true
TRN_000132,synthetic://images/cable_data_thin/b85f9cea55eb.jpg,b85f9cea55eb,cable,cable_data_thin,recycler_corrected,39.32,Pune,5298.65,5038.03,2026-01-23T06:50:00.000Z,val,true
TRN_000133,synthetic://images/lcd_tv_panel/b89f2d81b5b6.jpg,b89f2d81b5b6,lcd_panel,lcd_tv_panel,collector,112.92,Pune,1715.42,,2026-05-08T10:58:00.000Z,test,true
TRN_000134,synthetic://images/pcb_ram_gold/e3e1cedce12b.jpg,e3e1cedce12b,pcb,pcb_ram_gold,collector,0.38,Nashik,426.3,,2026-03-14T09:00:00.000Z,train,true
TRN_000135,synthetic://images/battery_li_ion_mobile/1f3befed5b21.jpg,1f3befed5b21,battery,battery_li_ion_mobile,collector,0.17,Mumbai Suburban,23.33,22.21,2026-04-06T15:54:00.000Z,train,true
TRN_000136,synthetic://images/lcd_monitor_panel/bb91d05f8533.jpg,bb91d05f8533,lcd_panel,lcd_monitor_panel,collector,7.99,Mumbai Suburban,183.06,174.28,2026-04-06T15:54:00.000Z,train,true
TRN_000137,synthetic://images/pcb_tv_low_grade/8c05a66f8e65.jpg,8c05a66f8e65,pcb,pcb_tv_low_grade,collector,5.88,Mumbai Suburban,594.89,,2026-08-27T16:14:00.000Z,train,true
TRN_000138,synthetic://images/pcb_ram_gold/b51b240a1b43.jpg,b51b240a1b43,pcb,pcb_ram_gold,collector,0.32,Mumbai Suburban,514.22,519.54,2025-11-05T17:03:00.000Z,test,true
TRN_000139,synthetic://images/battery_button_cell/c3ee43695bae.jpg,c3ee43695bae,battery,battery_button_cell,collector,1.89,Nashik,172.51,180.33,2026-04-02T19:16:00.000Z,train,true
TRN_000140,synthetic://images/lcd_laptop_panel/ee8875c2dc73.jpg,ee8875c2dc73,lcd_panel,lcd_laptop_panel,collector,4.22,Nashik,190.24,198.87,2026-04-02T19:16:00.000Z,test,true
TRN_000141,synthetic://images/cable_mixed_scrap/1c10090b085c.jpg,1c10090b085c,cable,cable_mixed_scrap,collector,22.16,Nashik,4379.7,4578.33,2026-04-02T19:16:00.000Z,train,true
TRN_000142,synthetic://images/battery_li_ion_laptop/6150b1dfab41.jpg,6150b1dfab41,battery,battery_li_ion_laptop,collector,3.23,Nashik,718,750.56,2026-04-02T19:16:00.000Z,train,true
TRN_000143,synthetic://images/pcb_motherboard/51747f4c0b79.jpg,51747f4c0b79,pcb,pcb_motherboard,collector,0.91,Thane,307.94,310.36,2025-12-14T17:12:00.000Z,test,true
TRN_000144,synthetic://images/motor_hdd_assembly/a1cce91e7359.jpg,a1cce91e7359,motor_magnet,motor_hdd_assembly,collector,1.74,Thane,208.95,210.6,2025-12-14T17:12:00.000Z,val,true
TRN_000145,synthetic://images/crt_monitor/bba8b7b86b4e.jpg,bba8b7b86b4e,crt,crt_monitor,collector,15.17,Mumbai Suburban,136.19,151.78,2026-03-24T06:47:00.000Z,train,true
TRN_000146,synthetic://images/pcb_mobile/52c7c79014e2.jpg,52c7c79014e2,pcb,pcb_mobile,collector,0.04,Mumbai Suburban,52.08,50.23,2025-10-23T11:51:00.000Z,train,true
TRN_000147,synthetic://images/lcd_monitor_panel/df8ca85c3377.jpg,df8ca85c3377,lcd_panel,lcd_monitor_panel,collector,34.58,Thane,865.24,780.24,2026-02-07T16:26:00.000Z,val,true
TRN_000148,synthetic://images/pcb_cpu_processor/b335e33984f1.jpg,b335e33984f1,pcb,pcb_cpu_processor,recycler_corrected,0.17,Thane,577.83,521.07,2026-02-07T16:26:00.000Z,train,true
TRN_000149,synthetic://images/battery_lead_acid_ups/b9effad2823f.jpg,b9effad2823f,battery,battery_lead_acid_ups,collector,31.91,Mumbai Suburban,3112.33,,2025-12-05T14:36:00.000Z,val,true
TRN_000150,synthetic://images/pcb_cpu_processor/3c361cbc75d5.jpg,3c361cbc75d5,pcb,pcb_cpu_processor,recycler_corrected,0.22,Pune,714.33,,2026-07-15T14:58:00.000Z,train,true
TRN_000151,synthetic://images/led_backlight_strip/85f0661aba49.jpg,85f0661aba49,lcd_panel,led_backlight_strip,collector,1.34,Pune,115.64,,2026-07-15T14:58:00.000Z,train,true
TRN_000152,synthetic://images/pcb_ram_gold/97235e31a25d.jpg,97235e31a25d,pcb,pcb_ram_gold,recycler_corrected,0.23,Pune,399.42,392.72,2025-12-18T07:41:00.000Z,val,true
TRN_000153,synthetic://images/pcb_mobile/189896ad2f29.jpg,189896ad2f29,pcb,pcb_mobile,collector,0.28,Pune,292.99,288.08,2025-12-18T07:41:00.000Z,train,true
TRN_000154,synthetic://images/plastic_abs_casing/fb582eae0863.jpg,fb582eae0863,mixed_plastic,plastic_abs_casing,collector,14.76,Pune,495.35,487.05,2025-12-18T07:41:00.000Z,train,true
TRN_000155,synthetic://images/pcb_tv_low_grade/163e8c100112.jpg,163e8c100112,pcb,pcb_tv_low_grade,recycler_corrected,1.66,Mumbai Suburban,134.9,136.29,2026-02-16T15:25:00.000Z,train,true
TRN_000156,synthetic://images/pcb_power_supply/a05e7fa87025.jpg,a05e7fa87025,pcb,pcb_power_supply,recycler_corrected,4.91,Mumbai Suburban,769.46,777.36,2026-02-16T15:25:00.000Z,train,true
TRN_000157,synthetic://images/battery_lead_acid_ups/ed3e9c7576c3.jpg,ed3e9c7576c3,battery,battery_lead_acid_ups,recycler_corrected,18.47,Mumbai Suburban,1657.68,,2026-07-07T14:33:00.000Z,val,true
TRN_000158,synthetic://images/battery_li_ion_laptop/0166aa6ef883.jpg,0166aa6ef883,battery,battery_li_ion_laptop,collector,0.71,Nagpur,150.05,168.47,2026-02-06T19:15:00.000Z,train,true
TRN_000159,synthetic://images/cable_data_thin/8ab66ac7da46.jpg,8ab66ac7da46,cable,cable_data_thin,collector,7.98,Nagpur,984.7,,2026-07-28T07:51:00.000Z,test,true
TRN_000160,synthetic://images/plastic_abs_casing/df77b1eab22f.jpg,df77b1eab22f,mixed_plastic,plastic_abs_casing,collector,13.27,New Delhi,421.33,,2025-09-28T06:04:00.000Z,train,true
TRN_000161,synthetic://images/plastic_abs_casing/c50c4b9ebd93.jpg,c50c4b9ebd93,mixed_plastic,plastic_abs_casing,collector,20.76,New Delhi,659.14,,2025-09-28T06:04:00.000Z,train,true
TRN_000162,synthetic://images/plastic_hips_tv/1169b94de1ee.jpg,1169b94de1ee,mixed_plastic,plastic_hips_tv,collector,5.25,New Delhi,130.04,,2025-09-28T06:04:00.000Z,train,true
TRN_000163,synthetic://images/plastic_abs_casing/827e1d14978f.jpg,827e1d14978f,mixed_plastic,plastic_abs_casing,collector,12.43,Pune,434.55,434.1,2026-07-28T10:45:00.000Z,test,true
TRN_000164,synthetic://images/motor_speaker_magnet/a21a952f0434.jpg,a21a952f0434,motor_magnet,motor_speaker_magnet,collector,1.77,Pune,126.67,126.54,2026-07-28T10:45:00.000Z,val,true
TRN_000165,synthetic://images/pcb_ram_gold/9a0f968394b6.jpg,9a0f968394b6,pcb,pcb_ram_gold,collector,0.26,Nagpur,344.31,,2026-07-21T10:59:00.000Z,train,true
TRN_000166,synthetic://images/cable_aluminium/e71276588bb8.jpg,e71276588bb8,cable,cable_aluminium,collector,5.99,Nagpur,746,,2026-07-21T10:59:00.000Z,test,true
TRN_000167,synthetic://images/motor_small_appliance/a09ab4cb4589.jpg,a09ab4cb4589,motor_magnet,motor_small_appliance,collector,14.99,Nagpur,1676.33,,2026-07-21T10:59:00.000Z,val,true
TRN_000168,synthetic://images/pcb_cpu_processor/83937ad62b2d.jpg,83937ad62b2d,pcb,pcb_cpu_processor,collector,0.21,Bengaluru Urban,879.87,,2026-04-25T15:32:00.000Z,test,true
TRN_000169,synthetic://images/battery_lead_acid_ups/8c7a48ce17d4.jpg,8c7a48ce17d4,battery,battery_lead_acid_ups,collector,47.41,Nashik,3992.4,3750.36,2026-04-13T17:30:00.000Z,test,true
TRN_000170,synthetic://images/cable_mixed_scrap/721ea3568ca9.jpg,721ea3568ca9,cable,cable_mixed_scrap,collector,22.69,Nashik,4484.45,4212.58,2026-04-13T17:30:00.000Z,train,true
TRN_000171,synthetic://images/pcb_power_supply/81b87cef215c.jpg,81b87cef215c,pcb,pcb_power_supply,collector,15.64,Nashik,1722.76,1618.32,2026-04-13T17:30:00.000Z,val,true
TRN_000172,synthetic://images/pcb_cpu_processor/d5e5eb407329.jpg,d5e5eb407329,pcb,pcb_cpu_processor,collector,0.22,Thane,751.1,763.61,2026-01-15T06:19:00.000Z,train,true
TRN_000173,synthetic://images/motor_fan_ac/f1aadd7e08b0.jpg,f1aadd7e08b0,motor_magnet,motor_fan_ac,collector,26.75,Thane,4419.57,4493.17,2026-01-15T06:19:00.000Z,val,true
TRN_000174,synthetic://images/cable_copper_house/4b18bfb2a60e.jpg,4b18bfb2a60e,cable,cable_copper_house,collector,25.15,Thane,10444.54,10618.47,2026-01-15T06:19:00.000Z,train,true
TRN_000175,synthetic://images/battery_li_ion_laptop/6371ef9089b2.jpg,6371ef9089b2,battery,battery_li_ion_laptop,collector,3.95,Pune,898.93,934.37,2026-05-27T10:03:00.000Z,train,true
TRN_000176,synthetic://images/pcb_motherboard/c466ff5d3627.jpg,c466ff5d3627,pcb,pcb_motherboard,recycler_corrected,2.72,Pune,887.81,922.81,2026-05-27T10:03:00.000Z,test,true
TRN_000177,synthetic://images/cable_copper_house/9c8f266a65df.jpg,9c8f266a65df,cable,cable_copper_house,collector,6.87,Nagpur,2632.86,,2026-08-31T12:55:00.000Z,train,true
TRN_000178,synthetic://images/cable_aluminium/11671659f785.jpg,11671659f785,cable,cable_aluminium,collector,13.78,Nagpur,1670.88,,2026-08-31T12:55:00.000Z,train,true
TRN_000179,synthetic://images/motor_small_appliance/cfc471e621bb.jpg,cfc471e621bb,motor_magnet,motor_small_appliance,collector,15.32,Mumbai Suburban,2345.66,2468.25,2025-09-29T16:59:00.000Z,test,true
TRN_000180,synthetic://images/plastic_mixed_dirty/47eb9df9692f.jpg,47eb9df9692f,mixed_plastic,plastic_mixed_dirty,collector,17.92,Mumbai Suburban,144.26,151.8,2025-09-29T16:59:00.000Z,train,true
TRN_000181,synthetic://images/plastic_hips_tv/ab752fa25619.jpg,ab752fa25619,mixed_plastic,plastic_hips_tv,collector,15.04,Mumbai Suburban,417.07,438.87,2025-09-29T16:59:00.000Z,test,true
TRN_000182,synthetic://images/cable_data_thin/a5efdee23048.jpg,a5efdee23048,cable,cable_data_thin,collector,20.59,Mumbai Suburban,2447.14,2575.04,2025-09-29T16:59:00.000Z,train,true
TRN_000183,synthetic://images/pcb_cpu_processor/c611a6703c94.jpg,c611a6703c94,pcb,pcb_cpu_processor,collector,0.13,Pune,426.87,421.74,2025-10-14T13:20:00.000Z,train,true
TRN_000184,synthetic://images/cable_data_thin/753a9783bfaa.jpg,753a9783bfaa,cable,cable_data_thin,collector,3.47,Pune,449.16,443.76,2025-10-14T13:20:00.000Z,train,true
TRN_000185,synthetic://images/pcb_tv_low_grade/82df8c96ddda.jpg,82df8c96ddda,pcb,pcb_tv_low_grade,collector,0.81,Pune,82.9,81.76,2026-05-17T15:18:00.000Z,train,true
TRN_000186,synthetic://images/motor_small_appliance/965e67280896.jpg,965e67280896,motor_magnet,motor_small_appliance,collector,3.37,Pune,473.77,467.23,2026-05-17T15:18:00.000Z,train,true
TRN_000187,synthetic://images/pcb_tv_low_grade/984568816746.jpg,984568816746,pcb,pcb_tv_low_grade,collector,1.9,Pune,151.86,149.76,2026-05-17T15:18:00.000Z,val,true
TRN_000188,synthetic://images/crt_tv/269fa53ab93d.jpg,269fa53ab93d,crt,crt_tv,collector,97.79,Pune,514.56,523.03,2026-07-08T16:51:00.000Z,train,true
TRN_000189,synthetic://images/battery_li_ion_laptop/7ab7c1bb9518.jpg,7ab7c1bb9518,battery,battery_li_ion_laptop,collector,4.79,Bengaluru Urban,1119.04,,2026-02-16T18:08:00.000Z,train,true
TRN_000190,synthetic://images/cable_aluminium/260fa9ca3138.jpg,260fa9ca3138,cable,cable_aluminium,collector,41.65,Bengaluru Urban,6742.68,,2026-02-16T18:08:00.000Z,train,true
TRN_000191,synthetic://images/motor_small_appliance/19548278ced5.jpg,19548278ced5,motor_magnet,motor_small_appliance,collector,9.93,Pune,1334.39,1328,2026-07-05T06:49:00.000Z,train,true
TRN_000192,synthetic://images/plastic_hips_tv/5c981adaaa38.jpg,5c981adaaa38,mixed_plastic,plastic_hips_tv,collector,36.15,Pune,868.09,863.93,2026-07-05T06:49:00.000Z,train,true
TRN_000193,synthetic://images/plastic_abs_casing/81a61cb07dd8.jpg,81a61cb07dd8,mixed_plastic,plastic_abs_casing,recycler_corrected,12.57,Pune,461.42,459.21,2026-07-05T06:49:00.000Z,test,true
TRN_000194,synthetic://images/pcb_motherboard/7c9cac91d1ae.jpg,7c9cac91d1ae,pcb,pcb_motherboard,collector,4.83,Pune,1586.66,1579.06,2026-07-05T06:49:00.000Z,train,true
TRN_000195,synthetic://images/pcb_cpu_processor/0fdb3402b86f.jpg,0fdb3402b86f,pcb,pcb_cpu_processor,collector,0.26,Pune,1047.18,938.13,2026-03-08T14:36:00.000Z,train,true
TRN_000196,synthetic://images/pcb_tv_low_grade/78bc94a0acff.jpg,78bc94a0acff,pcb,pcb_tv_low_grade,collector,5.93,Pune,638.71,572.2,2026-03-08T14:36:00.000Z,train,true
TRN_000197,synthetic://images/battery_button_cell/28f40c805bdb.jpg,28f40c805bdb,battery,battery_button_cell,collector,5.07,Mumbai Suburban,565.15,,2026-03-23T18:07:00.000Z,test,true
TRN_000198,synthetic://images/battery_lead_acid_ups/385ccdcad39a.jpg,385ccdcad39a,battery,battery_lead_acid_ups,collector,87.88,Mumbai Suburban,5842.56,,2026-03-23T18:07:00.000Z,train,true
TRN_000199,synthetic://images/cable_data_thin/7dc59ad44262.jpg,7dc59ad44262,cable,cable_data_thin,recycler_corrected,9.25,Nagpur,1064.49,,2025-10-25T09:15:00.000Z,test,true
TRN_000200,synthetic://images/cable_copper_house/b0f776e53e14.jpg,b0f776e53e14,cable,cable_copper_house,collector,17.91,Nagpur,5504.68,,2025-10-25T09:15:00.000Z,train,true
TRN_000201,synthetic://images/plastic_mixed_dirty/5419ed76da67.jpg,5419ed76da67,mixed_plastic,plastic_mixed_dirty,collector,41.98,Pune,509.22,525.36,2026-02-12T18:36:00.000Z,val,true
TRN_000202,synthetic://images/battery_li_ion_mobile/6548ce4676f3.jpg,6548ce4676f3,battery,battery_li_ion_mobile,collector,0.3,Pune,58.21,60.06,2026-02-12T18:36:00.000Z,train,true
TRN_000203,synthetic://images/motor_small_appliance/3ade45059883.jpg,3ade45059883,motor_magnet,motor_small_appliance,collector,17.48,Pune,2463.47,2541.56,2026-02-12T18:36:00.000Z,test,true
TRN_000204,synthetic://images/cable_data_thin/4718e30acc9c.jpg,4718e30acc9c,cable,cable_data_thin,collector,30.23,Pune,3877.9,4000.82,2026-02-12T18:36:00.000Z,test,true
TRN_000205,synthetic://images/lcd_laptop_panel/53e6bb5a1530.jpg,53e6bb5a1530,lcd_panel,lcd_laptop_panel,collector,0.91,Pune,42.41,41.83,2026-04-19T16:49:00.000Z,test,true
TRN_000206,synthetic://images/motor_small_appliance/8a7b8fc408cc.jpg,8a7b8fc408cc,motor_magnet,motor_small_appliance,collector,3.88,Thane,422.23,459.05,2025-09-19T06:31:00.000Z,train,true
TRN_000207,synthetic://images/cable_data_thin/0c7dc7ce8860.jpg,0c7dc7ce8860,cable,cable_data_thin,recycler_corrected,23.52,Thane,2317.31,2519.4,2025-09-19T06:31:00.000Z,train,true
TRN_000208,synthetic://images/cable_mixed_scrap/1280cf7b9643.jpg,1280cf7b9643,cable,cable_mixed_scrap,collector,5.63,Mumbai Suburban,1147.23,,2026-05-29T17:27:00.000Z,train,true
TRN_000209,synthetic://images/pcb_tv_low_grade/8fd618860e2f.jpg,8fd618860e2f,pcb,pcb_tv_low_grade,collector,2.89,Nashik,315.25,296.42,2026-01-27T06:32:00.000Z,train,true
TRN_000210,synthetic://images/cable_copper_house/c3e6f42e54c1.jpg,c3e6f42e54c1,cable,cable_copper_house,collector,22.59,Nashik,7605.83,7151.48,2026-01-27T06:32:00.000Z,train,true
TRN_000211,synthetic://images/plastic_mixed_dirty/194b80afb547.jpg,194b80afb547,mixed_plastic,plastic_mixed_dirty,collector,19.25,Thane,242.15,234.82,2026-08-16T06:31:00.000Z,val,true
TRN_000212,synthetic://images/battery_li_ion_laptop/a76faabebe0e.jpg,a76faabebe0e,battery,battery_li_ion_laptop,collector,0.98,Thane,234.74,227.64,2026-08-16T06:31:00.000Z,train,true
TRN_000213,synthetic://images/battery_li_ion_mobile/2bb42cdbd11f.jpg,2bb42cdbd11f,battery,battery_li_ion_mobile,collector,0.34,Thane,66.08,64.08,2026-08-16T06:31:00.000Z,test,true
TRN_000214,synthetic://images/led_backlight_strip/fe3a98206e9f.jpg,fe3a98206e9f,lcd_panel,led_backlight_strip,collector,21.12,Nagpur,1859.19,,2026-01-16T16:24:00.000Z,train,true
TRN_000215,synthetic://images/battery_li_ion_mobile/a6e55c802d76.jpg,a6e55c802d76,battery,battery_li_ion_mobile,collector,0.12,Nagpur,20.65,20.92,2025-09-28T10:34:00.000Z,train,true
TRN_000216,synthetic://images/cable_data_thin/9a099fd186ed.jpg,9a099fd186ed,cable,cable_data_thin,collector,29.02,Nagpur,3334.11,3377.93,2025-09-28T10:34:00.000Z,train,true
TRN_000217,synthetic://images/cable_data_thin/4ff83ec68a3f.jpg,4ff83ec68a3f,cable,cable_data_thin,recycler_corrected,3.14,Nashik,322.31,349.01,2026-07-29T12:19:00.000Z,train,true
TRN_000218,synthetic://images/cable_mixed_scrap/c614a1e03312.jpg,c614a1e03312,cable,cable_mixed_scrap,collector,23.77,Nashik,3290.2,3562.79,2026-07-29T12:19:00.000Z,train,true
TRN_000219,synthetic://images/led_backlight_strip/4be6a54eb020.jpg,4be6a54eb020,lcd_panel,led_backlight_strip,collector,5.93,Pune,443.61,451.64,2026-08-21T09:51:00.000Z,val,true
TRN_000220,synthetic://images/cable_copper_house/16551e5fc440.jpg,16551e5fc440,cable,cable_copper_house,collector,9.6,Pune,3811.68,3880.72,2026-08-21T09:51:00.000Z,train,true
TRN_000221,synthetic://images/plastic_hips_tv/72db283cfabb.jpg,72db283cfabb,mixed_plastic,plastic_hips_tv,collector,32.49,Pune,743.05,717.03,2026-07-11T10:41:00.000Z,train,true
TRN_000222,synthetic://images/cable_copper_house/4e53c1fc9ede.jpg,4e53c1fc9ede,cable,cable_copper_house,recycler_corrected,11.54,Pune,4560.26,4400.56,2026-07-11T10:41:00.000Z,train,true
TRN_000223,synthetic://images/cable_mixed_scrap/a199888d8299.jpg,a199888d8299,cable,cable_mixed_scrap,collector,17.08,Mumbai Suburban,2853.92,2952.22,2026-05-20T12:22:00.000Z,train,true
TRN_000224,synthetic://images/cable_copper_house/d6483ca488e2.jpg,d6483ca488e2,cable,cable_copper_house,collector,38.25,Mumbai Suburban,18430.17,19064.98,2026-05-20T12:22:00.000Z,train,true
TRN_000225,synthetic://images/pcb_motherboard/68741656c863.jpg,68741656c863,pcb,pcb_motherboard,collector,9.67,Mumbai Suburban,3397.75,3514.78,2026-05-20T12:22:00.000Z,train,true
TRN_000226,synthetic://images/cable_aluminium/e85a99b8752e.jpg,e85a99b8752e,cable,cable_aluminium,collector,31.94,Mumbai Suburban,4552.09,,2025-11-26T14:05:00.000Z,train,true
TRN_000227,synthetic://images/battery_lead_acid_ups/0b7496e2f298.jpg,0b7496e2f298,battery,battery_lead_acid_ups,collector,33.08,Mumbai Suburban,1385.59,,2025-11-26T14:05:00.000Z,test,true
TRN_000228,synthetic://images/motor_speaker_magnet/d6bb241b3799.jpg,d6bb241b3799,motor_magnet,motor_speaker_magnet,collector,1.24,New Delhi,39.07,,2026-03-18T06:17:00.000Z,train,true
TRN_000229,synthetic://images/pcb_cpu_processor/5c4029b655e6.jpg,5c4029b655e6,pcb,pcb_cpu_processor,collector,0.02,New Delhi,95.34,,2026-03-13T10:31:00.000Z,test,true
TRN_000230,synthetic://images/motor_small_appliance/b8b8f6a05328.jpg,b8b8f6a05328,motor_magnet,motor_small_appliance,collector,3.16,New Delhi,511.24,,2025-10-12T08:49:00.000Z,train,true
TRN_000231,synthetic://images/lcd_monitor_panel/d1cf48bf50bb.jpg,d1cf48bf50bb,lcd_panel,lcd_monitor_panel,collector,3.83,Mumbai Suburban,107.7,118.03,2026-06-17T08:29:00.000Z,test,true
TRN_000232,synthetic://images/pcb_power_supply/850825652ed4.jpg,850825652ed4,pcb,pcb_power_supply,collector,7.65,Mumbai Suburban,811.34,889.13,2026-06-17T08:29:00.000Z,train,true
TRN_000233,synthetic://images/pcb_ram_gold/3a75e1742eb6.jpg,3a75e1742eb6,pcb,pcb_ram_gold,collector,0.35,New Delhi,683.65,,2026-08-08T11:53:00.000Z,test,true
TRN_000234,synthetic://images/plastic_hips_tv/1973eaf28301.jpg,1973eaf28301,mixed_plastic,plastic_hips_tv,collector,30.48,Pune,575.85,577.45,2026-08-27T16:48:00.000Z,train,true
TRN_000235,synthetic://images/cable_aluminium/4b08c9a3227d.jpg,4b08c9a3227d,cable,cable_aluminium,collector,33.28,Pune,4731.75,4811.86,2026-07-31T07:56:00.000Z,train,true
TRN_000236,synthetic://images/battery_li_ion_mobile/4c37aa66965e.jpg,4c37aa66965e,battery,battery_li_ion_mobile,collector,0.26,Nashik,47.82,45.15,2025-10-30T18:20:00.000Z,train,true
TRN_000237,synthetic://images/pcb_mobile/0a7ae969b9f8.jpg,0a7ae969b9f8,pcb,pcb_mobile,recycler_corrected,0.12,Nashik,124,117.08,2025-10-30T18:20:00.000Z,train,true
TRN_000238,synthetic://images/pcb_cpu_processor/f98c6d3c4f0f.jpg,f98c6d3c4f0f,pcb,pcb_cpu_processor,collector,0.05,Nagpur,152.15,,2026-02-15T19:25:00.000Z,train,true
TRN_000239,synthetic://images/pcb_mobile/70e8c43c5266.jpg,70e8c43c5266,pcb,pcb_mobile,collector,0.06,Nagpur,59.05,,2026-02-15T19:25:00.000Z,test,true
TRN_000240,synthetic://images/plastic_abs_casing/03f0d91c3f63.jpg,03f0d91c3f63,mixed_plastic,plastic_abs_casing,collector,37.18,Thane,993.9,961.83,2026-04-01T15:48:00.000Z,train,true
TRN_000241,synthetic://images/plastic_abs_casing/9baccddd4464.jpg,9baccddd4464,mixed_plastic,plastic_abs_casing,collector,34.91,Thane,1194.97,1156.42,2026-04-01T15:48:00.000Z,test,true
TRN_000242,synthetic://images/plastic_mixed_dirty/ea0bd795c0e7.jpg,ea0bd795c0e7,mixed_plastic,plastic_mixed_dirty,collector,5.22,Mumbai Suburban,63.14,65.57,2025-10-10T17:18:00.000Z,test,true
TRN_000243,synthetic://images/pcb_motherboard/822c3b0b029f.jpg,822c3b0b029f,pcb,pcb_motherboard,collector,7.59,Mumbai Suburban,2862.01,2972.34,2025-10-10T17:18:00.000Z,train,true
TRN_000244,synthetic://images/motor_fan_ac/bda708512f6f.jpg,bda708512f6f,motor_magnet,motor_fan_ac,collector,24.83,Mumbai Suburban,3972.55,4125.69,2025-10-10T17:18:00.000Z,train,true
TRN_000245,synthetic://images/pcb_power_supply/bfd89cea8358.jpg,bfd89cea8358,pcb,pcb_power_supply,collector,1.37,Mumbai Suburban,197.52,205.13,2025-10-10T17:18:00.000Z,train,true
TRN_000246,synthetic://images/pcb_cpu_processor/907dee59f138.jpg,907dee59f138,pcb,pcb_cpu_processor,collector,0.27,Thane,1162.01,1077.62,2025-11-15T15:30:00.000Z,train,true
TRN_000247,synthetic://images/pcb_mobile/7d948e4a63f6.jpg,7d948e4a63f6,pcb,pcb_mobile,collector,0.09,New Delhi,50.93,44.26,2026-02-01T09:03:00.000Z,train,true
TRN_000248,synthetic://images/crt_yoke/1f45a87bf261.jpg,1f45a87bf261,crt,crt_yoke,collector,4.14,New Delhi,369.45,321.1,2026-02-01T09:03:00.000Z,train,true
TRN_000249,synthetic://images/plastic_abs_casing/bbffaa63c73c.jpg,bbffaa63c73c,mixed_plastic,plastic_abs_casing,collector,10.59,New Delhi,430.99,374.59,2026-02-01T09:03:00.000Z,train,true
TRN_000250,synthetic://images/cable_data_thin/3ce34ca0c374.jpg,3ce34ca0c374,cable,cable_data_thin,collector,21.15,Nashik,2814.36,2858.49,2026-02-22T11:11:00.000Z,val,true
TRN_000251,synthetic://images/plastic_mixed_dirty/2ebca05ba7ba.jpg,2ebca05ba7ba,mixed_plastic,plastic_mixed_dirty,collector,1.78,Pune,20.77,21,2025-10-12T07:00:00.000Z,train,true
TRN_000252,synthetic://images/cable_data_thin/05f53ca1ad64.jpg,05f53ca1ad64,cable,cable_data_thin,collector,36.54,Pune,4966.22,5022.06,2025-10-12T07:00:00.000Z,train,true
TRN_000253,synthetic://images/crt_monitor/f58cadd44efb.jpg,f58cadd44efb,crt,crt_monitor,collector,134.18,Thane,1112.55,1095.3,2026-05-28T07:07:00.000Z,train,true
TRN_000254,synthetic://images/cable_mixed_scrap/a1e558b0ae1c.jpg,a1e558b0ae1c,cable,cable_mixed_scrap,collector,5.03,Pune,953.39,931.56,2026-05-23T14:11:00.000Z,train,true
TRN_000255,synthetic://images/cable_copper_house/c17be67c2049.jpg,c17be67c2049,cable,cable_copper_house,collector,24.98,Pune,9892.08,9665.62,2026-05-23T14:11:00.000Z,train,true
TRN_000256,synthetic://images/plastic_hips_tv/32f5948df1da.jpg,32f5948df1da,mixed_plastic,plastic_hips_tv,collector,25.09,Pune,595.13,581.51,2026-05-23T14:11:00.000Z,train,true
TRN_000257,synthetic://images/pcb_mobile/92b01556099c.jpg,92b01556099c,pcb,pcb_mobile,collector,0.19,Thane,225.72,222.54,2025-09-24T11:19:00.000Z,train,true
TRN_000258,synthetic://images/cable_copper_house/3a32b54c051d.jpg,3a32b54c051d,cable,cable_copper_house,recycler_corrected,39.69,Thane,17465.37,17219.68,2025-09-24T11:19:00.000Z,train,true
TRN_000259,synthetic://images/battery_lead_acid_ups/72257f8140e9.jpg,72257f8140e9,battery,battery_lead_acid_ups,collector,58.42,Thane,4739.75,4673.07,2025-09-24T11:19:00.000Z,val,true
TRN_000260,synthetic://images/plastic_hips_tv/43ef70c55187.jpg,43ef70c55187,mixed_plastic,plastic_hips_tv,recycler_corrected,4.8,Thane,118.37,116.7,2025-09-24T11:19:00.000Z,train,true
TRN_000261,synthetic://images/crt_tv/4867e630f24a.jpg,4867e630f24a,crt,crt_tv,collector,66.1,New Delhi,363.44,,2025-11-18T10:52:00.000Z,train,true
TRN_000262,synthetic://images/cable_mixed_scrap/d77086c4fde0.jpg,d77086c4fde0,cable,cable_mixed_scrap,collector,35.35,New Delhi,7520.71,,2025-11-18T10:52:00.000Z,test,true
TRN_000263,synthetic://images/pcb_cpu_processor/1f5566fcd8fe.jpg,1f5566fcd8fe,pcb,pcb_cpu_processor,collector,0.2,New Delhi,954.5,,2025-11-18T10:52:00.000Z,train,true
TRN_000264,synthetic://images/lcd_laptop_panel/7c2d3f8ac620.jpg,7c2d3f8ac620,lcd_panel,lcd_laptop_panel,collector,0.6,Chhatrapati Sambhajinagar,24.87,,2026-06-19T16:12:00.000Z,train,true
TRN_000265,synthetic://images/cable_mixed_scrap/3905088a9dce.jpg,3905088a9dce,cable,cable_mixed_scrap,collector,8.03,Chhatrapati Sambhajinagar,1465.96,,2026-06-19T16:12:00.000Z,val,true
TRN_000266,synthetic://images/motor_small_appliance/065e3ec0a981.jpg,065e3ec0a981,motor_magnet,motor_small_appliance,recycler_corrected,3.58,New Delhi,585.01,,2026-06-25T09:03:00.000Z,val,true
TRN_000267,synthetic://images/battery_li_ion_mobile/e5654a3d25a2.jpg,e5654a3d25a2,battery,battery_li_ion_mobile,collector,0.16,Mumbai Suburban,31.37,,2026-04-14T06:40:00.000Z,val,true
TRN_000268,synthetic://images/cable_aluminium/38f9f9d164ec.jpg,38f9f9d164ec,cable,cable_aluminium,collector,25.9,Mumbai Suburban,3864.95,,2026-04-14T06:40:00.000Z,val,true
TRN_000269,synthetic://images/crt_tv/8b1fd5817786.jpg,8b1fd5817786,crt,crt_tv,collector,13.6,Pune,68.03,,2026-01-07T13:28:00.000Z,train,true
TRN_000270,synthetic://images/cable_mixed_scrap/7401da8b8945.jpg,7401da8b8945,cable,cable_mixed_scrap,collector,13.76,Pune,2608.07,2579.94,2026-05-07T10:08:00.000Z,train,true
TRN_000271,synthetic://images/battery_button_cell/873704808595.jpg,873704808595,battery,battery_button_cell,collector,2.57,Pune,249.77,247.08,2026-05-07T10:08:00.000Z,train,true
TRN_000272,synthetic://images/plastic_mixed_dirty/ad0d7af8a7b2.jpg,ad0d7af8a7b2,mixed_plastic,plastic_mixed_dirty,collector,31.85,Pune,326.46,322.94,2026-05-07T10:08:00.000Z,train,true
TRN_000273,synthetic://images/battery_li_ion_mobile/7551da06b88d.jpg,7551da06b88d,battery,battery_li_ion_mobile,collector,0.37,Pune,55.48,54.88,2026-05-07T10:08:00.000Z,train,true
TRN_000274,synthetic://images/plastic_hips_tv/e78dda63d406.jpg,e78dda63d406,mixed_plastic,plastic_hips_tv,recycler_corrected,12.88,Thane,324.32,,2026-07-31T19:02:00.000Z,val,true
TRN_000275,synthetic://images/cable_data_thin/debc65971965.jpg,debc65971965,cable,cable_data_thin,collector,42.66,Mumbai Suburban,6734.18,,2026-08-29T15:57:00.000Z,train,true
TRN_000276,synthetic://images/cable_mixed_scrap/5d3f03caa984.jpg,5d3f03caa984,cable,cable_mixed_scrap,collector,4.14,Mumbai Suburban,885.79,,2026-08-29T15:57:00.000Z,train,true
TRN_000277,synthetic://images/lcd_monitor_panel/b0a87acb4e23.jpg,b0a87acb4e23,lcd_panel,lcd_monitor_panel,collector,28.82,Mumbai Suburban,810.42,,2026-08-29T15:57:00.000Z,train,true
TRN_000278,synthetic://images/cable_aluminium/ad470809a827.jpg,ad470809a827,cable,cable_aluminium,collector,2.93,Pune,399.77,343.73,2026-06-09T14:03:00.000Z,train,true
TRN_000279,synthetic://images/pcb_motherboard/551b4e3c35af.jpg,551b4e3c35af,pcb,pcb_motherboard,collector,3.33,Pune,1044.35,897.95,2026-06-09T14:03:00.000Z,train,true
TRN_000280,synthetic://images/lcd_laptop_panel/5002cb757fc4.jpg,5002cb757fc4,lcd_panel,lcd_laptop_panel,collector,1.03,Pune,48.62,41.8,2026-06-09T14:03:00.000Z,train,true
TRN_000281,synthetic://images/plastic_abs_casing/c52c704c7b12.jpg,c52c704c7b12,mixed_plastic,plastic_abs_casing,collector,12.24,Pune,426.56,366.76,2026-06-09T14:03:00.000Z,val,true
TRN_000282,synthetic://images/plastic_mixed_dirty/f2d3133cb7ca.jpg,f2d3133cb7ca,mixed_plastic,plastic_mixed_dirty,collector,31.07,Nashik,296.3,307.16,2026-08-25T19:09:00.000Z,train,true
TRN_000283,synthetic://images/motor_speaker_magnet/6daf303a472c.jpg,6daf303a472c,motor_magnet,motor_speaker_magnet,recycler_corrected,4.47,Nashik,201.85,209.25,2026-08-25T19:09:00.000Z,val,true
TRN_000284,synthetic://images/cable_data_thin/e3b3f94cab1f.jpg,e3b3f94cab1f,cable,cable_data_thin,recycler_corrected,6.82,Pune,618.04,,2025-11-18T08:17:00.000Z,test,true
TRN_000285,synthetic://images/cable_aluminium/f33cc605f44c.jpg,f33cc605f44c,cable,cable_aluminium,collector,7.93,Pune,1136.07,1192.83,2026-06-15T10:00:00.000Z,train,true
TRN_000286,synthetic://images/plastic_hips_tv/965d2ae45a08.jpg,965d2ae45a08,mixed_plastic,plastic_hips_tv,recycler_corrected,18.5,Pune,426.24,447.53,2026-06-15T10:00:00.000Z,train,true
TRN_000287,synthetic://images/battery_lead_acid_ups/587998080028.jpg,587998080028,battery,battery_lead_acid_ups,recycler_corrected,33.46,Bengaluru Urban,2870.75,2545.26,2026-02-01T16:16:00.000Z,train,true
TRN_000288,synthetic://images/pcb_power_supply/8ff0782486ef.jpg,8ff0782486ef,pcb,pcb_power_supply,collector,14.56,Thane,2033.6,1815.28,2026-02-13T15:25:00.000Z,train,true
TRN_000289,synthetic://images/battery_button_cell/ea41a0cd6605.jpg,ea41a0cd6605,battery,battery_button_cell,collector,2.72,Thane,284.43,253.9,2026-02-13T15:25:00.000Z,train,true
TRN_000290,synthetic://images/motor_fan_ac/5b25d113b106.jpg,5b25d113b106,motor_magnet,motor_fan_ac,recycler_corrected,25.9,Mumbai Suburban,4349.57,3801.98,2025-09-21T19:12:00.000Z,val,true
TRN_000291,synthetic://images/pcb_mobile/ae1d5cf27bd3.jpg,ae1d5cf27bd3,pcb,pcb_mobile,collector,0.2,Pune,206.35,186.15,2026-05-27T18:13:00.000Z,test,true
TRN_000292,synthetic://images/cable_data_thin/ed936c87e8b6.jpg,ed936c87e8b6,cable,cable_data_thin,collector,19.31,Mumbai Suburban,2306.57,,2026-02-25T13:24:00.000Z,train,true
TRN_000293,synthetic://images/cable_copper_house/eef9b6fc2add.jpg,eef9b6fc2add,cable,cable_copper_house,collector,43.85,Thane,15457.2,15462.61,2026-08-14T11:05:00.000Z,test,true
TRN_000294,synthetic://images/pcb_tv_low_grade/38f9ac3f3330.jpg,38f9ac3f3330,pcb,pcb_tv_low_grade,recycler_corrected,5.19,Thane,621.81,622.03,2026-08-14T11:05:00.000Z,train,true
TRN_000295,synthetic://images/plastic_hips_tv/91773507a78b.jpg,91773507a78b,mixed_plastic,plastic_hips_tv,collector,12.19,Pune,294.9,263.66,2026-02-08T08:28:00.000Z,train,true
TRN_000296,synthetic://images/battery_li_ion_mobile/23775d0501df.jpg,23775d0501df,battery,battery_li_ion_mobile,collector,0.34,Chhatrapati Sambhajinagar,40.72,35.28,2025-12-23T15:32:00.000Z,train,true
TRN_000297,synthetic://images/motor_small_appliance/115f008ce47a.jpg,115f008ce47a,motor_magnet,motor_small_appliance,recycler_corrected,16.13,Chhatrapati Sambhajinagar,1819.46,1576.38,2025-12-23T15:32:00.000Z,train,true
TRN_000298,synthetic://images/plastic_hips_tv/7d2a3100f2ed.jpg,7d2a3100f2ed,mixed_plastic,plastic_hips_tv,recycler_corrected,4.21,Mumbai Suburban,91.17,92.47,2025-11-06T06:16:00.000Z,train,true
TRN_000299,synthetic://images/crt_yoke/03e11cfd0fe4.jpg,03e11cfd0fe4,crt,crt_yoke,collector,7.08,Mumbai Suburban,544.66,552.44,2025-11-06T06:16:00.000Z,test,true
TRN_000300,synthetic://images/pcb_motherboard/7a285e80ac4a.jpg,7a285e80ac4a,pcb,pcb_motherboard,collector,1.91,Mumbai Suburban,683.29,693.05,2025-11-06T06:16:00.000Z,train,true
TRN_000301,synthetic://images/cable_aluminium/20dd403b182f.jpg,20dd403b182f,cable,cable_aluminium,collector,9.21,New Delhi,1460.15,1436.94,2025-09-03T07:57:00.000Z,test,true
TRN_000302,synthetic://images/lcd_laptop_panel/b55124876827.jpg,b55124876827,lcd_panel,lcd_laptop_panel,collector,4.04,New Delhi,237.42,233.65,2025-09-03T07:57:00.000Z,train,true
TRN_000303,synthetic://images/lcd_monitor_panel/10c81a095883.jpg,10c81a095883,lcd_panel,lcd_monitor_panel,collector,3.45,New Delhi,41.95,41.28,2025-09-03T07:57:00.000Z,test,true
TRN_000304,synthetic://images/pcb_mobile/f9a392637291.jpg,f9a392637291,pcb,pcb_mobile,collector,0.06,New Delhi,74.57,73.38,2025-09-03T07:57:00.000Z,train,true
TRN_000305,synthetic://images/battery_li_ion_laptop/16e2881f6493.jpg,16e2881f6493,battery,battery_li_ion_laptop,collector,0.42,Pune,91.86,99.94,2026-02-14T10:59:00.000Z,test,true
TRN_000306,synthetic://images/pcb_mobile/7083e8ec2e40.jpg,7083e8ec2e40,pcb,pcb_mobile,collector,0.15,Pune,155.88,169.6,2026-02-14T10:59:00.000Z,train,true
TRN_000307,synthetic://images/cable_copper_house/83e5ff2e5a6a.jpg,83e5ff2e5a6a,cable,cable_copper_house,collector,9.34,Pune,3899.85,4243.03,2026-02-14T10:59:00.000Z,train,true
TRN_000308,synthetic://images/motor_speaker_magnet/c276d586506d.jpg,c276d586506d,motor_magnet,motor_speaker_magnet,collector,2.62,Pune,195.27,212.45,2026-02-14T10:59:00.000Z,train,true
TRN_000309,synthetic://images/pcb_tv_low_grade/46e0665d70b8.jpg,46e0665d70b8,pcb,pcb_tv_low_grade,collector,3.24,Pune,149.59,160.56,2026-05-07T16:18:00.000Z,test,true
TRN_000310,synthetic://images/pcb_power_supply/79375b37cb96.jpg,79375b37cb96,pcb,pcb_power_supply,collector,6.48,Pune,874.48,938.58,2026-05-07T16:18:00.000Z,test,true
TRN_000311,synthetic://images/battery_li_ion_mobile/8c056585de43.jpg,8c056585de43,battery,battery_li_ion_mobile,collector,0.55,Pune,100.58,107.95,2026-05-07T16:18:00.000Z,train,true
TRN_000312,synthetic://images/pcb_mobile/266acdb32622.jpg,266acdb32622,pcb,pcb_mobile,collector,0.07,Mumbai Suburban,91.2,94.23,2025-11-30T16:44:00.000Z,train,true
TRN_000313,synthetic://images/pcb_cpu_processor/f0299ee25a2e.jpg,f0299ee25a2e,pcb,pcb_cpu_processor,collector,0.11,Mumbai Suburban,460.08,475.36,2025-11-30T16:44:00.000Z,train,true
TRN_000314,synthetic://images/cable_mixed_scrap/a231dad9f7f7.jpg,a231dad9f7f7,cable,cable_mixed_scrap,collector,9.09,Mumbai Suburban,1932.95,1997.13,2025-11-30T16:44:00.000Z,train,true
TRN_000315,synthetic://images/battery_button_cell/c27843c18461.jpg,c27843c18461,battery,battery_button_cell,collector,8.01,Mumbai Suburban,899.92,923.62,2025-12-02T16:24:00.000Z,train,true
TRN_000316,synthetic://images/plastic_abs_casing/5018d4995e94.jpg,5018d4995e94,mixed_plastic,plastic_abs_casing,recycler_corrected,2.7,Mumbai Suburban,98.91,101.51,2025-12-02T16:24:00.000Z,test,true
TRN_000317,synthetic://images/cable_mixed_scrap/a3a45c7fb59f.jpg,a3a45c7fb59f,cable,cable_mixed_scrap,collector,27.78,Mumbai Suburban,5902.64,6058.08,2025-12-02T16:24:00.000Z,test,true
TRN_000318,synthetic://images/pcb_tv_low_grade/52c587b93d80.jpg,52c587b93d80,pcb,pcb_tv_low_grade,recycler_corrected,4.53,Mumbai Suburban,444.6,456.31,2025-12-02T16:24:00.000Z,val,true
TRN_000319,synthetic://images/battery_li_ion_mobile/e779b0c70a91.jpg,e779b0c70a91,battery,battery_li_ion_mobile,collector,0.35,Bengaluru Urban,67.42,63.36,2025-10-01T15:37:00.000Z,val,true
TRN_000320,synthetic://images/pcb_mobile/e590d04e6662.jpg,e590d04e6662,pcb,pcb_mobile,collector,0.19,Bengaluru Urban,216.08,203.07,2025-10-01T15:37:00.000Z,train,true
TRN_000321,synthetic://images/cable_copper_house/00a7347923cf.jpg,00a7347923cf,cable,cable_copper_house,collector,20.59,Bengaluru Urban,9639.05,9058.8,2025-10-01T15:37:00.000Z,val,true
TRN_000322,synthetic://images/cable_data_thin/b0c52f5446fb.jpg,b0c52f5446fb,cable,cable_data_thin,collector,26.07,Mumbai Suburban,4110.13,4030.03,2026-07-03T10:49:00.000Z,train,true
TRN_000323,synthetic://images/cable_mixed_scrap/6fe4fe54ccdd.jpg,6fe4fe54ccdd,cable,cable_mixed_scrap,collector,26.28,Mumbai Suburban,5392.39,5287.3,2026-07-03T10:49:00.000Z,val,true
TRN_000324,synthetic://images/battery_li_ion_laptop/55e7f79e7b54.jpg,55e7f79e7b54,battery,battery_li_ion_laptop,collector,4.75,Mumbai Suburban,1185.98,1162.87,2026-07-03T10:49:00.000Z,train,true
TRN_000325,synthetic://images/motor_speaker_magnet/79eea653472b.jpg,79eea653472b,motor_magnet,motor_speaker_magnet,collector,0.99,Mumbai Suburban,70.17,68.8,2026-07-03T10:49:00.000Z,train,true
TRN_000326,synthetic://images/cable_aluminium/1017626076b0.jpg,1017626076b0,cable,cable_aluminium,collector,25.56,New Delhi,4229.94,,2025-11-11T18:20:00.000Z,val,true
TRN_000327,synthetic://images/pcb_power_supply/709407395ad3.jpg,709407395ad3,pcb,pcb_power_supply,collector,13.29,Bengaluru Urban,2006.39,1296.54,2026-03-16T18:10:00.000Z,train,true
TRN_000328,synthetic://images/cable_data_thin/93e0c3898e3b.jpg,93e0c3898e3b,cable,cable_data_thin,collector,6.83,Bengaluru Urban,1003.19,648.27,2026-03-16T18:10:00.000Z,train,true
TRN_000329,synthetic://images/cable_copper_house/021f7d89f95f.jpg,021f7d89f95f,cable,cable_copper_house,collector,22.74,Bengaluru Urban,8151.64,5267.64,2026-03-16T18:10:00.000Z,train,true
TRN_000330,synthetic://images/battery_li_ion_laptop/8aa819e706b9.jpg,8aa819e706b9,battery,battery_li_ion_laptop,recycler_corrected,0.39,Thane,77.52,75.17,2026-04-04T07:43:00.000Z,val,true
TRN_000331,synthetic://images/plastic_mixed_dirty/499ece473d81.jpg,499ece473d81,mixed_plastic,plastic_mixed_dirty,collector,44.44,Pune,380.76,402.48,2025-11-18T16:12:00.000Z,test,true
TRN_000332,synthetic://images/plastic_mixed_dirty/e0c62ec7a739.jpg,e0c62ec7a739,mixed_plastic,plastic_mixed_dirty,recycler_corrected,30.54,Pune,373.81,395.13,2025-11-18T16:12:00.000Z,train,true
TRN_000333,synthetic://images/pcb_tv_low_grade/22a931acd91f.jpg,22a931acd91f,pcb,pcb_tv_low_grade,collector,3.77,Pune,387.86,409.98,2025-11-18T16:12:00.000Z,train,true
TRN_000334,synthetic://images/battery_li_ion_mobile/51193c4c9d6b.jpg,51193c4c9d6b,battery,battery_li_ion_mobile,collector,0.27,Thane,23.34,26.87,2026-04-15T08:22:00.000Z,train,true
TRN_000335,synthetic://images/cable_data_thin/42cf2a4fa614.jpg,42cf2a4fa614,cable,cable_data_thin,collector,16.85,Thane,2362.71,2719.77,2026-04-15T08:22:00.000Z,train,true
TRN_000336,synthetic://images/battery_lead_acid_ups/2fcd8133331c.jpg,2fcd8133331c,battery,battery_lead_acid_ups,collector,49.53,Pune,3038.57,,2026-05-26T07:55:00.000Z,train,true
TRN_000337,synthetic://images/cable_copper_house/035e1005f553.jpg,035e1005f553,cable,cable_copper_house,recycler_corrected,38,Mumbai Suburban,18138.54,,2025-12-05T15:10:00.000Z,val,true
TRN_000338,synthetic://images/cable_mixed_scrap/3179ab18ae4e.jpg,3179ab18ae4e,cable,cable_mixed_scrap,collector,34.48,Mumbai Suburban,7326.24,,2025-12-05T15:10:00.000Z,train,true
TRN_000339,synthetic://images/pcb_power_supply/29209015ad37.jpg,29209015ad37,pcb,pcb_power_supply,collector,11.39,Mumbai Suburban,1721.94,,2025-12-05T15:10:00.000Z,train,true
TRN_000340,synthetic://images/cable_aluminium/43c901cdd571.jpg,43c901cdd571,cable,cable_aluminium,collector,4.43,Bengaluru Urban,714.42,,2026-01-27T12:32:00.000Z,train,true
TRN_000341,synthetic://images/plastic_hips_tv/6a068e4d22f4.jpg,6a068e4d22f4,mixed_plastic,plastic_hips_tv,collector,17.19,Bengaluru Urban,185.73,,2026-01-27T12:32:00.000Z,train,true
TRN_000342,synthetic://images/battery_lead_acid_ups/a902d3913dac.jpg,a902d3913dac,battery,battery_lead_acid_ups,collector,76.89,Pune,7703.62,,2026-01-25T12:57:00.000Z,train,true
TRN_000343,synthetic://images/cable_aluminium/8d49ecede55a.jpg,8d49ecede55a,cable,cable_aluminium,recycler_corrected,31.66,Pune,3548.64,,2026-01-25T12:57:00.000Z,train,true
TRN_000344,synthetic://images/pcb_motherboard/77c8d8a1e246.jpg,77c8d8a1e246,pcb,pcb_motherboard,collector,3.98,Nashik,1111.02,1098.01,2026-01-21T16:11:00.000Z,train,true
TRN_000345,synthetic://images/motor_small_appliance/2252731b387f.jpg,2252731b387f,motor_magnet,motor_small_appliance,collector,8.61,Nashik,464.13,524.28,2025-11-11T11:17:00.000Z,train,true
TRN_000346,synthetic://images/pcb_ram_gold/87ff4cdd572d.jpg,87ff4cdd572d,pcb,pcb_ram_gold,collector,0.15,Nashik,218.43,246.74,2025-11-11T11:17:00.000Z,train,true
TRN_000347,synthetic://images/pcb_mobile/03bafd350f0c.jpg,03bafd350f0c,pcb,pcb_mobile,recycler_corrected,0.11,Nashik,119.8,135.33,2025-11-11T11:17:00.000Z,train,true
TRN_000348,synthetic://images/plastic_mixed_dirty/0ae01743eeda.jpg,0ae01743eeda,mixed_plastic,plastic_mixed_dirty,collector,23.59,Thane,227.68,245.74,2026-04-03T18:55:00.000Z,train,true
TRN_000349,synthetic://images/cable_data_thin/686e904de651.jpg,686e904de651,cable,cable_data_thin,recycler_corrected,27.01,Thane,3976.71,4292.15,2026-04-03T18:55:00.000Z,val,true
TRN_000350,synthetic://images/lcd_monitor_panel/94c8597ed4d0.jpg,94c8597ed4d0,lcd_panel,lcd_monitor_panel,recycler_corrected,48.83,Mumbai Suburban,1388.24,1410.04,2026-07-20T12:06:00.000Z,train,true
TRN_000351,synthetic://images/pcb_cpu_processor/179760ff6ab8.jpg,179760ff6ab8,pcb,pcb_cpu_processor,collector,0.17,Mumbai Suburban,721.32,692.35,2026-02-23T11:40:00.000Z,train,true
TRN_000352,synthetic://images/cable_mixed_scrap/9435464a2303.jpg,9435464a2303,cable,cable_mixed_scrap,collector,37.55,Mumbai Suburban,7474.33,7174.19,2026-02-23T11:40:00.000Z,train,true
TRN_000353,synthetic://images/plastic_abs_casing/2030d470ff1a.jpg,2030d470ff1a,mixed_plastic,plastic_abs_casing,collector,17.36,Pune,588.85,642.89,2026-03-10T14:48:00.000Z,val,true
TRN_000354,synthetic://images/motor_fan_ac/04578754ae42.jpg,04578754ae42,motor_magnet,motor_fan_ac,collector,31.4,Pune,4669.87,5098.39,2026-03-10T14:48:00.000Z,train,true
TRN_000355,synthetic://images/motor_small_appliance/0c4811b2cf99.jpg,0c4811b2cf99,motor_magnet,motor_small_appliance,collector,4.19,Nagpur,324.27,,2025-12-19T06:30:00.000Z,train,true
TRN_000356,synthetic://images/pcb_tv_low_grade/6ab9822208c2.jpg,6ab9822208c2,pcb,pcb_tv_low_grade,collector,0.46,Mumbai Suburban,52.3,48.32,2026-01-15T12:21:00.000Z,test,true
TRN_000357,synthetic://images/pcb_tv_low_grade/eefe48aadd80.jpg,eefe48aadd80,pcb,pcb_tv_low_grade,collector,4.43,Mumbai Suburban,530.23,489.83,2026-01-15T12:21:00.000Z,train,true
TRN_000358,synthetic://images/lcd_laptop_panel/427e4bcf39f5.jpg,427e4bcf39f5,lcd_panel,lcd_laptop_panel,collector,2.97,New Delhi,166.2,164.49,2025-12-19T07:23:00.000Z,train,true
TRN_000359,synthetic://images/cable_aluminium/1b3f1940736a.jpg,1b3f1940736a,cable,cable_aluminium,collector,27.78,Mumbai Suburban,4148.42,,2026-01-18T14:22:00.000Z,train,true
TRN_000360,synthetic://images/battery_li_ion_laptop/c1103568eb24.jpg,c1103568eb24,battery,battery_li_ion_laptop,collector,2.56,Mumbai Suburban,549,,2026-01-18T14:22:00.000Z,train,true
TRN_000361,synthetic://images/battery_li_ion_laptop/0c6f7162619b.jpg,0c6f7162619b,battery,battery_li_ion_laptop,collector,0.76,Mumbai Suburban,132.18,,2026-01-18T14:22:00.000Z,train,true
TRN_000362,synthetic://images/crt_yoke/da6f888da049.jpg,da6f888da049,crt,crt_yoke,collector,5.02,Mumbai Suburban,324.04,314.96,2026-06-12T06:18:00.000Z,test,true
TRN_000363,synthetic://images/crt_monitor/35dc6ec346d1.jpg,35dc6ec346d1,crt,crt_monitor,collector,82.56,Mumbai Suburban,765.2,743.76,2026-06-12T06:18:00.000Z,train,true
TRN_000364,synthetic://images/pcb_power_supply/b212503d4e69.jpg,b212503d4e69,pcb,pcb_power_supply,collector,3.93,Mumbai Suburban,480.97,466.1,2026-02-05T10:26:00.000Z,train,true
TRN_000365,synthetic://images/cable_aluminium/f3e680162581.jpg,f3e680162581,cable,cable_aluminium,collector,37.98,Nagpur,4733.24,,2026-06-08T12:14:00.000Z,train,true
TRN_000366,synthetic://images/pcb_motherboard/e702f150fbca.jpg,e702f150fbca,pcb,pcb_motherboard,collector,4.62,Nagpur,1457.58,,2026-06-08T12:14:00.000Z,train,true
TRN_000367,synthetic://images/motor_small_appliance/fcbdcd5a500b.jpg,fcbdcd5a500b,motor_magnet,motor_small_appliance,collector,5.99,Nagpur,296.67,,2026-06-08T12:14:00.000Z,train,true
TRN_000368,synthetic://images/plastic_hips_tv/c54a44701cdf.jpg,c54a44701cdf,mixed_plastic,plastic_hips_tv,collector,23.27,Mumbai Suburban,614.56,610.23,2026-01-02T14:21:00.000Z,train,true
TRN_000369,synthetic://images/battery_button_cell/238a9a3e23cb.jpg,238a9a3e23cb,battery,battery_button_cell,collector,5.94,Mumbai Suburban,670.8,666.07,2026-01-02T14:21:00.000Z,train,true
TRN_000370,synthetic://images/pcb_mobile/edd3e6808ace.jpg,edd3e6808ace,pcb,pcb_mobile,recycler_corrected,0.08,Mumbai Suburban,104.23,116.81,2026-04-28T19:28:00.000Z,train,true
TRN_000371,synthetic://images/motor_fan_ac/b7f389194e24.jpg,b7f389194e24,motor_magnet,motor_fan_ac,recycler_corrected,26.4,Mumbai Suburban,3503.3,3926.02,2026-04-28T19:28:00.000Z,test,true
TRN_000372,synthetic://images/pcb_mobile/d0981d59cbc0.jpg,d0981d59cbc0,pcb,pcb_mobile,collector,0.17,Pune,174.8,163.78,2026-06-28T14:27:00.000Z,train,true
TRN_000373,synthetic://images/battery_li_ion_mobile/6e44ce1c93a1.jpg,6e44ce1c93a1,battery,battery_li_ion_mobile,collector,0.04,Pune,7.2,6.75,2026-06-28T14:27:00.000Z,train,true
TRN_000374,synthetic://images/pcb_mobile/da14b1ab3f16.jpg,da14b1ab3f16,pcb,pcb_mobile,collector,0.17,Thane,194.38,176.15,2026-07-19T13:57:00.000Z,train,true
TRN_000375,synthetic://images/crt_monitor/54b1deb8a1a5.jpg,54b1deb8a1a5,crt,crt_monitor,collector,61.05,Thane,509.97,462.14,2026-07-19T13:57:00.000Z,test,true
TRN_000376,synthetic://images/pcb_tv_low_grade/8d8c68d78a43.jpg,8d8c68d78a43,pcb,pcb_tv_low_grade,collector,0.49,Nashik,51.65,48.01,2026-08-01T08:12:00.000Z,train,true
TRN_000377,synthetic://images/pcb_motherboard/b0dea1621de6.jpg,b0dea1621de6,pcb,pcb_motherboard,collector,6.97,New Delhi,2498.1,,2026-03-06T18:05:00.000Z,train,true
TRN_000378,synthetic://images/battery_li_ion_laptop/754744fee784.jpg,754744fee784,battery,battery_li_ion_laptop,collector,1.62,Nashik,290.03,277.46,2025-11-25T10:04:00.000Z,test,true
TRN_000379,synthetic://images/motor_speaker_magnet/55117173a1e8.jpg,55117173a1e8,motor_magnet,motor_speaker_magnet,collector,2.01,Nashik,104.17,99.66,2025-11-25T10:04:00.000Z,test,true
TRN_000380,synthetic://images/pcb_ram_gold/f4e01b1f0794.jpg,f4e01b1f0794,pcb,pcb_ram_gold,collector,0.12,Nashik,166.42,159.21,2025-11-25T10:04:00.000Z,train,true
TRN_000381,synthetic://images/cable_copper_house/a4ddfde0966b.jpg,a4ddfde0966b,cable,cable_copper_house,collector,36.58,Pune,15320.2,12803.6,2026-01-30T06:45:00.000Z,train,true
TRN_000382,synthetic://images/crt_tv/e477b4781ca2.jpg,e477b4781ca2,crt,crt_tv,recycler_corrected,44.56,Nashik,293.36,310.81,2026-03-19T06:35:00.000Z,train,true
TRN_000383,synthetic://images/motor_small_appliance/2e24aebe0e0f.jpg,2e24aebe0e0f,motor_magnet,motor_small_appliance,collector,10.45,Nashik,1244.49,1318.5,2026-03-19T06:35:00.000Z,val,true
TRN_000384,synthetic://images/pcb_ram_gold/79763e9f101d.jpg,79763e9f101d,pcb,pcb_ram_gold,collector,0.16,Thane,251.46,243.07,2025-11-04T13:44:00.000Z,train,true
TRN_000385,synthetic://images/plastic_mixed_dirty/4d5707a740cb.jpg,4d5707a740cb,mixed_plastic,plastic_mixed_dirty,collector,5.94,Thane,56.89,54.99,2025-11-04T13:44:00.000Z,val,true
TRN_000386,synthetic://images/pcb_mobile/76960c016513.jpg,76960c016513,pcb,pcb_mobile,recycler_corrected,0.24,Mumbai Suburban,244.19,208.54,2026-03-14T15:30:00.000Z,train,true
TRN_000387,synthetic://images/crt_monitor/fe32981ac83e.jpg,fe32981ac83e,crt,crt_monitor,collector,98.75,Mumbai Suburban,913.12,779.8,2026-03-14T15:30:00.000Z,val,true
TRN_000388,synthetic://images/cable_aluminium/70de3cc771c5.jpg,70de3cc771c5,cable,cable_aluminium,collector,8.01,Mumbai Suburban,1138.38,972.18,2026-03-14T15:30:00.000Z,val,true
TRN_000389,synthetic://images/cable_mixed_scrap/97467a9ff9ae.jpg,97467a9ff9ae,cable,cable_mixed_scrap,collector,34.54,Pune,6874.05,6234.4,2026-05-20T14:49:00.000Z,train,true
TRN_000390,synthetic://images/battery_li_ion_mobile/3ed5b412210b.jpg,3ed5b412210b,battery,battery_li_ion_mobile,collector,0.2,Pune,15.87,14.69,2026-07-09T11:53:00.000Z,train,true
TRN_000391,synthetic://images/cable_aluminium/9dbf1e670e9e.jpg,9dbf1e670e9e,cable,cable_aluminium,collector,33.8,Pune,3940.66,3648.37,2026-07-09T11:53:00.000Z,train,true
TRN_000392,synthetic://images/led_backlight_strip/9f2ab3119b9d.jpg,9f2ab3119b9d,lcd_panel,led_backlight_strip,collector,36,Nashik,3386.88,3245.03,2026-06-09T11:02:00.000Z,val,true
TRN_000393,synthetic://images/plastic_mixed_dirty/548390127a0e.jpg,548390127a0e,mixed_plastic,plastic_mixed_dirty,recycler_corrected,41.42,Thane,495.8,454.87,2026-07-12T14:54:00.000Z,val,true
TRN_000394,synthetic://images/motor_fan_ac/2c56e1abfd9a.jpg,2c56e1abfd9a,motor_magnet,motor_fan_ac,collector,25.98,Thane,4215,3867.04,2026-07-12T14:54:00.000Z,train,true
TRN_000395,synthetic://images/plastic_mixed_dirty/e28834868f4e.jpg,e28834868f4e,mixed_plastic,plastic_mixed_dirty,collector,14.82,New Delhi,156.64,157.06,2025-12-07T16:48:00.000Z,test,true
TRN_000396,synthetic://images/cable_data_thin/61ffc0374fbb.jpg,61ffc0374fbb,cable,cable_data_thin,collector,18.14,New Delhi,1280.53,1283.92,2025-12-07T16:48:00.000Z,train,true
TRN_000397,synthetic://images/pcb_mobile/bacc929b48c6.jpg,bacc929b48c6,pcb,pcb_mobile,collector,0.14,New Delhi,79.3,79.51,2025-12-07T16:48:00.000Z,train,true
TRN_000398,synthetic://images/pcb_tv_low_grade/adc5a94c6c76.jpg,adc5a94c6c76,pcb,pcb_tv_low_grade,collector,4.58,Chhatrapati Sambhajinagar,363.28,337.9,2025-09-29T17:06:00.000Z,val,true
TRN_000399,synthetic://images/pcb_tv_low_grade/eb3109d6d0b5.jpg,eb3109d6d0b5,pcb,pcb_tv_low_grade,collector,3.78,New Delhi,508.15,,2025-11-04T18:48:00.000Z,train,true
TRN_000400,synthetic://images/cable_aluminium/7731b812dc0d.jpg,7731b812dc0d,cable,cable_aluminium,collector,29.85,New Delhi,4939.89,,2025-11-04T18:48:00.000Z,train,true
TRN_000401,synthetic://images/plastic_mixed_dirty/1c67c0aef9f6.jpg,1c67c0aef9f6,mixed_plastic,plastic_mixed_dirty,collector,21.04,Mumbai Suburban,204.27,,2026-09-01T08:51:00.000Z,test,true
TRN_000402,synthetic://images/cable_data_thin/c79904eec85e.jpg,c79904eec85e,cable,cable_data_thin,collector,21.1,Mumbai Suburban,3330.78,,2026-09-01T08:51:00.000Z,test,true
TRN_000403,synthetic://images/lcd_tv_panel/bb708c4777c5.jpg,bb708c4777c5,lcd_panel,lcd_tv_panel,recycler_corrected,55.11,Thane,1273.68,1198.35,2026-03-06T08:30:00.000Z,train,true
TRN_000404,synthetic://images/pcb_power_supply/9385957bd919.jpg,9385957bd919,pcb,pcb_power_supply,collector,10.86,Thane,1515.08,1425.47,2026-03-06T08:30:00.000Z,test,true
TRN_000405,synthetic://images/pcb_tv_low_grade/5d47e3f6b915.jpg,5d47e3f6b915,pcb,pcb_tv_low_grade,collector,4.44,Mumbai Suburban,546.7,570.31,2026-05-16T14:00:00.000Z,train,true
TRN_000406,synthetic://images/motor_speaker_magnet/b13a52587115.jpg,b13a52587115,motor_magnet,motor_speaker_magnet,collector,3.65,Thane,253.53,245.34,2026-01-21T11:18:00.000Z,val,true
TRN_000407,synthetic://images/motor_small_appliance/180a3b3b2491.jpg,180a3b3b2491,motor_magnet,motor_small_appliance,collector,7.33,New Delhi,791.71,752.55,2026-05-17T15:21:00.000Z,train,true
TRN_000408,synthetic://images/plastic_hips_tv/7922afd432cc.jpg,7922afd432cc,mixed_plastic,plastic_hips_tv,collector,27.3,New Delhi,748.16,711.16,2026-05-17T15:21:00.000Z,train,true
TRN_000409,synthetic://images/pcb_power_supply/2d739630ea49.jpg,2d739630ea49,pcb,pcb_power_supply,collector,4.68,New Delhi,763.78,726.01,2026-05-17T15:21:00.000Z,train,true
TRN_000410,synthetic://images/pcb_cpu_processor/913e384dd4ab.jpg,913e384dd4ab,pcb,pcb_cpu_processor,recycler_corrected,0.17,Thane,743.19,762.87,2026-01-19T07:21:00.000Z,train,true
TRN_000411,synthetic://images/cable_copper_house/149bbc7d39e7.jpg,149bbc7d39e7,cable,cable_copper_house,collector,10.35,Nashik,3658.98,3613.83,2025-12-27T16:59:00.000Z,train,true
TRN_000412,synthetic://images/pcb_tv_low_grade/7c29609d2dab.jpg,7c29609d2dab,pcb,pcb_tv_low_grade,collector,3.19,Nashik,334.47,330.34,2025-12-27T16:59:00.000Z,train,true
TRN_000413,synthetic://images/motor_small_appliance/ab26795ca541.jpg,ab26795ca541,motor_magnet,motor_small_appliance,collector,6.77,Nashik,663.11,654.93,2025-12-27T16:59:00.000Z,train,true
TRN_000414,synthetic://images/pcb_tv_low_grade/03a339a0b7d3.jpg,03a339a0b7d3,pcb,pcb_tv_low_grade,collector,3.81,New Delhi,533.91,,2025-09-17T15:25:00.000Z,train,true
TRN_000415,synthetic://images/motor_speaker_magnet/573becbf5f47.jpg,573becbf5f47,motor_magnet,motor_speaker_magnet,collector,1.25,New Delhi,72.49,,2025-09-17T15:25:00.000Z,test,true
TRN_000416,synthetic://images/pcb_cpu_processor/be5de73a7669.jpg,be5de73a7669,pcb,pcb_cpu_processor,collector,0.04,New Delhi,155.89,,2025-09-17T15:25:00.000Z,val,true
TRN_000417,synthetic://images/pcb_mobile/e85ceb7b360b.jpg,e85ceb7b360b,pcb,pcb_mobile,recycler_corrected,0.07,New Delhi,86.69,,2026-04-18T09:59:00.000Z,train,true
TRN_000418,synthetic://images/motor_small_appliance/6df39d09a2a0.jpg,6df39d09a2a0,motor_magnet,motor_small_appliance,collector,5.52,New Delhi,893.69,,2026-04-18T09:59:00.000Z,train,true
TRN_000419,synthetic://images/plastic_mixed_dirty/88c4f6aaaa16.jpg,88c4f6aaaa16,mixed_plastic,plastic_mixed_dirty,collector,28.28,Nagpur,223.55,220.64,2026-06-20T18:42:00.000Z,train,true
TRN_000420,synthetic://images/motor_speaker_magnet/c6c0c407b47e.jpg,c6c0c407b47e,motor_magnet,motor_speaker_magnet,collector,2.46,Nagpur,170.32,,2026-07-04T10:35:00.000Z,train,true
TRN_000421,synthetic://images/cable_aluminium/5e774c226aa8.jpg,5e774c226aa8,cable,cable_aluminium,collector,6.47,Pune,882.77,885.65,2026-06-26T18:04:00.000Z,val,true
TRN_000422,synthetic://images/plastic_abs_casing/5683d49bf1ed.jpg,5683d49bf1ed,mixed_plastic,plastic_abs_casing,collector,14.89,Pune,518.92,520.61,2026-06-26T18:04:00.000Z,train,true
TRN_000423,synthetic://images/cable_aluminium/0b46848d38ea.jpg,0b46848d38ea,cable,cable_aluminium,collector,38.21,Pune,5225.6,5259.89,2026-05-26T17:33:00.000Z,train,true
TRN_000424,synthetic://images/motor_fan_ac/5825ed638179.jpg,5825ed638179,motor_magnet,motor_fan_ac,collector,30.12,Pune,3029.35,3049.23,2026-05-26T17:33:00.000Z,val,true
TRN_000425,synthetic://images/cable_aluminium/df9d3b417d4b.jpg,df9d3b417d4b,cable,cable_aluminium,collector,29.9,Pune,3345.24,3279.93,2026-06-22T12:19:00.000Z,train,true
TRN_000426,synthetic://images/motor_speaker_magnet/549d58ec5487.jpg,549d58ec5487,motor_magnet,motor_speaker_magnet,collector,0.67,Pune,50.27,49.29,2026-06-22T12:19:00.000Z,test,true
TRN_000427,synthetic://images/motor_speaker_magnet/9759fe303838.jpg,9759fe303838,motor_magnet,motor_speaker_magnet,collector,5.9,Pune,444.45,454.6,2026-07-02T11:48:00.000Z,val,true
TRN_000428,synthetic://images/cable_aluminium/ffa5fc5c6b3f.jpg,ffa5fc5c6b3f,cable,cable_aluminium,collector,11.39,Pune,1619.43,1611.68,2026-07-30T12:34:00.000Z,train,true
TRN_000429,synthetic://images/lcd_monitor_panel/ddc3f2e0a1b2.jpg,ddc3f2e0a1b2,lcd_panel,lcd_monitor_panel,collector,32.73,Mumbai Suburban,749.87,830.62,2026-04-18T11:52:00.000Z,train,true
TRN_000430,synthetic://images/crt_yoke/8a13bf68f5a4.jpg,8a13bf68f5a4,crt,crt_yoke,collector,8.41,Mumbai Suburban,647.32,717.03,2026-04-18T11:52:00.000Z,test,true
TRN_000431,synthetic://images/battery_li_ion_mobile/3383c29254df.jpg,3383c29254df,battery,battery_li_ion_mobile,collector,0.08,Mumbai Suburban,16.47,18.24,2026-04-18T11:52:00.000Z,test,true
TRN_000432,synthetic://images/plastic_hips_tv/d2c134fdb861.jpg,d2c134fdb861,mixed_plastic,plastic_hips_tv,collector,30.99,New Delhi,569.66,583.32,2026-07-26T07:29:00.000Z,train,true
TRN_000433,synthetic://images/cable_copper_house/b70ff55122fa.jpg,b70ff55122fa,cable,cable_copper_house,collector,11.21,New Delhi,5146.29,,2026-07-23T10:24:00.000Z,train,true
TRN_000434,synthetic://images/motor_small_appliance/d97fdeedbf79.jpg,d97fdeedbf79,motor_magnet,motor_small_appliance,recycler_corrected,2.35,New Delhi,365.73,,2026-07-23T10:24:00.000Z,train,true
TRN_000435,synthetic://images/battery_li_ion_mobile/8829d04ba9f2.jpg,8829d04ba9f2,battery,battery_li_ion_mobile,collector,0.19,Mumbai Suburban,39.37,,2026-02-16T08:38:00.000Z,train,true
TRN_000436,synthetic://images/pcb_power_supply/cba282e1f7fa.jpg,cba282e1f7fa,pcb,pcb_power_supply,collector,9.2,Mumbai Suburban,626.38,631.27,2026-05-06T15:36:00.000Z,train,true
TRN_000437,synthetic://images/motor_hdd_assembly/b1511ce16f09.jpg,b1511ce16f09,motor_magnet,motor_hdd_assembly,recycler_corrected,4.24,Mumbai Suburban,1136.11,1144.99,2026-05-06T15:36:00.000Z,train,true
TRN_000438,synthetic://images/led_backlight_strip/04afd9f32644.jpg,04afd9f32644,lcd_panel,led_backlight_strip,collector,2.39,Mumbai Suburban,207.62,209.24,2026-05-06T15:36:00.000Z,val,true
TRN_000439,synthetic://images/plastic_abs_casing/818e300e285e.jpg,818e300e285e,mixed_plastic,plastic_abs_casing,collector,1.5,Mumbai Suburban,52.2,60.57,2026-08-15T08:27:00.000Z,train,true
TRN_000440,synthetic://images/battery_li_ion_laptop/1bbabfe5ace4.jpg,1bbabfe5ace4,battery,battery_li_ion_laptop,collector,3.83,Mumbai Suburban,979.37,979.4,2025-10-19T06:17:00.000Z,train,true
TRN_000441,synthetic://images/pcb_ram_gold/f6e85b537a16.jpg,f6e85b537a16,pcb,pcb_ram_gold,collector,0.11,Mumbai Suburban,144.15,144.16,2025-10-19T06:17:00.000Z,test,true
TRN_000442,synthetic://images/battery_li_ion_mobile/efe62ebc4e74.jpg,efe62ebc4e74,battery,battery_li_ion_mobile,collector,0.44,Nashik,80.21,79.99,2025-09-13T19:45:00.000Z,train,true
TRN_000443,synthetic://images/pcb_ram_gold/625fe9ed5d26.jpg,625fe9ed5d26,pcb,pcb_ram_gold,recycler_corrected,0.35,Nashik,485.78,484.46,2025-09-13T19:45:00.000Z,train,true
TRN_000444,synthetic://images/cable_data_thin/d6014be2c6e5.jpg,d6014be2c6e5,cable,cable_data_thin,collector,14.26,Thane,2006.67,1822.78,2026-06-15T14:22:00.000Z,train,true
TRN_000445,synthetic://images/lcd_tv_panel/2301983b7225.jpg,2301983b7225,lcd_panel,lcd_tv_panel,collector,59.47,Pune,1346.15,1328.11,2026-04-07T07:08:00.000Z,val,true
TRN_000446,synthetic://images/cable_data_thin/8b2cb3cbb3c0.jpg,8b2cb3cbb3c0,cable,cable_data_thin,collector,25.04,Pune,2625.73,2590.54,2026-04-07T07:08:00.000Z,train,true
TRN_000447,synthetic://images/plastic_abs_casing/979811c4dffb.jpg,979811c4dffb,mixed_plastic,plastic_abs_casing,collector,24.89,Pune,872.63,,2025-11-03T08:42:00.000Z,test,true
TRN_000448,synthetic://images/cable_copper_house/133aa831b76a.jpg,133aa831b76a,cable,cable_copper_house,collector,42.32,Pune,17762.85,,2025-11-03T08:42:00.000Z,train,true
TRN_000449,synthetic://images/plastic_mixed_dirty/fc776251f900.jpg,fc776251f900,mixed_plastic,plastic_mixed_dirty,recycler_corrected,12.5,Pune,153,,2025-11-03T08:42:00.000Z,train,true
TRN_000450,synthetic://images/battery_button_cell/77115fd45b44.jpg,77115fd45b44,battery,battery_button_cell,collector,26.92,Nagpur,2778.55,2526.68,2026-03-21T14:07:00.000Z,train,true
TRN_000451,synthetic://images/pcb_tv_low_grade/0d9721ff55a2.jpg,0d9721ff55a2,pcb,pcb_tv_low_grade,collector,1.89,Pune,193.96,204.62,2025-10-23T12:54:00.000Z,val,true
TRN_000452,synthetic://images/crt_yoke/305b8903cd5f.jpg,305b8903cd5f,crt,crt_yoke,collector,5.94,Pune,353.57,373.01,2025-10-23T12:54:00.000Z,test,true
TRN_000453,synthetic://images/pcb_ram_gold/c3e4c7f1a503.jpg,c3e4c7f1a503,pcb,pcb_ram_gold,recycler_corrected,0.45,Pune,780.28,823.18,2025-10-23T12:54:00.000Z,train,true
TRN_000454,synthetic://images/cable_copper_house/06a455645bbe.jpg,06a455645bbe,cable,cable_copper_house,collector,32.17,Pune,12883.76,13592.09,2025-10-23T12:54:00.000Z,train,true
TRN_000455,synthetic://images/battery_li_ion_mobile/754605d794df.jpg,754605d794df,battery,battery_li_ion_mobile,collector,0.31,Thane,56.11,54.36,2026-07-16T13:33:00.000Z,train,true
TRN_000456,synthetic://images/battery_lead_acid_ups/278380320a8c.jpg,278380320a8c,battery,battery_lead_acid_ups,collector,17.77,Nagpur,1388.94,1456.27,2026-08-03T09:51:00.000Z,train,true
TRN_000457,synthetic://images/motor_speaker_magnet/01c74b1ed477.jpg,01c74b1ed477,motor_magnet,motor_speaker_magnet,collector,3.81,Nagpur,176.26,184.8,2026-08-03T09:51:00.000Z,test,true
TRN_000458,synthetic://images/motor_speaker_magnet/fc0af35c8415.jpg,fc0af35c8415,motor_magnet,motor_speaker_magnet,collector,2.34,Nagpur,154.65,162.15,2026-08-03T09:51:00.000Z,train,true
TRN_000459,synthetic://images/pcb_motherboard/ff1f8e44ca0f.jpg,ff1f8e44ca0f,pcb,pcb_motherboard,collector,3.57,Thane,1181.92,1369.61,2025-10-19T08:07:00.000Z,val,true
TRN_000460,synthetic://images/pcb_power_supply/7a87469464e7.jpg,7a87469464e7,pcb,pcb_power_supply,collector,13.47,Thane,1889.03,1826.77,2025-11-27T17:22:00.000Z,train,true
TRN_000461,synthetic://images/pcb_ram_gold/726b63575eee.jpg,726b63575eee,pcb,pcb_ram_gold,collector,0.33,Thane,493.93,477.65,2025-11-27T17:22:00.000Z,test,true
TRN_000462,synthetic://images/motor_fan_ac/c00c9bdaa0f6.jpg,c00c9bdaa0f6,motor_magnet,motor_fan_ac,collector,30.9,Thane,5105.22,4936.96,2025-11-27T17:22:00.000Z,test,true
TRN_000463,synthetic://images/plastic_abs_casing/6db93dccc134.jpg,6db93dccc134,mixed_plastic,plastic_abs_casing,collector,13.53,Thane,442.43,427.85,2025-11-27T17:22:00.000Z,val,true
TRN_000464,synthetic://images/pcb_power_supply/632ac929b61c.jpg,632ac929b61c,pcb,pcb_power_supply,collector,9.94,Thane,1401.54,1434.69,2025-10-31T06:05:00.000Z,train,true
TRN_000465,synthetic://images/motor_small_appliance/67aa88bb0fe2.jpg,67aa88bb0fe2,motor_magnet,motor_small_appliance,collector,11.78,Thane,1567.09,1604.15,2025-10-31T06:05:00.000Z,train,true
TRN_000466,synthetic://images/motor_speaker_magnet/dc761e897568.jpg,dc761e897568,motor_magnet,motor_speaker_magnet,collector,1.47,Thane,102.38,104.8,2025-10-31T06:05:00.000Z,train,true
TRN_000467,synthetic://images/battery_li_ion_mobile/e040389fbf6e.jpg,e040389fbf6e,battery,battery_li_ion_mobile,collector,0.42,Thane,85.12,87.13,2025-10-31T06:05:00.000Z,val,true
TRN_000468,synthetic://images/cable_data_thin/d4f3daef2676.jpg,d4f3daef2676,cable,cable_data_thin,collector,9.25,Pune,534.42,443.52,2026-06-07T09:36:00.000Z,train,true
TRN_000469,synthetic://images/led_backlight_strip/a338422badfd.jpg,a338422badfd,lcd_panel,led_backlight_strip,recycler_corrected,5.41,Pune,518.23,430.09,2026-06-07T09:36:00.000Z,train,true
TRN_000470,synthetic://images/crt_yoke/91e9580dda8d.jpg,91e9580dda8d,crt,crt_yoke,collector,8.61,Bengaluru Urban,533.89,,2026-07-20T06:32:00.000Z,train,true
TRN_000471,synthetic://images/cable_aluminium/b07e4863551a.jpg,b07e4863551a,cable,cable_aluminium,collector,31.92,Bengaluru Urban,4871.63,,2026-07-20T06:32:00.000Z,train,true
TRN_000472,synthetic://images/battery_li_ion_laptop/3367c059f289.jpg,3367c059f289,battery,battery_li_ion_laptop,collector,0.4,New Delhi,87.84,85.25,2026-06-13T06:30:00.000Z,train,true
TRN_000473,synthetic://images/plastic_abs_casing/ba6e31dce770.jpg,ba6e31dce770,mixed_plastic,plastic_abs_casing,collector,43.41,New Delhi,793.88,799.39,2026-06-17T11:42:00.000Z,train,true
TRN_000474,synthetic://images/battery_li_ion_laptop/06d8a15eaba9.jpg,06d8a15eaba9,battery,battery_li_ion_laptop,collector,2.34,Pune,506.07,505.56,2026-06-15T12:54:00.000Z,test,true
TRN_000475,synthetic://images/pcb_tv_low_grade/4f818760ab61.jpg,4f818760ab61,pcb,pcb_tv_low_grade,collector,2.64,Pune,282.66,,2026-07-26T11:30:00.000Z,train,true
TRN_000476,synthetic://images/plastic_abs_casing/9ceddb9f40df.jpg,9ceddb9f40df,mixed_plastic,plastic_abs_casing,collector,4.87,Pune,139.61,,2026-07-26T11:30:00.000Z,train,true
TRN_000477,synthetic://images/cable_data_thin/9b728f58a638.jpg,9b728f58a638,cable,cable_data_thin,collector,28.81,Pune,3673.56,,2026-07-26T11:30:00.000Z,train,true
TRN_000478,synthetic://images/pcb_ram_gold/57f6fd3e70ca.jpg,57f6fd3e70ca,pcb,pcb_ram_gold,collector,0.11,Nashik,122.38,123.79,2026-07-26T18:19:00.000Z,train,true
TRN_000479,synthetic://images/battery_lead_acid_ups/718dd8ceb7ed.jpg,718dd8ceb7ed,battery,battery_lead_acid_ups,collector,82.41,Nashik,7147.94,6443.62,2026-04-15T11:57:00.000Z,train,true
TRN_000480,synthetic://images/pcb_power_supply/7e3c9b64cf9f.jpg,7e3c9b64cf9f,pcb,pcb_power_supply,collector,10.66,Pune,1377.91,1357.25,2026-01-15T06:20:00.000Z,train,true
TRN_000481,synthetic://images/motor_fan_ac/cdf860fc236f.jpg,cdf860fc236f,motor_magnet,motor_fan_ac,collector,11.39,Pune,1327.93,1308.02,2026-01-15T06:20:00.000Z,train,true
TRN_000482,synthetic://images/battery_lead_acid_ups/8f96a0dd47fb.jpg,8f96a0dd47fb,battery,battery_lead_acid_ups,collector,26.15,Pune,1090.14,1073.79,2026-01-15T06:20:00.000Z,train,true
TRN_000483,synthetic://images/pcb_power_supply/8eeac572a2da.jpg,8eeac572a2da,pcb,pcb_power_supply,recycler_corrected,13.98,Thane,1971.18,,2025-10-14T13:04:00.000Z,train,true
TRN_000484,synthetic://images/cable_aluminium/811d89d78104.jpg,811d89d78104,cable,cable_aluminium,collector,35.15,Thane,5609.57,,2025-10-14T13:04:00.000Z,train,true
TRN_000485,synthetic://images/cable_aluminium/fb0edfb0db33.jpg,fb0edfb0db33,cable,cable_aluminium,recycler_corrected,20.09,Mumbai Suburban,2855.19,3020.57,2026-04-19T16:32:00.000Z,train,true
TRN_000486,synthetic://images/pcb_motherboard/cdf55540e081.jpg,cdf55540e081,pcb,pcb_motherboard,recycler_corrected,2.16,Mumbai Suburban,615.17,650.8,2026-04-19T16:32:00.000Z,train,true
TRN_000487,synthetic://images/pcb_power_supply/f7d53fe3ab52.jpg,f7d53fe3ab52,pcb,pcb_power_supply,collector,9.19,Mumbai Suburban,625.7,661.94,2026-04-19T16:32:00.000Z,test,true
TRN_000488,synthetic://images/plastic_abs_casing/e542f9a1e935.jpg,e542f9a1e935,mixed_plastic,plastic_abs_casing,recycler_corrected,37.33,Thane,1216.96,1163.65,2026-07-13T12:54:00.000Z,val,true
TRN_000489,synthetic://images/motor_fan_ac/dde943fab422.jpg,dde943fab422,motor_magnet,motor_fan_ac,collector,36.04,Thane,5847.13,5590.99,2026-07-13T12:54:00.000Z,train,true
TRN_000490,synthetic://images/cable_data_thin/52d1b0cc886f.jpg,52d1b0cc886f,cable,cable_data_thin,collector,6.62,Thane,931.96,891.13,2026-07-13T12:54:00.000Z,train,true
TRN_000491,synthetic://images/plastic_abs_casing/8e51de39c67c.jpg,8e51de39c67c,mixed_plastic,plastic_abs_casing,recycler_corrected,35.72,Pune,1272.2,1261.59,2026-03-20T16:51:00.000Z,train,true
TRN_000492,synthetic://images/pcb_cpu_processor/54d8f5ea7349.jpg,54d8f5ea7349,pcb,pcb_cpu_processor,collector,0.04,Pune,132.11,131.01,2026-03-20T16:51:00.000Z,train,true
TRN_000493,synthetic://images/pcb_motherboard/226d537cb539.jpg,226d537cb539,pcb,pcb_motherboard,collector,5.65,Pune,1880.43,1864.75,2026-03-20T16:51:00.000Z,train,true
TRN_000494,synthetic://images/battery_li_ion_laptop/1b432db5a672.jpg,1b432db5a672,battery,battery_li_ion_laptop,collector,0.42,Bengaluru Urban,41.61,40.47,2025-12-04T12:24:00.000Z,train,true
TRN_000495,synthetic://images/plastic_hips_tv/f584ac30e725.jpg,f584ac30e725,mixed_plastic,plastic_hips_tv,collector,14.42,Bengaluru Urban,348.24,338.7,2025-12-04T12:24:00.000Z,train,true
TRN_000496,synthetic://images/cable_mixed_scrap/badc1b4ae00c.jpg,badc1b4ae00c,cable,cable_mixed_scrap,collector,10.87,Bengaluru Urban,2336,2271.97,2025-12-04T12:24:00.000Z,test,true
TRN_000497,synthetic://images/cable_mixed_scrap/1e329e0b24c8.jpg,1e329e0b24c8,cable,cable_mixed_scrap,collector,38.82,Pune,6045.29,,2025-10-21T08:33:00.000Z,train,true
TRN_000498,synthetic://images/plastic_abs_casing/861279f736bd.jpg,861279f736bd,mixed_plastic,plastic_abs_casing,collector,17.49,Pune,481.02,,2025-10-21T08:33:00.000Z,train,true
TRN_000499,synthetic://images/cable_mixed_scrap/511dc529c483.jpg,511dc529c483,cable,cable_mixed_scrap,recycler_corrected,37.07,Thane,8200.4,,2025-12-04T16:05:00.000Z,train,true
TRN_000500,synthetic://images/cable_mixed_scrap/fcb9f7a972c2.jpg,fcb9f7a972c2,cable,cable_mixed_scrap,collector,22.11,New Delhi,4644.87,,2026-01-15T10:42:00.000Z,test,true
TRN_000501,synthetic://images/motor_small_appliance/cec38266b1f4.jpg,cec38266b1f4,motor_magnet,motor_small_appliance,collector,5.21,New Delhi,797.44,,2026-01-15T10:42:00.000Z,train,true
TRN_000502,synthetic://images/cable_mixed_scrap/33b1ac3c4b8b.jpg,33b1ac3c4b8b,cable,cable_mixed_scrap,collector,7.22,New Delhi,1243.76,,2026-01-15T10:42:00.000Z,train,true
TRN_000503,synthetic://images/pcb_ram_gold/d71ed6b39441.jpg,d71ed6b39441,pcb,pcb_ram_gold,collector,0.1,Mumbai Suburban,167.85,165.31,2025-09-02T15:03:00.000Z,train,true
TRN_000504,synthetic://images/cable_copper_house/0098b404f526.jpg,0098b404f526,cable,cable_copper_house,collector,37.63,Pune,12357.76,12521.44,2025-10-17T14:15:00.000Z,train,true
TRN_000505,synthetic://images/battery_button_cell/2b38124ac667.jpg,2b38124ac667,battery,battery_button_cell,collector,41.06,Pune,4092.72,3735.3,2026-03-29T12:15:00.000Z,train,true
TRN_000506,synthetic://images/plastic_hips_tv/275ab5afb9b6.jpg,275ab5afb9b6,mixed_plastic,plastic_hips_tv,collector,23.51,Mumbai Suburban,650.96,579.29,2025-12-03T12:12:00.000Z,train,true
TRN_000507,synthetic://images/pcb_cpu_processor/b8dcf3cbaf41.jpg,b8dcf3cbaf41,pcb,pcb_cpu_processor,collector,0.08,Mumbai Suburban,334.61,350.1,2025-11-18T16:45:00.000Z,train,true
TRN_000508,synthetic://images/crt_yoke/1871d2cbf061.jpg,1871d2cbf061,crt,crt_yoke,collector,1.82,Mumbai Suburban,133.01,139.17,2025-11-18T16:45:00.000Z,train,true
TRN_000509,synthetic://images/plastic_mixed_dirty/9d52de65a499.jpg,9d52de65a499,mixed_plastic,plastic_mixed_dirty,collector,9.41,Mumbai Suburban,91.36,83.13,2026-08-18T07:19:00.000Z,train,true
TRN_000510,synthetic://images/cable_data_thin/9a2da89d39d1.jpg,9a2da89d39d1,cable,cable_data_thin,collector,15.15,Mumbai Suburban,2391.53,2175.98,2026-08-18T07:19:00.000Z,train,true
TRN_000511,synthetic://images/motor_small_appliance/32aa72df860f.jpg,32aa72df860f,motor_magnet,motor_small_appliance,collector,3.43,Mumbai Suburban,512.49,466.3,2026-08-18T07:19:00.000Z,train,true
TRN_000512,synthetic://images/lcd_monitor_panel/f5987d9acf3e.jpg,f5987d9acf3e,lcd_panel,lcd_monitor_panel,collector,3.01,New Delhi,81.33,87.64,2025-09-17T12:24:00.000Z,train,true
TRN_000513,synthetic://images/battery_button_cell/7b830628417a.jpg,7b830628417a,battery,battery_button_cell,collector,4.33,Mumbai Suburban,506.8,,2026-03-25T19:48:00.000Z,val,true
TRN_000514,synthetic://images/pcb_ram_gold/8d79a68853b2.jpg,8d79a68853b2,pcb,pcb_ram_gold,collector,0.21,Mumbai Suburban,356.63,,2026-03-25T19:48:00.000Z,train,true
TRN_000515,synthetic://images/cable_data_thin/56cbbcb6a468.jpg,56cbbcb6a468,cable,cable_data_thin,collector,4.9,Mumbai Suburban,710.21,,2026-03-25T19:48:00.000Z,train,true
TRN_000516,synthetic://images/motor_hdd_assembly/68a0f00a6b06.jpg,68a0f00a6b06,motor_magnet,motor_hdd_assembly,collector,2.94,Mumbai Suburban,767.08,,2026-03-25T19:48:00.000Z,val,true
TRN_000517,synthetic://images/crt_yoke/b9b1d5d77db2.jpg,b9b1d5d77db2,crt,crt_yoke,collector,7.03,Nashik,512.98,490.65,2025-11-21T19:46:00.000Z,train,true
TRN_000518,synthetic://images/battery_button_cell/1e73292c0710.jpg,1e73292c0710,battery,battery_button_cell,collector,40.06,Pune,3116.73,2783.78,2025-12-10T14:57:00.000Z,train,true
TRN_000519,synthetic://images/cable_copper_house/51ddd9641948.jpg,51ddd9641948,cable,cable_copper_house,recycler_corrected,40.3,Mumbai Suburban,19318.07,,2025-10-31T17:10:00.000Z,train,true
TRN_000520,synthetic://images/lcd_tv_panel/d12f325199ae.jpg,d12f325199ae,lcd_panel,lcd_tv_panel,recycler_corrected,97.51,Bengaluru Urban,2153.33,2022.7,2026-01-12T09:51:00.000Z,train,true
TRN_000521,synthetic://images/motor_fan_ac/59e42dd12057.jpg,59e42dd12057,motor_magnet,motor_fan_ac,collector,22.23,Bengaluru Urban,3912.04,3674.73,2026-01-12T09:51:00.000Z,train,true
TRN_000522,synthetic://images/cable_copper_house/484c0c36a493.jpg,484c0c36a493,cable,cable_copper_house,collector,12.88,Nagpur,5182.94,,2026-09-01T19:03:00.000Z,train,true
TRN_000523,synthetic://images/lcd_tv_panel/03e6aeb1bbe4.jpg,03e6aeb1bbe4,lcd_panel,lcd_tv_panel,collector,30.65,Nagpur,717.35,,2026-09-01T19:03:00.000Z,train,true
TRN_000524,synthetic://images/lcd_laptop_panel/4a0971d6923c.jpg,4a0971d6923c,lcd_panel,lcd_laptop_panel,recycler_corrected,3.55,Nagpur,167.52,,2026-09-01T19:03:00.000Z,train,true
TRN_000525,synthetic://images/motor_speaker_magnet/164f4fad67fb.jpg,164f4fad67fb,motor_magnet,motor_speaker_magnet,collector,5.71,New Delhi,441.99,,2026-02-17T18:59:00.000Z,train,true
TRN_000526,synthetic://images/cable_copper_house/f32db952906d.jpg,f32db952906d,cable,cable_copper_house,collector,8.21,New Delhi,3721.76,,2026-02-17T18:59:00.000Z,train,true
TRN_000527,synthetic://images/crt_yoke/159746db8944.jpg,159746db8944,crt,crt_yoke,collector,2.99,Bengaluru Urban,154.88,140.63,2026-08-17T18:07:00.000Z,train,true
TRN_000528,synthetic://images/cable_aluminium/7cb207c26fa8.jpg,7cb207c26fa8,cable,cable_aluminium,collector,30.7,Pune,4259.63,,2025-09-20T13:55:00.000Z,train,true
TRN_000529,synthetic://images/motor_speaker_magnet/e28de28ea40e.jpg,e28de28ea40e,motor_magnet,motor_speaker_magnet,collector,4.85,Pune,256.87,,2025-09-20T13:55:00.000Z,train,true
TRN_000530,synthetic://images/crt_monitor/6cddb4f83ff5.jpg,6cddb4f83ff5,crt,crt_monitor,collector,29.88,Mumbai Suburban,178.83,171.05,2025-12-11T10:08:00.000Z,train,true
TRN_000531,synthetic://images/pcb_motherboard/65169fa9ff4e.jpg,65169fa9ff4e,pcb,pcb_motherboard,collector,2.64,Mumbai Suburban,940.95,900.04,2025-12-11T10:08:00.000Z,test,true
TRN_000532,synthetic://images/cable_data_thin/83b06e5b288b.jpg,83b06e5b288b,cable,cable_data_thin,collector,9.66,Pune,554.29,519.93,2026-08-10T14:56:00.000Z,val,true
TRN_000533,synthetic://images/motor_small_appliance/cebcd71ad63f.jpg,cebcd71ad63f,motor_magnet,motor_small_appliance,collector,11.65,Pune,1644.78,1542.83,2026-08-10T14:56:00.000Z,train,true
TRN_000534,synthetic://images/motor_speaker_magnet/2bf9298df1ca.jpg,2bf9298df1ca,motor_magnet,motor_speaker_magnet,recycler_corrected,1.72,Pune,126.26,118.43,2026-08-10T14:56:00.000Z,train,true
TRN_000535,synthetic://images/cable_copper_house/d3dcea22d57d.jpg,d3dcea22d57d,cable,cable_copper_house,collector,37.72,Thane,11065.65,11431.08,2025-09-03T16:12:00.000Z,test,true
TRN_000536,synthetic://images/crt_tv/47b045fbbf11.jpg,47b045fbbf11,crt,crt_tv,collector,17.08,Thane,84.77,87.57,2025-09-03T16:12:00.000Z,train,true
TRN_000537,synthetic://images/crt_monitor/28e72a76c7e4.jpg,28e72a76c7e4,crt,crt_monitor,recycler_corrected,42.41,New Delhi,398.23,,2026-07-16T18:37:00.000Z,train,true
TRN_000538,synthetic://images/pcb_tv_low_grade/698043d31149.jpg,698043d31149,pcb,pcb_tv_low_grade,collector,4.94,New Delhi,681.26,,2026-07-16T18:37:00.000Z,train,true
TRN_000539,synthetic://images/pcb_mobile/0f5d40c7463e.jpg,0f5d40c7463e,pcb,pcb_mobile,recycler_corrected,0.04,Nashik,41.6,40.73,2026-01-31T16:26:00.000Z,train,true
TRN_000540,synthetic://images/cable_data_thin/af83a931ad81.jpg,af83a931ad81,cable,cable_data_thin,collector,3.22,Mumbai Suburban,470.76,490.26,2025-11-03T09:35:00.000Z,test,true
TRN_000541,synthetic://images/motor_hdd_assembly/80509589e6da.jpg,80509589e6da,motor_magnet,motor_hdd_assembly,collector,0.64,Mumbai Suburban,159.32,165.92,2025-11-03T09:35:00.000Z,val,true
TRN_000542,synthetic://images/plastic_mixed_dirty/e7ac07a70201.jpg,e7ac07a70201,mixed_plastic,plastic_mixed_dirty,collector,3.6,Bengaluru Urban,34.89,33.93,2025-11-11T15:30:00.000Z,val,true
TRN_000543,synthetic://images/crt_monitor/1cad5aaaa741.jpg,1cad5aaaa741,crt,crt_monitor,collector,105.92,Bengaluru Urban,958.97,932.61,2025-11-11T15:30:00.000Z,test,true
TRN_000544,synthetic://images/motor_speaker_magnet/5d0b7ae1dc0c.jpg,5d0b7ae1dc0c,motor_magnet,motor_speaker_magnet,collector,3.26,New Delhi,253.95,,2025-11-11T11:49:00.000Z,train,true
TRN_000545,synthetic://images/motor_hdd_assembly/8d3003f0f6d1.jpg,8d3003f0f6d1,motor_magnet,motor_hdd_assembly,collector,0.44,Mumbai Suburban,115.44,112.67,2025-10-27T10:48:00.000Z,test,true
TRN_000546,synthetic://images/cable_copper_house/4ef753072d71.jpg,4ef753072d71,cable,cable_copper_house,collector,38.99,Mumbai Suburban,18717.13,17625.07,2026-06-14T10:25:00.000Z,train,true
TRN_000547,synthetic://images/pcb_mobile/bc427e2aa450.jpg,bc427e2aa450,pcb,pcb_mobile,collector,0.21,Mumbai Suburban,273.76,257.79,2026-06-14T10:25:00.000Z,val,true
TRN_000548,synthetic://images/motor_fan_ac/77107b5d4a23.jpg,77107b5d4a23,motor_magnet,motor_fan_ac,collector,6.39,Pune,964.02,960.89,2026-05-21T07:26:00.000Z,train,true
TRN_000549,synthetic://images/battery_lead_acid_ups/91597bf36f0b.jpg,91597bf36f0b,battery,battery_lead_acid_ups,recycler_corrected,20.17,Pune,1449.51,1444.8,2026-05-21T07:26:00.000Z,train,true
TRN_000550,synthetic://images/cable_data_thin/ea93be060a42.jpg,ea93be060a42,cable,cable_data_thin,recycler_corrected,21.06,Thane,1334.17,1398.35,2026-02-21T06:17:00.000Z,test,true
TRN_000551,synthetic://images/plastic_abs_casing/d93e0185f8bd.jpg,d93e0185f8bd,mixed_plastic,plastic_abs_casing,recycler_corrected,14.83,Pune,544.38,487.07,2026-07-07T13:14:00.000Z,train,true
TRN_000552,synthetic://images/lcd_tv_panel/e4b037d924f5.jpg,e4b037d924f5,lcd_panel,lcd_tv_panel,collector,14.05,Pune,296.03,264.86,2026-07-07T13:14:00.000Z,val,true
TRN_000553,synthetic://images/motor_speaker_magnet/e3994ace4296.jpg,e3994ace4296,motor_magnet,motor_speaker_magnet,recycler_corrected,0.3,Pune,9.66,8.64,2026-07-07T13:14:00.000Z,val,true
TRN_000554,synthetic://images/cable_copper_house/e9c02f2bd3c0.jpg,e9c02f2bd3c0,cable,cable_copper_house,collector,38.35,Pune,10608.34,9491.47,2026-07-07T13:14:00.000Z,train,true
TRN_000555,synthetic://images/pcb_mobile/21de8b5f92f8.jpg,21de8b5f92f8,pcb,pcb_mobile,collector,0.09,Chhatrapati Sambhajinagar,91.07,86.32,2025-09-15T18:43:00.000Z,train,true
TRN_000556,synthetic://images/cable_data_thin/bd49542b7173.jpg,bd49542b7173,cable,cable_data_thin,collector,40.26,Chhatrapati Sambhajinagar,5392.34,5110.83,2025-09-15T18:43:00.000Z,train,true
TRN_000557,synthetic://images/cable_copper_house/9ed39eabd071.jpg,9ed39eabd071,cable,cable_copper_house,recycler_corrected,3.5,Chhatrapati Sambhajinagar,973.68,922.85,2025-09-15T18:43:00.000Z,train,true
TRN_000558,synthetic://images/battery_li_ion_mobile/c3ed7a64b0ea.jpg,c3ed7a64b0ea,battery,battery_li_ion_mobile,recycler_corrected,0.43,Chhatrapati Sambhajinagar,77.02,73,2025-09-15T18:43:00.000Z,val,true
TRN_000559,synthetic://images/cable_data_thin/c63d2a1d132f.jpg,c63d2a1d132f,cable,cable_data_thin,collector,1.38,Pune,167.65,164.45,2026-04-18T06:00:00.000Z,test,true
TRN_000560,synthetic://images/pcb_tv_low_grade/edbae72b46d4.jpg,edbae72b46d4,pcb,pcb_tv_low_grade,recycler_corrected,1.9,Pune,185.16,181.63,2026-04-18T06:00:00.000Z,test,true
TRN_000561,synthetic://images/pcb_cpu_processor/844ca2643420.jpg,844ca2643420,pcb,pcb_cpu_processor,recycler_corrected,0.2,Mumbai Suburban,828.22,861.07,2026-06-05T10:24:00.000Z,train,true
TRN_000562,synthetic://images/motor_hdd_assembly/475706f7f3fa.jpg,475706f7f3fa,motor_magnet,motor_hdd_assembly,recycler_corrected,4.18,Thane,1215.17,1041.34,2026-06-04T07:53:00.000Z,test,true
TRN_000563,synthetic://images/motor_speaker_magnet/35a67b7c6688.jpg,35a67b7c6688,motor_magnet,motor_speaker_magnet,collector,2.67,Thane,150.96,129.36,2026-06-04T07:53:00.000Z,train,true
TRN_000564,synthetic://images/plastic_abs_casing/ea0a68313836.jpg,ea0a68313836,mixed_plastic,plastic_abs_casing,collector,23.84,Thane,545.7,467.64,2026-06-04T07:53:00.000Z,train,true
TRN_000565,synthetic://images/lcd_tv_panel/e53c83c152a7.jpg,e53c83c152a7,lcd_panel,lcd_tv_panel,collector,8.19,Nagpur,187.81,,2026-02-24T18:01:00.000Z,train,true
TRN_000566,synthetic://images/battery_li_ion_mobile/71e5fa3f23a5.jpg,71e5fa3f23a5,battery,battery_li_ion_mobile,recycler_corrected,0.3,Nagpur,23.17,,2026-02-24T18:01:00.000Z,test,true
TRN_000567,synthetic://images/cable_copper_house/480ce4f5fc8c.jpg,480ce4f5fc8c,cable,cable_copper_house,collector,39.45,Mumbai Suburban,18937.95,,2025-09-21T18:04:00.000Z,test,true
TRN_000568,synthetic://images/motor_hdd_assembly/0ea6a7c4a5e5.jpg,0ea6a7c4a5e5,motor_magnet,motor_hdd_assembly,collector,2.16,Nagpur,519.85,461.9,2026-06-04T10:51:00.000Z,train,true
TRN_000569,synthetic://images/cable_copper_house/01af273cefc9.jpg,01af273cefc9,cable,cable_copper_house,collector,17.4,Nagpur,6557.36,5826.39,2026-06-04T10:51:00.000Z,train,true
TRN_000570,synthetic://images/battery_button_cell/bfea872cf506.jpg,bfea872cf506,battery,battery_button_cell,recycler_corrected,36.63,Nagpur,3766.92,3347.01,2026-06-04T10:51:00.000Z,train,true
TRN_000571,synthetic://images/cable_aluminium/ea89e9bc111b.jpg,ea89e9bc111b,cable,cable_aluminium,collector,6.1,Nashik,871.91,840.43,2026-03-16T19:26:00.000Z,train,true
TRN_000572,synthetic://images/plastic_mixed_dirty/f93e25813f41.jpg,f93e25813f41,mixed_plastic,plastic_mixed_dirty,recycler_corrected,30.05,Pune,166.73,155.16,2026-08-13T06:12:00.000Z,test,true
TRN_000573,synthetic://images/battery_li_ion_laptop/b122fc108616.jpg,b122fc108616,battery,battery_li_ion_laptop,collector,0.3,Pune,27.74,25.81,2026-08-13T06:12:00.000Z,train,true
TRN_000574,synthetic://images/pcb_tv_low_grade/df51dc71f149.jpg,df51dc71f149,pcb,pcb_tv_low_grade,collector,4.47,New Delhi,420.19,,2026-05-06T11:22:00.000Z,val,true
TRN_000575,synthetic://images/motor_speaker_magnet/5a2f42e6aa01.jpg,5a2f42e6aa01,motor_magnet,motor_speaker_magnet,collector,2.25,New Delhi,137.27,,2026-05-06T11:22:00.000Z,train,true
TRN_000576,synthetic://images/pcb_cpu_processor/a56e75dd472f.jpg,a56e75dd472f,pcb,pcb_cpu_processor,recycler_corrected,0.25,Pune,1051.15,1145.09,2025-10-26T08:52:00.000Z,train,true
TRN_000577,synthetic://images/battery_button_cell/ef21196bc184.jpg,ef21196bc184,battery,battery_button_cell,collector,3.05,Pune,306.42,288.59,2026-02-19T10:58:00.000Z,val,true
TRN_000578,synthetic://images/pcb_mobile/bd2a12530042.jpg,bd2a12530042,pcb,pcb_mobile,recycler_corrected,0.18,Pune,153.39,144.47,2026-02-19T10:58:00.000Z,train,true
TRN_000579,synthetic://images/lcd_laptop_panel/7bafd94e1698.jpg,7bafd94e1698,lcd_panel,lcd_laptop_panel,collector,5.08,Chhatrapati Sambhajinagar,183.74,,2026-01-02T15:28:00.000Z,test,true
TRN_000580,synthetic://images/pcb_tv_low_grade/a05d01d59949.jpg,a05d01d59949,pcb,pcb_tv_low_grade,collector,5.63,Pune,474.96,,2025-11-07T15:13:00.000Z,train,true
TRN_000581,synthetic://images/plastic_hips_tv/5b898cbd0fb6.jpg,5b898cbd0fb6,mixed_plastic,plastic_hips_tv,collector,15.46,Pune,359.45,,2025-11-07T15:13:00.000Z,train,true
TRN_000582,synthetic://images/crt_tv/09b5c218aebd.jpg,09b5c218aebd,crt,crt_tv,collector,128.18,Pune,797.43,,2025-11-07T15:13:00.000Z,train,true
TRN_000583,synthetic://images/pcb_motherboard/ffa3b7bfc3c7.jpg,ffa3b7bfc3c7,pcb,pcb_motherboard,collector,10.74,New Delhi,2573.26,,2026-01-11T15:38:00.000Z,val,true
TRN_000584,synthetic://images/cable_copper_house/40d4e9003c29.jpg,40d4e9003c29,cable,cable_copper_house,collector,32.18,New Delhi,14567.89,,2026-01-11T15:38:00.000Z,train,true
TRN_000585,synthetic://images/cable_mixed_scrap/82d20f08055c.jpg,82d20f08055c,cable,cable_mixed_scrap,collector,38.21,New Delhi,8027.16,,2026-01-11T15:38:00.000Z,test,true
TRN_000586,synthetic://images/pcb_cpu_processor/63f62efd12e4.jpg,63f62efd12e4,pcb,pcb_cpu_processor,collector,0.1,Nashik,370.63,350.1,2026-06-17T12:35:00.000Z,test,true
TRN_000587,synthetic://images/plastic_abs_casing/bae7cae0811f.jpg,bae7cae0811f,mixed_plastic,plastic_abs_casing,collector,21.76,Nashik,677.17,639.66,2026-06-17T12:35:00.000Z,train,true
TRN_000588,synthetic://images/led_backlight_strip/240c09e140a4.jpg,240c09e140a4,lcd_panel,led_backlight_strip,collector,13.36,Mumbai Suburban,636.61,,2026-03-13T19:06:00.000Z,train,true
TRN_000589,synthetic://images/lcd_laptop_panel/69f2fb3efb0b.jpg,69f2fb3efb0b,lcd_panel,lcd_laptop_panel,collector,3.9,Nagpur,188.7,199.75,2025-10-04T17:58:00.000Z,train,true
TRN_000590,synthetic://images/battery_button_cell/ccfad3b3f88b.jpg,ccfad3b3f88b,battery,battery_button_cell,collector,13.85,Nagpur,1440.29,1524.6,2025-10-04T17:58:00.000Z,train,true
TRN_000591,synthetic://images/motor_small_appliance/c8e055cbbbac.jpg,c8e055cbbbac,motor_magnet,motor_small_appliance,collector,12.21,Nagpur,1356.9,1436.33,2025-10-04T17:58:00.000Z,train,true
TRN_000592,synthetic://images/cable_data_thin/062f7263e5af.jpg,062f7263e5af,cable,cable_data_thin,collector,13.7,Pune,1846.17,2107.23,2026-01-30T06:36:00.000Z,train,true
TRN_000593,synthetic://images/plastic_mixed_dirty/d35b246503d9.jpg,d35b246503d9,mixed_plastic,plastic_mixed_dirty,collector,17.84,Pune,151.23,133.5,2026-01-23T14:47:00.000Z,train,true
TRN_000594,synthetic://images/pcb_power_supply/e66ab59bd493.jpg,e66ab59bd493,pcb,pcb_power_supply,recycler_corrected,14.88,Pune,1577.18,1392.32,2026-01-23T14:47:00.000Z,train,true
TRN_000595,synthetic://images/plastic_abs_casing/afbf29cfbb95.jpg,afbf29cfbb95,mixed_plastic,plastic_abs_casing,recycler_corrected,21.67,Pune,727.68,642.39,2026-01-23T14:47:00.000Z,val,true
TRN_000596,synthetic://images/battery_li_ion_laptop/88c66e443d7d.jpg,88c66e443d7d,battery,battery_li_ion_laptop,collector,2.92,Pune,672.8,593.94,2026-01-23T14:47:00.000Z,train,true
TRN_000597,synthetic://images/cable_copper_house/f699640cea24.jpg,f699640cea24,cable,cable_copper_house,collector,21.46,Nagpur,8087.42,,2026-06-03T19:22:00.000Z,train,true
TRN_000598,synthetic://images/lcd_tv_panel/4c12f1dcb6ef.jpg,4c12f1dcb6ef,lcd_panel,lcd_tv_panel,recycler_corrected,24.52,Nagpur,243.52,,2026-06-03T19:22:00.000Z,train,true
TRN_000599,synthetic://images/motor_fan_ac/a25ffc2c280e.jpg,a25ffc2c280e,motor_magnet,motor_fan_ac,collector,15.34,Nagpur,2148.52,,2026-06-03T19:22:00.000Z,train,true
TRN_000600,synthetic://images/motor_fan_ac/63e269280b96.jpg,63e269280b96,motor_magnet,motor_fan_ac,recycler_corrected,33.35,Mumbai Suburban,5397.03,5212.72,2026-04-28T16:04:00.000Z,val,true
TRN_000601,synthetic://images/battery_button_cell/6cc29c3c25ba.jpg,6cc29c3c25ba,battery,battery_button_cell,collector,12.18,Mumbai Suburban,1108.82,1070.95,2026-04-28T16:04:00.000Z,train,true
TRN_000602,synthetic://images/crt_tv/a21e39d7d48b.jpg,a21e39d7d48b,crt,crt_tv,recycler_corrected,143.37,Mumbai Suburban,1117.87,1079.69,2026-04-28T16:04:00.000Z,train,true
TRN_000603,synthetic://images/battery_li_ion_laptop/dc24f5ba062e.jpg,dc24f5ba062e,battery,battery_li_ion_laptop,collector,2.02,New Delhi,518.13,531.58,2025-10-01T12:20:00.000Z,test,true
TRN_000604,synthetic://images/plastic_mixed_dirty/d9ec4e4b7d43.jpg,d9ec4e4b7d43,mixed_plastic,plastic_mixed_dirty,collector,42.51,New Delhi,547.95,562.17,2025-10-01T12:20:00.000Z,train,true
TRN_000605,synthetic://images/pcb_mobile/99b9fbd33bac.jpg,99b9fbd33bac,pcb,pcb_mobile,collector,0.07,Pune,76.3,,2025-09-25T08:22:00.000Z,train,true
TRN_000606,synthetic://images/cable_mixed_scrap/e363937238b3.jpg,e363937238b3,cable,cable_mixed_scrap,recycler_corrected,7.11,Pune,1400.15,1499.23,2026-07-13T17:14:00.000Z,train,true
TRN_000607,synthetic://images/pcb_motherboard/dbc7220e2e0f.jpg,dbc7220e2e0f,pcb,pcb_motherboard,collector,1.38,Pune,430.66,461.14,2026-07-13T17:14:00.000Z,train,true
TRN_000608,synthetic://images/motor_speaker_magnet/89ea91208b32.jpg,89ea91208b32,motor_magnet,motor_speaker_magnet,collector,3.57,Pune,220.52,236.12,2026-07-13T17:14:00.000Z,test,true
TRN_000609,synthetic://images/battery_li_ion_mobile/04b54183de06.jpg,04b54183de06,battery,battery_li_ion_mobile,collector,0.11,Mumbai Suburban,22.75,22.19,2025-12-29T14:45:00.000Z,test,true
TRN_000610,synthetic://images/motor_small_appliance/7b2dea729b4c.jpg,7b2dea729b4c,motor_magnet,motor_small_appliance,collector,12.13,Mumbai Suburban,1849.09,1803.37,2025-12-29T14:45:00.000Z,train,true
TRN_000611,synthetic://images/cable_data_thin/234bac5ed3b1.jpg,234bac5ed3b1,cable,cable_data_thin,collector,35.49,New Delhi,5380.99,,2026-03-04T10:53:00.000Z,train,true
TRN_000612,synthetic://images/cable_copper_house/7b7985e8848c.jpg,7b7985e8848c,cable,cable_copper_house,collector,36.89,New Delhi,13749.14,,2026-03-04T10:53:00.000Z,train,true
TRN_000613,synthetic://images/pcb_cpu_processor/523f9316963b.jpg,523f9316963b,pcb,pcb_cpu_processor,collector,0.23,New Delhi,1096.44,,2026-03-04T10:53:00.000Z,train,true
TRN_000614,synthetic://images/pcb_cpu_processor/d59146f6b074.jpg,d59146f6b074,pcb,pcb_cpu_processor,collector,0.13,Nashik,353.94,243.65,2026-07-27T06:59:00.000Z,test,true
TRN_000615,synthetic://images/plastic_abs_casing/c1aafca2fa12.jpg,c1aafca2fa12,mixed_plastic,plastic_abs_casing,collector,42.6,New Delhi,1740.64,1563.56,2026-07-07T18:20:00.000Z,train,true
TRN_000616,synthetic://images/cable_data_thin/19883bf4352c.jpg,19883bf4352c,cable,cable_data_thin,collector,34.23,Mumbai Suburban,4088.75,4010.91,2026-04-27T15:33:00.000Z,train,true
TRN_000617,synthetic://images/motor_fan_ac/e9bd4e815beb.jpg,e9bd4e815beb,motor_magnet,motor_fan_ac,collector,46.35,Mumbai Suburban,7500.82,7358.01,2026-04-27T15:33:00.000Z,train,true
TRN_000618,synthetic://images/plastic_abs_casing/142e22ab46fe.jpg,142e22ab46fe,mixed_plastic,plastic_abs_casing,collector,24.21,Mumbai Suburban,858.24,841.9,2026-04-27T15:33:00.000Z,train,true
TRN_000619,synthetic://images/plastic_hips_tv/83b5b96d3469.jpg,83b5b96d3469,mixed_plastic,plastic_hips_tv,recycler_corrected,32.76,Pune,629.14,652.91,2025-10-03T15:28:00.000Z,train,true
TRN_000620,synthetic://images/led_backlight_strip/fd4504a63c73.jpg,fd4504a63c73,lcd_panel,led_backlight_strip,collector,2.23,Thane,239.56,233.95,2025-11-08T08:32:00.000Z,train,true
TRN_000621,synthetic://images/pcb_cpu_processor/94c5518de52d.jpg,94c5518de52d,pcb,pcb_cpu_processor,collector,0.16,Thane,688.6,672.46,2025-11-08T08:32:00.000Z,val,true
TRN_000622,synthetic://images/cable_data_thin/99ce5cc38ba3.jpg,99ce5cc38ba3,cable,cable_data_thin,collector,24.21,New Delhi,3908.7,,2026-08-26T15:34:00.000Z,train,true
TRN_000623,synthetic://images/crt_tv/b8045e62d670.jpg,b8045e62d670,crt,crt_tv,collector,105.54,New Delhi,677.24,,2026-08-26T15:34:00.000Z,train,true
TRN_000624,synthetic://images/crt_yoke/e55fb0647b0b.jpg,e55fb0647b0b,crt,crt_yoke,recycler_corrected,3.34,New Delhi,208.88,,2026-08-26T15:34:00.000Z,train,true
TRN_000625,synthetic://images/motor_small_appliance/87bcb283c4f1.jpg,87bcb283c4f1,motor_magnet,motor_small_appliance,collector,1.59,Mumbai Suburban,179.75,162.2,2025-11-18T09:47:00.000Z,test,true
TRN_000626,synthetic://images/battery_lead_acid_ups/1121befcc9a8.jpg,1121befcc9a8,battery,battery_lead_acid_ups,collector,45.94,Mumbai Suburban,2993.27,2701.01,2025-11-18T09:47:00.000Z,train,true
TRN_000627,synthetic://images/motor_small_appliance/366f31bbd31f.jpg,366f31bbd31f,motor_magnet,motor_small_appliance,collector,10.36,Nagpur,937.36,,2026-02-12T09:34:00.000Z,train,true
TRN_000628,synthetic://images/pcb_ram_gold/30058cab1dac.jpg,30058cab1dac,pcb,pcb_ram_gold,collector,0.19,Nagpur,251,,2026-02-12T09:34:00.000Z,train,true
TRN_000629,synthetic://images/pcb_motherboard/64ef585f85be.jpg,64ef585f85be,pcb,pcb_motherboard,recycler_corrected,4.99,Nagpur,681.71,,2026-02-12T09:34:00.000Z,test,true
TRN_000630,synthetic://images/motor_speaker_magnet/2d6244f294f6.jpg,2d6244f294f6,motor_magnet,motor_speaker_magnet,collector,3.51,Nagpur,243.57,,2026-02-12T09:34:00.000Z,test,true
TRN_000631,synthetic://images/battery_li_ion_laptop/16ea8d197f9c.jpg,16ea8d197f9c,battery,battery_li_ion_laptop,collector,2.23,Nashik,421.35,439.08,2026-01-14T16:01:00.000Z,train,true
TRN_000632,synthetic://images/pcb_power_supply/253e06f5f554.jpg,253e06f5f554,pcb,pcb_power_supply,collector,5.66,Pune,590.78,501.88,2026-03-10T12:00:00.000Z,train,true
TRN_000633,synthetic://images/pcb_power_supply/a6dfd15d1a92.jpg,a6dfd15d1a92,pcb,pcb_power_supply,collector,10.68,Bengaluru Urban,1602.53,1447.69,2026-08-12T07:15:00.000Z,val,true
TRN_000634,synthetic://images/cable_data_thin/670af010a879.jpg,670af010a879,cable,cable_data_thin,collector,30.99,Mumbai Suburban,4514.31,,2026-02-16T14:51:00.000Z,train,true
TRN_000635,synthetic://images/battery_button_cell/bee46afcd9f1.jpg,bee46afcd9f1,battery,battery_button_cell,collector,1.03,Thane,102.27,106.26,2025-11-16T15:20:00.000Z,train,true
TRN_000636,synthetic://images/cable_copper_house/9c69aeb899d4.jpg,9c69aeb899d4,cable,cable_copper_house,collector,6.91,Thane,3033.6,3151.85,2025-11-16T15:20:00.000Z,val,true
TRN_000637,synthetic://images/motor_speaker_magnet/96961b66215a.jpg,96961b66215a,motor_magnet,motor_speaker_magnet,collector,0.38,Thane,26.33,29.65,2026-01-11T06:32:00.000Z,train,true
TRN_000638,synthetic://images/pcb_motherboard/57a99771c839.jpg,57a99771c839,pcb,pcb_motherboard,collector,3.57,Thane,1213.98,1366.96,2026-01-11T06:32:00.000Z,train,true
TRN_000639,synthetic://images/cable_data_thin/7ff25bb02cfe.jpg,7ff25bb02cfe,cable,cable_data_thin,recycler_corrected,31.82,Thane,3672.51,4135.29,2026-01-11T06:32:00.000Z,train,true
TRN_000640,synthetic://images/cable_copper_house/00408082fc42.jpg,00408082fc42,cable,cable_copper_house,collector,12.58,Thane,2350.96,2647.21,2026-01-11T06:32:00.000Z,test,true
TRN_000641,synthetic://images/motor_speaker_magnet/4dfe2bb1f79e.jpg,4dfe2bb1f79e,motor_magnet,motor_speaker_magnet,collector,4.99,Mumbai Suburban,304.76,283.46,2025-11-30T08:37:00.000Z,val,true
TRN_000642,synthetic://images/battery_lead_acid_ups/7278ecf46679.jpg,7278ecf46679,battery,battery_lead_acid_ups,recycler_corrected,62.55,Mumbai Suburban,5996.82,5577.62,2025-11-30T08:37:00.000Z,train,true
TRN_000643,synthetic://images/cable_data_thin/7fd37983e3a6.jpg,7fd37983e3a6,cable,cable_data_thin,collector,4.85,Nagpur,586.04,,2025-10-21T08:57:00.000Z,train,true
TRN_000644,synthetic://images/pcb_power_supply/02936fcd160c.jpg,02936fcd160c,pcb,pcb_power_supply,collector,10.06,Nagpur,1348.54,,2025-10-21T08:57:00.000Z,train,true
TRN_000645,synthetic://images/plastic_mixed_dirty/5ec065935bc1.jpg,5ec065935bc1,mixed_plastic,plastic_mixed_dirty,collector,43.3,Mumbai Suburban,412.22,398.77,2026-03-18T07:50:00.000Z,train,true
TRN_000646,synthetic://images/cable_copper_house/bc6c4710e71c.jpg,bc6c4710e71c,cable,cable_copper_house,collector,28.31,New Delhi,13608.63,,2025-11-24T14:47:00.000Z,train,true
TRN_000647,synthetic://images/crt_yoke/2790669b8779.jpg,2790669b8779,crt,crt_yoke,collector,7.69,Bengaluru Urban,569.06,,2026-08-22T12:56:00.000Z,train,true
TRN_000648,synthetic://images/pcb_cpu_processor/8f742419ec44.jpg,8f742419ec44,pcb,pcb_cpu_processor,collector,0.28,Bengaluru Urban,1161.97,,2026-08-22T12:56:00.000Z,train,true
TRN_000649,synthetic://images/cable_data_thin/037f7029ae61.jpg,037f7029ae61,cable,cable_data_thin,recycler_corrected,2.63,Bengaluru Urban,401.08,409.76,2026-05-03T19:14:00.000Z,train,true
TRN_000650,synthetic://images/cable_data_thin/c3213be73bcd.jpg,c3213be73bcd,cable,cable_data_thin,collector,23.67,Mumbai Suburban,3456.06,,2025-10-05T11:26:00.000Z,train,true
TRN_000651,synthetic://images/lcd_laptop_panel/0b8d0186566f.jpg,0b8d0186566f,lcd_panel,lcd_laptop_panel,collector,5.69,Mumbai Suburban,143.13,,2025-10-05T11:26:00.000Z,train,true
TRN_000652,synthetic://images/pcb_mobile/baf37ba244bc.jpg,baf37ba244bc,pcb,pcb_mobile,collector,0.19,Nashik,197.3,206.95,2025-12-21T06:47:00.000Z,train,true
TRN_000653,synthetic://images/battery_lead_acid_ups/e280217b1209.jpg,e280217b1209,battery,battery_lead_acid_ups,collector,41.01,Mumbai Suburban,3680.65,3370.48,2026-07-05T07:14:00.000Z,test,true
TRN_000654,synthetic://images/cable_aluminium/3b201d939b67.jpg,3b201d939b67,cable,cable_aluminium,collector,39.73,Mumbai Suburban,5639.28,5164.06,2026-07-05T07:14:00.000Z,train,true
TRN_000655,synthetic://images/plastic_mixed_dirty/c398df273fb6.jpg,c398df273fb6,mixed_plastic,plastic_mixed_dirty,recycler_corrected,3.39,Mumbai Suburban,41.83,38.31,2026-07-05T07:14:00.000Z,test,true
TRN_000656,synthetic://images/battery_li_ion_laptop/70f74c7d2892.jpg,70f74c7d2892,battery,battery_li_ion_laptop,collector,2.84,Pune,505.84,569.8,2025-12-19T19:11:00.000Z,test,true
TRN_000657,synthetic://images/cable_copper_house/5632af0c23cf.jpg,5632af0c23cf,cable,cable_copper_house,recycler_corrected,12.11,Pune,4836.86,5448.44,2025-12-19T19:11:00.000Z,train,true
TRN_000658,synthetic://images/cable_copper_house/d1c95d6ab426.jpg,d1c95d6ab426,cable,cable_copper_house,recycler_corrected,7.86,Pune,3139.36,3536.31,2025-12-19T19:11:00.000Z,train,true
TRN_000659,synthetic://images/pcb_tv_low_grade/752228e7d797.jpg,752228e7d797,pcb,pcb_tv_low_grade,collector,2.86,Nagpur,306.39,,2026-04-11T07:26:00.000Z,train,true
TRN_000660,synthetic://images/crt_tv/0a3b4417de4f.jpg,0a3b4417de4f,crt,crt_tv,collector,158.54,Bengaluru Urban,942.68,922.59,2025-11-13T11:52:00.000Z,train,true
TRN_000661,synthetic://images/cable_copper_house/a5fa5101e94a.jpg,a5fa5101e94a,cable,cable_copper_house,collector,26.43,Bengaluru Urban,11710.6,11461.02,2025-11-13T11:52:00.000Z,val,true
TRN_000662,synthetic://images/pcb_cpu_processor/f9b8b39c81a9.jpg,f9b8b39c81a9,pcb,pcb_cpu_processor,collector,0.08,Nashik,286.16,,2025-12-15T17:51:00.000Z,train,true
TRN_000663,synthetic://images/crt_yoke/d1a6f4ad9aec.jpg,d1a6f4ad9aec,crt,crt_yoke,collector,6.16,Nagpur,427.69,443.32,2025-11-26T12:46:00.000Z,train,true
TRN_000664,synthetic://images/plastic_abs_casing/b021fb6daabe.jpg,b021fb6daabe,mixed_plastic,plastic_abs_casing,collector,11.14,Nagpur,343.19,355.74,2025-11-26T12:46:00.000Z,train,true
TRN_000665,synthetic://images/cable_aluminium/537f17b87b2f.jpg,537f17b87b2f,cable,cable_aluminium,collector,33.55,Pune,2064.73,2103.28,2025-12-18T11:13:00.000Z,train,true
TRN_000666,synthetic://images/pcb_tv_low_grade/cb3718394920.jpg,cb3718394920,pcb,pcb_tv_low_grade,collector,5.56,Pune,600.61,611.82,2025-12-18T11:13:00.000Z,test,true
TRN_000667,synthetic://images/motor_fan_ac/ad0958316358.jpg,ad0958316358,motor_magnet,motor_fan_ac,collector,15.68,Pune,2355.34,2399.32,2025-12-18T11:13:00.000Z,train,true
TRN_000668,synthetic://images/motor_fan_ac/6f0539637270.jpg,6f0539637270,motor_magnet,motor_fan_ac,collector,13.75,Mumbai Suburban,2225.16,2146.38,2026-04-20T15:40:00.000Z,train,true
TRN_000669,synthetic://images/pcb_cpu_processor/27cf8fb5bc8c.jpg,27cf8fb5bc8c,pcb,pcb_cpu_processor,collector,0.05,Mumbai Suburban,206.51,215.17,2026-04-18T19:22:00.000Z,train,true
TRN_000670,synthetic://images/crt_yoke/71a6609371b1.jpg,71a6609371b1,crt,crt_yoke,collector,4.16,Mumbai Suburban,320.2,333.63,2026-04-18T19:22:00.000Z,train,true
TRN_000671,synthetic://images/cable_aluminium/96b50916f970.jpg,96b50916f970,cable,cable_aluminium,collector,3.28,Mumbai Suburban,466.15,485.71,2026-04-18T19:22:00.000Z,train,true
TRN_000672,synthetic://images/crt_tv/7833cd33850a.jpg,7833cd33850a,crt,crt_tv,recycler_corrected,27.67,Mumbai Suburban,209.46,218.25,2026-04-18T19:22:00.000Z,train,true
TRN_000673,synthetic://images/motor_small_appliance/e712b113e1c0.jpg,e712b113e1c0,motor_magnet,motor_small_appliance,collector,10.7,New Delhi,1637.74,,2026-01-30T16:16:00.000Z,train,true
TRN_000674,synthetic://images/cable_copper_house/bad40f2afdbc.jpg,bad40f2afdbc,cable,cable_copper_house,collector,39.69,New Delhi,8085.45,,2026-01-30T16:16:00.000Z,val,true
TRN_000675,synthetic://images/pcb_power_supply/b031268fd61d.jpg,b031268fd61d,pcb,pcb_power_supply,collector,8.7,New Delhi,1407.23,,2026-01-30T16:16:00.000Z,val,true
TRN_000676,synthetic://images/pcb_tv_low_grade/a855f0eccd2f.jpg,a855f0eccd2f,pcb,pcb_tv_low_grade,collector,2.47,Mumbai Suburban,304.13,330.86,2026-07-22T19:57:00.000Z,train,true
TRN_000677,synthetic://images/pcb_motherboard/3ebe211e2c8a.jpg,3ebe211e2c8a,pcb,pcb_motherboard,recycler_corrected,5.65,Nagpur,1691.84,,2025-10-13T11:43:00.000Z,test,true
TRN_000678,synthetic://images/battery_button_cell/014ad426f94b.jpg,014ad426f94b,battery,battery_button_cell,collector,35.86,Mumbai Suburban,3323.08,,2026-02-22T15:34:00.000Z,train,true
TRN_000679,synthetic://images/cable_data_thin/5d8f496ff886.jpg,5d8f496ff886,cable,cable_data_thin,collector,6.26,Mumbai Suburban,911.89,,2026-02-22T15:34:00.000Z,train,true
TRN_000680,synthetic://images/plastic_abs_casing/2452ef305043.jpg,2452ef305043,mixed_plastic,plastic_abs_casing,collector,38.95,Thane,573.15,,2026-06-13T16:42:00.000Z,train,true
TRN_000681,synthetic://images/cable_copper_house/c4096765e9f6.jpg,c4096765e9f6,cable,cable_copper_house,collector,23.36,Thane,8234.44,,2026-06-13T16:42:00.000Z,train,true
TRN_000682,synthetic://images/motor_speaker_magnet/7bbedc4d9776.jpg,7bbedc4d9776,motor_magnet,motor_speaker_magnet,recycler_corrected,4.02,Thane,227.29,,2026-06-13T16:42:00.000Z,val,true
TRN_000683,synthetic://images/pcb_motherboard/d9e52becf55b.jpg,d9e52becf55b,pcb,pcb_motherboard,collector,4.21,Thane,1409.59,,2026-06-13T16:42:00.000Z,train,true
TRN_000684,synthetic://images/motor_speaker_magnet/ec5caee9572f.jpg,ec5caee9572f,motor_magnet,motor_speaker_magnet,collector,0.43,Bengaluru Urban,30.36,,2026-03-31T07:30:00.000Z,train,true
TRN_000685,synthetic://images/cable_copper_house/e8c83cf3c7ed.jpg,e8c83cf3c7ed,cable,cable_copper_house,collector,4.5,Pune,1798.83,1767.37,2025-11-21T18:57:00.000Z,train,true
TRN_000686,synthetic://images/plastic_hips_tv/2bfabd97b682.jpg,2bfabd97b682,mixed_plastic,plastic_hips_tv,collector,39.56,Pune,919.77,903.68,2025-11-21T18:57:00.000Z,train,true
TRN_000687,synthetic://images/motor_hdd_assembly/99e15290c88a.jpg,99e15290c88a,motor_magnet,motor_hdd_assembly,collector,1.34,Pune,370.49,364.01,2025-11-21T18:57:00.000Z,train,true
TRN_000688,synthetic://images/battery_lead_acid_ups/d43c69250b10.jpg,d43c69250b10,battery,battery_lead_acid_ups,recycler_corrected,98.9,Pune,9320.83,9157.82,2025-11-21T18:57:00.000Z,train,true
TRN_000689,synthetic://images/battery_li_ion_mobile/2a2448a7373e.jpg,2a2448a7373e,battery,battery_li_ion_mobile,collector,0.03,Pune,6.04,5.45,2025-10-22T09:22:00.000Z,val,true
TRN_000690,synthetic://images/led_backlight_strip/c4a9e390a7ed.jpg,c4a9e390a7ed,lcd_panel,led_backlight_strip,recycler_corrected,5.19,New Delhi,551.18,,2025-11-20T15:17:00.000Z,train,true
TRN_000691,synthetic://images/crt_monitor/c2fa402acf4f.jpg,c2fa402acf4f,crt,crt_monitor,collector,95.96,New Delhi,608.85,,2025-11-20T15:17:00.000Z,train,true
TRN_000692,synthetic://images/plastic_hips_tv/76b5b77c181a.jpg,76b5b77c181a,mixed_plastic,plastic_hips_tv,collector,8.97,New Delhi,222.28,,2025-11-20T15:17:00.000Z,train,true
TRN_000693,synthetic://images/battery_button_cell/3111052169ef.jpg,3111052169ef,battery,battery_button_cell,recycler_corrected,22.06,New Delhi,2248.67,,2025-11-20T15:17:00.000Z,train,true
TRN_000694,synthetic://images/lcd_monitor_panel/942a4198401f.jpg,942a4198401f,lcd_panel,lcd_monitor_panel,collector,33.47,Pune,799.93,751.94,2026-05-15T10:32:00.000Z,train,true
TRN_000695,synthetic://images/battery_li_ion_mobile/64a0bda5d1ad.jpg,64a0bda5d1ad,battery,battery_li_ion_mobile,collector,0.31,Nagpur,43.68,37.66,2026-03-14T06:06:00.000Z,train,true
TRN_000696,synthetic://images/motor_fan_ac/b7f774c6c13c.jpg,b7f774c6c13c,motor_magnet,motor_fan_ac,collector,14.99,Nagpur,2300.17,1983.02,2026-03-14T06:06:00.000Z,train,true
TRN_000697,synthetic://images/crt_monitor/15467e19fbea.jpg,15467e19fbea,crt,crt_monitor,collector,20.29,Mumbai Suburban,173.48,86.19,2026-05-11T06:18:00.000Z,train,true
TRN_000698,synthetic://images/motor_small_appliance/62ecbd24e77b.jpg,62ecbd24e77b,motor_magnet,motor_small_appliance,collector,16.72,Mumbai Suburban,2588.28,1285.95,2026-05-11T06:18:00.000Z,train,true
TRN_000699,synthetic://images/cable_aluminium/ad75c8fd37c5.jpg,ad75c8fd37c5,cable,cable_aluminium,collector,27.81,Mumbai Suburban,3240.93,,2026-03-18T06:10:00.000Z,train,true
TRN_000700,synthetic://images/pcb_mobile/fb73134f999f.jpg,fb73134f999f,pcb,pcb_mobile,collector,0.2,Pune,209.28,224.05,2025-12-27T11:04:00.000Z,train,true
TRN_000701,synthetic://images/battery_button_cell/c89a24182917.jpg,c89a24182917,battery,battery_button_cell,collector,12.38,Pune,963.18,1031.16,2025-12-27T11:04:00.000Z,train,true
TRN_000702,synthetic://images/motor_small_appliance/eac3bf26a010.jpg,eac3bf26a010,motor_magnet,motor_small_appliance,collector,14.94,Pune,2007.64,2149.34,2025-12-27T11:04:00.000Z,train,true
TRN_000703,synthetic://images/battery_lead_acid_ups/252db1df37d0.jpg,252db1df37d0,battery,battery_lead_acid_ups,collector,67.52,Mumbai Suburban,6733.44,6200.28,2026-02-12T12:40:00.000Z,test,true
TRN_000704,synthetic://images/battery_li_ion_laptop/a9b4720b90dc.jpg,a9b4720b90dc,battery,battery_li_ion_laptop,collector,4.31,Mumbai Suburban,924.58,851.37,2026-02-12T12:40:00.000Z,train,true
TRN_000705,synthetic://images/crt_tv/c60c50505175.jpg,c60c50505175,crt,crt_tv,recycler_corrected,181.43,Mumbai Suburban,1414.63,1302.62,2026-02-12T12:40:00.000Z,test,true
TRN_000706,synthetic://images/pcb_ram_gold/b7613fc561f1.jpg,b7613fc561f1,pcb,pcb_ram_gold,collector,0.16,Mumbai Suburban,181.15,166.81,2026-02-12T12:40:00.000Z,train,true
TRN_000707,synthetic://images/plastic_mixed_dirty/715e7310756e.jpg,715e7310756e,mixed_plastic,plastic_mixed_dirty,collector,25.4,Mumbai Suburban,312.04,283.13,2026-01-13T10:00:00.000Z,val,true
TRN_000708,synthetic://images/cable_mixed_scrap/ff36e7458c39.jpg,ff36e7458c39,cable,cable_mixed_scrap,collector,28.06,Mumbai Suburban,5879.05,5334.31,2026-01-13T10:00:00.000Z,test,true
TRN_000709,synthetic://images/cable_data_thin/29f86a194d0d.jpg,29f86a194d0d,cable,cable_data_thin,collector,24.2,Mumbai Suburban,3820.14,3459.67,2026-08-25T18:15:00.000Z,test,true
TRN_000710,synthetic://images/plastic_abs_casing/31925af16b22.jpg,31925af16b22,mixed_plastic,plastic_abs_casing,recycler_corrected,33.39,Mumbai Suburban,1164.98,1055.05,2026-08-25T18:15:00.000Z,test,true
TRN_000711,synthetic://images/plastic_hips_tv/9cfe585569fc.jpg,9cfe585569fc,mixed_plastic,plastic_hips_tv,collector,23.55,Mumbai Suburban,652.06,,2025-12-05T09:02:00.000Z,train,true
TRN_000712,synthetic://images/pcb_ram_gold/c4474017573f.jpg,c4474017573f,pcb,pcb_ram_gold,collector,0.31,Mumbai Suburban,500.52,,2025-12-05T09:02:00.000Z,train,true
TRN_000713,synthetic://images/cable_copper_house/6228101fa95a.jpg,6228101fa95a,cable,cable_copper_house,collector,4.02,Mumbai Suburban,1827.49,,2025-12-28T10:57:00.000Z,train,true
TRN_000714,synthetic://images/pcb_mobile/7df9dc093362.jpg,7df9dc093362,pcb,pcb_mobile,collector,0.24,Pune,251.19,238.95,2026-07-24T10:44:00.000Z,val,true
TRN_000715,synthetic://images/crt_tv/df33e67af3a2.jpg,df33e67af3a2,crt,crt_tv,collector,209.1,Pune,621.38,591.11,2026-07-24T10:44:00.000Z,test,true
TRN_000716,synthetic://images/pcb_cpu_processor/67d740f30384.jpg,67d740f30384,pcb,pcb_cpu_processor,collector,0.11,Pune,457.34,435.06,2026-07-24T10:44:00.000Z,val,true
TRN_000717,synthetic://images/cable_aluminium/63fe36db323e.jpg,63fe36db323e,cable,cable_aluminium,collector,17.08,Pune,2549.86,2436.04,2026-07-26T09:45:00.000Z,train,true
TRN_000718,synthetic://images/cable_mixed_scrap/0faaea3a5d3f.jpg,0faaea3a5d3f,cable,cable_mixed_scrap,collector,42.65,Pune,5599.31,5349.37,2026-07-26T09:45:00.000Z,test,true
TRN_000719,synthetic://images/plastic_abs_casing/6bb7f6f1be02.jpg,6bb7f6f1be02,mixed_plastic,plastic_abs_casing,collector,26.01,Bengaluru Urban,685.49,675.19,2026-06-26T09:16:00.000Z,train,true
TRN_000720,synthetic://images/plastic_abs_casing/8bb65acdb82e.jpg,8bb65acdb82e,mixed_plastic,plastic_abs_casing,collector,25.33,Pune,833.1,765.42,2026-08-07T10:45:00.000Z,train,true
TRN_000721,synthetic://images/pcb_motherboard/5658c7fd2a2f.jpg,5658c7fd2a2f,pcb,pcb_motherboard,collector,7.16,Pune,2378.19,2184.98,2026-08-07T10:45:00.000Z,train,true
TRN_000722,synthetic://images/motor_hdd_assembly/6472e463708b.jpg,6472e463708b,motor_magnet,motor_hdd_assembly,collector,7.06,Nashik,1863.2,1738.21,2026-06-29T14:01:00.000Z,train,true
TRN_000723,synthetic://images/plastic_mixed_dirty/ca848931fc14.jpg,ca848931fc14,mixed_plastic,plastic_mixed_dirty,collector,41.4,Pune,510.46,439.44,2026-04-21T06:41:00.000Z,train,true
TRN_000724,synthetic://images/motor_speaker_magnet/434b36de9c67.jpg,434b36de9c67,motor_magnet,motor_speaker_magnet,collector,2.74,Pune,215.17,185.24,2026-04-21T06:41:00.000Z,train,true
TRN_000725,synthetic://images/motor_hdd_assembly/0ee8176e0140.jpg,0ee8176e0140,motor_magnet,motor_hdd_assembly,collector,5.4,Nagpur,1360.8,,2025-09-06T19:26:00.000Z,val,true
TRN_000726,synthetic://images/pcb_mobile/f9364eb254f6.jpg,f9364eb254f6,pcb,pcb_mobile,recycler_corrected,0.08,Mumbai Suburban,69.54,70.35,2026-01-08T06:33:00.000Z,train,true
TRN_000727,synthetic://images/plastic_abs_casing/f3ce428e7521.jpg,f3ce428e7521,mixed_plastic,plastic_abs_casing,collector,27.74,Mumbai Suburban,682.93,658.13,2026-06-15T07:21:00.000Z,val,true
TRN_000728,synthetic://images/cable_mixed_scrap/689c46eee62d.jpg,689c46eee62d,cable,cable_mixed_scrap,collector,26.32,Pune,2221.34,2220.9,2026-02-08T18:02:00.000Z,test,true
TRN_000729,synthetic://images/motor_fan_ac/2338b66d6474.jpg,2338b66d6474,motor_magnet,motor_fan_ac,collector,20.33,Pune,2873.65,2873.08,2026-02-08T18:02:00.000Z,val,true
TRN_000730,synthetic://images/cable_mixed_scrap/86d7b5a3b5fb.jpg,86d7b5a3b5fb,cable,cable_mixed_scrap,collector,9.59,Pune,1798.6,1798.24,2026-02-08T18:02:00.000Z,train,true
TRN_000731,synthetic://images/cable_data_thin/8f4dce32b6e5.jpg,8f4dce32b6e5,cable,cable_data_thin,collector,24.66,Chhatrapati Sambhajinagar,2554.75,,2025-12-31T19:57:00.000Z,test,true
TRN_000732,synthetic://images/plastic_mixed_dirty/71149a2b96b3.jpg,71149a2b96b3,mixed_plastic,plastic_mixed_dirty,collector,23.36,Chhatrapati Sambhajinagar,237.34,,2025-12-31T19:57:00.000Z,train,true
TRN_000733,synthetic://images/lcd_monitor_panel/ccefe891bb76.jpg,ccefe891bb76,lcd_panel,lcd_monitor_panel,collector,52.25,Nashik,894.72,967.6,2026-01-07T14:51:00.000Z,train,true
TRN_000734,synthetic://images/plastic_mixed_dirty/856b7b125eef.jpg,856b7b125eef,mixed_plastic,plastic_mixed_dirty,collector,41.57,Nashik,377.69,408.45,2026-01-07T14:51:00.000Z,train,true
TRN_000735,synthetic://images/pcb_motherboard/0c45bd6ef9a0.jpg,0c45bd6ef9a0,pcb,pcb_motherboard,collector,1.68,Pune,520.93,515.74,2026-05-24T08:23:00.000Z,train,true
TRN_000736,synthetic://images/pcb_tv_low_grade/ba03fdbdf595.jpg,ba03fdbdf595,pcb,pcb_tv_low_grade,collector,5.33,Pune,448.42,443.95,2026-05-24T08:23:00.000Z,train,true
TRN_000737,synthetic://images/motor_fan_ac/cdc774bcd120.jpg,cdc774bcd120,motor_magnet,motor_fan_ac,collector,7.76,Pune,914.26,905.15,2026-05-24T08:23:00.000Z,train,true
TRN_000738,synthetic://images/cable_copper_house/091c633add49.jpg,091c633add49,cable,cable_copper_house,collector,14.53,Pune,5753.88,5696.53,2026-05-24T08:23:00.000Z,train,true
TRN_000739,synthetic://images/crt_monitor/06b22d7fde92.jpg,06b22d7fde92,crt,crt_monitor,collector,108.68,Pune,722.4,744.57,2025-09-12T08:30:00.000Z,val,true
TRN_000740,synthetic://images/pcb_mobile/8c2254329578.jpg,8c2254329578,pcb,pcb_mobile,collector,0.07,Pune,32.7,33.7,2025-09-12T08:30:00.000Z,train,true
TRN_000741,synthetic://images/motor_small_appliance/2f43a304f05e.jpg,2f43a304f05e,motor_magnet,motor_small_appliance,collector,11.97,Pune,1321.45,1362.01,2025-09-12T08:30:00.000Z,train,true
TRN_000742,synthetic://images/pcb_tv_low_grade/30fb2693c8d8.jpg,30fb2693c8d8,pcb,pcb_tv_low_grade,collector,4.14,Pune,447.22,460.95,2025-09-12T08:30:00.000Z,train,true
TRN_000743,synthetic://images/plastic_hips_tv/bcf3e4b683bf.jpg,bcf3e4b683bf,mixed_plastic,plastic_hips_tv,collector,42.05,Nashik,1045.53,1049.86,2025-10-23T07:45:00.000Z,val,true
TRN_000744,synthetic://images/cable_mixed_scrap/c7f97fe73f35.jpg,c7f97fe73f35,cable,cable_mixed_scrap,collector,12.06,Nashik,2491.32,2501.65,2025-10-23T07:45:00.000Z,train,true
TRN_000745,synthetic://images/pcb_tv_low_grade/61c9db3b3c76.jpg,61c9db3b3c76,pcb,pcb_tv_low_grade,recycler_corrected,0.46,Nashik,44.77,43.14,2026-07-07T17:44:00.000Z,train,true
TRN_000746,synthetic://images/motor_hdd_assembly/20ec70841653.jpg,20ec70841653,motor_magnet,motor_hdd_assembly,collector,4.85,Mumbai Suburban,1267.35,1197.36,2026-02-14T15:26:00.000Z,test,true
TRN_000747,synthetic://images/lcd_laptop_panel/785b0fa70c96.jpg,785b0fa70c96,lcd_panel,lcd_laptop_panel,collector,3.7,Mumbai Suburban,169.18,159.84,2026-02-14T15:26:00.000Z,train,true
TRN_000748,synthetic://images/cable_mixed_scrap/b9642dd2fccb.jpg,b9642dd2fccb,cable,cable_mixed_scrap,collector,19.06,Mumbai Suburban,3983.59,3763.61,2026-02-14T15:26:00.000Z,train,true
TRN_000749,synthetic://images/cable_data_thin/0d9cc1a71c9a.jpg,0d9cc1a71c9a,cable,cable_data_thin,recycler_corrected,7.92,Nashik,819.33,913.64,2026-01-18T10:52:00.000Z,train,true
TRN_000750,synthetic://images/pcb_mobile/7f16c27023a2.jpg,7f16c27023a2,pcb,pcb_mobile,collector,0.16,Nashik,166.41,185.57,2026-01-18T10:52:00.000Z,val,true
TRN_000751,synthetic://images/battery_li_ion_mobile/5c7113e105e5.jpg,5c7113e105e5,battery,battery_li_ion_mobile,collector,0.21,Bengaluru Urban,38.6,39.43,2026-05-26T19:43:00.000Z,train,true
TRN_000752,synthetic://images/crt_tv/ab81d61677c6.jpg,ab81d61677c6,crt,crt_tv,collector,20.44,Bengaluru Urban,118.16,120.71,2026-05-26T19:43:00.000Z,train,true
TRN_000753,synthetic://images/cable_copper_house/1c1fb88cb2d8.jpg,1c1fb88cb2d8,cable,cable_copper_house,collector,28.29,Mumbai Suburban,10493.99,,2026-07-31T17:04:00.000Z,train,true
TRN_000754,synthetic://images/plastic_mixed_dirty/9996f4a82bdb.jpg,9996f4a82bdb,mixed_plastic,plastic_mixed_dirty,collector,22.95,Nagpur,97.9,92.99,2026-01-12T11:59:00.000Z,train,true
TRN_000755,synthetic://images/battery_li_ion_mobile/9f9f980aff5f.jpg,9f9f980aff5f,battery,battery_li_ion_mobile,collector,0.41,Nagpur,70.45,66.91,2026-01-12T11:59:00.000Z,train,true
TRN_000756,synthetic://images/pcb_power_supply/618facf566f5.jpg,618facf566f5,pcb,pcb_power_supply,collector,7.28,Pune,947.42,956.27,2025-10-06T10:41:00.000Z,val,true
TRN_000757,synthetic://images/pcb_cpu_processor/662096a82572.jpg,662096a82572,pcb,pcb_cpu_processor,collector,0.18,Pune,720.79,727.52,2025-10-06T10:41:00.000Z,train,true
TRN_000758,synthetic://images/battery_lead_acid_ups/d405c8d15b65.jpg,d405c8d15b65,battery,battery_lead_acid_ups,collector,10.84,Mumbai Suburban,990.78,,2026-04-21T17:53:00.000Z,train,true
TRN_000759,synthetic://images/lcd_laptop_panel/8a834e0a498c.jpg,8a834e0a498c,lcd_panel,lcd_laptop_panel,collector,1.56,Nagpur,67.71,,2026-04-24T16:56:00.000Z,train,true
TRN_000760,synthetic://images/plastic_abs_casing/d74f43c4fe6e.jpg,d74f43c4fe6e,mixed_plastic,plastic_abs_casing,recycler_corrected,8.9,Bengaluru Urban,297.83,292.33,2026-04-21T11:54:00.000Z,train,true
TRN_000761,synthetic://images/plastic_mixed_dirty/09631aec8777.jpg,09631aec8777,mixed_plastic,plastic_mixed_dirty,collector,19.2,Bengaluru Urban,163.16,157.23,2026-07-03T13:31:00.000Z,train,true
TRN_000762,synthetic://images/battery_li_ion_mobile/87d5222b5e09.jpg,87d5222b5e09,battery,battery_li_ion_mobile,collector,0.43,Mumbai Suburban,84.61,,2025-09-20T09:14:00.000Z,train,true
TRN_000763,synthetic://images/pcb_motherboard/a3035e548c3e.jpg,a3035e548c3e,pcb,pcb_motherboard,collector,4.63,Nashik,1303.11,1371.48,2025-12-12T19:01:00.000Z,train,true
TRN_000764,synthetic://images/crt_yoke/3f0ac77daa0f.jpg,3f0ac77daa0f,crt,crt_yoke,collector,2.72,Nashik,199.24,209.69,2025-12-12T19:01:00.000Z,test,true
TRN_000765,synthetic://images/battery_li_ion_mobile/18edaef4ca1f.jpg,18edaef4ca1f,battery,battery_li_ion_mobile,collector,0.55,Thane,105.58,100.12,2025-09-18T07:56:00.000Z,train,true
TRN_000766,synthetic://images/crt_monitor/2f9381ee5b50.jpg,2f9381ee5b50,crt,crt_monitor,recycler_corrected,19.2,Pune,165.7,148.22,2026-08-02T17:32:00.000Z,train,true
TRN_000767,synthetic://images/pcb_power_supply/47929f917495.jpg,47929f917495,pcb,pcb_power_supply,recycler_corrected,3.52,Nagpur,488.26,,2026-06-01T08:41:00.000Z,test,true
TRN_000768,synthetic://images/crt_yoke/f634cf6b046d.jpg,f634cf6b046d,crt,crt_yoke,collector,1.25,Nagpur,83.6,,2026-06-01T08:41:00.000Z,train,true
TRN_000769,synthetic://images/cable_aluminium/fc7615a835d5.jpg,fc7615a835d5,cable,cable_aluminium,collector,23.24,Mumbai Suburban,2720.36,2815.51,2025-09-05T13:50:00.000Z,val,true
TRN_000770,synthetic://images/cable_aluminium/35680fd8e970.jpg,35680fd8e970,cable,cable_aluminium,collector,16.64,Mumbai Suburban,2375.36,2458.44,2025-09-05T13:50:00.000Z,val,true
TRN_000771,synthetic://images/plastic_abs_casing/d6c305d9eb64.jpg,d6c305d9eb64,mixed_plastic,plastic_abs_casing,collector,16.57,Mumbai Suburban,583.26,603.66,2025-09-05T13:50:00.000Z,train,true
TRN_000772,synthetic://images/cable_copper_house/5dd512c17931.jpg,5dd512c17931,cable,cable_copper_house,collector,7.31,Mumbai Suburban,3342.06,3458.96,2025-09-05T13:50:00.000Z,train,true
TRN_000773,synthetic://images/cable_copper_house/4526169b5d99.jpg,4526169b5d99,cable,cable_copper_house,collector,42.33,Bengaluru Urban,18755.58,16631.36,2026-01-15T18:53:00.000Z,train,true
TRN_000774,synthetic://images/battery_li_ion_laptop/eed04d8011db.jpg,eed04d8011db,battery,battery_li_ion_laptop,collector,1.47,Bengaluru Urban,325.97,289.05,2026-01-15T18:53:00.000Z,train,true
TRN_000775,synthetic://images/plastic_hips_tv/cbf2c8e34979.jpg,cbf2c8e34979,mixed_plastic,plastic_hips_tv,collector,4.02,Nagpur,40.59,38.76,2026-04-28T10:23:00.000Z,val,true
TRN_000776,synthetic://images/plastic_hips_tv/fb3454c59eb2.jpg,fb3454c59eb2,mixed_plastic,plastic_hips_tv,collector,33.29,Nagpur,522.92,499.39,2026-04-28T10:23:00.000Z,val,true
TRN_000777,synthetic://images/cable_copper_house/c1831b82aa42.jpg,c1831b82aa42,cable,cable_copper_house,collector,27.65,Nagpur,10823.03,10336.06,2026-04-28T10:23:00.000Z,train,true
TRN_000778,synthetic://images/plastic_abs_casing/b4bfffb2d6cc.jpg,b4bfffb2d6cc,mixed_plastic,plastic_abs_casing,collector,20.8,Nagpur,514.41,491.26,2026-04-28T10:23:00.000Z,train,true
TRN_000779,synthetic://images/crt_yoke/d428277e6289.jpg,d428277e6289,crt,crt_yoke,collector,3.61,New Delhi,320.82,,2025-12-22T14:03:00.000Z,val,true
TRN_000780,synthetic://images/battery_button_cell/936b755448a5.jpg,936b755448a5,battery,battery_button_cell,recycler_corrected,14.06,Pune,1310.95,1257.37,2026-06-30T19:59:00.000Z,train,true
TRN_000781,synthetic://images/cable_copper_house/701f3d3fcb26.jpg,701f3d3fcb26,cable,cable_copper_house,collector,21.42,Pune,8906.44,8542.43,2026-06-30T19:59:00.000Z,train,true
TRN_000782,synthetic://images/pcb_cpu_processor/5b0b9ee380c9.jpg,5b0b9ee380c9,pcb,pcb_cpu_processor,collector,0.2,Pune,796.66,764.1,2026-06-30T19:59:00.000Z,train,true
TRN_000783,synthetic://images/led_backlight_strip/d5cea390a215.jpg,d5cea390a215,lcd_panel,led_backlight_strip,collector,10.08,Nagpur,397.72,,2025-12-28T06:22:00.000Z,test,true
TRN_000784,synthetic://images/motor_hdd_assembly/d03b26ded6fb.jpg,d03b26ded6fb,motor_magnet,motor_hdd_assembly,collector,1.56,Nagpur,355.41,,2025-12-28T06:22:00.000Z,train,true
TRN_000785,synthetic://images/crt_tv/84164b98b989.jpg,84164b98b989,crt,crt_tv,collector,131.54,Mumbai Suburban,1025.63,637.55,2025-12-27T15:57:00.000Z,train,true
TRN_000786,synthetic://images/lcd_laptop_panel/aa95395ca873.jpg,aa95395ca873,lcd_panel,lcd_laptop_panel,collector,4.37,Mumbai Suburban,171.67,106.71,2025-12-27T15:57:00.000Z,train,true
TRN_000787,synthetic://images/crt_monitor/a8bdf0c1e169.jpg,a8bdf0c1e169,crt,crt_monitor,recycler_corrected,63.51,Thane,528.56,504.29,2026-02-08T08:01:00.000Z,val,true
TRN_000788,synthetic://images/plastic_mixed_dirty/b0078d60c69d.jpg,b0078d60c69d,mixed_plastic,plastic_mixed_dirty,recycler_corrected,33.91,Thane,396.07,377.88,2026-02-08T08:01:00.000Z,train,true
TRN_000789,synthetic://images/motor_speaker_magnet/74c2b0b026cc.jpg,74c2b0b026cc,motor_magnet,motor_speaker_magnet,collector,0.32,Pune,23.8,22.2,2026-03-03T09:44:00.000Z,train,true
TRN_000790,synthetic://images/motor_fan_ac/95a420e097d8.jpg,95a420e097d8,motor_magnet,motor_fan_ac,collector,36.26,Pune,5392.66,5030.88,2026-03-03T09:44:00.000Z,train,true
TRN_000791,synthetic://images/crt_yoke/f7960f09e053.jpg,f7960f09e053,crt,crt_yoke,recycler_corrected,6.17,Pune,459.79,437.3,2026-08-23T18:48:00.000Z,train,true
TRN_000792,synthetic://images/motor_small_appliance/d2d2dec2cdd9.jpg,d2d2dec2cdd9,motor_magnet,motor_small_appliance,recycler_corrected,3.55,New Delhi,552.49,,2026-06-07T12:12:00.000Z,train,true
TRN_000793,synthetic://images/motor_small_appliance/854a1a800c5a.jpg,854a1a800c5a,motor_magnet,motor_small_appliance,collector,1.34,New Delhi,198.12,,2026-06-07T12:12:00.000Z,train,true
TRN_000794,synthetic://images/cable_aluminium/f0f402281556.jpg,f0f402281556,cable,cable_aluminium,collector,6.25,New Delhi,1038.06,902.34,2025-12-31T13:26:00.000Z,val,true
TRN_000795,synthetic://images/battery_li_ion_laptop/0d3a4c8a15d1.jpg,0d3a4c8a15d1,battery,battery_li_ion_laptop,collector,0.7,New Delhi,140.47,122.11,2025-12-31T13:26:00.000Z,train,true
TRN_000796,synthetic://images/cable_data_thin/30be23c042a6.jpg,30be23c042a6,cable,cable_data_thin,collector,20.48,Pune,2611.4,2584.27,2026-08-26T18:19:00.000Z,train,true
TRN_000797,synthetic://images/cable_aluminium/9cf3613d2762.jpg,9cf3613d2762,cable,cable_aluminium,collector,12.14,Pune,1358.23,1344.12,2026-08-26T18:19:00.000Z,test,true
TRN_000798,synthetic://images/cable_data_thin/4bb004b3307f.jpg,4bb004b3307f,cable,cable_data_thin,recycler_corrected,37.6,Nashik,5033.31,4899.38,2025-12-20T07:31:00.000Z,train,true
TRN_000799,synthetic://images/cable_copper_house/ec2135b38715.jpg,ec2135b38715,cable,cable_copper_house,recycler_corrected,3.8,Nashik,1279.42,1245.38,2025-12-20T07:31:00.000Z,train,true
TRN_000800,synthetic://images/motor_small_appliance/19f464bba5a7.jpg,19f464bba5a7,motor_magnet,motor_small_appliance,collector,1.46,Nashik,135.86,132.24,2025-12-20T07:31:00.000Z,test,true
TRN_000801,synthetic://images/battery_button_cell/6d31b183de49.jpg,6d31b183de49,battery,battery_button_cell,collector,41.61,Nashik,4325.8,4542.7,2025-09-19T15:02:00.000Z,train,true
TRN_000802,synthetic://images/led_backlight_strip/afedbee3c537.jpg,afedbee3c537,lcd_panel,led_backlight_strip,collector,41.49,Mumbai Suburban,4209.16,4010.76,2026-07-08T13:39:00.000Z,train,true
TRN_000803,synthetic://images/plastic_abs_casing/c53bbe119039.jpg,c53bbe119039,mixed_plastic,plastic_abs_casing,collector,39.75,Mumbai Suburban,1170.16,1115,2026-07-08T13:39:00.000Z,val,true
TRN_000804,synthetic://images/plastic_hips_tv/5c2bfc409176.jpg,5c2bfc409176,mixed_plastic,plastic_hips_tv,collector,43.95,Mumbai Suburban,1201.68,1145.04,2026-07-08T13:39:00.000Z,val,true
TRN_000805,synthetic://images/pcb_cpu_processor/e2e51f47c71f.jpg,e2e51f47c71f,pcb,pcb_cpu_processor,collector,0.02,Mumbai Suburban,38,36.03,2026-01-26T14:51:00.000Z,train,true
TRN_000806,synthetic://images/plastic_mixed_dirty/c555ab67102f.jpg,c555ab67102f,mixed_plastic,plastic_mixed_dirty,collector,34.1,Mumbai Suburban,418.92,397.15,2026-01-26T14:51:00.000Z,train,true
TRN_000807,synthetic://images/pcb_motherboard/58d96da0ade6.jpg,58d96da0ade6,pcb,pcb_motherboard,collector,8.28,Pune,2730.58,2679.63,2025-12-12T10:34:00.000Z,train,true
TRN_000808,synthetic://images/pcb_cpu_processor/a94dac25aef0.jpg,a94dac25aef0,pcb,pcb_cpu_processor,collector,0.05,Mumbai Suburban,216.26,199.58,2026-07-29T06:13:00.000Z,val,true
TRN_000809,synthetic://images/cable_copper_house/5dd0994de10f.jpg,5dd0994de10f,cable,cable_copper_house,collector,33.92,Mumbai Suburban,15344.39,14160.77,2026-07-29T06:13:00.000Z,train,true
TRN_000810,synthetic://images/crt_yoke/222ace0c6cfc.jpg,222ace0c6cfc,crt,crt_yoke,collector,0.59,Pune,28.79,28.07,2026-02-18T18:36:00.000Z,train,true
TRN_000811,synthetic://images/cable_mixed_scrap/ab6c50cf020c.jpg,ab6c50cf020c,cable,cable_mixed_scrap,recycler_corrected,23.57,Pune,4641.58,4525.6,2026-02-18T18:36:00.000Z,train,true
TRN_000812,synthetic://images/motor_fan_ac/8c91ece36cc7.jpg,8c91ece36cc7,motor_magnet,motor_fan_ac,recycler_corrected,20.52,Pune,2378.41,2318.98,2026-02-18T18:36:00.000Z,train,true
TRN_000813,synthetic://images/crt_monitor/feb07b7f1d36.jpg,feb07b7f1d36,crt,crt_monitor,collector,32.15,Pune,211.96,206.66,2026-02-18T18:36:00.000Z,train,true
TRN_000814,synthetic://images/battery_button_cell/280fff8bf0ec.jpg,280fff8bf0ec,battery,battery_button_cell,collector,28.68,New Delhi,3550.58,3137.19,2025-09-21T07:13:00.000Z,train,true
TRN_000815,synthetic://images/pcb_tv_low_grade/88300d8dcc56.jpg,88300d8dcc56,pcb,pcb_tv_low_grade,collector,0.84,Pune,82.1,70.77,2025-10-10T14:13:00.000Z,train,true
TRN_000816,synthetic://images/motor_fan_ac/bdd4ae89f4cc.jpg,bdd4ae89f4cc,motor_magnet,motor_fan_ac,collector,18.15,Pune,2718.74,2870.94,2026-07-18T07:06:00.000Z,val,true
TRN_000817,synthetic://images/battery_li_ion_laptop/b549b88631ce.jpg,b549b88631ce,battery,battery_li_ion_laptop,collector,4.28,Pune,952.64,1005.97,2026-07-18T07:06:00.000Z,train,true
TRN_000818,synthetic://images/cable_mixed_scrap/12e28198ac8c.jpg,12e28198ac8c,cable,cable_mixed_scrap,collector,12.56,Pune,2358.77,2585.34,2026-08-11T10:45:00.000Z,train,true
TRN_000819,synthetic://images/pcb_motherboard/eabe5c12c5ad.jpg,eabe5c12c5ad,pcb,pcb_motherboard,collector,4.9,Pune,1627.54,1783.88,2026-08-11T10:45:00.000Z,test,true
TRN_000820,synthetic://images/battery_li_ion_laptop/4ecbb85edcea.jpg,4ecbb85edcea,battery,battery_li_ion_laptop,collector,2.59,Thane,469.26,415.47,2026-01-25T14:31:00.000Z,train,true
TRN_000821,synthetic://images/plastic_hips_tv/10eee2ab19d6.jpg,10eee2ab19d6,mixed_plastic,plastic_hips_tv,collector,21.95,Nagpur,493,458.66,2026-05-21T18:24:00.000Z,train,true
TRN_000822,synthetic://images/motor_hdd_assembly/faa279d2aa70.jpg,faa279d2aa70,motor_magnet,motor_hdd_assembly,recycler_corrected,5.41,Nagpur,1362.75,1267.83,2026-05-21T18:24:00.000Z,train,true
TRN_000823,synthetic://images/cable_copper_house/bc2145a898a8.jpg,bc2145a898a8,cable,cable_copper_house,recycler_corrected,20.42,Pune,6705.96,6538.13,2025-09-21T09:56:00.000Z,train,true
TRN_000824,synthetic://images/motor_speaker_magnet/9ee3ee460ad6.jpg,9ee3ee460ad6,motor_magnet,motor_speaker_magnet,collector,0.33,Pune,23.72,23.13,2025-09-21T09:56:00.000Z,train,true
TRN_000825,synthetic://images/motor_small_appliance/7ad73ed466b6.jpg,7ad73ed466b6,motor_magnet,motor_small_appliance,collector,20.12,Bengaluru Urban,2774.69,2921.24,2025-11-02T12:22:00.000Z,test,true
TRN_000826,synthetic://images/pcb_tv_low_grade/051b72e47b6b.jpg,051b72e47b6b,pcb,pcb_tv_low_grade,recycler_corrected,1.52,Bengaluru Urban,175.39,184.65,2025-11-02T12:22:00.000Z,train,true
TRN_000827,synthetic://images/battery_li_ion_mobile/a07b585bb671.jpg,a07b585bb671,battery,battery_li_ion_mobile,collector,0.42,Thane,56.47,55.12,2026-04-09T10:09:00.000Z,test,true
TRN_000828,synthetic://images/crt_yoke/5a189c84944e.jpg,5a189c84944e,crt,crt_yoke,collector,5.57,Bengaluru Urban,189.07,160.83,2026-05-09T14:31:00.000Z,train,true
TRN_000829,synthetic://images/pcb_cpu_processor/6584e49c1f1a.jpg,6584e49c1f1a,pcb,pcb_cpu_processor,collector,0.03,Bengaluru Urban,126.53,107.63,2026-05-09T14:31:00.000Z,train,true
TRN_000830,synthetic://images/plastic_abs_casing/71044a15adfe.jpg,71044a15adfe,mixed_plastic,plastic_abs_casing,collector,10.9,Thane,293.26,,2026-08-04T12:55:00.000Z,val,true
TRN_000831,synthetic://images/pcb_mobile/97c04de66468.jpg,97c04de66468,pcb,pcb_mobile,collector,0.02,Thane,20.04,,2026-08-04T12:55:00.000Z,val,true
TRN_000832,synthetic://images/plastic_abs_casing/529087a98325.jpg,529087a98325,mixed_plastic,plastic_abs_casing,collector,17.49,Thane,602.54,,2026-08-04T12:55:00.000Z,train,true
TRN_000833,synthetic://images/cable_copper_house/1971286afb98.jpg,1971286afb98,cable,cable_copper_house,recycler_corrected,8.48,Thane,3827.65,,2026-08-04T12:55:00.000Z,train,true
TRN_000834,synthetic://images/plastic_abs_casing/731d3adbe647.jpg,731d3adbe647,mixed_plastic,plastic_abs_casing,collector,28.79,Thane,941.43,930.15,2025-09-06T06:55:00.000Z,train,true
TRN_000835,synthetic://images/motor_hdd_assembly/13f4c7cc284d.jpg,13f4c7cc284d,motor_magnet,motor_hdd_assembly,recycler_corrected,3.97,Thane,501.85,495.84,2025-09-06T06:55:00.000Z,train,true
TRN_000836,synthetic://images/pcb_mobile/675f0e66aa00.jpg,675f0e66aa00,pcb,pcb_mobile,collector,0.25,New Delhi,330.41,,2025-12-10T09:53:00.000Z,train,true
TRN_000837,synthetic://images/cable_aluminium/f0ea3f7e5460.jpg,f0ea3f7e5460,cable,cable_aluminium,collector,4.64,Mumbai Suburban,660.36,,2025-12-27T15:02:00.000Z,train,true
TRN_000838,synthetic://images/cable_mixed_scrap/a20aa9c1ac3e.jpg,a20aa9c1ac3e,cable,cable_mixed_scrap,recycler_corrected,35.65,Mumbai Suburban,7574.84,,2025-12-27T15:02:00.000Z,train,true
TRN_000839,synthetic://images/pcb_motherboard/a67746b095c5.jpg,a67746b095c5,pcb,pcb_motherboard,collector,9.29,Mumbai Suburban,2423.54,2237.52,2026-08-31T13:56:00.000Z,train,true
TRN_000840,synthetic://images/pcb_power_supply/82dbc7baa06a.jpg,82dbc7baa06a,pcb,pcb_power_supply,collector,6.3,Mumbai Suburban,414.08,382.3,2026-08-31T13:56:00.000Z,test,true
TRN_000841,synthetic://images/cable_mixed_scrap/2a40a4a41c39.jpg,2a40a4a41c39,cable,cable_mixed_scrap,collector,3.22,Mumbai Suburban,295.26,272.6,2026-08-31T13:56:00.000Z,train,true
TRN_000842,synthetic://images/pcb_mobile/59c171ff1848.jpg,59c171ff1848,pcb,pcb_mobile,collector,0.1,Mumbai Suburban,130.36,126.43,2026-07-19T12:33:00.000Z,train,true
TRN_000843,synthetic://images/pcb_tv_low_grade/ed2fc89d7bb6.jpg,ed2fc89d7bb6,pcb,pcb_tv_low_grade,collector,2.32,Mumbai Suburban,299.94,290.9,2026-07-19T12:33:00.000Z,train,true
TRN_000844,synthetic://images/pcb_motherboard/bf287eaac403.jpg,bf287eaac403,pcb,pcb_motherboard,collector,5.92,Thane,1662.83,,2026-08-29T12:33:00.000Z,val,true
TRN_000845,synthetic://images/pcb_tv_low_grade/fb6732f9b80f.jpg,fb6732f9b80f,pcb,pcb_tv_low_grade,collector,1.43,Thane,133.46,,2026-08-29T12:33:00.000Z,test,true
TRN_000846,synthetic://images/plastic_abs_casing/1c56898e6dfd.jpg,1c56898e6dfd,mixed_plastic,plastic_abs_casing,collector,1.74,Thane,56.95,,2026-08-29T12:33:00.000Z,train,true
TRN_000847,synthetic://images/cable_aluminium/0b4eca647d2d.jpg,0b4eca647d2d,cable,cable_aluminium,collector,26.99,Thane,3426.45,3348.96,2026-06-12T13:32:00.000Z,train,true
TRN_000848,synthetic://images/motor_small_appliance/99c4fa0793c7.jpg,99c4fa0793c7,motor_magnet,motor_small_appliance,collector,1.14,Thane,64.87,63.4,2026-06-12T13:32:00.000Z,test,true
TRN_000849,synthetic://images/lcd_laptop_panel/0fcb6ba344c4.jpg,0fcb6ba344c4,lcd_panel,lcd_laptop_panel,collector,0.42,Mumbai Suburban,22.36,21.58,2026-03-23T07:54:00.000Z,train,true
TRN_000850,synthetic://images/lcd_monitor_panel/103144fc0ed1.jpg,103144fc0ed1,lcd_panel,lcd_monitor_panel,collector,14.32,Pune,340.39,327.67,2025-09-10T12:10:00.000Z,train,true
TRN_000851,synthetic://images/crt_yoke/3eaf9ddb9b46.jpg,3eaf9ddb9b46,crt,crt_yoke,collector,4.53,Mumbai Suburban,368.01,344.52,2026-05-26T10:30:00.000Z,train,true
TRN_000852,synthetic://images/cable_data_thin/05f755967764.jpg,05f755967764,cable,cable_data_thin,collector,40.42,Mumbai Suburban,5876.26,5501.14,2026-05-26T10:30:00.000Z,val,true
TRN_000853,synthetic://images/crt_tv/3d7d0e80df30.jpg,3d7d0e80df30,crt,crt_tv,recycler_corrected,143.94,Mumbai Suburban,1117.87,1046.51,2026-05-26T10:30:00.000Z,train,true
TRN_000854,synthetic://images/pcb_motherboard/106ee8e42033.jpg,106ee8e42033,pcb,pcb_motherboard,collector,10.45,Mumbai Suburban,3671.82,3437.42,2026-05-26T10:30:00.000Z,train,true
TRN_000855,synthetic://images/pcb_cpu_processor/73f5f14f4ac4.jpg,73f5f14f4ac4,pcb,pcb_cpu_processor,collector,0.11,Mumbai Suburban,376,368.05,2025-09-11T06:48:00.000Z,val,true
TRN_000856,synthetic://images/pcb_ram_gold/aed147308bea.jpg,aed147308bea,pcb,pcb_ram_gold,collector,0.25,Mumbai Suburban,399.63,391.18,2025-09-11T06:48:00.000Z,train,true
TRN_000857,synthetic://images/led_backlight_strip/abc1723928fc.jpg,abc1723928fc,lcd_panel,led_backlight_strip,recycler_corrected,12.66,New Delhi,1341.45,1305.76,2025-09-30T17:53:00.000Z,train,true
TRN_000858,synthetic://images/pcb_tv_low_grade/02721a219180.jpg,02721a219180,pcb,pcb_tv_low_grade,collector,3.7,New Delhi,518.49,504.69,2025-09-30T17:53:00.000Z,train,true
TRN_000859,synthetic://images/plastic_hips_tv/7a6012b737ea.jpg,7a6012b737ea,mixed_plastic,plastic_hips_tv,collector,42.75,Pune,1009.76,928.38,2026-04-19T07:51:00.000Z,test,true
TRN_000860,synthetic://images/cable_copper_house/6b3c3ff588b0.jpg,6b3c3ff588b0,cable,cable_copper_house,collector,13.45,Thane,5781.89,6057.49,2026-08-24T06:43:00.000Z,train,true
TRN_000861,synthetic://images/lcd_tv_panel/d2869dda79e3.jpg,d2869dda79e3,lcd_panel,lcd_tv_panel,collector,82.75,Thane,1931.37,2023.43,2026-08-24T06:43:00.000Z,train,true
TRN_000862,synthetic://images/motor_speaker_magnet/2f768971b421.jpg,2f768971b421,motor_magnet,motor_speaker_magnet,recycler_corrected,3.31,Thane,185.68,194.53,2026-08-24T06:43:00.000Z,train,true
TRN_000863,synthetic://images/plastic_abs_casing/edb94648b236.jpg,edb94648b236,mixed_plastic,plastic_abs_casing,collector,32.6,Thane,1069.61,971.03,2026-08-14T07:55:00.000Z,train,true
TRN_000864,synthetic://images/motor_fan_ac/7b1495b6248e.jpg,7b1495b6248e,motor_magnet,motor_fan_ac,recycler_corrected,21.01,Thane,2413.86,2191.39,2026-08-14T07:55:00.000Z,test,true
TRN_000865,synthetic://images/battery_li_ion_mobile/2fa939a3c8a6.jpg,2fa939a3c8a6,battery,battery_li_ion_mobile,collector,0.31,Pune,24.49,21.72,2026-08-20T17:17:00.000Z,val,true
TRN_000866,synthetic://images/cable_copper_house/fded7a2f6082.jpg,fded7a2f6082,cable,cable_copper_house,collector,35.53,Pune,14812.55,13138.42,2026-08-20T17:17:00.000Z,train,true
TRN_000867,synthetic://images/pcb_mobile/cf3ccc77626a.jpg,cf3ccc77626a,pcb,pcb_mobile,recycler_corrected,0.14,Nashik,101.65,94.76,2026-03-05T16:07:00.000Z,val,true
TRN_000868,synthetic://images/pcb_cpu_processor/a38594cec871.jpg,a38594cec871,pcb,pcb_cpu_processor,collector,0.07,Nashik,256.3,238.93,2026-03-05T16:07:00.000Z,train,true
TRN_000869,synthetic://images/cable_mixed_scrap/ffa18867b550.jpg,ffa18867b550,cable,cable_mixed_scrap,recycler_corrected,22.08,Nashik,4547.54,4239.28,2026-03-05T16:07:00.000Z,train,true
TRN_000870,synthetic://images/pcb_ram_gold/0aeda43ab308.jpg,0aeda43ab308,pcb,pcb_ram_gold,collector,0.2,Thane,249.98,221.01,2026-03-16T16:41:00.000Z,val,true
TRN_000871,synthetic://images/pcb_cpu_processor/724b988e9b51.jpg,724b988e9b51,pcb,pcb_cpu_processor,recycler_corrected,0.18,Mumbai Suburban,790.17,874.79,2026-05-31T14:12:00.000Z,train,true
TRN_000872,synthetic://images/motor_speaker_magnet/f625762734cd.jpg,f625762734cd,motor_magnet,motor_speaker_magnet,collector,2.58,Mumbai Suburban,157.89,174.8,2026-05-31T14:12:00.000Z,train,true
TRN_000873,synthetic://images/cable_mixed_scrap/cb0b740b3bc3.jpg,cb0b740b3bc3,cable,cable_mixed_scrap,collector,9.06,Mumbai Suburban,1846.16,2043.86,2026-05-31T14:12:00.000Z,train,true
TRN_000874,synthetic://images/plastic_abs_casing/6a6860686938.jpg,6a6860686938,mixed_plastic,plastic_abs_casing,collector,35.82,Mumbai Suburban,1285.94,1238.86,2026-07-01T11:47:00.000Z,train,true
TRN_000875,synthetic://images/pcb_cpu_processor/7eb6ca566617.jpg,7eb6ca566617,pcb,pcb_cpu_processor,collector,0.04,Nagpur,155.86,134.23,2026-01-29T15:01:00.000Z,test,true
TRN_000876,synthetic://images/plastic_mixed_dirty/603cfb0b13c2.jpg,603cfb0b13c2,mixed_plastic,plastic_mixed_dirty,recycler_corrected,26.74,Nagpur,207.87,179.02,2026-01-29T15:01:00.000Z,test,true
TRN_000877,synthetic://images/cable_aluminium/b111f7449283.jpg,b111f7449283,cable,cable_aluminium,collector,10.38,Pune,1448.22,1138.66,2025-10-12T10:20:00.000Z,train,true
TRN_000878,synthetic://images/lcd_tv_panel/183ea6c3d68c.jpg,183ea6c3d68c,lcd_panel,lcd_tv_panel,collector,32.06,Nagpur,580.2,,2026-01-19T17:30:00.000Z,train,true
TRN_000879,synthetic://images/lcd_laptop_panel/2803c07340eb.jpg,2803c07340eb,lcd_panel,lcd_laptop_panel,collector,1.89,Nagpur,83.38,,2026-01-19T17:30:00.000Z,train,true
TRN_000880,synthetic://images/battery_lead_acid_ups/95bd453795a3.jpg,95bd453795a3,battery,battery_lead_acid_ups,collector,52.67,Pune,5003.49,4566.38,2026-02-24T09:08:00.000Z,train,true
TRN_000881,synthetic://images/pcb_tv_low_grade/850e38d8c116.jpg,850e38d8c116,pcb,pcb_tv_low_grade,collector,0.97,Mumbai Suburban,112.61,117.24,2026-02-25T06:38:00.000Z,test,true
TRN_000882,synthetic://images/pcb_power_supply/10ddd0bc3165.jpg,10ddd0bc3165,pcb,pcb_power_supply,collector,17.45,Mumbai Suburban,2604.41,2711.38,2026-02-25T06:38:00.000Z,train,true
TRN_000883,synthetic://images/lcd_laptop_panel/355150517d4c.jpg,355150517d4c,lcd_panel,lcd_laptop_panel,collector,3.59,Mumbai Suburban,200.18,208.4,2026-02-25T06:38:00.000Z,train,true
TRN_000884,synthetic://images/battery_lead_acid_ups/d3a7960acb61.jpg,d3a7960acb61,battery,battery_lead_acid_ups,collector,12.25,Pune,1186.31,1246.15,2026-02-26T14:41:00.000Z,train,true
TRN_000885,synthetic://images/motor_speaker_magnet/f355cc3ff4c8.jpg,f355cc3ff4c8,motor_magnet,motor_speaker_magnet,collector,1.34,Pune,99.62,104.64,2026-02-26T14:41:00.000Z,train,true
TRN_000886,synthetic://images/pcb_cpu_processor/9dccaee00cfb.jpg,9dccaee00cfb,pcb,pcb_cpu_processor,collector,0.11,Thane,450.87,451.77,2025-11-09T13:05:00.000Z,test,true
TRN_000887,synthetic://images/cable_copper_house/ac02ff5d6c1f.jpg,ac02ff5d6c1f,cable,cable_copper_house,recycler_corrected,43.61,Thane,18233.78,18270.08,2025-11-09T13:05:00.000Z,train,true
TRN_000888,synthetic://images/cable_copper_house/cc3f5f10c7eb.jpg,cc3f5f10c7eb,cable,cable_copper_house,collector,20.35,Thane,5955.98,5967.84,2025-11-09T13:05:00.000Z,train,true
TRN_000889,synthetic://images/cable_mixed_scrap/8b52ea626fed.jpg,8b52ea626fed,cable,cable_mixed_scrap,recycler_corrected,34.19,Thane,7217.51,7072.91,2026-08-25T13:05:00.000Z,train,true
TRN_000890,synthetic://images/pcb_cpu_processor/2700c9afcfd0.jpg,2700c9afcfd0,pcb,pcb_cpu_processor,collector,0.19,Thane,636.16,623.41,2026-08-25T13:05:00.000Z,val,true
TRN_000891,synthetic://images/motor_hdd_assembly/cc35c78c99e0.jpg,cc35c78c99e0,motor_magnet,motor_hdd_assembly,recycler_corrected,1.78,Thane,508.21,498.03,2026-08-25T13:05:00.000Z,val,true
TRN_000892,synthetic://images/cable_data_thin/e57c0aa198b8.jpg,e57c0aa198b8,cable,cable_data_thin,collector,43.48,Nagpur,5293.58,5154.47,2026-05-02T18:24:00.000Z,train,true
TRN_000893,synthetic://images/plastic_hips_tv/3118c5ceb647.jpg,3118c5ceb647,mixed_plastic,plastic_hips_tv,collector,43.55,Nagpur,978.13,952.43,2026-05-02T18:24:00.000Z,train,true
TRN_000894,synthetic://images/plastic_abs_casing/4dd253723864.jpg,4dd253723864,mixed_plastic,plastic_abs_casing,collector,34.75,Pune,1165.51,,2025-10-01T18:45:00.000Z,val,true
TRN_000895,synthetic://images/led_backlight_strip/b47e66465c07.jpg,b47e66465c07,lcd_panel,led_backlight_strip,recycler_corrected,21.95,Pune,2074.06,,2025-10-01T18:45:00.000Z,train,true
TRN_000896,synthetic://images/battery_button_cell/8a079fac38af.jpg,8a079fac38af,battery,battery_button_cell,collector,26.58,New Delhi,3315.59,3504.69,2025-12-18T19:42:00.000Z,train,true
TRN_000897,synthetic://images/pcb_tv_low_grade/7a9a96a60a48.jpg,7a9a96a60a48,pcb,pcb_tv_low_grade,collector,3.82,New Delhi,513.52,542.81,2025-12-18T19:42:00.000Z,val,true
TRN_000898,synthetic://images/motor_hdd_assembly/487a2e64612f.jpg,487a2e64612f,motor_magnet,motor_hdd_assembly,collector,7.05,Nashik,1954.63,1975.27,2026-07-11T18:10:00.000Z,train,true
TRN_000899,synthetic://images/plastic_abs_casing/9adacf64b1e0.jpg,9adacf64b1e0,mixed_plastic,plastic_abs_casing,collector,1.17,Nashik,34.36,34.72,2026-07-11T18:10:00.000Z,val,true
TRN_000900,synthetic://images/cable_aluminium/4b5ed2b04de2.jpg,4b5ed2b04de2,cable,cable_aluminium,collector,20.59,Nashik,2305.65,2330,2026-07-11T18:10:00.000Z,test,true
TRN_000901,synthetic://images/pcb_tv_low_grade/0aaa7d31e72d.jpg,0aaa7d31e72d,pcb,pcb_tv_low_grade,collector,2.99,Pune,306.71,281.36,2026-06-21T07:33:00.000Z,train,true
TRN_000902,synthetic://images/pcb_ram_gold/4866196e9065.jpg,4866196e9065,pcb,pcb_ram_gold,recycler_corrected,0.14,Pune,231.9,130.95,2025-11-17T09:13:00.000Z,val,true
TRN_000903,synthetic://images/cable_mixed_scrap/9fe5d3763d27.jpg,9fe5d3763d27,cable,cable_mixed_scrap,collector,15.58,Pune,3076.15,1737.07,2025-11-17T09:13:00.000Z,train,true
TRN_000904,synthetic://images/cable_mixed_scrap/95400be3004a.jpg,95400be3004a,cable,cable_mixed_scrap,collector,7.47,Pune,1474.89,832.86,2025-11-17T09:13:00.000Z,train,true
TRN_000905,synthetic://images/motor_speaker_magnet/55c658220193.jpg,55c658220193,motor_magnet,motor_speaker_magnet,collector,1.58,Pune,118.36,66.84,2025-11-17T09:13:00.000Z,train,true
TRN_000906,synthetic://images/pcb_ram_gold/1dd719c17606.jpg,1dd719c17606,pcb,pcb_ram_gold,collector,0.19,Pune,313.12,275.37,2026-01-02T13:31:00.000Z,train,true
TRN_000907,synthetic://images/pcb_cpu_processor/7f9c7ade3517.jpg,7f9c7ade3517,pcb,pcb_cpu_processor,collector,0.18,Nashik,692,702.43,2026-04-08T18:36:00.000Z,train,true
TRN_000908,synthetic://images/lcd_laptop_panel/116879e8418b.jpg,116879e8418b,lcd_panel,lcd_laptop_panel,recycler_corrected,6.72,Nashik,136.32,,2026-08-26T09:36:00.000Z,val,true
TRN_000909,synthetic://images/motor_small_appliance/8a374c229b76.jpg,8a374c229b76,motor_magnet,motor_small_appliance,recycler_corrected,1.43,New Delhi,170.68,,2025-11-20T18:03:00.000Z,train,true
TRN_000910,synthetic://images/crt_tv/9320b3d5a9a0.jpg,9320b3d5a9a0,crt,crt_tv,collector,68.83,New Delhi,461.53,,2025-11-20T18:03:00.000Z,train,true
TRN_000911,synthetic://images/plastic_hips_tv/07a2b7914331.jpg,07a2b7914331,mixed_plastic,plastic_hips_tv,collector,26.89,Mumbai Suburban,714.74,,2026-02-24T15:32:00.000Z,test,true
TRN_000912,synthetic://images/battery_button_cell/c4203f9337b7.jpg,c4203f9337b7,battery,battery_button_cell,recycler_corrected,12.06,Bengaluru Urban,1039.26,993.13,2025-10-07T12:19:00.000Z,train,true
TRN_000913,synthetic://images/crt_yoke/8fd3bfec37e8.jpg,8fd3bfec37e8,crt,crt_yoke,recycler_corrected,1.75,Mumbai Suburban,127.83,115.32,2025-12-15T10:04:00.000Z,test,true
TRN_000914,synthetic://images/plastic_hips_tv/0852adcb8926.jpg,0852adcb8926,mixed_plastic,plastic_hips_tv,collector,33.9,Mumbai Suburban,938.64,846.76,2025-12-15T10:04:00.000Z,test,true
TRN_000915,synthetic://images/pcb_power_supply/3b7583e874bc.jpg,3b7583e874bc,pcb,pcb_power_supply,recycler_corrected,17.47,Nashik,2341.68,2186.96,2026-03-26T18:19:00.000Z,test,true
TRN_000916,synthetic://images/pcb_tv_low_grade/97c9b148f719.jpg,97c9b148f719,pcb,pcb_tv_low_grade,collector,3.6,Pune,388.89,412.76,2025-12-16T19:26:00.000Z,train,true
TRN_000917,synthetic://images/cable_data_thin/5dcbe4aaf4a9.jpg,5dcbe4aaf4a9,cable,cable_data_thin,collector,6.57,Pune,848.65,900.75,2025-12-16T19:26:00.000Z,test,true
TRN_000918,synthetic://images/motor_small_appliance/eec65fdf64b0.jpg,eec65fdf64b0,motor_magnet,motor_small_appliance,collector,12.8,Pune,1720.06,1825.65,2025-12-16T19:26:00.000Z,train,true
TRN_000919,synthetic://images/pcb_tv_low_grade/87b8f84a2f25.jpg,87b8f84a2f25,pcb,pcb_tv_low_grade,collector,2.22,Pune,228.39,,2025-09-08T07:08:00.000Z,test,true
TRN_000920,synthetic://images/pcb_tv_low_grade/c45916f4719d.jpg,c45916f4719d,pcb,pcb_tv_low_grade,collector,1.47,Pune,117.81,,2025-09-08T07:08:00.000Z,train,true
TRN_000921,synthetic://images/motor_speaker_magnet/a0e42e741d4a.jpg,a0e42e741d4a,motor_magnet,motor_speaker_magnet,collector,2.94,Nagpur,194.3,,2026-08-09T17:10:00.000Z,test,true
TRN_000922,synthetic://images/battery_li_ion_laptop/8aaee1bf537c.jpg,8aaee1bf537c,battery,battery_li_ion_laptop,collector,2.62,New Delhi,271.48,258.9,2026-07-22T08:41:00.000Z,train,true
TRN_000923,synthetic://images/cable_mixed_scrap/fcd5141689c7.jpg,fcd5141689c7,cable,cable_mixed_scrap,collector,40.16,New Delhi,8385.81,7997.19,2026-07-22T08:41:00.000Z,train,true
TRN_000924,synthetic://images/crt_yoke/a221560b3fe0.jpg,a221560b3fe0,crt,crt_yoke,collector,2.97,New Delhi,261.27,249.16,2026-07-22T08:41:00.000Z,train,true
TRN_000925,synthetic://images/pcb_ram_gold/c944ba8cc5b3.jpg,c944ba8cc5b3,pcb,pcb_ram_gold,recycler_corrected,0.09,Thane,143.84,153.19,2026-01-28T13:26:00.000Z,test,true
TRN_000926,synthetic://images/battery_li_ion_mobile/38f12b3a9754.jpg,38f12b3a9754,battery,battery_li_ion_mobile,collector,0.35,Thane,55.66,59.28,2026-01-28T13:26:00.000Z,test,true
TRN_000927,synthetic://images/motor_speaker_magnet/34a222300b22.jpg,34a222300b22,motor_magnet,motor_speaker_magnet,collector,3.96,Pune,242.08,,2026-03-23T10:30:00.000Z,test,true
TRN_000928,synthetic://images/lcd_laptop_panel/43a274cf0cc9.jpg,43a274cf0cc9,lcd_panel,lcd_laptop_panel,recycler_corrected,3.78,Pune,176.72,,2026-03-23T10:30:00.000Z,train,true
TRN_000929,synthetic://images/lcd_tv_panel/584a0d21b0b9.jpg,584a0d21b0b9,lcd_panel,lcd_tv_panel,collector,7.01,Pune,146.51,,2026-03-23T10:30:00.000Z,test,true
TRN_000930,synthetic://images/lcd_monitor_panel/bddba1571e72.jpg,bddba1571e72,lcd_panel,lcd_monitor_panel,collector,29.27,Pune,734.53,728.93,2026-05-29T11:26:00.000Z,train,true
TRN_000931,synthetic://images/lcd_monitor_panel/4dfcd2481117.jpg,4dfcd2481117,lcd_panel,lcd_monitor_panel,collector,33.35,Pune,797.07,791,2026-05-29T11:26:00.000Z,train,true
TRN_000932,synthetic://images/plastic_mixed_dirty/797c916e3d10.jpg,797c916e3d10,mixed_plastic,plastic_mixed_dirty,recycler_corrected,15.72,Mumbai Suburban,128.75,134.09,2026-01-25T19:12:00.000Z,val,true
TRN_000933,synthetic://images/motor_small_appliance/81e5a8e814e3.jpg,81e5a8e814e3,motor_magnet,motor_small_appliance,collector,18.24,Pune,2449.63,,2026-01-03T09:48:00.000Z,train,true
TRN_000934,synthetic://images/crt_yoke/2fd66e8b59d0.jpg,2fd66e8b59d0,crt,crt_yoke,collector,6.24,Mumbai Suburban,481.98,461.36,2025-09-19T13:27:00.000Z,val,true
TRN_000935,synthetic://images/pcb_cpu_processor/f19200bef09e.jpg,f19200bef09e,pcb,pcb_cpu_processor,collector,0.26,New Delhi,1240.15,,2026-05-30T09:01:00.000Z,train,true
TRN_000936,synthetic://images/motor_hdd_assembly/cdc898029820.jpg,cdc898029820,motor_magnet,motor_hdd_assembly,collector,1.22,Mumbai Suburban,326.08,350.67,2026-05-23T10:42:00.000Z,test,true
TRN_000937,synthetic://images/plastic_abs_casing/d6cafeaa64c4.jpg,d6cafeaa64c4,mixed_plastic,plastic_abs_casing,collector,39.53,Nashik,1282.97,1229.87,2026-07-13T13:22:00.000Z,train,true
TRN_000938,synthetic://images/cable_copper_house/1b9b004c5055.jpg,1b9b004c5055,cable,cable_copper_house,collector,8.99,Nashik,3142.81,3012.74,2026-07-13T13:22:00.000Z,train,true
TRN_000939,synthetic://images/motor_speaker_magnet/f8ee4e840ac4.jpg,f8ee4e840ac4,motor_magnet,motor_speaker_magnet,collector,4.02,Pune,310.63,299.88,2026-08-01T14:21:00.000Z,train,true
TRN_000940,synthetic://images/battery_lead_acid_ups/2da0dd8c28e1.jpg,2da0dd8c28e1,battery,battery_lead_acid_ups,recycler_corrected,89.38,Thane,9285.59,9134.94,2025-10-28T11:48:00.000Z,val,true
TRN_000941,synthetic://images/motor_fan_ac/8aec329af5d1.jpg,8aec329af5d1,motor_magnet,motor_fan_ac,collector,36.36,Thane,5745.24,5652.03,2025-10-28T11:48:00.000Z,train,true
TRN_000942,synthetic://images/pcb_ram_gold/babbf21e56de.jpg,babbf21e56de,pcb,pcb_ram_gold,recycler_corrected,0.24,Nashik,149.9,152.05,2025-12-26T13:16:00.000Z,train,true
TRN_000943,synthetic://images/plastic_abs_casing/84202af30d87.jpg,84202af30d87,mixed_plastic,plastic_abs_casing,collector,1.61,Bengaluru Urban,39.77,39.88,2026-01-26T08:23:00.000Z,train,true
TRN_000944,synthetic://images/cable_aluminium/fa525f2d8c7f.jpg,fa525f2d8c7f,cable,cable_aluminium,collector,38.7,Bengaluru Urban,5943.93,5960.89,2026-01-26T08:23:00.000Z,train,true
TRN_000945,synthetic://images/crt_tv/4790a608d550.jpg,4790a608d550,crt,crt_tv,collector,110.72,Pune,707.06,,2026-08-24T08:01:00.000Z,test,true
TRN_000946,synthetic://images/motor_speaker_magnet/bbb54d3426cc.jpg,bbb54d3426cc,motor_magnet,motor_speaker_magnet,collector,1.03,Pune,62,,2026-08-24T08:01:00.000Z,val,true
TRN_000947,synthetic://images/plastic_hips_tv/648414c8f61a.jpg,648414c8f61a,mixed_plastic,plastic_hips_tv,collector,32.37,Pune,619.26,557.38,2026-01-18T19:50:00.000Z,val,true
TRN_000948,synthetic://images/lcd_monitor_panel/a1215c3a0242.jpg,a1215c3a0242,lcd_panel,lcd_monitor_panel,collector,23.55,Pune,463.85,417.5,2026-01-18T19:50:00.000Z,train,true
TRN_000949,synthetic://images/battery_lead_acid_ups/5116d791217c.jpg,5116d791217c,battery,battery_lead_acid_ups,collector,53.17,Thane,5564.6,4804.7,2026-01-02T06:36:00.000Z,val,true
TRN_000950,synthetic://images/pcb_motherboard/4d57e6e11c9f.jpg,4d57e6e11c9f,pcb,pcb_motherboard,recycler_corrected,10.8,Mumbai Suburban,3782.05,,2026-03-05T14:44:00.000Z,train,true
TRN_000951,synthetic://images/pcb_cpu_processor/2e3fb60f355c.jpg,2e3fb60f355c,pcb,pcb_cpu_processor,collector,0.21,Mumbai Suburban,878.73,,2026-03-05T14:44:00.000Z,train,true
TRN_000952,synthetic://images/cable_mixed_scrap/44c3c287aaca.jpg,44c3c287aaca,cable,cable_mixed_scrap,collector,1.72,Nashik,320.66,316.94,2025-11-24T16:04:00.000Z,test,true
TRN_000953,synthetic://images/cable_mixed_scrap/b8e4ff6678bc.jpg,b8e4ff6678bc,cable,cable_mixed_scrap,collector,39.27,Pune,5131.65,4886.58,2026-01-22T07:24:00.000Z,test,true
TRN_000954,synthetic://images/motor_fan_ac/c2b27493923e.jpg,c2b27493923e,motor_magnet,motor_fan_ac,collector,16.63,Pune,1938.85,1846.26,2026-01-22T07:24:00.000Z,val,true
TRN_000955,synthetic://images/plastic_abs_casing/3cea3ef4f615.jpg,3cea3ef4f615,mixed_plastic,plastic_abs_casing,collector,33.76,Pune,510.15,485.79,2026-01-22T07:24:00.000Z,train,true
TRN_000956,synthetic://images/motor_fan_ac/670df07cb02a.jpg,670df07cb02a,motor_magnet,motor_fan_ac,collector,41.58,Thane,6824.53,6999.11,2026-08-31T08:11:00.000Z,val,true
TRN_000957,synthetic://images/pcb_power_supply/12018583c91b.jpg,12018583c91b,pcb,pcb_power_supply,collector,8.83,New Delhi,1452.71,,2025-09-29T19:42:00.000Z,train,true
TRN_000958,synthetic://images/pcb_ram_gold/5fec8de794d8.jpg,5fec8de794d8,pcb,pcb_ram_gold,collector,0.12,Mumbai Suburban,194.08,177.05,2026-03-21T09:18:00.000Z,train,true
TRN_000959,synthetic://images/cable_mixed_scrap/75732e257c26.jpg,75732e257c26,cable,cable_mixed_scrap,collector,8.75,Mumbai Suburban,1745.98,1592.74,2026-03-21T09:18:00.000Z,train,true
TRN_000960,synthetic://images/plastic_abs_casing/b6e099043787.jpg,b6e099043787,mixed_plastic,plastic_abs_casing,recycler_corrected,43.99,Mumbai Suburban,1637.42,1598.26,2026-04-15T11:55:00.000Z,train,true
TRN_000961,synthetic://images/pcb_power_supply/e6c40ec4b96c.jpg,e6c40ec4b96c,pcb,pcb_power_supply,collector,18.57,Pune,2220.6,2158.73,2026-07-14T10:01:00.000Z,train,true
TRN_000962,synthetic://images/plastic_mixed_dirty/ec1f5b04d03d.jpg,ec1f5b04d03d,mixed_plastic,plastic_mixed_dirty,collector,13.86,Pune,139.91,136.01,2026-07-14T10:01:00.000Z,train,true
TRN_000963,synthetic://images/plastic_mixed_dirty/bb2ad4d57659.jpg,bb2ad4d57659,mixed_plastic,plastic_mixed_dirty,collector,7.73,Mumbai Suburban,91.06,98.9,2026-04-07T10:07:00.000Z,test,true
TRN_000964,synthetic://images/motor_hdd_assembly/885fe2500cf7.jpg,885fe2500cf7,motor_magnet,motor_hdd_assembly,collector,5.06,Bengaluru Urban,1465.73,1499.77,2026-07-08T17:46:00.000Z,train,true
TRN_000965,synthetic://images/battery_button_cell/280c9574b320.jpg,280c9574b320,battery,battery_button_cell,collector,29.35,Bengaluru Urban,2953.78,3022.38,2026-07-08T17:46:00.000Z,train,true
TRN_000966,synthetic://images/cable_data_thin/1170097f11cc.jpg,1170097f11cc,cable,cable_data_thin,recycler_corrected,2.02,Bengaluru Urban,286.88,293.54,2026-07-08T17:46:00.000Z,val,true
TRN_000967,synthetic://images/pcb_mobile/261e6880b9dc.jpg,261e6880b9dc,pcb,pcb_mobile,collector,0.21,Pune,177.67,,2026-05-08T09:12:00.000Z,train,true
TRN_000968,synthetic://images/cable_aluminium/ea3ebb07b32c.jpg,ea3ebb07b32c,cable,cable_aluminium,collector,1.91,Pune,260.56,,2026-05-08T09:12:00.000Z,test,true
TRN_000969,synthetic://images/motor_speaker_magnet/7642e6be9425.jpg,7642e6be9425,motor_magnet,motor_speaker_magnet,collector,1,Thane,67.02,60.93,2026-05-25T06:51:00.000Z,val,true
TRN_000970,synthetic://images/cable_mixed_scrap/1e902d6e1c42.jpg,1e902d6e1c42,cable,cable_mixed_scrap,collector,36.01,Thane,8015.83,7287.57,2026-05-25T06:51:00.000Z,val,true
TRN_000971,synthetic://images/cable_copper_house/7ef2acce76bd.jpg,7ef2acce76bd,cable,cable_copper_house,collector,28.31,Nashik,10074.86,10393.38,2025-11-08T11:21:00.000Z,train,true
TRN_000972,synthetic://images/crt_tv/a64acb7a5ad6.jpg,a64acb7a5ad6,crt,crt_tv,collector,38.75,Nashik,238.31,245.84,2025-11-08T11:21:00.000Z,train,true
TRN_000973,synthetic://images/motor_fan_ac/4f6b1538da0a.jpg,4f6b1538da0a,motor_magnet,motor_fan_ac,collector,34.69,Thane,5731.4,6194.54,2026-02-06T19:31:00.000Z,train,true
TRN_000974,synthetic://images/pcb_tv_low_grade/6da1671a9605.jpg,6da1671a9605,pcb,pcb_tv_low_grade,collector,4.05,Thane,469.84,507.81,2026-02-06T19:31:00.000Z,train,true
TRN_000975,synthetic://images/battery_button_cell/171766005a2a.jpg,171766005a2a,battery,battery_button_cell,recycler_corrected,17.56,Thane,1928.06,2083.86,2026-02-06T19:31:00.000Z,train,true
TRN_000976,synthetic://images/battery_li_ion_mobile/1f863e21854b.jpg,1f863e21854b,battery,battery_li_ion_mobile,collector,0.1,Nashik,18.07,,2026-08-19T10:09:00.000Z,train,true
TRN_000977,synthetic://images/battery_button_cell/4134c113026c.jpg,4134c113026c,battery,battery_button_cell,collector,22.54,Nashik,2111.1,,2026-08-19T10:09:00.000Z,train,true
TRN_000978,synthetic://images/pcb_ram_gold/35bcc6cc8221.jpg,35bcc6cc8221,pcb,pcb_ram_gold,collector,0.24,New Delhi,366.1,293.5,2026-08-11T18:37:00.000Z,train,true
TRN_000979,synthetic://images/plastic_mixed_dirty/f619a426d018.jpg,f619a426d018,mixed_plastic,plastic_mixed_dirty,collector,6.29,New Delhi,85.13,68.25,2026-08-11T18:37:00.000Z,test,true
TRN_000980,synthetic://images/pcb_mobile/55975ba36228.jpg,55975ba36228,pcb,pcb_mobile,collector,0.22,New Delhi,287.54,230.52,2026-08-11T18:37:00.000Z,test,true
TRN_000981,synthetic://images/plastic_abs_casing/ed8b578eb5e6.jpg,ed8b578eb5e6,mixed_plastic,plastic_abs_casing,collector,2.91,Mumbai Suburban,107.46,110.99,2026-06-16T15:32:00.000Z,train,true
TRN_000982,synthetic://images/pcb_motherboard/c2a503cdf0bb.jpg,c2a503cdf0bb,pcb,pcb_motherboard,collector,5.88,Mumbai Suburban,2233.38,2306.74,2026-06-16T15:32:00.000Z,train,true
TRN_000983,synthetic://images/plastic_hips_tv/cd93501b7650.jpg,cd93501b7650,mixed_plastic,plastic_hips_tv,collector,25.21,Mumbai Suburban,698.03,749.98,2025-12-18T16:16:00.000Z,train,true
TRN_000984,synthetic://images/battery_li_ion_mobile/9ccd8b0da7f6.jpg,9ccd8b0da7f6,battery,battery_li_ion_mobile,collector,0.17,Mumbai Suburban,33.49,35.98,2025-12-18T16:16:00.000Z,val,true
TRN_000985,synthetic://images/crt_yoke/80d6ce20563f.jpg,80d6ce20563f,crt,crt_yoke,collector,3.56,Thane,295.59,284.57,2026-07-06T17:16:00.000Z,train,true
TRN_000986,synthetic://images/pcb_ram_gold/61721b37bca7.jpg,61721b37bca7,pcb,pcb_ram_gold,collector,0.32,Mumbai Suburban,511.39,520.83,2025-10-22T18:59:00.000Z,train,true
TRN_000987,synthetic://images/motor_hdd_assembly/369a8a3ed90c.jpg,369a8a3ed90c,motor_magnet,motor_hdd_assembly,collector,3.79,Mumbai Suburban,810.86,863.62,2026-03-27T11:29:00.000Z,train,true
TRN_000988,synthetic://images/crt_tv/ee89ab9cb126.jpg,ee89ab9cb126,crt,crt_tv,collector,113.08,Nashik,705.82,701.12,2026-08-21T18:36:00.000Z,train,true
TRN_000989,synthetic://images/pcb_cpu_processor/ea465381f6c0.jpg,ea465381f6c0,pcb,pcb_cpu_processor,collector,0.06,Nashik,182.35,181.13,2026-08-21T18:36:00.000Z,val,true
TRN_000990,synthetic://images/crt_yoke/879020512155.jpg,879020512155,crt,crt_yoke,collector,8.78,Mumbai Suburban,709.22,,2025-11-29T06:40:00.000Z,test,true
TRN_000991,synthetic://images/plastic_mixed_dirty/a86f70386146.jpg,a86f70386146,mixed_plastic,plastic_mixed_dirty,collector,16.21,Mumbai Suburban,196.59,,2025-11-29T06:40:00.000Z,train,true
TRN_000992,synthetic://images/cable_mixed_scrap/cce07410e1b3.jpg,cce07410e1b3,cable,cable_mixed_scrap,recycler_corrected,1.11,Mumbai Suburban,213.56,,2025-11-29T06:40:00.000Z,val,true
TRN_000993,synthetic://images/led_backlight_strip/29a0239342e2.jpg,29a0239342e2,lcd_panel,led_backlight_strip,collector,26.57,Thane,1906.03,1867.76,2026-01-09T14:59:00.000Z,train,true
TRN_000994,synthetic://images/battery_li_ion_mobile/0d274bb6f3ce.jpg,0d274bb6f3ce,battery,battery_li_ion_mobile,collector,0.11,Thane,21.33,20.9,2026-01-09T14:59:00.000Z,train,true
TRN_000995,synthetic://images/plastic_hips_tv/8f99812ba01f.jpg,8f99812ba01f,mixed_plastic,plastic_hips_tv,collector,7.35,Mumbai Suburban,203.51,,2025-12-11T11:53:00.000Z,val,true
TRN_000996,synthetic://images/plastic_hips_tv/43da8c45c91b.jpg,43da8c45c91b,mixed_plastic,plastic_hips_tv,collector,6.97,Pune,160.59,162.03,2026-06-03T17:26:00.000Z,train,true
TRN_000997,synthetic://images/cable_aluminium/d4ec73951192.jpg,d4ec73951192,cable,cable_aluminium,collector,26.49,Pune,3614.3,3646.68,2026-06-03T17:26:00.000Z,val,true
TRN_000998,synthetic://images/led_backlight_strip/72bf953631fe.jpg,72bf953631fe,lcd_panel,led_backlight_strip,collector,30.89,Pune,1282.04,1287.51,2026-02-27T18:06:00.000Z,train,true
TRN_000999,synthetic://images/battery_li_ion_mobile/49ac98dcdef3.jpg,49ac98dcdef3,battery,battery_li_ion_mobile,recycler_corrected,0.03,Pune,5.82,5.84,2026-02-27T18:06:00.000Z,val,true
TRN_001000,synthetic://images/plastic_hips_tv/9e563a7dd29f.jpg,9e563a7dd29f,mixed_plastic,plastic_hips_tv,collector,1.02,Pune,22.33,21.37,2026-02-20T18:19:00.000Z,train,true
TRN_001001,synthetic://images/cable_copper_house/9cd5bb77ef11.jpg,9cd5bb77ef11,cable,cable_copper_house,collector,41.74,Pune,7469.25,7148.17,2026-02-20T18:19:00.000Z,train,true
TRN_001002,synthetic://images/pcb_tv_low_grade/240aef5262fd.jpg,240aef5262fd,pcb,pcb_tv_low_grade,collector,3.87,Pune,398.15,381.04,2026-02-20T18:19:00.000Z,train,true
TRN_001003,synthetic://images/pcb_mobile/93d2bdecb2f0.jpg,93d2bdecb2f0,pcb,pcb_mobile,collector,0.27,Pune,293.28,293.24,2026-03-03T13:06:00.000Z,train,true
TRN_001004,synthetic://images/plastic_hips_tv/2925443a40a0.jpg,2925443a40a0,mixed_plastic,plastic_hips_tv,collector,41.79,Pune,1026.78,1026.66,2026-03-03T13:06:00.000Z,test,true
TRN_001005,synthetic://images/pcb_power_supply/24f9124af1ce.jpg,24f9124af1ce,pcb,pcb_power_supply,recycler_corrected,14.71,Nagpur,2070.47,,2025-10-19T12:29:00.000Z,train,true
TRN_001006,synthetic://images/pcb_ram_gold/40aeb7a08d77.jpg,40aeb7a08d77,pcb,pcb_ram_gold,collector,0.12,Mumbai Suburban,193.75,173.11,2025-12-18T19:18:00.000Z,train,true
TRN_001007,synthetic://images/pcb_mobile/ccb4e5efad7b.jpg,ccb4e5efad7b,pcb,pcb_mobile,collector,0.06,Mumbai Suburban,74.51,66.57,2025-12-18T19:18:00.000Z,train,true
TRN_001008,synthetic://images/motor_hdd_assembly/e1b4611425aa.jpg,e1b4611425aa,motor_magnet,motor_hdd_assembly,collector,1.31,Mumbai Suburban,267.9,239.36,2025-12-18T19:18:00.000Z,train,true
TRN_001009,synthetic://images/motor_hdd_assembly/7845a1354204.jpg,7845a1354204,motor_magnet,motor_hdd_assembly,collector,3.81,Nagpur,913.45,,2025-11-10T10:17:00.000Z,train,true
TRN_001010,synthetic://images/cable_copper_house/d3da0a02021c.jpg,d3da0a02021c,cable,cable_copper_house,collector,26.25,Nagpur,9811.2,,2025-11-10T10:17:00.000Z,train,true
TRN_001011,synthetic://images/cable_mixed_scrap/652950bcfd45.jpg,652950bcfd45,cable,cable_mixed_scrap,collector,14.32,Nashik,2320.77,2121.72,2026-06-16T14:18:00.000Z,train,true
TRN_001012,synthetic://images/motor_speaker_magnet/10e495226d65.jpg,10e495226d65,motor_magnet,motor_speaker_magnet,collector,3.99,Nashik,210.97,192.87,2026-06-16T14:18:00.000Z,train,true
TRN_001013,synthetic://images/plastic_mixed_dirty/e76a68a6ead2.jpg,e76a68a6ead2,mixed_plastic,plastic_mixed_dirty,collector,41.9,Mumbai Suburban,517.05,518.77,2026-07-04T09:43:00.000Z,train,true
TRN_001014,synthetic://images/plastic_hips_tv/798df58e8f88.jpg,798df58e8f88,mixed_plastic,plastic_hips_tv,collector,36.06,Nagpur,790.8,698.48,2026-01-12T15:50:00.000Z,train,true
TRN_001015,synthetic://images/pcb_tv_low_grade/58cd37bb4b78.jpg,58cd37bb4b78,pcb,pcb_tv_low_grade,collector,3.73,Thane,439.98,430.71,2026-04-02T17:19:00.000Z,val,true
TRN_001016,synthetic://images/battery_lead_acid_ups/d2107d8d3ed0.jpg,d2107d8d3ed0,battery,battery_lead_acid_ups,collector,64.91,Thane,6330.05,6196.73,2026-04-02T17:19:00.000Z,train,true
TRN_001017,synthetic://images/led_backlight_strip/c69bdc84908e.jpg,c69bdc84908e,lcd_panel,led_backlight_strip,collector,4,Thane,426.3,417.32,2026-04-02T17:19:00.000Z,train,true
TRN_001018,synthetic://images/cable_data_thin/e36f521e17dc.jpg,e36f521e17dc,cable,cable_data_thin,collector,19.94,Thane,2946.88,2836,2026-01-11T11:58:00.000Z,train,true
TRN_001019,synthetic://images/pcb_motherboard/f18ef0897f68.jpg,f18ef0897f68,pcb,pcb_motherboard,recycler_corrected,7.13,Thane,1091.05,1050,2026-01-11T11:58:00.000Z,train,true
TRN_001020,synthetic://images/battery_button_cell/a5a496fe3bdd.jpg,a5a496fe3bdd,battery,battery_button_cell,collector,25.58,Nashik,2669.78,2329.34,2025-11-01T10:44:00.000Z,train,true
TRN_001021,synthetic://images/pcb_motherboard/b9c6b9abce68.jpg,b9c6b9abce68,pcb,pcb_motherboard,collector,0.95,Nashik,253.5,221.17,2025-11-01T10:44:00.000Z,train,true
TRN_001022,synthetic://images/motor_hdd_assembly/18807d0c8af6.jpg,18807d0c8af6,motor_magnet,motor_hdd_assembly,collector,5.58,Nashik,1544.26,1347.34,2025-11-01T10:44:00.000Z,val,true
TRN_001023,synthetic://images/pcb_power_supply/78c1df3f7628.jpg,78c1df3f7628,pcb,pcb_power_supply,collector,3.07,Nashik,341.94,298.34,2025-11-01T10:44:00.000Z,train,true
TRN_001024,synthetic://images/cable_copper_house/9e54f1c88844.jpg,9e54f1c88844,cable,cable_copper_house,collector,11.95,Pune,4744.75,,2026-09-01T15:00:00.000Z,train,true
TRN_001025,synthetic://images/battery_li_ion_mobile/1da366abafa5.jpg,1da366abafa5,battery,battery_li_ion_mobile,collector,0.12,Pune,21.07,,2026-09-01T15:00:00.000Z,train,true
TRN_001026,synthetic://images/plastic_hips_tv/f62cd06e35e6.jpg,f62cd06e35e6,mixed_plastic,plastic_hips_tv,collector,4.14,Mumbai Suburban,110.04,115.99,2026-02-10T06:30:00.000Z,val,true
TRN_001027,synthetic://images/cable_mixed_scrap/8ce9518ad558.jpg,8ce9518ad558,cable,cable_mixed_scrap,collector,7.24,Mumbai Suburban,1441.12,1519.06,2026-02-10T06:30:00.000Z,train,true
TRN_001028,synthetic://images/motor_hdd_assembly/bce54c884148.jpg,bce54c884148,motor_magnet,motor_hdd_assembly,collector,4.98,Mumbai Suburban,1366.39,1440.29,2026-02-10T06:30:00.000Z,train,true
TRN_001029,synthetic://images/crt_monitor/1c9164e0ed9a.jpg,1c9164e0ed9a,crt,crt_monitor,collector,158.86,Mumbai Suburban,1395.73,1471.22,2026-02-10T06:30:00.000Z,test,true
TRN_001030,synthetic://images/cable_aluminium/b5e6c975ad82.jpg,b5e6c975ad82,cable,cable_aluminium,collector,12.64,Mumbai Suburban,1803.35,,2026-06-01T09:15:00.000Z,train,true
TRN_001031,synthetic://images/plastic_hips_tv/d9fe39c3f954.jpg,d9fe39c3f954,mixed_plastic,plastic_hips_tv,collector,30.14,Mumbai Suburban,796,790.9,2026-01-27T08:23:00.000Z,train,true
TRN_001032,synthetic://images/motor_fan_ac/3e7a3bf24996.jpg,3e7a3bf24996,motor_magnet,motor_fan_ac,collector,20.94,Mumbai Suburban,3353.75,3332.25,2026-01-27T08:23:00.000Z,train,true
TRN_001033,synthetic://images/pcb_cpu_processor/bd7e423a046e.jpg,bd7e423a046e,pcb,pcb_cpu_processor,collector,0.06,New Delhi,285.84,,2026-04-14T07:52:00.000Z,train,true
TRN_001034,synthetic://images/battery_li_ion_mobile/8cfe8e33a9b7.jpg,8cfe8e33a9b7,battery,battery_li_ion_mobile,collector,0.34,Thane,65.31,56.47,2026-04-16T16:16:00.000Z,val,true
TRN_001035,synthetic://images/plastic_abs_casing/79ad00da6c31.jpg,79ad00da6c31,mixed_plastic,plastic_abs_casing,collector,32.65,Thane,872.8,754.62,2026-04-16T16:16:00.000Z,train,true
TRN_001036,synthetic://images/cable_data_thin/7941760d56bf.jpg,7941760d56bf,cable,cable_data_thin,collector,11.13,Pune,1000.29,898.67,2026-06-05T18:32:00.000Z,test,true
TRN_001037,synthetic://images/battery_li_ion_laptop/a731c4181cf9.jpg,a731c4181cf9,battery,battery_li_ion_laptop,collector,1.59,Mumbai Suburban,395.16,,2026-03-13T11:34:00.000Z,train,true
TRN_001038,synthetic://images/plastic_mixed_dirty/26761238b166.jpg,26761238b166,mixed_plastic,plastic_mixed_dirty,collector,6.29,Pune,81.17,77.11,2025-09-29T08:24:00.000Z,val,true
TRN_001039,synthetic://images/cable_copper_house/b88ebf4ff310.jpg,b88ebf4ff310,cable,cable_copper_house,collector,6.72,Thane,2888.79,2816.49,2026-06-11T08:59:00.000Z,val,true
TRN_001040,synthetic://images/led_backlight_strip/501fe4f10e16.jpg,501fe4f10e16,lcd_panel,led_backlight_strip,collector,9.42,Thane,963.76,930.12,2026-05-26T18:43:00.000Z,val,true
TRN_001041,synthetic://images/cable_copper_house/ae2c188f99f9.jpg,ae2c188f99f9,cable,cable_copper_house,recycler_corrected,40.04,Pune,15897.88,15793.07,2026-08-13T10:41:00.000Z,train,true
TRN_001042,synthetic://images/motor_speaker_magnet/db9948206d46.jpg,db9948206d46,motor_magnet,motor_speaker_magnet,collector,1.13,Nashik,68.98,75.9,2026-05-04T13:46:00.000Z,train,true
TRN_001043,synthetic://images/cable_data_thin/d8f4ff33473f.jpg,d8f4ff33473f,cable,cable_data_thin,collector,16.6,Nashik,2218.84,2441.32,2026-05-04T13:46:00.000Z,train,true
TRN_001044,synthetic://images/cable_copper_house/65d6a9c07c31.jpg,65d6a9c07c31,cable,cable_copper_house,recycler_corrected,22.61,Nashik,7889.31,8680.36,2026-05-04T13:46:00.000Z,train,true
TRN_001045,synthetic://images/pcb_tv_low_grade/040424ab907a.jpg,040424ab907a,pcb,pcb_tv_low_grade,collector,3.34,Nashik,343.15,377.56,2026-05-04T13:46:00.000Z,train,true
TRN_001046,synthetic://images/cable_data_thin/f2895db0c3ae.jpg,f2895db0c3ae,cable,cable_data_thin,collector,6.25,Pune,809.25,756.01,2025-09-07T07:19:00.000Z,train,true
TRN_001047,synthetic://images/plastic_mixed_dirty/b0ddc11b302a.jpg,b0ddc11b302a,mixed_plastic,plastic_mixed_dirty,collector,13.98,Pune,139.05,117.61,2026-02-09T17:06:00.000Z,val,true
TRN_001048,synthetic://images/pcb_power_supply/b896037f34ee.jpg,b896037f34ee,pcb,pcb_power_supply,collector,9.76,Pune,1310.1,1108.06,2026-02-09T17:06:00.000Z,train,true
TRN_001049,synthetic://images/battery_button_cell/9316b3c8f0c6.jpg,9316b3c8f0c6,battery,battery_button_cell,collector,12.94,Bengaluru Urban,1359.86,1188.52,2025-10-29T14:03:00.000Z,train,true
TRN_001050,synthetic://images/plastic_mixed_dirty/088292cc87dc.jpg,088292cc87dc,mixed_plastic,plastic_mixed_dirty,collector,17.4,Pune,96.07,93.47,2026-03-06T11:25:00.000Z,val,true
TRN_001051,synthetic://images/pcb_mobile/a470bf63cb9e.jpg,a470bf63cb9e,pcb,pcb_mobile,recycler_corrected,0.02,Bengaluru Urban,21.66,,2025-10-02T11:09:00.000Z,train,true
TRN_001052,synthetic://images/motor_hdd_assembly/1e46126eae5c.jpg,1e46126eae5c,motor_magnet,motor_hdd_assembly,collector,0.54,Bengaluru Urban,119.93,,2025-10-02T11:09:00.000Z,train,true
TRN_001053,synthetic://images/crt_yoke/dd57fd9626d6.jpg,dd57fd9626d6,crt,crt_yoke,collector,5.67,Bengaluru Urban,435.74,416.03,2025-10-14T13:03:00.000Z,train,true
TRN_001054,synthetic://images/pcb_power_supply/3aedd18aafd2.jpg,3aedd18aafd2,pcb,pcb_power_supply,collector,16.82,Bengaluru Urban,2724.74,2601.52,2025-10-14T13:03:00.000Z,train,true
TRN_001055,synthetic://images/cable_data_thin/bbb2d702c4dd.jpg,bbb2d702c4dd,cable,cable_data_thin,collector,22.8,New Delhi,3817.47,,2025-10-19T14:39:00.000Z,train,true
TRN_001056,synthetic://images/cable_aluminium/6659541dd306.jpg,6659541dd306,cable,cable_aluminium,collector,12.79,New Delhi,2016.86,,2025-10-19T14:39:00.000Z,train,true
TRN_001057,synthetic://images/battery_li_ion_laptop/c329f4295220.jpg,c329f4295220,battery,battery_li_ion_laptop,collector,1.9,Bengaluru Urban,407.55,397.6,2026-07-27T18:05:00.000Z,train,true
TRN_001058,synthetic://images/pcb_tv_low_grade/cf74f9ddac1e.jpg,cf74f9ddac1e,pcb,pcb_tv_low_grade,recycler_corrected,3.89,Nagpur,187.79,,2026-05-08T17:43:00.000Z,val,true
TRN_001059,synthetic://images/battery_li_ion_laptop/75f07c37d80a.jpg,75f07c37d80a,battery,battery_li_ion_laptop,collector,2.47,Mumbai Suburban,647.55,,2026-07-24T07:28:00.000Z,val,true
TRN_001060,synthetic://images/cable_mixed_scrap/959b6e0f815b.jpg,959b6e0f815b,cable,cable_mixed_scrap,collector,16.38,Mumbai Suburban,2756.03,,2026-07-24T07:28:00.000Z,train,true
TRN_001061,synthetic://images/pcb_tv_low_grade/867113933faa.jpg,867113933faa,pcb,pcb_tv_low_grade,collector,0.53,Nagpur,57.19,51.26,2025-11-06T10:30:00.000Z,train,true
TRN_001062,synthetic://images/battery_button_cell/42baec7852e0.jpg,42baec7852e0,battery,battery_button_cell,collector,42.31,Nagpur,4190.81,3755.92,2025-11-06T10:30:00.000Z,train,true
TRN_001063,synthetic://images/battery_li_ion_mobile/89f4f6c845b3.jpg,89f4f6c845b3,battery,battery_li_ion_mobile,recycler_corrected,0.44,Mumbai Suburban,91.01,,2025-12-25T06:51:00.000Z,test,true
TRN_001064,synthetic://images/cable_data_thin/21ea3afbd89f.jpg,21ea3afbd89f,cable,cable_data_thin,collector,38.88,Mumbai Suburban,5917.03,,2025-12-25T06:51:00.000Z,test,true
TRN_001065,synthetic://images/cable_mixed_scrap/3ea6d5f7b1d1.jpg,3ea6d5f7b1d1,cable,cable_mixed_scrap,collector,11.45,Mumbai Suburban,2432.87,,2025-12-25T06:51:00.000Z,train,true
TRN_001066,synthetic://images/battery_li_ion_mobile/dc85e7d0b5d8.jpg,dc85e7d0b5d8,battery,battery_li_ion_mobile,collector,0.38,Nashik,70.37,68.86,2025-11-04T18:14:00.000Z,train,true
TRN_001067,synthetic://images/pcb_ram_gold/eb317640a847.jpg,eb317640a847,pcb,pcb_ram_gold,collector,0.3,New Delhi,563.31,,2025-09-15T18:28:00.000Z,train,true
TRN_001068,synthetic://images/pcb_cpu_processor/0272cb7e6510.jpg,0272cb7e6510,pcb,pcb_cpu_processor,collector,0.05,Nashik,183.07,160.99,2026-04-26T16:22:00.000Z,train,true
TRN_001069,synthetic://images/motor_hdd_assembly/7d2ed6714d9c.jpg,7d2ed6714d9c,motor_magnet,motor_hdd_assembly,collector,0.46,Nashik,80.6,70.88,2026-04-26T16:22:00.000Z,train,true
TRN_001070,synthetic://images/pcb_cpu_processor/33c99fcda993.jpg,33c99fcda993,pcb,pcb_cpu_processor,collector,0.06,Nashik,219.68,193.18,2026-04-26T16:22:00.000Z,train,true
TRN_001071,synthetic://images/cable_mixed_scrap/58e46d4ef2b9.jpg,58e46d4ef2b9,cable,cable_mixed_scrap,recycler_corrected,33.77,Nashik,7008.02,6162.8,2026-04-26T16:22:00.000Z,train,true
TRN_001072,synthetic://images/crt_monitor/0ce461d0d23c.jpg,0ce461d0d23c,crt,crt_monitor,collector,96.7,Nagpur,772.9,784.32,2026-07-22T09:27:00.000Z,train,true
TRN_001073,synthetic://images/plastic_mixed_dirty/40e2a359e26b.jpg,40e2a359e26b,mixed_plastic,plastic_mixed_dirty,collector,11.12,Nagpur,106.53,108.1,2026-07-22T09:27:00.000Z,train,true
TRN_001074,synthetic://images/motor_small_appliance/b94023b8fdc8.jpg,b94023b8fdc8,motor_magnet,motor_small_appliance,collector,9.91,Nagpur,1163.65,1180.85,2026-07-22T09:27:00.000Z,train,true
TRN_001075,synthetic://images/cable_data_thin/3363b2aad07d.jpg,3363b2aad07d,cable,cable_data_thin,collector,23.95,Mumbai Suburban,3644.88,4134.05,2026-03-20T16:00:00.000Z,test,true
TRN_001076,synthetic://images/crt_yoke/a600947ec776.jpg,a600947ec776,crt,crt_yoke,collector,5.23,Mumbai Suburban,329.62,373.86,2026-03-20T16:00:00.000Z,train,true
TRN_001077,synthetic://images/motor_hdd_assembly/8a27c3d26b43.jpg,8a27c3d26b43,motor_magnet,motor_hdd_assembly,collector,3.93,Pune,1101.23,678.03,2026-05-30T07:36:00.000Z,val,true
TRN_001078,synthetic://images/cable_copper_house/31f9d8701e3b.jpg,31f9d8701e3b,cable,cable_copper_house,collector,35.17,Pune,13927.32,8575.07,2026-05-30T07:36:00.000Z,train,true
TRN_001079,synthetic://images/plastic_mixed_dirty/e3ef6007a916.jpg,e3ef6007a916,mixed_plastic,plastic_mixed_dirty,recycler_corrected,28.64,Pune,375.9,231.44,2026-05-30T07:36:00.000Z,train,true
TRN_001080,synthetic://images/motor_fan_ac/aaaaab45ceb1.jpg,aaaaab45ceb1,motor_magnet,motor_fan_ac,collector,10.95,Mumbai Suburban,1753.75,1917.12,2026-01-22T18:56:00.000Z,train,true
TRN_001081,synthetic://images/plastic_mixed_dirty/aac1985fedaf.jpg,aac1985fedaf,mixed_plastic,plastic_mixed_dirty,recycler_corrected,19.98,Pune,244.56,,2025-11-17T15:38:00.000Z,train,true
TRN_001082,synthetic://images/plastic_abs_casing/844f88efbe15.jpg,844f88efbe15,mixed_plastic,plastic_abs_casing,collector,28.81,Mumbai Suburban,830.86,762.95,2026-05-15T10:20:00.000Z,train,true
TRN_001083,synthetic://images/pcb_power_supply/10dc2484e10a.jpg,10dc2484e10a,pcb,pcb_power_supply,collector,17.9,New Delhi,2985.9,3046.28,2026-06-18T13:01:00.000Z,test,true
TRN_001084,synthetic://images/plastic_abs_casing/61baab120b50.jpg,61baab120b50,mixed_plastic,plastic_abs_casing,collector,3.8,New Delhi,154.43,157.55,2026-06-18T13:01:00.000Z,train,true
TRN_001085,synthetic://images/led_backlight_strip/25e93eb68c79.jpg,25e93eb68c79,lcd_panel,led_backlight_strip,collector,15.13,Bengaluru Urban,1261.01,1365.37,2026-05-24T09:20:00.000Z,train,true
TRN_001086,synthetic://images/battery_li_ion_laptop/eb85d2001c6a.jpg,eb85d2001c6a,battery,battery_li_ion_laptop,collector,0.9,Bengaluru Urban,159.49,172.69,2026-05-24T09:20:00.000Z,train,true
TRN_001087,synthetic://images/pcb_mobile/9f5b74e712b4.jpg,9f5b74e712b4,pcb,pcb_mobile,collector,0.03,Mumbai Suburban,16.76,15.99,2026-05-13T19:40:00.000Z,train,true
TRN_001088,synthetic://images/pcb_tv_low_grade/b9557757aa69.jpg,b9557757aa69,pcb,pcb_tv_low_grade,collector,5.15,Thane,414.36,399.48,2025-10-11T18:26:00.000Z,train,true
TRN_001089,synthetic://images/pcb_cpu_processor/a5a913e92a08.jpg,a5a913e92a08,pcb,pcb_cpu_processor,collector,0.04,Pune,73.06,,2026-02-13T12:23:00.000Z,train,true
TRN_001090,synthetic://images/pcb_tv_low_grade/1a84fa363b59.jpg,1a84fa363b59,pcb,pcb_tv_low_grade,recycler_corrected,4.61,Nashik,507.53,541.52,2025-12-16T13:53:00.000Z,train,true
TRN_001091,synthetic://images/cable_mixed_scrap/59405b0c31f0.jpg,59405b0c31f0,cable,cable_mixed_scrap,recycler_corrected,17.56,Bengaluru Urban,2947.08,2962.06,2025-12-23T19:39:00.000Z,test,true
TRN_001092,synthetic://images/lcd_monitor_panel/8cdb9790dcd0.jpg,8cdb9790dcd0,lcd_panel,lcd_monitor_panel,collector,11.05,Mumbai Suburban,324.17,315.44,2026-04-14T09:14:00.000Z,train,true
TRN_001093,synthetic://images/pcb_ram_gold/8c90d18e3c0a.jpg,8c90d18e3c0a,pcb,pcb_ram_gold,recycler_corrected,0.14,Mumbai Suburban,158.23,161.09,2026-01-16T12:49:00.000Z,train,true
TRN_001094,synthetic://images/plastic_hips_tv/9db49c6d23d2.jpg,9db49c6d23d2,mixed_plastic,plastic_hips_tv,recycler_corrected,39.32,Pune,742.86,696.42,2026-02-04T07:05:00.000Z,train,true
TRN_001095,synthetic://images/motor_hdd_assembly/ee29a0a38449.jpg,ee29a0a38449,motor_magnet,motor_hdd_assembly,collector,7.7,Pune,2105.72,1974.08,2026-02-04T07:05:00.000Z,test,true
TRN_001096,synthetic://images/pcb_tv_low_grade/c19d5e57eb0f.jpg,c19d5e57eb0f,pcb,pcb_tv_low_grade,collector,1.64,Pune,168.3,157.78,2026-02-04T07:05:00.000Z,train,true
TRN_001097,synthetic://images/plastic_mixed_dirty/9483c562ba61.jpg,9483c562ba61,mixed_plastic,plastic_mixed_dirty,collector,10.27,Pune,124.58,116.79,2026-02-04T07:05:00.000Z,train,true
TRN_001098,synthetic://images/pcb_cpu_processor/9c086586c6d5.jpg,9c086586c6d5,pcb,pcb_cpu_processor,collector,0.16,Nashik,596.4,619.39,2026-05-24T11:01:00.000Z,train,true
TRN_001099,synthetic://images/lcd_tv_panel/73f6d3971230.jpg,73f6d3971230,lcd_panel,lcd_tv_panel,collector,105.94,Nashik,2004.5,2081.78,2026-05-24T11:01:00.000Z,train,true
TRN_001100,synthetic://images/motor_hdd_assembly/fd30cf97fcef.jpg,fd30cf97fcef,motor_magnet,motor_hdd_assembly,collector,3.36,Nashik,931.29,967.19,2026-05-24T11:01:00.000Z,train,true
TRN_001101,synthetic://images/cable_mixed_scrap/cdba939fe310.jpg,cdba939fe310,cable,cable_mixed_scrap,recycler_corrected,40.83,Pune,6358.3,6300.23,2025-10-06T18:05:00.000Z,val,true
TRN_001102,synthetic://images/battery_lead_acid_ups/b398914e33ea.jpg,b398914e33ea,battery,battery_lead_acid_ups,collector,16.93,Pune,1549.1,1534.95,2025-10-06T18:05:00.000Z,train,true
TRN_001103,synthetic://images/battery_button_cell/8b145f6315fc.jpg,8b145f6315fc,battery,battery_button_cell,collector,40.08,Pune,3450.05,,2026-08-31T13:52:00.000Z,train,true
TRN_001104,synthetic://images/plastic_abs_casing/8e091e4b632f.jpg,8e091e4b632f,mixed_plastic,plastic_abs_casing,collector,25.59,Thane,834.23,905.57,2026-02-19T12:24:00.000Z,val,true
TRN_001105,synthetic://images/cable_mixed_scrap/b04d8062917b.jpg,b04d8062917b,cable,cable_mixed_scrap,collector,41.58,Mumbai Suburban,8894.65,,2025-09-21T15:01:00.000Z,train,true
TRN_001106,synthetic://images/cable_aluminium/d160a12b099d.jpg,d160a12b099d,cable,cable_aluminium,collector,29.28,Mumbai Suburban,1880.87,,2025-09-25T17:21:00.000Z,test,true
TRN_001107,synthetic://images/cable_mixed_scrap/c5eafcfae57a.jpg,c5eafcfae57a,cable,cable_mixed_scrap,collector,19.29,Pune,1648.51,1528.01,2025-10-31T10:31:00.000Z,val,true
TRN_001108,synthetic://images/cable_aluminium/7ba21c96f6fa.jpg,7ba21c96f6fa,cable,cable_aluminium,recycler_corrected,28.13,Bengaluru Urban,4335.11,4153.46,2025-11-15T18:57:00.000Z,train,true
TRN_001109,synthetic://images/cable_mixed_scrap/feaef2a839db.jpg,feaef2a839db,cable,cable_mixed_scrap,collector,22.36,Bengaluru Urban,3769.35,3611.41,2025-11-15T18:57:00.000Z,train,true
TRN_001110,synthetic://images/plastic_abs_casing/76d2aa625e0d.jpg,76d2aa625e0d,mixed_plastic,plastic_abs_casing,collector,29.81,Mumbai Suburban,1092.07,1109.92,2025-12-28T19:03:00.000Z,train,true
TRN_001111,synthetic://images/battery_lead_acid_ups/2c8e40a28565.jpg,2c8e40a28565,battery,battery_lead_acid_ups,collector,63.16,Mumbai Suburban,6042.94,6141.72,2025-12-28T19:03:00.000Z,train,true
TRN_001112,synthetic://images/cable_data_thin/b9ffb10c69f2.jpg,b9ffb10c69f2,cable,cable_data_thin,collector,8.89,Mumbai Suburban,1403.35,,2026-06-25T15:48:00.000Z,train,true
TRN_001113,synthetic://images/plastic_hips_tv/71a64852ec73.jpg,71a64852ec73,mixed_plastic,plastic_hips_tv,collector,39.25,Mumbai Suburban,1055.83,935.08,2026-04-16T11:19:00.000Z,train,true
TRN_001114,synthetic://images/battery_li_ion_laptop/3b31b8e0d76e.jpg,3b31b8e0d76e,battery,battery_li_ion_laptop,collector,4.27,Nashik,983.89,767.6,2025-12-30T16:18:00.000Z,val,true
TRN_001115,synthetic://images/lcd_tv_panel/7d59efa68a95.jpg,7d59efa68a95,lcd_panel,lcd_tv_panel,collector,81.7,Nashik,1297.96,1012.62,2025-12-30T16:18:00.000Z,test,true
TRN_001116,synthetic://images/plastic_hips_tv/50ada0a2f5a1.jpg,50ada0a2f5a1,mixed_plastic,plastic_hips_tv,collector,31.42,Bengaluru Urban,796.73,839.24,2025-11-07T06:43:00.000Z,val,true
TRN_001117,synthetic://images/plastic_hips_tv/3e112dc107bb.jpg,3e112dc107bb,mixed_plastic,plastic_hips_tv,collector,34.94,Bengaluru Urban,691.92,728.84,2025-11-07T06:43:00.000Z,train,true
TRN_001118,synthetic://images/motor_hdd_assembly/4ebcba3a2220.jpg,4ebcba3a2220,motor_magnet,motor_hdd_assembly,collector,7.94,Bengaluru Urban,2363.71,2489.83,2025-11-07T06:43:00.000Z,train,true
TRN_001119,synthetic://images/battery_li_ion_laptop/1bf03a1ecfb4.jpg,1bf03a1ecfb4,battery,battery_li_ion_laptop,recycler_corrected,2.7,Nagpur,575.86,592.59,2026-06-23T17:44:00.000Z,train,true
TRN_001120,synthetic://images/motor_speaker_magnet/01de2a451877.jpg,01de2a451877,motor_magnet,motor_speaker_magnet,collector,0.49,Nagpur,25.25,25.98,2026-06-23T17:44:00.000Z,test,true
TRN_001121,synthetic://images/lcd_tv_panel/f1e1ad9a22b7.jpg,f1e1ad9a22b7,lcd_panel,lcd_tv_panel,collector,87.85,Nagpur,1637.55,1685.13,2026-06-23T17:44:00.000Z,val,true
TRN_001122,synthetic://images/crt_monitor/3dd08930860e.jpg,3dd08930860e,crt,crt_monitor,collector,60.01,Thane,501.28,506.42,2026-07-14T19:48:00.000Z,train,true
TRN_001123,synthetic://images/motor_small_appliance/6d19b8a02604.jpg,6d19b8a02604,motor_magnet,motor_small_appliance,collector,12.11,Mumbai Suburban,1441.57,1257.59,2026-04-12T13:15:00.000Z,train,true
TRN_001124,synthetic://images/plastic_mixed_dirty/17d89c2242f8.jpg,17d89c2242f8,mixed_plastic,plastic_mixed_dirty,recycler_corrected,1.85,Mumbai Suburban,16.98,14.81,2026-04-12T13:15:00.000Z,train,true
TRN_001125,synthetic://images/crt_tv/a54a2b8564f6.jpg,a54a2b8564f6,crt,crt_tv,collector,38.64,Mumbai Suburban,307.13,267.93,2026-04-12T13:15:00.000Z,train,true
TRN_001126,synthetic://images/cable_mixed_scrap/f959ce6be4b0.jpg,f959ce6be4b0,cable,cable_mixed_scrap,collector,40.36,Mumbai Suburban,8613.75,7514.41,2026-04-12T13:15:00.000Z,train,true
TRN_001127,synthetic://images/motor_fan_ac/a2e324db8f76.jpg,a2e324db8f76,motor_magnet,motor_fan_ac,collector,18.73,Thane,2956.16,3117.09,2025-09-05T17:59:00.000Z,test,true
TRN_001128,synthetic://images/plastic_hips_tv/c56396a43f99.jpg,c56396a43f99,mixed_plastic,plastic_hips_tv,collector,23.17,Nagpur,507.65,520.52,2025-10-30T10:20:00.000Z,val,true
TRN_001129,synthetic://images/cable_aluminium/1b4ac6e905b2.jpg,1b4ac6e905b2,cable,cable_aluminium,collector,9.56,Thane,1480.08,1529.31,2026-08-31T13:35:00.000Z,train,true
TRN_001130,synthetic://images/battery_li_ion_laptop/208e900d8e73.jpg,208e900d8e73,battery,battery_li_ion_laptop,collector,1.84,Thane,419.75,433.71,2026-08-31T13:35:00.000Z,train,true
TRN_001131,synthetic://images/pcb_power_supply/4f667db8df1b.jpg,4f667db8df1b,pcb,pcb_power_supply,recycler_corrected,11.81,Pune,1597.8,1498.6,2025-12-05T13:19:00.000Z,test,true
TRN_001132,synthetic://images/cable_mixed_scrap/1dbad176f9b3.jpg,1dbad176f9b3,cable,cable_mixed_scrap,collector,35.67,Pune,7018.41,6582.68,2025-12-05T13:19:00.000Z,val,true
TRN_001133,synthetic://images/plastic_hips_tv/edd5ba911576.jpg,edd5ba911576,mixed_plastic,plastic_hips_tv,recycler_corrected,41.53,Pune,980.94,920.04,2025-12-05T13:19:00.000Z,train,true
TRN_001134,synthetic://images/pcb_motherboard/d0392e65c433.jpg,d0392e65c433,pcb,pcb_motherboard,collector,4.59,Thane,1519.61,,2025-10-19T15:42:00.000Z,train,true
TRN_001135,synthetic://images/cable_aluminium/5014f06118f2.jpg,5014f06118f2,cable,cable_aluminium,collector,15.26,Pune,1705.05,1777.1,2026-03-23T13:07:00.000Z,val,true
TRN_001136,synthetic://images/pcb_mobile/1482e65afceb.jpg,1482e65afceb,pcb,pcb_mobile,collector,0.17,Pune,144.21,127.96,2026-04-22T08:29:00.000Z,train,true
TRN_001137,synthetic://images/pcb_motherboard/34965cf40eb8.jpg,34965cf40eb8,pcb,pcb_motherboard,collector,0.82,Pune,252.67,224.2,2026-04-22T08:29:00.000Z,val,true
TRN_001138,synthetic://images/cable_mixed_scrap/28c72e09cec9.jpg,28c72e09cec9,cable,cable_mixed_scrap,collector,26.45,Pune,3477.12,3085.39,2026-04-22T08:29:00.000Z,train,true
TRN_001139,synthetic://images/plastic_abs_casing/d17a04e0def9.jpg,d17a04e0def9,mixed_plastic,plastic_abs_casing,collector,40.91,Nashik,1014.44,1012.17,2025-10-05T08:50:00.000Z,test,true
TRN_001140,synthetic://images/cable_mixed_scrap/fd10b5e4cefe.jpg,fd10b5e4cefe,cable,cable_mixed_scrap,collector,20.14,Nashik,3962.34,3953.46,2025-10-05T08:50:00.000Z,val,true
TRN_001141,synthetic://images/cable_aluminium/6d9e3a673841.jpg,6d9e3a673841,cable,cable_aluminium,collector,25.02,Nashik,3576.27,3517.22,2026-03-13T08:15:00.000Z,train,true
TRN_001142,synthetic://images/pcb_mobile/f7b98da938ba.jpg,f7b98da938ba,pcb,pcb_mobile,collector,0.1,Nashik,103.72,102.01,2026-03-13T08:15:00.000Z,test,true
TRN_001143,synthetic://images/plastic_hips_tv/bd76a0c68eb2.jpg,bd76a0c68eb2,mixed_plastic,plastic_hips_tv,recycler_corrected,27.14,Mumbai Suburban,725.72,759.48,2026-05-01T12:29:00.000Z,test,true
TRN_001144,synthetic://images/pcb_tv_low_grade/e1c5d1de078e.jpg,e1c5d1de078e,pcb,pcb_tv_low_grade,collector,2.44,Thane,281.97,282.92,2025-12-22T14:25:00.000Z,val,true
TRN_001145,synthetic://images/plastic_abs_casing/812896e7f515.jpg,812896e7f515,mixed_plastic,plastic_abs_casing,collector,13.84,Pune,487.98,466.42,2026-02-11T18:24:00.000Z,val,true
TRN_001146,synthetic://images/lcd_laptop_panel/ed4ae1aff7a1.jpg,ed4ae1aff7a1,lcd_panel,lcd_laptop_panel,collector,3.52,Pune,164.56,157.29,2026-02-11T18:24:00.000Z,test,true
TRN_001147,synthetic://images/plastic_hips_tv/d00894052faf.jpg,d00894052faf,mixed_plastic,plastic_hips_tv,collector,39.24,Pune,741.35,708.59,2026-02-11T18:24:00.000Z,test,true
TRN_001148,synthetic://images/cable_copper_house/7e394cbd6887.jpg,7e394cbd6887,cable,cable_copper_house,collector,21.04,Pune,8785.1,8757.56,2026-02-20T19:55:00.000Z,test,true
TRN_001149,synthetic://images/cable_copper_house/c70d91cac6ab.jpg,c70d91cac6ab,cable,cable_copper_house,collector,18.56,Pune,7349.76,7793.27,2026-05-26T16:00:00.000Z,test,true
TRN_001150,synthetic://images/motor_small_appliance/c33e9b8b70e7.jpg,c33e9b8b70e7,motor_magnet,motor_small_appliance,collector,12.46,Pune,1751.68,1857.38,2026-05-26T16:00:00.000Z,train,true
TRN_001151,synthetic://images/cable_mixed_scrap/340247c9a632.jpg,340247c9a632,cable,cable_mixed_scrap,collector,42.88,New Delhi,7452.5,,2026-05-11T11:52:00.000Z,train,true
TRN_001152,synthetic://images/motor_hdd_assembly/a11a5f5d64f7.jpg,a11a5f5d64f7,motor_magnet,motor_hdd_assembly,recycler_corrected,0.44,New Delhi,121.35,,2026-05-11T11:52:00.000Z,train,true
TRN_001153,synthetic://images/cable_data_thin/acd5c38763df.jpg,acd5c38763df,cable,cable_data_thin,collector,1.29,New Delhi,196.18,,2026-05-11T11:52:00.000Z,train,true
TRN_001154,synthetic://images/pcb_ram_gold/152c6eee57d5.jpg,152c6eee57d5,pcb,pcb_ram_gold,recycler_corrected,0.1,Mumbai Suburban,159.64,162.34,2026-04-06T06:36:00.000Z,train,true
TRN_001155,synthetic://images/cable_copper_house/811bbc35167e.jpg,811bbc35167e,cable,cable_copper_house,collector,43.7,Mumbai Suburban,16443.86,16722.27,2026-04-06T06:36:00.000Z,train,true
TRN_001156,synthetic://images/pcb_mobile/d3efdca9ff65.jpg,d3efdca9ff65,pcb,pcb_mobile,collector,0.12,Mumbai Suburban,122.17,122.26,2026-07-18T16:10:00.000Z,train,true
TRN_001157,synthetic://images/pcb_motherboard/cc0b4349396e.jpg,cc0b4349396e,pcb,pcb_motherboard,collector,12.1,Mumbai Suburban,4277.47,4280.55,2026-07-18T16:10:00.000Z,val,true
TRN_001158,synthetic://images/pcb_cpu_processor/c065deff7e8f.jpg,c065deff7e8f,pcb,pcb_cpu_processor,collector,0.18,New Delhi,859.52,,2025-12-26T08:55:00.000Z,train,true
TRN_001159,synthetic://images/battery_li_ion_mobile/dbb231acefb8.jpg,dbb231acefb8,battery,battery_li_ion_mobile,collector,0.08,Thane,15.55,15.03,2026-08-18T15:49:00.000Z,val,true
TRN_001160,synthetic://images/cable_aluminium/a62472c103a4.jpg,a62472c103a4,cable,cable_aluminium,collector,17.07,Thane,2549.75,2276.6,2026-02-02T09:13:00.000Z,train,true
TRN_001161,synthetic://images/battery_li_ion_mobile/ccd0ccf341d6.jpg,ccd0ccf341d6,battery,battery_li_ion_mobile,collector,0.22,New Delhi,39.13,35.55,2026-04-25T10:07:00.000Z,train,true
TRN_001162,synthetic://images/cable_data_thin/2e24f5a0e839.jpg,2e24f5a0e839,cable,cable_data_thin,recycler_corrected,43.53,Pune,5586.64,5035.95,2026-01-08T13:31:00.000Z,train,true
TRN_001163,synthetic://images/battery_button_cell/77011cbed1b1.jpg,77011cbed1b1,battery,battery_button_cell,collector,31.97,Mumbai Suburban,2960.51,,2026-01-18T17:58:00.000Z,train,true
TRN_001164,synthetic://images/cable_data_thin/4912370bf060.jpg,4912370bf060,cable,cable_data_thin,recycler_corrected,23.18,Nagpur,2724.11,2528.5,2026-07-09T12:42:00.000Z,val,true
TRN_001165,synthetic://images/cable_copper_house/bed4d06d8ab3.jpg,bed4d06d8ab3,cable,cable_copper_house,collector,5.05,Nagpur,2072.06,1923.27,2026-07-09T12:42:00.000Z,test,true
TRN_001166,synthetic://images/plastic_mixed_dirty/943f1c3518d4.jpg,943f1c3518d4,mixed_plastic,plastic_mixed_dirty,collector,37.69,Nagpur,361.07,335.14,2026-07-09T12:42:00.000Z,train,true
TRN_001167,synthetic://images/pcb_tv_low_grade/f6536caa9772.jpg,f6536caa9772,pcb,pcb_tv_low_grade,collector,3.61,Nagpur,381.14,353.77,2026-07-09T12:42:00.000Z,train,true
TRN_001168,synthetic://images/crt_yoke/0be2c865b3f8.jpg,0be2c865b3f8,crt,crt_yoke,collector,5.73,Pune,411.99,372.66,2025-11-02T15:44:00.000Z,train,true
TRN_001169,synthetic://images/pcb_motherboard/780a424973f4.jpg,780a424973f4,pcb,pcb_motherboard,collector,11.4,Mumbai Suburban,3273.58,,2026-03-18T07:31:00.000Z,val,true
TRN_001170,synthetic://images/pcb_power_supply/cdbb7df49ef3.jpg,cdbb7df49ef3,pcb,pcb_power_supply,collector,9.21,Nashik,1014.41,996.61,2026-01-03T17:56:00.000Z,train,true
TRN_001171,synthetic://images/pcb_ram_gold/4d9103b9a6a5.jpg,4d9103b9a6a5,pcb,pcb_ram_gold,collector,0.25,Pune,186.35,,2025-11-22T17:09:00.000Z,train,true
TRN_001172,synthetic://images/pcb_mobile/3ca60170fee3.jpg,3ca60170fee3,pcb,pcb_mobile,collector,0.04,Pune,41.61,,2025-11-22T17:09:00.000Z,test,true
TRN_001173,synthetic://images/pcb_tv_low_grade/0eb2f9079efc.jpg,0eb2f9079efc,pcb,pcb_tv_low_grade,collector,4.75,Pune,488.68,,2025-11-22T17:09:00.000Z,train,true
TRN_001174,synthetic://images/battery_li_ion_laptop/350d0f22e979.jpg,350d0f22e979,battery,battery_li_ion_laptop,collector,1.28,Pune,265.43,,2025-11-22T17:09:00.000Z,train,true
TRN_001175,synthetic://images/cable_mixed_scrap/a4de70cb1af5.jpg,a4de70cb1af5,cable,cable_mixed_scrap,collector,19.65,Bengaluru Urban,4275.05,4118.76,2025-09-28T07:50:00.000Z,train,true
TRN_001176,synthetic://images/cable_mixed_scrap/fa9d056e1c9c.jpg,fa9d056e1c9c,cable,cable_mixed_scrap,collector,29.01,Bengaluru Urban,6311.42,6080.68,2025-09-28T07:50:00.000Z,train,true
TRN_001177,synthetic://images/cable_aluminium/799229b9dded.jpg,799229b9dded,cable,cable_aluminium,collector,17.58,Bengaluru Urban,2234.42,2152.73,2025-09-28T07:50:00.000Z,train,true
TRN_001178,synthetic://images/crt_monitor/da0f23a47ad3.jpg,da0f23a47ad3,crt,crt_monitor,collector,9.09,Bengaluru Urban,79.72,76.81,2025-09-28T07:50:00.000Z,train,true
TRN_001179,synthetic://images/battery_button_cell/735d76bb0945.jpg,735d76bb0945,battery,battery_button_cell,collector,8.16,Nagpur,803.76,797.82,2025-12-12T08:19:00.000Z,train,true
TRN_001180,synthetic://images/cable_data_thin/208f8a7fdfaa.jpg,208f8a7fdfaa,cable,cable_data_thin,collector,35.15,Nagpur,4018.35,3988.65,2025-12-12T08:19:00.000Z,train,true
TRN_001181,synthetic://images/battery_button_cell/9db15a506eb4.jpg,9db15a506eb4,battery,battery_button_cell,collector,23.59,Bengaluru Urban,2040.19,1921.69,2025-11-28T12:52:00.000Z,test,true
TRN_001182,synthetic://images/cable_data_thin/bb0f39239921.jpg,bb0f39239921,cable,cable_data_thin,collector,38.85,Bengaluru Urban,5899,5556.36,2025-11-28T12:52:00.000Z,train,true
TRN_001183,synthetic://images/lcd_laptop_panel/387cc5c861dc.jpg,387cc5c861dc,lcd_panel,lcd_laptop_panel,collector,3.83,Bengaluru Urban,193.42,182.19,2025-11-28T12:52:00.000Z,train,true
TRN_001184,synthetic://images/pcb_motherboard/e63dbb04371d.jpg,e63dbb04371d,pcb,pcb_motherboard,collector,6.63,Mumbai Suburban,2340.39,2137.46,2026-01-05T06:26:00.000Z,train,true
TRN_001185,synthetic://images/plastic_abs_casing/4374dea4d4fe.jpg,4374dea4d4fe,mixed_plastic,plastic_abs_casing,collector,22.48,Mumbai Suburban,823.54,752.13,2026-01-05T06:26:00.000Z,train,true
TRN_001186,synthetic://images/motor_speaker_magnet/693188d72eb5.jpg,693188d72eb5,motor_magnet,motor_speaker_magnet,recycler_corrected,2.41,Pune,186.22,178.54,2026-08-06T11:22:00.000Z,val,true
TRN_001187,synthetic://images/battery_lead_acid_ups/d5e27c7381d0.jpg,d5e27c7381d0,battery,battery_lead_acid_ups,collector,71.47,Pune,5108.57,4897.84,2026-08-06T11:22:00.000Z,train,true
TRN_001188,synthetic://images/motor_hdd_assembly/e965752383fb.jpg,e965752383fb,motor_magnet,motor_hdd_assembly,recycler_corrected,2.58,Pune,765.73,734.14,2026-08-06T11:22:00.000Z,val,true
TRN_001189,synthetic://images/motor_hdd_assembly/8eecc47e9e86.jpg,8eecc47e9e86,motor_magnet,motor_hdd_assembly,collector,5.62,Mumbai Suburban,1489.02,1604.36,2026-07-04T18:50:00.000Z,train,true
TRN_001190,synthetic://images/motor_hdd_assembly/40abd47b4c2d.jpg,40abd47b4c2d,motor_magnet,motor_hdd_assembly,collector,1.81,Nashik,204.32,,2026-07-26T12:45:00.000Z,val,true
TRN_001191,synthetic://images/battery_li_ion_mobile/c3e5fabb2b81.jpg,c3e5fabb2b81,battery,battery_li_ion_mobile,collector,0.04,Nashik,7.53,7.15,2025-12-30T15:14:00.000Z,train,true
TRN_001192,synthetic://images/plastic_abs_casing/6f8d5b71bef7.jpg,6f8d5b71bef7,mixed_plastic,plastic_abs_casing,collector,22.45,Nashik,557.98,530.04,2025-12-30T15:14:00.000Z,train,true
TRN_001193,synthetic://images/cable_data_thin/d3a8177b4ad1.jpg,d3a8177b4ad1,cable,cable_data_thin,collector,41.88,Mumbai Suburban,6392.94,,2026-05-19T19:07:00.000Z,train,true
TRN_001194,synthetic://images/battery_li_ion_laptop/0d8bfba2a14c.jpg,0d8bfba2a14c,battery,battery_li_ion_laptop,collector,3.21,Mumbai Suburban,837.62,,2026-05-19T19:07:00.000Z,train,true
TRN_001195,synthetic://images/cable_mixed_scrap/3b77eb121089.jpg,3b77eb121089,cable,cable_mixed_scrap,collector,44.78,Mumbai Suburban,7482.35,,2026-05-19T19:07:00.000Z,train,true
TRN_001196,synthetic://images/cable_copper_house/1e300af90483.jpg,1e300af90483,cable,cable_copper_house,collector,43.38,Mumbai Suburban,19832.9,,2026-06-14T13:26:00.000Z,train,true
TRN_001197,synthetic://images/pcb_power_supply/9c01df07bcae.jpg,9c01df07bcae,pcb,pcb_power_supply,collector,9.98,Pune,1303.09,1213.42,2025-09-17T15:26:00.000Z,train,true
TRN_001198,synthetic://images/cable_data_thin/73fc75f5dda2.jpg,73fc75f5dda2,cable,cable_data_thin,recycler_corrected,12.64,Pune,1718.46,1600.21,2025-09-17T15:26:00.000Z,train,true
TRN_001199,synthetic://images/cable_aluminium/68bfa4efe070.jpg,68bfa4efe070,cable,cable_aluminium,collector,24.25,Nashik,2675.73,2609.44,2026-08-13T12:50:00.000Z,test,true
TRN_001200,synthetic://images/pcb_motherboard/d38d3fab43a9.jpg,d38d3fab43a9,pcb,pcb_motherboard,collector,5.65,Nashik,1293.3,1392.18,2026-05-26T18:01:00.000Z,val,true
TRN_001201,synthetic://images/motor_speaker_magnet/139f69170008.jpg,139f69170008,motor_magnet,motor_speaker_magnet,collector,3.14,Nashik,201.78,217.21,2026-05-26T18:01:00.000Z,test,true
TRN_001202,synthetic://images/cable_data_thin/0b06eaab1905.jpg,0b06eaab1905,cable,cable_data_thin,collector,9.96,Pune,1270,1317.06,2026-07-08T14:14:00.000Z,train,true
TRN_001203,synthetic://images/crt_monitor/af99c3c0365c.jpg,af99c3c0365c,crt,crt_monitor,collector,51.07,Pune,446.83,466.03,2026-06-22T15:42:00.000Z,test,true
TRN_001204,synthetic://images/cable_copper_house/158e0088eee6.jpg,158e0088eee6,cable,cable_copper_house,collector,28.66,Pune,11349.36,11837.16,2026-06-22T15:42:00.000Z,train,true
TRN_001205,synthetic://images/crt_tv/87dd7be30aa2.jpg,87dd7be30aa2,crt,crt_tv,collector,97.91,New Delhi,671.34,,2026-04-22T06:23:00.000Z,train,true
TRN_001206,synthetic://images/pcb_cpu_processor/3d791be3b665.jpg,3d791be3b665,pcb,pcb_cpu_processor,collector,0.21,New Delhi,1000.44,,2026-04-22T06:23:00.000Z,val,true
TRN_001207,synthetic://images/pcb_cpu_processor/c1752e3bfe5b.jpg,c1752e3bfe5b,pcb,pcb_cpu_processor,collector,0.12,New Delhi,600.27,,2026-04-22T06:23:00.000Z,train,true
TRN_001208,synthetic://images/battery_li_ion_mobile/cf1d13b6e109.jpg,cf1d13b6e109,battery,battery_li_ion_mobile,collector,0.47,Pune,90.24,87.1,2026-05-12T15:36:00.000Z,train,true
TRN_001209,synthetic://images/plastic_hips_tv/2dd777e8e387.jpg,2dd777e8e387,mixed_plastic,plastic_hips_tv,collector,22.14,Pune,522.95,490.25,2026-04-26T15:46:00.000Z,train,true
TRN_001210,synthetic://images/crt_yoke/3d500e90ce92.jpg,3d500e90ce92,crt,crt_yoke,collector,3.75,New Delhi,352.05,,2025-11-12T17:28:00.000Z,train,true
TRN_001211,synthetic://images/pcb_cpu_processor/7a1b876b6d04.jpg,7a1b876b6d04,pcb,pcb_cpu_processor,collector,0.07,New Delhi,150.33,,2025-11-12T17:28:00.000Z,train,true
TRN_001212,synthetic://images/motor_fan_ac/6636ac72ea32.jpg,6636ac72ea32,motor_magnet,motor_fan_ac,collector,20.12,Pune,2860.66,2662.91,2026-01-07T06:01:00.000Z,train,true
TRN_001213,synthetic://images/battery_li_ion_mobile/aaf9243be48f.jpg,aaf9243be48f,battery,battery_li_ion_mobile,collector,0.19,Pune,37.04,34.48,2026-01-07T06:01:00.000Z,val,true
TRN_001214,synthetic://images/plastic_hips_tv/566cd0b1f677.jpg,566cd0b1f677,mixed_plastic,plastic_hips_tv,collector,17.48,Pune,327.81,334.25,2026-07-02T06:56:00.000Z,train,true
TRN_001215,synthetic://images/cable_data_thin/d5ae7f1293d4.jpg,d5ae7f1293d4,cable,cable_data_thin,collector,13.64,Pune,1826.2,1862.08,2026-07-02T06:56:00.000Z,train,true
TRN_001216,synthetic://images/battery_li_ion_mobile/f61a23c3fcb7.jpg,f61a23c3fcb7,battery,battery_li_ion_mobile,collector,0.35,Pune,64.82,66.09,2026-07-02T06:56:00.000Z,train,true
TRN_001217,synthetic://images/motor_small_appliance/7d97d79acec7.jpg,7d97d79acec7,motor_magnet,motor_small_appliance,collector,2.76,Thane,366.28,372.94,2026-04-13T16:50:00.000Z,test,true
TRN_001218,synthetic://images/cable_aluminium/636f5418990f.jpg,636f5418990f,cable,cable_aluminium,collector,37.86,Thane,2570.03,2616.74,2026-04-13T16:50:00.000Z,train,true
TRN_001219,synthetic://images/motor_hdd_assembly/ec42902a43fd.jpg,ec42902a43fd,motor_magnet,motor_hdd_assembly,collector,3.65,Thane,840.76,765.37,2025-12-07T13:03:00.000Z,train,true
TRN_001220,synthetic://images/motor_hdd_assembly/a4d4ab33e07d.jpg,a4d4ab33e07d,motor_magnet,motor_hdd_assembly,collector,2.79,Thane,783.74,713.46,2025-12-07T13:03:00.000Z,train,true
TRN_001221,synthetic://images/plastic_hips_tv/4f9ab68d50db.jpg,4f9ab68d50db,mixed_plastic,plastic_hips_tv,recycler_corrected,29.53,Thane,733.82,668.02,2025-12-07T13:03:00.000Z,val,true
TRN_001222,synthetic://images/pcb_mobile/5387cd23b6a5.jpg,5387cd23b6a5,pcb,pcb_mobile,collector,0.13,Nashik,110.87,104.8,2026-01-07T09:38:00.000Z,train,true
TRN_001223,synthetic://images/led_backlight_strip/e715bca73dad.jpg,e715bca73dad,lcd_panel,led_backlight_strip,collector,23.54,Bengaluru Urban,2477.38,2359.4,2026-07-01T07:49:00.000Z,train,true
TRN_001224,synthetic://images/pcb_tv_low_grade/d7ca9c026076.jpg,d7ca9c026076,pcb,pcb_tv_low_grade,recycler_corrected,0.4,Bengaluru Urban,47.82,45.54,2026-07-01T07:49:00.000Z,train,true
TRN_001225,synthetic://images/pcb_power_supply/e5ec9ad64b93.jpg,e5ec9ad64b93,pcb,pcb_power_supply,collector,18.42,Nashik,2604.65,,2026-06-12T16:11:00.000Z,val,true
TRN_001226,synthetic://images/motor_fan_ac/e1f83de2bad9.jpg,e1f83de2bad9,motor_magnet,motor_fan_ac,collector,7.01,Thane,904.48,909.58,2026-02-09T10:28:00.000Z,train,true
TRN_001227,synthetic://images/cable_data_thin/3fe7132d67b2.jpg,3fe7132d67b2,cable,cable_data_thin,collector,2.19,Thane,252.81,254.23,2026-02-09T10:28:00.000Z,train,true
TRN_001228,synthetic://images/plastic_mixed_dirty/16f07106cfe6.jpg,16f07106cfe6,mixed_plastic,plastic_mixed_dirty,collector,29.06,Pune,363.25,392.36,2026-05-09T12:08:00.000Z,train,true
TRN_001229,synthetic://images/battery_button_cell/5cefa4226ba8.jpg,5cefa4226ba8,battery,battery_button_cell,collector,39.98,Pune,3885.58,4196.92,2026-05-09T12:08:00.000Z,train,true
TRN_001230,synthetic://images/battery_button_cell/d8d3675728a3.jpg,d8d3675728a3,battery,battery_button_cell,recycler_corrected,15.39,Pune,1424.5,1538.64,2026-05-09T12:08:00.000Z,train,true
TRN_001231,synthetic://images/pcb_mobile/d5d0117ecc6b.jpg,d5d0117ecc6b,pcb,pcb_mobile,collector,0.13,Pune,109.61,,2026-06-06T11:40:00.000Z,train,true
TRN_001232,synthetic://images/battery_li_ion_mobile/5faefc80146e.jpg,5faefc80146e,battery,battery_li_ion_mobile,collector,0.43,Pune,34.83,,2026-06-06T11:40:00.000Z,test,true
TRN_001233,synthetic://images/plastic_abs_casing/1395b5461361.jpg,1395b5461361,mixed_plastic,plastic_abs_casing,collector,10.63,Thane,363.86,371.04,2026-07-23T19:03:00.000Z,val,true
TRN_001234,synthetic://images/cable_copper_house/eafa59235ccc.jpg,eafa59235ccc,cable,cable_copper_house,collector,24.57,Thane,8684.54,8855.82,2026-07-23T19:03:00.000Z,train,true
TRN_001235,synthetic://images/plastic_mixed_dirty/7c2c138d5eb6.jpg,7c2c138d5eb6,mixed_plastic,plastic_mixed_dirty,recycler_corrected,14.44,New Delhi,186.13,180,2026-02-17T06:48:00.000Z,val,true
TRN_001236,synthetic://images/cable_copper_house/8972f9accb04.jpg,8972f9accb04,cable,cable_copper_house,collector,14.62,New Delhi,6958.92,6729.81,2026-02-17T06:48:00.000Z,train,true
TRN_001237,synthetic://images/pcb_mobile/6bff774c9e00.jpg,6bff774c9e00,pcb,pcb_mobile,collector,0.19,Pune,207.11,213.68,2025-09-12T18:20:00.000Z,train,true
TRN_001238,synthetic://images/cable_data_thin/6823cef23916.jpg,6823cef23916,cable,cable_data_thin,recycler_corrected,3.47,Mumbai Suburban,530.75,,2026-02-15T12:45:00.000Z,train,true
TRN_001239,synthetic://images/battery_lead_acid_ups/673a682e9d5a.jpg,673a682e9d5a,battery,battery_lead_acid_ups,recycler_corrected,89.42,Mumbai Suburban,8917.42,,2026-02-15T12:45:00.000Z,train,true
TRN_001240,synthetic://images/cable_aluminium/ebaebb193b1b.jpg,ebaebb193b1b,cable,cable_aluminium,recycler_corrected,27.27,Thane,4109.86,3983.69,2025-11-11T09:11:00.000Z,train,true
TRN_001241,synthetic://images/battery_li_ion_laptop/6fea5fab3e3e.jpg,6fea5fab3e3e,battery,battery_li_ion_laptop,collector,2.34,Thane,610.08,591.35,2025-11-11T09:11:00.000Z,train,true
TRN_001242,synthetic://images/motor_hdd_assembly/f34a56f90ed0.jpg,f34a56f90ed0,motor_magnet,motor_hdd_assembly,collector,1.89,Bengaluru Urban,501.34,,2025-12-18T17:13:00.000Z,test,true
TRN_001243,synthetic://images/pcb_ram_gold/a31962b5ba4b.jpg,a31962b5ba4b,pcb,pcb_ram_gold,collector,0.21,Nashik,237,229.15,2026-02-12T15:15:00.000Z,train,true
TRN_001244,synthetic://images/crt_monitor/f4adfc912765.jpg,f4adfc912765,crt,crt_monitor,collector,159.87,Pune,1421.07,,2026-08-20T11:55:00.000Z,val,true
TRN_001245,synthetic://images/battery_li_ion_mobile/c1d736d4a1e5.jpg,c1d736d4a1e5,battery,battery_li_ion_mobile,collector,0.19,Pune,27.35,,2026-08-20T11:55:00.000Z,val,true
TRN_001246,synthetic://images/cable_copper_house/31cb1f31494f.jpg,31cb1f31494f,cable,cable_copper_house,recycler_corrected,13.54,Pune,5644.86,,2026-08-20T11:55:00.000Z,train,true
TRN_001247,synthetic://images/cable_copper_house/26cb86899933.jpg,26cb86899933,cable,cable_copper_house,collector,2.6,Mumbai Suburban,1181.96,1013.44,2026-01-24T19:48:00.000Z,train,true
TRN_001248,synthetic://images/motor_small_appliance/8b1e0afbf79f.jpg,8b1e0afbf79f,motor_magnet,motor_small_appliance,collector,13.37,Mumbai Suburban,2035.72,1745.47,2026-01-24T19:48:00.000Z,train,true
TRN_001249,synthetic://images/pcb_ram_gold/71b09ae0cf0e.jpg,71b09ae0cf0e,pcb,pcb_ram_gold,collector,0.15,Mumbai Suburban,254.3,218.04,2026-01-24T19:48:00.000Z,test,true
TRN_001250,synthetic://images/plastic_hips_tv/57dfb821bfa9.jpg,57dfb821bfa9,mixed_plastic,plastic_hips_tv,collector,12.1,Bengaluru Urban,297.42,306.74,2026-05-20T10:24:00.000Z,train,true
TRN_001251,synthetic://images/cable_copper_house/6a071190ca53.jpg,6a071190ca53,cable,cable_copper_house,collector,25.95,Bengaluru Urban,5104.94,5264.92,2026-05-20T10:24:00.000Z,test,true
TRN_001252,synthetic://images/cable_aluminium/d7ac3c04cccc.jpg,d7ac3c04cccc,cable,cable_aluminium,collector,36.35,Bengaluru Urban,4644.53,4790.08,2026-05-20T10:24:00.000Z,val,true
TRN_001253,synthetic://images/plastic_mixed_dirty/2bcad02e177d.jpg,2bcad02e177d,mixed_plastic,plastic_mixed_dirty,collector,22.68,Thane,217.22,,2025-11-06T06:49:00.000Z,train,true
TRN_001254,synthetic://images/pcb_tv_low_grade/16e068d29cd4.jpg,16e068d29cd4,pcb,pcb_tv_low_grade,recycler_corrected,1.27,Thane,138.74,,2025-11-06T06:49:00.000Z,test,true
TRN_001255,synthetic://images/pcb_tv_low_grade/d6a130804438.jpg,d6a130804438,pcb,pcb_tv_low_grade,collector,1.25,Thane,111.97,,2025-11-06T06:49:00.000Z,val,true
TRN_001256,synthetic://images/motor_speaker_magnet/4bab4178e015.jpg,4bab4178e015,motor_magnet,motor_speaker_magnet,collector,3.78,Mumbai Suburban,230.86,253.39,2026-06-14T07:55:00.000Z,train,true
TRN_001257,synthetic://images/pcb_ram_gold/2c5ec9c4c29c.jpg,2c5ec9c4c29c,pcb,pcb_ram_gold,collector,0.27,Pune,444.96,455.08,2026-04-16T18:28:00.000Z,train,true
TRN_001258,synthetic://images/motor_speaker_magnet/d171b2885e60.jpg,d171b2885e60,motor_magnet,motor_speaker_magnet,collector,4.76,Pune,356,364.1,2026-04-16T18:28:00.000Z,train,true
TRN_001259,synthetic://images/cable_data_thin/a3cbadaca970.jpg,a3cbadaca970,cable,cable_data_thin,collector,15.57,Thane,2183.23,2244.55,2026-04-09T09:01:00.000Z,train,true
TRN_001260,synthetic://images/pcb_ram_gold/ecfad62d0e93.jpg,ecfad62d0e93,pcb,pcb_ram_gold,collector,0.2,Thane,299.27,307.68,2026-04-09T09:01:00.000Z,val,true
TRN_001261,synthetic://images/pcb_mobile/c1a872af4680.jpg,c1a872af4680,pcb,pcb_mobile,collector,0.16,Mumbai Suburban,198.64,,2026-06-21T06:19:00.000Z,train,true
TRN_001262,synthetic://images/lcd_tv_panel/9bdda40cbaca.jpg,9bdda40cbaca,lcd_panel,lcd_tv_panel,recycler_corrected,69.98,Nashik,1355.81,1511.98,2025-10-17T18:36:00.000Z,test,true
TRN_001263,synthetic://images/pcb_ram_gold/81a4f1c141a8.jpg,81a4f1c141a8,pcb,pcb_ram_gold,collector,0.26,Pune,451.51,410.85,2026-07-11T10:10:00.000Z,train,true
TRN_001264,synthetic://images/cable_copper_house/2ad30466a6be.jpg,2ad30466a6be,cable,cable_copper_house,collector,42.04,New Delhi,20125.22,,2025-12-28T14:44:00.000Z,train,true
TRN_001265,synthetic://images/cable_data_thin/faf5f92c2296.jpg,faf5f92c2296,cable,cable_data_thin,collector,8.25,Mumbai Suburban,985.46,,2026-02-26T06:54:00.000Z,train,true
TRN_001266,synthetic://images/cable_copper_house/c003ed1218ca.jpg,c003ed1218ca,cable,cable_copper_house,collector,8.49,New Delhi,4161.29,,2026-08-13T18:40:00.000Z,train,true
TRN_001267,synthetic://images/plastic_abs_casing/3b48d638bc3c.jpg,3b48d638bc3c,mixed_plastic,plastic_abs_casing,collector,22,Thane,753.06,749.67,2026-07-17T10:00:00.000Z,val,true
TRN_001268,synthetic://images/pcb_tv_low_grade/4f7761e41bd5.jpg,4f7761e41bd5,pcb,pcb_tv_low_grade,collector,5.03,Pune,517.49,458.31,2025-10-15T19:22:00.000Z,train,true
TRN_001269,synthetic://images/pcb_cpu_processor/966d1785883f.jpg,966d1785883f,pcb,pcb_cpu_processor,collector,0.18,Pune,324.36,287.26,2025-10-15T19:22:00.000Z,test,true
TRN_001270,synthetic://images/motor_small_appliance/902fd1880e2c.jpg,902fd1880e2c,motor_magnet,motor_small_appliance,recycler_corrected,9.11,Pune,1004.44,983.93,2026-08-04T15:05:00.000Z,train,true
TRN_001271,synthetic://images/pcb_ram_gold/507ed6f5a8a9.jpg,507ed6f5a8a9,pcb,pcb_ram_gold,collector,0.03,Nashik,41.54,38.72,2026-01-31T07:09:00.000Z,val,true
TRN_001272,synthetic://images/motor_small_appliance/7cc75f4486e5.jpg,7cc75f4486e5,motor_magnet,motor_small_appliance,collector,4.06,Nashik,506.1,471.76,2026-01-31T07:09:00.000Z,test,true
TRN_001273,synthetic://images/plastic_mixed_dirty/d07dd0427f35.jpg,d07dd0427f35,mixed_plastic,plastic_mixed_dirty,collector,28.46,Nashik,220.74,205.76,2026-01-31T07:09:00.000Z,train,true
TRN_001274,synthetic://images/motor_speaker_magnet/a1b67a82f1c0.jpg,a1b67a82f1c0,motor_magnet,motor_speaker_magnet,recycler_corrected,1.85,Mumbai Suburban,130.9,135.3,2025-11-11T19:15:00.000Z,test,true
TRN_001275,synthetic://images/led_backlight_strip/8fd13772e76b.jpg,8fd13772e76b,lcd_panel,led_backlight_strip,collector,5.04,Mumbai Suburban,554.97,573.62,2025-11-11T19:15:00.000Z,train,true
TRN_001276,synthetic://images/cable_copper_house/18ff1f7c9b8a.jpg,18ff1f7c9b8a,cable,cable_copper_house,collector,42.78,Mumbai Suburban,19470.03,20124.18,2025-11-11T19:15:00.000Z,train,true
TRN_001277,synthetic://images/plastic_mixed_dirty/0e7994ad6b6f.jpg,0e7994ad6b6f,mixed_plastic,plastic_mixed_dirty,collector,5.8,Mumbai Suburban,66.99,65.72,2025-11-30T06:44:00.000Z,train,true
TRN_001278,synthetic://images/pcb_power_supply/f5f2f09b53c0.jpg,f5f2f09b53c0,pcb,pcb_power_supply,collector,1.38,Mumbai Suburban,198.89,195.11,2025-11-30T06:44:00.000Z,train,true
TRN_001279,synthetic://images/cable_aluminium/b3ee34152d7b.jpg,b3ee34152d7b,cable,cable_aluminium,collector,5.46,Chhatrapati Sambhajinagar,539.37,,2025-09-24T19:10:00.000Z,train,true
TRN_001280,synthetic://images/motor_hdd_assembly/ab785d168d2f.jpg,ab785d168d2f,motor_magnet,motor_hdd_assembly,collector,4.26,Mumbai Suburban,1174.25,1181.07,2025-12-23T12:52:00.000Z,train,true
TRN_001281,synthetic://images/pcb_ram_gold/4d97789dacb6.jpg,4d97789dacb6,pcb,pcb_ram_gold,collector,0.22,Mumbai Suburban,291.27,292.96,2025-12-23T12:52:00.000Z,test,true
TRN_001282,synthetic://images/battery_li_ion_laptop/a6fcf1bda2e9.jpg,a6fcf1bda2e9,battery,battery_li_ion_laptop,collector,2.24,Bengaluru Urban,522.86,,2026-01-09T07:41:00.000Z,val,true
TRN_001283,synthetic://images/motor_hdd_assembly/6de94b6f7aea.jpg,6de94b6f7aea,motor_magnet,motor_hdd_assembly,collector,2.04,Bengaluru Urban,595,,2026-01-09T07:41:00.000Z,train,true
TRN_001284,synthetic://images/battery_li_ion_mobile/fd92befa0da1.jpg,fd92befa0da1,battery,battery_li_ion_mobile,collector,0.06,Pune,12.28,10.67,2026-01-25T06:33:00.000Z,train,true
TRN_001285,synthetic://images/battery_lead_acid_ups/82495c55b797.jpg,82495c55b797,battery,battery_lead_acid_ups,collector,17.21,Pune,1674.05,1454.62,2026-01-25T06:33:00.000Z,train,true
TRN_001286,synthetic://images/led_backlight_strip/31fb970aec04.jpg,31fb970aec04,lcd_panel,led_backlight_strip,collector,37.15,Pune,3426.34,3155.97,2026-02-26T08:50:00.000Z,train,true
TRN_001287,synthetic://images/lcd_laptop_panel/07cad197d353.jpg,07cad197d353,lcd_panel,lcd_laptop_panel,collector,2.03,Pune,94.9,87.64,2026-02-04T09:04:00.000Z,train,true
TRN_001288,synthetic://images/pcb_cpu_processor/63dfec965480.jpg,63dfec965480,pcb,pcb_cpu_processor,collector,0.25,Pune,832.1,768.47,2026-02-04T09:04:00.000Z,train,true
TRN_001289,synthetic://images/motor_fan_ac/d25657bffc22.jpg,d25657bffc22,motor_magnet,motor_fan_ac,collector,17,Pune,1081.33,998.64,2026-02-04T09:04:00.000Z,val,true
TRN_001290,synthetic://images/plastic_mixed_dirty/8f1c3b82f8a5.jpg,8f1c3b82f8a5,mixed_plastic,plastic_mixed_dirty,collector,35.63,Pune,461.28,415.88,2026-04-12T17:03:00.000Z,test,true
TRN_001291,synthetic://images/cable_aluminium/ab1d039e046b.jpg,ab1d039e046b,cable,cable_aluminium,collector,39.18,Mumbai Suburban,5839.27,,2026-07-24T15:51:00.000Z,train,true
TRN_001292,synthetic://images/cable_aluminium/ff3aa966973b.jpg,ff3aa966973b,cable,cable_aluminium,collector,3.43,Mumbai Suburban,399.22,,2026-07-24T15:51:00.000Z,test,true
TRN_001293,synthetic://images/plastic_hips_tv/31a9681fd090.jpg,31a9681fd090,mixed_plastic,plastic_hips_tv,collector,24.42,Mumbai Suburban,677.18,680.36,2025-11-23T16:39:00.000Z,train,true
TRN_001294,synthetic://images/plastic_hips_tv/6c09d865ff7c.jpg,6c09d865ff7c,mixed_plastic,plastic_hips_tv,recycler_corrected,42.65,Mumbai Suburban,1126.39,1131.68,2025-11-23T16:39:00.000Z,train,true
TRN_001295,synthetic://images/motor_speaker_magnet/653c7dac71ec.jpg,653c7dac71ec,motor_magnet,motor_speaker_magnet,collector,2.47,Mumbai Suburban,183.97,184.83,2025-11-23T16:39:00.000Z,val,true
TRN_001296,synthetic://images/plastic_hips_tv/409d31b10079.jpg,409d31b10079,mixed_plastic,plastic_hips_tv,collector,39.81,Mumbai Suburban,1051.38,1056.32,2025-11-23T16:39:00.000Z,train,true
TRN_001297,synthetic://images/cable_copper_house/f3307058113d.jpg,f3307058113d,cable,cable_copper_house,collector,27.08,Nagpur,10088.92,,2026-01-22T18:10:00.000Z,train,true
TRN_001298,synthetic://images/crt_tv/20f0768cea1e.jpg,20f0768cea1e,crt,crt_tv,collector,51.53,Bengaluru Urban,372.59,367.15,2026-01-09T10:46:00.000Z,train,true
TRN_001299,synthetic://images/cable_data_thin/12e2f1c0e312.jpg,12e2f1c0e312,cable,cable_data_thin,collector,22.93,Bengaluru Urban,3515.65,3464.33,2026-01-09T10:46:00.000Z,train,true
TRN_001300,synthetic://images/motor_speaker_magnet/bd815714241f.jpg,bd815714241f,motor_magnet,motor_speaker_magnet,collector,5.41,Bengaluru Urban,331.03,326.2,2026-01-09T10:46:00.000Z,train,true
TRN_001301,synthetic://images/crt_monitor/9f9c3880878b.jpg,9f9c3880878b,crt,crt_monitor,recycler_corrected,9.09,Bengaluru Urban,65.37,64.42,2026-01-09T10:46:00.000Z,test,true
TRN_001302,synthetic://images/battery_lead_acid_ups/b68d158c988d.jpg,b68d158c988d,battery,battery_lead_acid_ups,collector,94.2,Nashik,6946.5,6752.77,2026-01-16T07:23:00.000Z,train,true
TRN_001303,synthetic://images/plastic_mixed_dirty/ed0779f627cb.jpg,ed0779f627cb,mixed_plastic,plastic_mixed_dirty,collector,43.13,Nashik,391.86,380.93,2026-01-16T07:23:00.000Z,train,true
TRN_001304,synthetic://images/cable_data_thin/4676a307d57b.jpg,4676a307d57b,cable,cable_data_thin,collector,27.45,Nashik,2839.74,2760.54,2026-01-16T07:23:00.000Z,train,true
TRN_001305,synthetic://images/pcb_cpu_processor/a46123ebee32.jpg,a46123ebee32,pcb,pcb_cpu_processor,collector,0.1,New Delhi,478.56,,2026-02-22T10:20:00.000Z,test,true
TRN_001306,synthetic://images/pcb_ram_gold/6268bf78f3f8.jpg,6268bf78f3f8,pcb,pcb_ram_gold,collector,0.35,New Delhi,654.46,,2026-02-22T10:20:00.000Z,train,true
TRN_001307,synthetic://images/motor_fan_ac/a066b2179352.jpg,a066b2179352,motor_magnet,motor_fan_ac,collector,2.57,Nashik,263.36,280.63,2025-09-30T10:34:00.000Z,train,true
TRN_001308,synthetic://images/motor_small_appliance/e5893b5fa943.jpg,e5893b5fa943,motor_magnet,motor_small_appliance,collector,2.89,Nashik,288.55,307.47,2025-09-30T10:34:00.000Z,test,true
TRN_001309,synthetic://images/cable_data_thin/439f32212f6d.jpg,439f32212f6d,cable,cable_data_thin,collector,41.01,Nagpur,3863.54,,2025-09-27T18:34:00.000Z,train,true
TRN_001310,synthetic://images/motor_fan_ac/060609b99d16.jpg,060609b99d16,motor_magnet,motor_fan_ac,collector,28.74,Pune,3378.77,3469.5,2025-11-26T10:29:00.000Z,train,true
TRN_001311,synthetic://images/battery_lead_acid_ups/48c2599508e5.jpg,48c2599508e5,battery,battery_lead_acid_ups,collector,22.18,Pune,1539.22,,2026-08-10T11:38:00.000Z,train,true
TRN_001312,synthetic://images/motor_fan_ac/88ed276b07fc.jpg,88ed276b07fc,motor_magnet,motor_fan_ac,collector,6.76,Nashik,823.94,795.86,2026-05-10T11:56:00.000Z,train,true
TRN_001313,synthetic://images/battery_li_ion_mobile/d76150f6b23f.jpg,d76150f6b23f,battery,battery_li_ion_mobile,collector,0.13,Nashik,24.38,23.55,2026-05-10T11:56:00.000Z,val,true
TRN_001314,synthetic://images/plastic_hips_tv/a70a37278c46.jpg,a70a37278c46,mixed_plastic,plastic_hips_tv,collector,16.42,Nashik,412.75,398.68,2026-05-10T11:56:00.000Z,train,true
TRN_001315,synthetic://images/cable_data_thin/b456df5a613b.jpg,b456df5a613b,cable,cable_data_thin,collector,5.25,Nagpur,639.17,,2026-05-13T06:54:00.000Z,test,true
TRN_001316,synthetic://images/plastic_abs_casing/9870bb306ef6.jpg,9870bb306ef6,mixed_plastic,plastic_abs_casing,collector,6.52,Mumbai Suburban,229.31,230.46,2026-03-22T13:03:00.000Z,val,true
TRN_001317,synthetic://images/cable_aluminium/0b14ec98c94d.jpg,0b14ec98c94d,cable,cable_aluminium,collector,24.57,Nagpur,1313.07,,2025-10-14T11:29:00.000Z,train,true
TRN_001318,synthetic://images/cable_mixed_scrap/e99a227ed0be.jpg,e99a227ed0be,cable,cable_mixed_scrap,collector,29.9,Pune,5607.75,4841.5,2026-02-10T14:08:00.000Z,train,true
TRN_001319,synthetic://images/pcb_power_supply/f8edbdb9fa45.jpg,f8edbdb9fa45,pcb,pcb_power_supply,collector,10.78,Pune,1378.12,1189.81,2026-02-10T14:08:00.000Z,train,true
TRN_001320,synthetic://images/plastic_hips_tv/22d397fff65c.jpg,22d397fff65c,mixed_plastic,plastic_hips_tv,collector,1.23,Mumbai Suburban,29.81,28.78,2026-08-02T09:55:00.000Z,test,true
TRN_001321,synthetic://images/plastic_mixed_dirty/3379c65a44d7.jpg,3379c65a44d7,mixed_plastic,plastic_mixed_dirty,collector,8.39,Mumbai Suburban,99.34,95.9,2026-08-02T09:55:00.000Z,test,true
TRN_001322,synthetic://images/battery_li_ion_mobile/d7a70241ee5b.jpg,d7a70241ee5b,battery,battery_li_ion_mobile,recycler_corrected,0.2,Mumbai Suburban,35.8,34.56,2026-08-02T09:55:00.000Z,train,true
TRN_001323,synthetic://images/motor_speaker_magnet/0993b9cc63f9.jpg,0993b9cc63f9,motor_magnet,motor_speaker_magnet,collector,5.57,Mumbai Suburban,414.85,400.47,2026-08-02T09:55:00.000Z,train,true
TRN_001324,synthetic://images/cable_aluminium/711baf469e87.jpg,711baf469e87,cable,cable_aluminium,collector,12.68,Mumbai Suburban,1809.06,2031.99,2026-08-09T11:44:00.000Z,test,true
TRN_001325,synthetic://images/cable_copper_house/58b8609c7537.jpg,58b8609c7537,cable,cable_copper_house,collector,19.33,Mumbai Suburban,7246.74,8139.74,2026-08-09T11:44:00.000Z,train,true
TRN_001326,synthetic://images/pcb_power_supply/a322b045c09d.jpg,a322b045c09d,pcb,pcb_power_supply,recycler_corrected,3.09,Mumbai Suburban,473.89,532.29,2026-08-09T11:44:00.000Z,val,true
TRN_001327,synthetic://images/battery_lead_acid_ups/e43ddadaac79.jpg,e43ddadaac79,battery,battery_lead_acid_ups,collector,89.89,Mumbai Suburban,7934.68,8912.46,2026-08-09T11:44:00.000Z,val,true
TRN_001328,synthetic://images/crt_yoke/20f334ef32d8.jpg,20f334ef32d8,crt,crt_yoke,collector,6.35,Chhatrapati Sambhajinagar,407.78,404.09,2025-09-25T18:16:00.000Z,train,true
TRN_001329,synthetic://images/pcb_cpu_processor/1b8cb79e06ba.jpg,1b8cb79e06ba,pcb,pcb_cpu_processor,collector,0.19,Chhatrapati Sambhajinagar,630.18,636.29,2025-10-29T18:10:00.000Z,test,true
TRN_001330,synthetic://images/cable_aluminium/745dc89346af.jpg,745dc89346af,cable,cable_aluminium,collector,19.94,Mumbai Suburban,2332.77,1171.38,2026-08-20T06:01:00.000Z,train,true
TRN_001331,synthetic://images/cable_data_thin/67a5b0f903f3.jpg,67a5b0f903f3,cable,cable_data_thin,collector,37.76,Mumbai Suburban,5676.84,2850.57,2026-08-20T06:01:00.000Z,train,true
TRN_001332,synthetic://images/plastic_abs_casing/9f64b13a9a31.jpg,9f64b13a9a31,mixed_plastic,plastic_abs_casing,collector,31.33,Mumbai Suburban,1147.76,576.34,2026-08-20T06:01:00.000Z,train,true
TRN_001333,synthetic://images/motor_speaker_magnet/fe77852e615c.jpg,fe77852e615c,motor_magnet,motor_speaker_magnet,recycler_corrected,2.63,Pune,208.02,213.41,2026-07-09T19:19:00.000Z,train,true
TRN_001334,synthetic://images/cable_aluminium/d0a4935e381a.jpg,d0a4935e381a,cable,cable_aluminium,collector,14.08,Pune,2101.99,2156.4,2026-07-09T19:19:00.000Z,test,true
TRN_001335,synthetic://images/lcd_laptop_panel/ea5eefa50260.jpg,ea5eefa50260,lcd_panel,lcd_laptop_panel,collector,4.96,Pune,243.11,,2025-11-24T11:33:00.000Z,train,true
TRN_001336,synthetic://images/plastic_abs_casing/1cf8cb46dd46.jpg,1cf8cb46dd46,mixed_plastic,plastic_abs_casing,collector,36.01,Bengaluru Urban,514.01,472.04,2025-10-14T09:06:00.000Z,train,true
TRN_001337,synthetic://images/cable_aluminium/037560425b82.jpg,037560425b82,cable,cable_aluminium,collector,40.63,Bengaluru Urban,5136.75,4717.29,2025-10-14T09:06:00.000Z,train,true
TRN_001338,synthetic://images/pcb_motherboard/f1b2e11b3512.jpg,f1b2e11b3512,pcb,pcb_motherboard,collector,7.04,Mumbai Suburban,2567.39,,2026-04-09T06:16:00.000Z,train,true
TRN_001339,synthetic://images/plastic_abs_casing/18e0f337ba24.jpg,18e0f337ba24,mixed_plastic,plastic_abs_casing,collector,7.8,Nashik,236.11,221.28,2026-01-29T10:14:00.000Z,test,true
TRN_001340,synthetic://images/lcd_monitor_panel/172eefa2bfbd.jpg,172eefa2bfbd,lcd_panel,lcd_monitor_panel,collector,5.96,Nashik,148.63,139.29,2026-01-29T10:14:00.000Z,train,true
TRN_001341,synthetic://images/pcb_motherboard/56345a36e3c7.jpg,56345a36e3c7,pcb,pcb_motherboard,collector,2.62,Nashik,728.28,712.73,2026-03-11T17:16:00.000Z,test,true
TRN_001342,synthetic://images/battery_li_ion_mobile/02d136293339.jpg,02d136293339,battery,battery_li_ion_mobile,collector,0.3,Nashik,54.97,53.8,2026-03-11T17:16:00.000Z,train,true
TRN_001343,synthetic://images/motor_speaker_magnet/044f8e08d1d9.jpg,044f8e08d1d9,motor_magnet,motor_speaker_magnet,collector,3.19,Mumbai Suburban,247.76,234.75,2026-04-08T13:01:00.000Z,train,true
TRN_001344,synthetic://images/cable_copper_house/408bac7ec84d.jpg,408bac7ec84d,cable,cable_copper_house,collector,44.71,New Delhi,21463.95,,2026-05-14T17:44:00.000Z,val,true
TRN_001345,synthetic://images/cable_aluminium/f69ec02ddb74.jpg,f69ec02ddb74,cable,cable_aluminium,recycler_corrected,26.25,New Delhi,4215.23,,2026-05-14T17:44:00.000Z,train,true
TRN_001346,synthetic://images/cable_mixed_scrap/9ec6e77a814c.jpg,9ec6e77a814c,cable,cable_mixed_scrap,collector,23.31,Mumbai Suburban,3894.14,,2025-09-12T18:16:00.000Z,val,true
TRN_001347,synthetic://images/battery_li_ion_laptop/5b78524ee822.jpg,5b78524ee822,battery,battery_li_ion_laptop,collector,3.67,Mumbai Suburban,985.84,,2025-09-12T18:16:00.000Z,val,true
TRN_001348,synthetic://images/pcb_ram_gold/f6f27a5c905b.jpg,f6f27a5c905b,pcb,pcb_ram_gold,collector,0.35,Pune,605.64,623.45,2026-04-09T19:36:00.000Z,train,true
TRN_001349,synthetic://images/pcb_motherboard/09a62bcfc0dc.jpg,09a62bcfc0dc,pcb,pcb_motherboard,recycler_corrected,6.56,Pune,1744.74,1796.05,2026-04-09T19:36:00.000Z,train,true
TRN_001350,synthetic://images/pcb_tv_low_grade/5fa4c68639ca.jpg,5fa4c68639ca,pcb,pcb_tv_low_grade,collector,2.32,Pune,238.68,216.95,2025-11-04T11:22:00.000Z,val,true
TRN_001351,synthetic://images/cable_data_thin/27b2558f807b.jpg,27b2558f807b,cable,cable_data_thin,collector,21.49,Mumbai Suburban,3130.45,2881.84,2026-01-01T19:29:00.000Z,test,true
TRN_001352,synthetic://images/battery_lead_acid_ups/102b7f82d28b.jpg,102b7f82d28b,battery,battery_lead_acid_ups,recycler_corrected,21.07,Mumbai Suburban,1606.63,1479.04,2026-01-01T19:29:00.000Z,test,true
TRN_001353,synthetic://images/crt_yoke/8b200b70a9fd.jpg,8b200b70a9fd,crt,crt_yoke,collector,6.34,Mumbai Suburban,399.74,367.99,2026-01-01T19:29:00.000Z,test,true
TRN_001354,synthetic://images/led_backlight_strip/b09ddf8b1cba.jpg,b09ddf8b1cba,lcd_panel,led_backlight_strip,collector,2.25,Pune,217.23,207.51,2026-03-23T09:35:00.000Z,val,true
TRN_001355,synthetic://images/motor_speaker_magnet/387335ef57a1.jpg,387335ef57a1,motor_magnet,motor_speaker_magnet,collector,1.49,Pune,105.53,100.81,2026-03-23T09:35:00.000Z,train,true
TRN_001356,synthetic://images/plastic_hips_tv/9ec161236570.jpg,9ec161236570,mixed_plastic,plastic_hips_tv,collector,25.44,Pune,488.14,466.3,2026-03-23T09:35:00.000Z,test,true
TRN_001357,synthetic://images/cable_copper_house/486c580fc0d9.jpg,486c580fc0d9,cable,cable_copper_house,collector,15.37,New Delhi,5762.4,,2026-05-18T12:43:00.000Z,test,true
TRN_001358,synthetic://images/led_backlight_strip/243167aa4c96.jpg,243167aa4c96,lcd_panel,led_backlight_strip,collector,19.63,Nagpur,1721.16,,2025-10-19T07:50:00.000Z,train,true
TRN_001359,synthetic://images/motor_fan_ac/06daf0f1026e.jpg,06daf0f1026e,motor_magnet,motor_fan_ac,collector,17.2,New Delhi,2749.42,,2025-10-05T07:35:00.000Z,train,true
TRN_001360,synthetic://images/cable_aluminium/05c20d12b8fe.jpg,05c20d12b8fe,cable,cable_aluminium,collector,17.48,New Delhi,2758.69,,2026-01-23T09:16:00.000Z,train,true
TRN_001361,synthetic://images/cable_copper_house/03d006581f0f.jpg,03d006581f0f,cable,cable_copper_house,collector,14.1,New Delhi,6383.07,,2026-01-23T09:16:00.000Z,test,true
TRN_001362,synthetic://images/cable_copper_house/b5549bcb186f.jpg,b5549bcb186f,cable,cable_copper_house,collector,41.59,Mumbai Suburban,19014.53,20024.23,2026-06-26T07:10:00.000Z,train,true
TRN_001363,synthetic://images/motor_small_appliance/896bd388109f.jpg,896bd388109f,motor_magnet,motor_small_appliance,collector,8.3,Mumbai Suburban,848.67,893.74,2026-06-26T07:10:00.000Z,train,true
TRN_001364,synthetic://images/pcb_cpu_processor/9293eac5a512.jpg,9293eac5a512,pcb,pcb_cpu_processor,collector,0.14,Mumbai Suburban,579.75,610.54,2026-06-26T07:10:00.000Z,val,true
TRN_001365,synthetic://images/plastic_hips_tv/31a31c0c40bd.jpg,31a31c0c40bd,mixed_plastic,plastic_hips_tv,collector,35.68,Mumbai Suburban,931.6,981.07,2026-06-26T07:10:00.000Z,test,true
TRN_001366,synthetic://images/plastic_abs_casing/2cf6930d6e00.jpg,2cf6930d6e00,mixed_plastic,plastic_abs_casing,collector,30.81,New Delhi,1259.73,,2025-12-21T15:59:00.000Z,train,true
TRN_001367,synthetic://images/lcd_laptop_panel/d8373a0c3679.jpg,d8373a0c3679,lcd_panel,lcd_laptop_panel,collector,0.49,Pune,23,22,2025-12-25T15:20:00.000Z,train,true
TRN_001368,synthetic://images/motor_small_appliance/77488551ebaf.jpg,77488551ebaf,motor_magnet,motor_small_appliance,collector,15.61,Pune,1468.37,1404.33,2025-12-25T15:20:00.000Z,train,true
TRN_001369,synthetic://images/lcd_laptop_panel/25da05a483ca.jpg,25da05a483ca,lcd_panel,lcd_laptop_panel,recycler_corrected,4.54,Mumbai Suburban,254.42,231.93,2026-05-22T06:30:00.000Z,train,true
TRN_001370,synthetic://images/cable_data_thin/740cdc801149.jpg,740cdc801149,cable,cable_data_thin,collector,10.69,Pune,1367.04,1328.68,2026-04-27T18:11:00.000Z,train,true
TRN_001371,synthetic://images/led_backlight_strip/1ac727dcf008.jpg,1ac727dcf008,lcd_panel,led_backlight_strip,collector,31.95,Pune,3060.54,2974.67,2026-04-27T18:11:00.000Z,train,true
TRN_001372,synthetic://images/motor_fan_ac/b1d309ff90fd.jpg,b1d309ff90fd,motor_magnet,motor_fan_ac,collector,19.26,Nashik,2310.39,2184.29,2025-10-23T12:37:00.000Z,train,true
TRN_001373,synthetic://images/cable_mixed_scrap/5627c474871e.jpg,5627c474871e,cable,cable_mixed_scrap,collector,30.07,Nashik,6211.77,5872.72,2025-10-23T12:37:00.000Z,test,true
TRN_001374,synthetic://images/battery_li_ion_laptop/e0dad804b47e.jpg,e0dad804b47e,battery,battery_li_ion_laptop,collector,3.29,Pune,721.4,662.53,2026-03-28T15:57:00.000Z,train,true
TRN_001375,synthetic://images/motor_hdd_assembly/ce2327f1fbc4.jpg,ce2327f1fbc4,motor_magnet,motor_hdd_assembly,collector,0.93,Pune,252.49,231.88,2026-03-28T15:57:00.000Z,train,true
TRN_001376,synthetic://images/crt_monitor/424c5326a556.jpg,424c5326a556,crt,crt_monitor,collector,92.54,Mumbai Suburban,565.8,527.08,2026-04-13T19:25:00.000Z,val,true
TRN_001377,synthetic://images/pcb_power_supply/0802e01c8a82.jpg,0802e01c8a82,pcb,pcb_power_supply,collector,4.84,Chhatrapati Sambhajinagar,636.85,611.73,2025-11-14T14:35:00.000Z,train,true
TRN_001378,synthetic://images/plastic_abs_casing/59b6eadbe56e.jpg,59b6eadbe56e,mixed_plastic,plastic_abs_casing,collector,32.94,Chhatrapati Sambhajinagar,970.74,932.46,2025-11-14T14:35:00.000Z,test,true
TRN_001379,synthetic://images/cable_mixed_scrap/22fc032973f8.jpg,22fc032973f8,cable,cable_mixed_scrap,collector,15.21,New Delhi,3223.76,2865.25,2026-05-15T06:02:00.000Z,train,true
TRN_001380,synthetic://images/battery_lead_acid_ups/b6ea16602714.jpg,b6ea16602714,battery,battery_lead_acid_ups,collector,42.61,New Delhi,3028.04,2691.3,2026-05-15T06:02:00.000Z,val,true
TRN_001381,synthetic://images/pcb_motherboard/cdcae155a6d2.jpg,cdcae155a6d2,pcb,pcb_motherboard,recycler_corrected,4.8,New Delhi,1742.18,1548.43,2026-05-15T06:02:00.000Z,train,true
TRN_001382,synthetic://images/cable_mixed_scrap/0d00c9648a99.jpg,0d00c9648a99,cable,cable_mixed_scrap,recycler_corrected,19.94,Mumbai Suburban,4053,,2026-04-23T14:30:00.000Z,train,true
TRN_001383,synthetic://images/cable_aluminium/09a4c589eed0.jpg,09a4c589eed0,cable,cable_aluminium,collector,41.33,Mumbai Suburban,5882.09,,2025-12-04T17:50:00.000Z,train,true
TRN_001384,synthetic://images/battery_lead_acid_ups/1ed34f613f7e.jpg,1ed34f613f7e,battery,battery_lead_acid_ups,collector,50.75,Pune,3970.87,3969.27,2026-01-01T14:42:00.000Z,train,true
TRN_001385,synthetic://images/pcb_ram_gold/620db2924281.jpg,620db2924281,pcb,pcb_ram_gold,recycler_corrected,0.28,Pune,484.52,484.33,2026-01-01T14:42:00.000Z,train,true
TRN_001386,synthetic://images/pcb_power_supply/72aa1c9ce2a8.jpg,72aa1c9ce2a8,pcb,pcb_power_supply,collector,15.15,Nashik,2032.22,1705.68,2026-05-12T12:08:00.000Z,train,true
TRN_001387,synthetic://images/cable_aluminium/e2c09f7c2513.jpg,e2c09f7c2513,cable,cable_aluminium,collector,35.5,Nashik,2181.55,1831.01,2026-05-12T12:08:00.000Z,train,true
TRN_001388,synthetic://images/motor_small_appliance/24e1b652f3a2.jpg,24e1b652f3a2,motor_magnet,motor_small_appliance,collector,8.31,Nashik,1061.63,891.04,2026-05-12T12:08:00.000Z,val,true
TRN_001389,synthetic://images/battery_li_ion_laptop/37e67dafe427.jpg,37e67dafe427,battery,battery_li_ion_laptop,collector,1.78,Thane,406.77,,2026-07-29T17:23:00.000Z,test,true
TRN_001390,synthetic://images/pcb_motherboard/bebe47036be9.jpg,bebe47036be9,pcb,pcb_motherboard,collector,8.12,Mumbai Suburban,2916.05,2573.3,2025-10-23T10:51:00.000Z,test,true
TRN_001391,synthetic://images/cable_aluminium/961a060583ad.jpg,961a060583ad,cable,cable_aluminium,collector,19.83,Mumbai Suburban,2317.46,2220.26,2025-10-05T12:35:00.000Z,train,true
TRN_001392,synthetic://images/plastic_mixed_dirty/2e4d28d218c8.jpg,2e4d28d218c8,mixed_plastic,plastic_mixed_dirty,collector,19.44,Mumbai Suburban,223.95,214.56,2025-10-05T12:35:00.000Z,train,true
TRN_001393,synthetic://images/plastic_mixed_dirty/ee781bf87170.jpg,ee781bf87170,mixed_plastic,plastic_mixed_dirty,recycler_corrected,2.81,Mumbai Suburban,26.54,25.43,2025-10-05T12:35:00.000Z,train,true
TRN_001394,synthetic://images/pcb_cpu_processor/b6a37726b791.jpg,b6a37726b791,pcb,pcb_cpu_processor,collector,0.22,Mumbai Suburban,961.5,921.17,2025-10-05T12:35:00.000Z,test,true
TRN_001395,synthetic://images/pcb_motherboard/0debab18cc6b.jpg,0debab18cc6b,pcb,pcb_motherboard,collector,8.14,Mumbai Suburban,2933.49,3019.06,2025-09-10T15:11:00.000Z,test,true
TRN_001396,synthetic://images/crt_tv/6523c220fbaa.jpg,6523c220fbaa,crt,crt_tv,collector,21.22,Mumbai Suburban,160.64,161.23,2026-02-09T09:14:00.000Z,test,true
TRN_001397,synthetic://images/plastic_hips_tv/1336b80c9384.jpg,1336b80c9384,mixed_plastic,plastic_hips_tv,collector,7.87,Mumbai Suburban,171.53,172.15,2026-02-09T09:14:00.000Z,train,true
TRN_001398,synthetic://images/battery_lead_acid_ups/53152a139574.jpg,53152a139574,battery,battery_lead_acid_ups,recycler_corrected,54.2,Mumbai Suburban,5405.1,5424.79,2026-02-09T09:14:00.000Z,train,true
TRN_001399,synthetic://images/crt_tv/899617bb1b09.jpg,899617bb1b09,crt,crt_tv,recycler_corrected,244.75,Mumbai Suburban,1559.36,1494.16,2026-08-01T13:00:00.000Z,train,true
TRN_001400,synthetic://images/motor_hdd_assembly/cf59d39a2780.jpg,cf59d39a2780,motor_magnet,motor_hdd_assembly,recycler_corrected,2.02,Pune,591.14,572.81,2025-10-24T08:43:00.000Z,train,true
TRN_001401,synthetic://images/pcb_motherboard/d207aae09781.jpg,d207aae09781,pcb,pcb_motherboard,collector,1.37,Pune,191.16,185.23,2025-10-24T08:43:00.000Z,train,true
TRN_001402,synthetic://images/cable_aluminium/627a1ed1f0ba.jpg,627a1ed1f0ba,cable,cable_aluminium,recycler_corrected,13.74,Nagpur,1713.35,,2025-10-18T16:23:00.000Z,val,true
TRN_001403,synthetic://images/pcb_motherboard/30aecd6bd580.jpg,30aecd6bd580,pcb,pcb_motherboard,collector,8.94,Pune,2943.95,3150.77,2026-06-04T18:34:00.000Z,train,true
TRN_001404,synthetic://images/battery_button_cell/06ead9044b48.jpg,06ead9044b48,battery,battery_button_cell,collector,43.55,Pune,3867.24,4138.92,2026-06-04T18:34:00.000Z,train,true
TRN_001405,synthetic://images/pcb_power_supply/cad88df33d26.jpg,cad88df33d26,pcb,pcb_power_supply,recycler_corrected,4.3,Pune,558.4,563.18,2025-11-23T13:00:00.000Z,train,true
TRN_001406,synthetic://images/pcb_ram_gold/cc9b6d93c1fc.jpg,cc9b6d93c1fc,pcb,pcb_ram_gold,collector,0.05,Pune,67.81,64.35,2026-07-23T15:09:00.000Z,val,true
TRN_001407,synthetic://images/plastic_abs_casing/13b988bb297e.jpg,13b988bb297e,mixed_plastic,plastic_abs_casing,collector,9.35,Pune,326.88,310.23,2026-07-23T15:09:00.000Z,train,true
TRN_001408,synthetic://images/cable_copper_house/671502aa18af.jpg,671502aa18af,cable,cable_copper_house,collector,10.8,Thane,3683.12,3345.14,2025-12-24T17:50:00.000Z,test,true
TRN_001409,synthetic://images/crt_tv/5b83ede31056.jpg,5b83ede31056,crt,crt_tv,recycler_corrected,21.96,Thane,156.36,142.01,2025-12-24T17:50:00.000Z,val,true
TRN_001410,synthetic://images/cable_copper_house/5fdb5a71c889.jpg,5fdb5a71c889,cable,cable_copper_house,collector,41.32,Thane,17184.57,15607.65,2025-12-24T17:50:00.000Z,test,true
TRN_001411,synthetic://images/motor_hdd_assembly/0aa40aa71a3a.jpg,0aa40aa71a3a,motor_magnet,motor_hdd_assembly,collector,4.71,Pune,1319.79,1377.55,2026-05-13T08:02:00.000Z,train,true
TRN_001412,synthetic://images/cable_mixed_scrap/91832819387d.jpg,91832819387d,cable,cable_mixed_scrap,collector,31.22,Pune,6213.31,6485.25,2026-05-13T08:02:00.000Z,train,true
TRN_001413,synthetic://images/motor_hdd_assembly/3df21ad8b126.jpg,3df21ad8b126,motor_magnet,motor_hdd_assembly,collector,7.58,Pune,1741.67,1817.9,2026-05-13T08:02:00.000Z,train,true
TRN_001414,synthetic://images/motor_hdd_assembly/b1687f4b8745.jpg,b1687f4b8745,motor_magnet,motor_hdd_assembly,collector,0.45,Pune,119.79,125.03,2026-05-13T08:02:00.000Z,train,true
TRN_001415,synthetic://images/pcb_ram_gold/5ba10b10c9bf.jpg,5ba10b10c9bf,pcb,pcb_ram_gold,collector,0.32,Mumbai Suburban,517.14,,2026-05-24T13:29:00.000Z,train,true
TRN_001416,synthetic://images/pcb_tv_low_grade/3382b0b14996.jpg,3382b0b14996,pcb,pcb_tv_low_grade,collector,3.99,Mumbai Suburban,402.86,,2026-05-24T13:29:00.000Z,train,true
TRN_001417,synthetic://images/cable_data_thin/cc398b127660.jpg,cc398b127660,cable,cable_data_thin,collector,24.55,Mumbai Suburban,2498.36,,2026-05-24T13:29:00.000Z,val,true
TRN_001418,synthetic://images/cable_data_thin/abf9a0b10d43.jpg,abf9a0b10d43,cable,cable_data_thin,collector,36.43,Mumbai Suburban,5561,,2026-05-24T13:29:00.000Z,test,true
TRN_001419,synthetic://images/plastic_hips_tv/a13ec2dbf731.jpg,a13ec2dbf731,mixed_plastic,plastic_hips_tv,collector,9.15,Nashik,216.76,233.86,2025-12-11T10:23:00.000Z,val,true
TRN_001420,synthetic://images/pcb_cpu_processor/34e2e82866d4.jpg,34e2e82866d4,pcb,pcb_cpu_processor,collector,0.07,New Delhi,334.07,,2025-11-28T15:29:00.000Z,val,true
TRN_001421,synthetic://images/cable_mixed_scrap/fc6edc079493.jpg,fc6edc079493,cable,cable_mixed_scrap,collector,1.4,New Delhi,282.96,,2025-11-28T15:29:00.000Z,train,true
TRN_001422,synthetic://images/motor_speaker_magnet/3d301806a994.jpg,3d301806a994,motor_magnet,motor_speaker_magnet,collector,1.24,New Delhi,87.4,,2025-11-28T15:29:00.000Z,val,true
TRN_001423,synthetic://images/motor_fan_ac/b79ac097986f.jpg,b79ac097986f,motor_magnet,motor_fan_ac,collector,3.71,Thane,478.93,512.83,2026-03-15T16:19:00.000Z,train,true
TRN_001424,synthetic://images/cable_data_thin/132fbb61d04f.jpg,132fbb61d04f,cable,cable_data_thin,recycler_corrected,8.11,Thane,1198.3,1283.11,2026-03-15T16:19:00.000Z,test,true
TRN_001425,synthetic://images/pcb_ram_gold/11daa8ff9ebe.jpg,11daa8ff9ebe,pcb,pcb_ram_gold,collector,0.07,Thane,106.47,107.24,2025-12-05T15:48:00.000Z,train,true
TRN_001426,synthetic://images/cable_mixed_scrap/aef94a867067.jpg,aef94a867067,cable,cable_mixed_scrap,collector,42.07,Mumbai Suburban,8520.02,,2025-11-21T19:12:00.000Z,train,true
TRN_001427,synthetic://images/cable_mixed_scrap/89f182fcb5c3.jpg,89f182fcb5c3,cable,cable_mixed_scrap,recycler_corrected,9.17,Mumbai Suburban,1857.11,,2025-11-21T19:12:00.000Z,test,true
TRN_001428,synthetic://images/lcd_monitor_panel/b010675c970c.jpg,b010675c970c,lcd_panel,lcd_monitor_panel,collector,30.65,Mumbai Suburban,841.96,793.64,2025-10-15T08:35:00.000Z,val,true
TRN_001429,synthetic://images/motor_small_appliance/2be3a153c95e.jpg,2be3a153c95e,motor_magnet,motor_small_appliance,recycler_corrected,4.28,Mumbai Suburban,279.98,253.1,2025-10-26T12:46:00.000Z,train,true
TRN_001430,synthetic://images/plastic_mixed_dirty/9fe352d5a8f7.jpg,9fe352d5a8f7,mixed_plastic,plastic_mixed_dirty,recycler_corrected,14.05,Mumbai Suburban,169.95,153.63,2025-10-26T12:46:00.000Z,train,true
TRN_001431,synthetic://images/pcb_motherboard/1cc4a8f06af5.jpg,1cc4a8f06af5,pcb,pcb_motherboard,recycler_corrected,0.92,Mumbai Suburban,313.87,283.74,2025-10-26T12:46:00.000Z,train,true
TRN_001432,synthetic://images/pcb_power_supply/1772cdf24338.jpg,1772cdf24338,pcb,pcb_power_supply,collector,12.31,Pune,1472.03,,2026-07-13T09:53:00.000Z,train,true
TRN_001433,synthetic://images/pcb_ram_gold/8a07100d68d6.jpg,8a07100d68d6,pcb,pcb_ram_gold,collector,0.21,Pune,364.68,,2026-07-13T09:53:00.000Z,test,true
TRN_001434,synthetic://images/cable_copper_house/286cd6a2ad5e.jpg,286cd6a2ad5e,cable,cable_copper_house,collector,36.49,Mumbai Suburban,7507.29,,2026-08-29T13:31:00.000Z,train,true
TRN_001435,synthetic://images/cable_aluminium/9393dbd01fbf.jpg,9393dbd01fbf,cable,cable_aluminium,collector,33.27,Bengaluru Urban,4253.17,,2026-04-19T10:56:00.000Z,train,true
TRN_001436,synthetic://images/pcb_power_supply/96e2d5e242d0.jpg,96e2d5e242d0,pcb,pcb_power_supply,collector,1.4,Bengaluru Urban,202.84,186.8,2025-12-02T17:56:00.000Z,train,true
TRN_001437,synthetic://images/motor_fan_ac/c5241dcfb9fa.jpg,c5241dcfb9fa,motor_magnet,motor_fan_ac,collector,15.52,Pune,2363.9,2340.66,2026-08-27T18:47:00.000Z,val,true
TRN_001438,synthetic://images/motor_fan_ac/72549c7bc240.jpg,72549c7bc240,motor_magnet,motor_fan_ac,collector,7.38,Pune,1070.54,1060.02,2026-08-27T18:47:00.000Z,train,true
TRN_001439,synthetic://images/pcb_cpu_processor/47480e05c497.jpg,47480e05c497,pcb,pcb_cpu_processor,collector,0.16,Pune,675.78,669.14,2026-08-27T18:47:00.000Z,train,true
TRN_001440,synthetic://images/cable_data_thin/4db6d3d3714e.jpg,4db6d3d3714e,cable,cable_data_thin,collector,8.36,New Delhi,1285.68,1250.24,2026-04-05T10:59:00.000Z,val,true
TRN_001441,synthetic://images/cable_data_thin/a25b5a0fd05f.jpg,a25b5a0fd05f,cable,cable_data_thin,collector,14.24,New Delhi,2189.97,2129.61,2026-04-05T10:59:00.000Z,train,true
TRN_001442,synthetic://images/plastic_hips_tv/1deb11ad841a.jpg,1deb11ad841a,mixed_plastic,plastic_hips_tv,recycler_corrected,15.69,New Delhi,421.91,410.28,2026-04-05T10:59:00.000Z,train,true
TRN_001443,synthetic://images/pcb_mobile/129e2679ba6c.jpg,129e2679ba6c,pcb,pcb_mobile,collector,0.09,New Delhi,117.04,113.81,2026-04-05T10:59:00.000Z,val,true
TRN_001444,synthetic://images/battery_li_ion_mobile/69d40a3418f9.jpg,69d40a3418f9,battery,battery_li_ion_mobile,collector,0.41,New Delhi,67.75,72.12,2026-07-06T14:51:00.000Z,test,true
TRN_001445,synthetic://images/cable_data_thin/68a923f1ac4b.jpg,68a923f1ac4b,cable,cable_data_thin,collector,32.35,New Delhi,5462.31,5814.3,2026-07-06T14:51:00.000Z,test,true
TRN_001446,synthetic://images/battery_lead_acid_ups/61cac87f0e7b.jpg,61cac87f0e7b,battery,battery_lead_acid_ups,collector,56.42,Nagpur,4325.9,4501.43,2026-08-13T18:42:00.000Z,train,true
TRN_001447,synthetic://images/pcb_mobile/f427fbd2bbfc.jpg,f427fbd2bbfc,pcb,pcb_mobile,collector,0.14,Nagpur,115.3,119.98,2026-08-13T18:42:00.000Z,train,true
TRN_001448,synthetic://images/motor_small_appliance/28b28c598afb.jpg,28b28c598afb,motor_magnet,motor_small_appliance,recycler_corrected,8.62,Nagpur,948.72,987.22,2026-08-13T18:42:00.000Z,train,true
TRN_001449,synthetic://images/motor_small_appliance/246c7e284360.jpg,246c7e284360,motor_magnet,motor_small_appliance,collector,8.68,Mumbai Suburban,884.18,843.01,2026-07-08T19:57:00.000Z,train,true
TRN_001450,synthetic://images/crt_tv/b3af15e062d6.jpg,b3af15e062d6,crt,crt_tv,recycler_corrected,96.64,Mumbai Suburban,597.47,569.65,2026-07-08T19:57:00.000Z,train,true
TRN_001451,synthetic://images/motor_speaker_magnet/43b9df43d175.jpg,43b9df43d175,motor_magnet,motor_speaker_magnet,collector,0.69,Mumbai Suburban,48.91,46.63,2026-07-08T19:57:00.000Z,train,true
TRN_001452,synthetic://images/pcb_ram_gold/8f751e2ed7c0.jpg,8f751e2ed7c0,pcb,pcb_ram_gold,collector,0.17,Mumbai Suburban,123.63,117.87,2026-07-08T19:57:00.000Z,val,true
TRN_001453,synthetic://images/cable_copper_house/ff5d50e39537.jpg,ff5d50e39537,cable,cable_copper_house,recycler_corrected,16.46,Nashik,5819.01,5573.03,2026-01-19T14:01:00.000Z,test,true
TRN_001454,synthetic://images/cable_mixed_scrap/d93bcc6f2a97.jpg,d93bcc6f2a97,cable,cable_mixed_scrap,collector,9.08,Nagpur,1165.25,,2025-10-23T17:18:00.000Z,val,true
TRN_001455,synthetic://images/cable_copper_house/f82ae9ab1f5b.jpg,f82ae9ab1f5b,cable,cable_copper_house,collector,21.58,Nagpur,8088.62,,2025-10-23T17:18:00.000Z,val,true
TRN_001456,synthetic://images/pcb_tv_low_grade/5d6ec89d96de.jpg,5d6ec89d96de,pcb,pcb_tv_low_grade,collector,3.47,Nagpur,372.37,,2025-10-23T17:18:00.000Z,val,true
TRN_001457,synthetic://images/crt_monitor/8c67b68d1383.jpg,8c67b68d1383,crt,crt_monitor,collector,72.31,New Delhi,531.95,,2025-09-29T14:56:00.000Z,train,true
TRN_001458,synthetic://images/cable_aluminium/8fa2ec78c7f8.jpg,8fa2ec78c7f8,cable,cable_aluminium,collector,37.6,New Delhi,5961.1,,2025-09-29T14:56:00.000Z,train,true
TRN_001459,synthetic://images/pcb_motherboard/8e9c0cac497b.jpg,8e9c0cac497b,pcb,pcb_motherboard,collector,4.93,Bengaluru Urban,1281.91,1263.28,2026-07-25T07:04:00.000Z,train,true
TRN_001460,synthetic://images/cable_data_thin/f43930767a91.jpg,f43930767a91,cable,cable_data_thin,collector,41.24,Bengaluru Urban,5856.9,5771.78,2026-07-25T07:04:00.000Z,test,true
TRN_001461,synthetic://images/pcb_mobile/79be87e6ca52.jpg,79be87e6ca52,pcb,pcb_mobile,collector,0.11,New Delhi,113.03,,2025-11-09T10:37:00.000Z,train,true
TRN_001462,synthetic://images/plastic_hips_tv/a8d857b74a8d.jpg,a8d857b74a8d,mixed_plastic,plastic_hips_tv,collector,1.33,Bengaluru Urban,24.39,,2026-07-16T08:01:00.000Z,train,true
TRN_001463,synthetic://images/pcb_tv_low_grade/e4a46236ae3d.jpg,e4a46236ae3d,pcb,pcb_tv_low_grade,collector,3.24,Bengaluru Urban,318.39,,2026-07-16T08:01:00.000Z,train,true
TRN_001464,synthetic://images/crt_tv/10af4542ca88.jpg,10af4542ca88,crt,crt_tv,collector,103.36,Bengaluru Urban,523.15,484.24,2025-10-08T07:14:00.000Z,train,true
TRN_001465,synthetic://images/plastic_abs_casing/b982900a1d72.jpg,b982900a1d72,mixed_plastic,plastic_abs_casing,collector,15.5,Bengaluru Urban,491.66,455.1,2025-10-08T07:14:00.000Z,train,true
TRN_001466,synthetic://images/plastic_hips_tv/17cad40f7558.jpg,17cad40f7558,mixed_plastic,plastic_hips_tv,collector,32.28,New Delhi,909.97,858.24,2026-08-27T06:51:00.000Z,train,true
TRN_001467,synthetic://images/pcb_ram_gold/4f1d7fbc8c76.jpg,4f1d7fbc8c76,pcb,pcb_ram_gold,collector,0.13,Pune,214.24,192.37,2026-01-17T15:18:00.000Z,train,true
TRN_001468,synthetic://images/crt_yoke/5a23dd10109e.jpg,5a23dd10109e,crt,crt_yoke,collector,5.66,Pune,183.13,164.43,2026-01-17T15:18:00.000Z,train,true
TRN_001469,synthetic://images/motor_fan_ac/78f8960f884f.jpg,78f8960f884f,motor_magnet,motor_fan_ac,collector,30.29,Nagpur,3637.5,,2025-12-22T10:56:00.000Z,val,true
TRN_001470,synthetic://images/motor_hdd_assembly/8847590c9a9d.jpg,8847590c9a9d,motor_magnet,motor_hdd_assembly,collector,7.3,Pune,1672.43,,2025-09-27T06:54:00.000Z,train,true
TRN_001471,synthetic://images/crt_yoke/441e08150674.jpg,441e08150674,crt,crt_yoke,collector,8.55,Pune,509.42,,2025-09-27T06:54:00.000Z,train,true
TRN_001472,synthetic://images/plastic_hips_tv/032c768ab369.jpg,032c768ab369,mixed_plastic,plastic_hips_tv,collector,22.67,Pune,528.89,,2025-09-27T06:54:00.000Z,train,true
TRN_001473,synthetic://images/motor_fan_ac/2c186544d38e.jpg,2c186544d38e,motor_magnet,motor_fan_ac,collector,26.31,Bengaluru Urban,4601.3,4359.75,2026-07-12T14:16:00.000Z,val,true
TRN_001474,synthetic://images/pcb_ram_gold/5dc8fd2f89a2.jpg,5dc8fd2f89a2,pcb,pcb_ram_gold,collector,0.18,Bengaluru Urban,289.7,274.49,2026-07-12T14:16:00.000Z,train,true
TRN_001475,synthetic://images/battery_lead_acid_ups/f0a072fa342f.jpg,f0a072fa342f,battery,battery_lead_acid_ups,recycler_corrected,67.71,Mumbai Suburban,6275.67,,2026-08-29T17:46:00.000Z,train,true
TRN_001476,synthetic://images/crt_monitor/b8ab32d233b1.jpg,b8ab32d233b1,crt,crt_monitor,collector,37.23,Mumbai Suburban,143.58,,2026-08-29T17:46:00.000Z,train,true
TRN_001477,synthetic://images/plastic_hips_tv/11e3d61c710c.jpg,11e3d61c710c,mixed_plastic,plastic_hips_tv,collector,36.63,Pune,389.34,364.01,2026-04-26T15:01:00.000Z,val,true
TRN_001478,synthetic://images/pcb_cpu_processor/9d403648d8ea.jpg,9d403648d8ea,pcb,pcb_cpu_processor,collector,0.22,Pune,926.5,866.23,2026-04-26T15:01:00.000Z,train,true
TRN_001479,synthetic://images/battery_li_ion_laptop/0e430757953a.jpg,0e430757953a,battery,battery_li_ion_laptop,recycler_corrected,0.35,Pune,72.56,68.25,2026-04-16T08:31:00.000Z,val,true
TRN_001480,synthetic://images/motor_speaker_magnet/15764f4eafe9.jpg,15764f4eafe9,motor_magnet,motor_speaker_magnet,collector,2.1,Bengaluru Urban,111.65,57.71,2025-10-28T10:28:00.000Z,train,true
TRN_001481,synthetic://images/pcb_ram_gold/564b7609fd08.jpg,564b7609fd08,pcb,pcb_ram_gold,recycler_corrected,0.03,Bengaluru Urban,32.69,16.9,2025-10-28T10:28:00.000Z,train,true
TRN_001482,synthetic://images/motor_speaker_magnet/ba47af0c4040.jpg,ba47af0c4040,motor_magnet,motor_speaker_magnet,collector,5.29,Bengaluru Urban,329.46,170.29,2025-10-28T10:28:00.000Z,train,true
TRN_001483,synthetic://images/battery_li_ion_mobile/54c478b3a1f6.jpg,54c478b3a1f6,battery,battery_li_ion_mobile,collector,0.25,New Delhi,56.94,46.9,2026-04-28T18:09:00.000Z,train,true
TRN_001484,synthetic://images/battery_li_ion_mobile/efb770bc4a4a.jpg,efb770bc4a4a,battery,battery_li_ion_mobile,collector,0.22,New Delhi,50.11,41.28,2026-04-28T18:09:00.000Z,train,true
TRN_001485,synthetic://images/motor_hdd_assembly/6cb5f83d91f7.jpg,6cb5f83d91f7,motor_magnet,motor_hdd_assembly,collector,5.08,New Delhi,1006.35,,2026-08-02T14:32:00.000Z,test,true
TRN_001486,synthetic://images/battery_li_ion_laptop/6fc507bfa8af.jpg,6fc507bfa8af,battery,battery_li_ion_laptop,collector,1.02,Bengaluru Urban,235.42,,2025-10-30T06:04:00.000Z,train,true
TRN_001487,synthetic://images/motor_fan_ac/2700c2dda15c.jpg,2700c2dda15c,motor_magnet,motor_fan_ac,collector,2.51,Pune,356.02,320.16,2026-04-09T06:11:00.000Z,train,true
TRN_001488,synthetic://images/pcb_tv_low_grade/c452af8d3581.jpg,c452af8d3581,pcb,pcb_tv_low_grade,recycler_corrected,6.39,New Delhi,852.81,,2025-09-07T17:12:00.000Z,test,true
TRN_001489,synthetic://images/lcd_tv_panel/45df0f45d1db.jpg,45df0f45d1db,lcd_panel,lcd_tv_panel,collector,114.9,New Delhi,2594.17,,2025-09-07T17:12:00.000Z,train,true
TRN_001490,synthetic://images/pcb_power_supply/e1e7f245eb39.jpg,e1e7f245eb39,pcb,pcb_power_supply,collector,15.37,New Delhi,2073.51,,2025-09-07T17:12:00.000Z,train,true
TRN_001491,synthetic://images/battery_lead_acid_ups/a9441ba0258f.jpg,a9441ba0258f,battery,battery_lead_acid_ups,collector,21.89,Thane,2089.84,1916.42,2026-05-04T15:52:00.000Z,test,true
TRN_001492,synthetic://images/crt_monitor/ca86bd904718.jpg,ca86bd904718,crt,crt_monitor,collector,19.12,Mumbai Suburban,163.48,180.21,2025-12-13T19:45:00.000Z,train,true
TRN_001493,synthetic://images/motor_fan_ac/27029cf53db5.jpg,27029cf53db5,motor_magnet,motor_fan_ac,collector,27.95,Pune,3950.73,3996.84,2026-02-18T11:52:00.000Z,train,true
TRN_001494,synthetic://images/cable_aluminium/c0dacb67453f.jpg,c0dacb67453f,cable,cable_aluminium,recycler_corrected,42.26,Mumbai Suburban,6010.22,,2026-01-11T19:28:00.000Z,train,true
TRN_001495,synthetic://images/cable_aluminium/c0154ec6c9e6.jpg,c0154ec6c9e6,cable,cable_aluminium,collector,43.79,Mumbai Suburban,5106.81,,2026-01-11T19:28:00.000Z,train,true
TRN_001496,synthetic://images/cable_data_thin/0541b3879275.jpg,0541b3879275,cable,cable_data_thin,collector,5.3,Mumbai Suburban,540.44,,2026-01-11T19:28:00.000Z,train,true
TRN_001497,synthetic://images/pcb_motherboard/2de1cd34d0f9.jpg,2de1cd34d0f9,pcb,pcb_motherboard,recycler_corrected,1.87,Pune,576.21,577.7,2026-04-06T12:06:00.000Z,val,true
TRN_001498,synthetic://images/pcb_tv_low_grade/3e14214ec36a.jpg,3e14214ec36a,pcb,pcb_tv_low_grade,recycler_corrected,1.48,Thane,73.11,71.69,2025-12-15T15:33:00.000Z,test,true
TRN_001499,synthetic://images/pcb_power_supply/20b0d8ea62a3.jpg,20b0d8ea62a3,pcb,pcb_power_supply,collector,5.89,Thane,675.35,662.28,2025-12-15T15:33:00.000Z,val,true
TRN_001500,synthetic://images/crt_yoke/c61ca9d0c504.jpg,c61ca9d0c504,crt,crt_yoke,collector,1.26,Nashik,72.25,74.99,2025-09-14T08:13:00.000Z,train,true
TRN_001501,synthetic://images/motor_fan_ac/af91bf1576ab.jpg,af91bf1576ab,motor_magnet,motor_fan_ac,collector,24.25,Nashik,1597.48,1657.99,2025-09-14T08:13:00.000Z,test,true
TRN_001502,synthetic://images/crt_tv/f1ee96156a76.jpg,f1ee96156a76,crt,crt_tv,collector,150.67,Pune,776.26,716.41,2026-03-10T09:27:00.000Z,train,true
TRN_001503,synthetic://images/battery_li_ion_mobile/692b6eb699e3.jpg,692b6eb699e3,battery,battery_li_ion_mobile,collector,0.3,Pune,57.63,53.19,2026-03-10T09:27:00.000Z,train,true
TRN_001504,synthetic://images/battery_button_cell/dad19a7746b5.jpg,dad19a7746b5,battery,battery_button_cell,collector,40.34,Pune,3140.17,2898.06,2026-03-10T09:27:00.000Z,train,true
TRN_001505,synthetic://images/plastic_abs_casing/4bd76c5f4191.jpg,4bd76c5f4191,mixed_plastic,plastic_abs_casing,collector,33.91,Bengaluru Urban,1130.12,1169.35,2026-02-26T06:07:00.000Z,train,true
TRN_001506,synthetic://images/cable_copper_house/e91f88716491.jpg,e91f88716491,cable,cable_copper_house,collector,31.19,Nashik,11099.79,11201.46,2025-11-06T13:09:00.000Z,train,true
TRN_001507,synthetic://images/crt_monitor/1323c09e2c66.jpg,1323c09e2c66,crt,crt_monitor,collector,92.72,Nashik,364.43,371.12,2026-06-24T13:47:00.000Z,train,true
TRN_001508,synthetic://images/battery_li_ion_mobile/ee86946917fb.jpg,ee86946917fb,battery,battery_li_ion_mobile,collector,0.23,Nashik,40.08,40.82,2026-06-24T13:47:00.000Z,train,true
TRN_001509,synthetic://images/pcb_mobile/b3adecfb64dd.jpg,b3adecfb64dd,pcb,pcb_mobile,collector,0.08,Pune,86.37,81.19,2026-08-18T15:33:00.000Z,train,true
TRN_001510,synthetic://images/pcb_motherboard/0dd1a06d3de4.jpg,0dd1a06d3de4,pcb,pcb_motherboard,collector,6.69,Pune,1822.11,1712.85,2026-08-18T15:33:00.000Z,train,true
TRN_001511,synthetic://images/motor_fan_ac/415497028838.jpg,415497028838,motor_magnet,motor_fan_ac,recycler_corrected,38.91,Bengaluru Urban,6866.99,6964.69,2026-05-06T12:52:00.000Z,val,true
TRN_001512,synthetic://images/cable_aluminium/7df0c6f78fbe.jpg,7df0c6f78fbe,cable,cable_aluminium,collector,28.24,Bengaluru Urban,4400.36,4462.96,2026-05-06T12:52:00.000Z,train,true
TRN_001513,synthetic://images/cable_data_thin/afa6bcdcae1d.jpg,afa6bcdcae1d,cable,cable_data_thin,collector,43.2,Bengaluru Urban,6588,6681.73,2026-05-06T12:52:00.000Z,train,true
TRN_001514,synthetic://images/cable_data_thin/1c2738e81560.jpg,1c2738e81560,cable,cable_data_thin,recycler_corrected,40.12,New Delhi,5290.39,,2026-07-17T14:45:00.000Z,test,true
TRN_001515,synthetic://images/pcb_motherboard/a651190b78bd.jpg,a651190b78bd,pcb,pcb_motherboard,collector,4,New Delhi,1147.31,,2026-07-17T14:45:00.000Z,train,true
TRN_001516,synthetic://images/cable_data_thin/5238f9ab8be2.jpg,5238f9ab8be2,cable,cable_data_thin,collector,2.47,Thane,365.11,359.8,2026-07-09T12:44:00.000Z,test,true
TRN_001517,synthetic://images/battery_button_cell/734a6d3179ff.jpg,734a6d3179ff,battery,battery_button_cell,collector,37.63,Pune,3777.3,3664.6,2026-01-18T11:09:00.000Z,train,true
TRN_001518,synthetic://images/battery_li_ion_laptop/a52e67aa2633.jpg,a52e67aa2633,battery,battery_li_ion_laptop,collector,2.73,Pune,598.61,608.68,2026-02-18T10:46:00.000Z,train,true
TRN_001519,synthetic://images/pcb_mobile/750c81a8bbd8.jpg,750c81a8bbd8,pcb,pcb_mobile,collector,0.02,Pune,17.04,17.33,2026-02-18T10:46:00.000Z,val,true
TRN_001520,synthetic://images/pcb_motherboard/6945a38739dd.jpg,6945a38739dd,pcb,pcb_motherboard,collector,7.14,Pune,1935.54,1968.09,2026-02-18T10:46:00.000Z,train,true
TRN_001521,synthetic://images/pcb_tv_low_grade/a180eb008a30.jpg,a180eb008a30,pcb,pcb_tv_low_grade,collector,3.37,Pune,364.04,370.16,2026-02-18T10:46:00.000Z,train,true
TRN_001522,synthetic://images/cable_data_thin/d8909aa3495a.jpg,d8909aa3495a,cable,cable_data_thin,recycler_corrected,14.3,Pune,1828.68,1832.28,2026-04-08T10:57:00.000Z,train,true
TRN_001523,synthetic://images/pcb_tv_low_grade/12e2c5032cc9.jpg,12e2c5032cc9,pcb,pcb_tv_low_grade,recycler_corrected,3.56,Nagpur,381.92,,2026-05-08T19:13:00.000Z,test,true
TRN_001524,synthetic://images/plastic_hips_tv/995413206214.jpg,995413206214,mixed_plastic,plastic_hips_tv,recycler_corrected,10.22,Chhatrapati Sambhajinagar,215.13,,2025-12-01T18:54:00.000Z,train,true
TRN_001525,synthetic://images/led_backlight_strip/1603076d48fc.jpg,1603076d48fc,lcd_panel,led_backlight_strip,collector,8.71,Nashik,545.25,493.98,2025-11-11T16:34:00.000Z,train,true
TRN_001526,synthetic://images/cable_data_thin/26b377e8fdda.jpg,26b377e8fdda,cable,cable_data_thin,collector,32.55,Bengaluru Urban,4707.06,4687.1,2025-11-18T06:45:00.000Z,test,true
TRN_001527,synthetic://images/cable_copper_house/dbe680d2e362.jpg,dbe680d2e362,cable,cable_copper_house,collector,9.51,Bengaluru Urban,3455.23,3440.57,2025-11-18T06:45:00.000Z,train,true
TRN_001528,synthetic://images/plastic_mixed_dirty/52245f8f75ca.jpg,52245f8f75ca,mixed_plastic,plastic_mixed_dirty,collector,33.41,Mumbai Suburban,395.57,368.46,2026-08-22T11:02:00.000Z,val,true
TRN_001529,synthetic://images/pcb_ram_gold/af2e7abb12c1.jpg,af2e7abb12c1,pcb,pcb_ram_gold,collector,0.03,Chhatrapati Sambhajinagar,43.92,23.61,2026-02-17T14:40:00.000Z,val,true
TRN_001530,synthetic://images/pcb_motherboard/618dcd5c72bc.jpg,618dcd5c72bc,pcb,pcb_motherboard,collector,2.74,Chhatrapati Sambhajinagar,794.19,426.86,2026-02-17T14:40:00.000Z,train,true
TRN_001531,synthetic://images/cable_copper_house/961f03928e59.jpg,961f03928e59,cable,cable_copper_house,recycler_corrected,6.01,Chhatrapati Sambhajinagar,2033.12,1092.76,2026-02-17T14:40:00.000Z,train,true
TRN_001532,synthetic://images/cable_mixed_scrap/6fd9b9f262a9.jpg,6fd9b9f262a9,cable,cable_mixed_scrap,collector,28.91,Chhatrapati Sambhajinagar,5272.61,2833.92,2026-02-17T14:40:00.000Z,val,true
TRN_001533,synthetic://images/cable_mixed_scrap/c7d2ec390f99.jpg,c7d2ec390f99,cable,cable_mixed_scrap,collector,4.89,Pune,926.85,867.68,2026-06-04T16:53:00.000Z,train,true
TRN_001534,synthetic://images/plastic_abs_casing/f51dd8805350.jpg,f51dd8805350,mixed_plastic,plastic_abs_casing,collector,28.96,Pune,827.59,774.76,2026-06-04T16:53:00.000Z,train,true
TRN_001535,synthetic://images/pcb_tv_low_grade/2bf3fc404cf8.jpg,2bf3fc404cf8,pcb,pcb_tv_low_grade,collector,2.28,Pune,245.58,229.9,2026-06-04T16:53:00.000Z,train,true
TRN_001536,synthetic://images/pcb_ram_gold/4bf7f5d380e2.jpg,4bf7f5d380e2,pcb,pcb_ram_gold,recycler_corrected,0.02,Mumbai Suburban,32.35,33.11,2026-02-14T17:30:00.000Z,train,true
TRN_001537,synthetic://images/pcb_ram_gold/9ea7b4563597.jpg,9ea7b4563597,pcb,pcb_ram_gold,collector,0.15,Mumbai Suburban,198.94,203.63,2026-02-14T17:30:00.000Z,train,true
TRN_001538,synthetic://images/battery_lead_acid_ups/5088b2467a58.jpg,5088b2467a58,battery,battery_lead_acid_ups,collector,28.14,Mumbai Suburban,2594.79,2655.97,2026-02-14T17:30:00.000Z,train,true
TRN_001539,synthetic://images/plastic_mixed_dirty/a0f95992f9b0.jpg,a0f95992f9b0,mixed_plastic,plastic_mixed_dirty,collector,7.3,Nagpur,69.2,68.91,2026-02-09T16:21:00.000Z,val,true
TRN_001540,synthetic://images/cable_copper_house/b0b7bfd6f2ad.jpg,b0b7bfd6f2ad,cable,cable_copper_house,collector,34.7,Mumbai Suburban,15923.48,13657.78,2026-04-08T17:42:00.000Z,val,true
TRN_001541,synthetic://images/pcb_ram_gold/292e7a4ca824.jpg,292e7a4ca824,pcb,pcb_ram_gold,recycler_corrected,0.13,Mumbai Suburban,145.27,124.6,2026-04-08T17:42:00.000Z,train,true
TRN_001542,synthetic://images/cable_copper_house/43092c85ccc6.jpg,43092c85ccc6,cable,cable_copper_house,recycler_corrected,32.74,Pune,13767.64,13554.57,2025-09-11T16:09:00.000Z,train,true
TRN_001543,synthetic://images/cable_data_thin/586e03460037.jpg,586e03460037,cable,cable_data_thin,collector,24.56,Pune,3339.03,3287.35,2025-09-11T16:09:00.000Z,train,true
TRN_001544,synthetic://images/battery_button_cell/a382a97ed4e8.jpg,a382a97ed4e8,battery,battery_button_cell,collector,42.6,Mumbai Suburban,4814.23,,2026-02-05T18:57:00.000Z,test,true
TRN_001545,synthetic://images/lcd_monitor_panel/e9bea673ea7f.jpg,e9bea673ea7f,lcd_panel,lcd_monitor_panel,collector,27.9,Mumbai Suburban,809.13,,2026-02-05T18:57:00.000Z,test,true
TRN_001546,synthetic://images/cable_mixed_scrap/6d95fbae5be2.jpg,6d95fbae5be2,cable,cable_mixed_scrap,recycler_corrected,30.3,Mumbai Suburban,6031.22,,2026-02-05T18:57:00.000Z,test,true
TRN_001547,synthetic://images/cable_aluminium/a54d38af4b18.jpg,a54d38af4b18,cable,cable_aluminium,collector,37.27,Thane,5616.96,5622.31,2025-11-07T14:04:00.000Z,train,true
TRN_001548,synthetic://images/battery_li_ion_mobile/83b1d9ca0266.jpg,83b1d9ca0266,battery,battery_li_ion_mobile,collector,0.08,Thane,15.4,15.41,2025-11-07T14:04:00.000Z,train,true
TRN_001549,synthetic://images/motor_fan_ac/07f17c3facf0.jpg,07f17c3facf0,motor_magnet,motor_fan_ac,collector,42.19,Nashik,6118.82,,2025-12-25T06:51:00.000Z,train,true
TRN_001550,synthetic://images/cable_mixed_scrap/7f36c1dfe590.jpg,7f36c1dfe590,cable,cable_mixed_scrap,collector,9,Nashik,1766.16,,2025-12-25T06:51:00.000Z,train,true
TRN_001551,synthetic://images/pcb_motherboard/2e274cfc067d.jpg,2e274cfc067d,pcb,pcb_motherboard,collector,4.83,Nashik,1359.4,,2025-12-25T06:51:00.000Z,train,true
TRN_001552,synthetic://images/cable_copper_house/5f228e4f2f7e.jpg,5f228e4f2f7e,cable,cable_copper_house,collector,26.82,Mumbai Suburban,12261.84,,2026-08-07T07:20:00.000Z,train,true
TRN_001553,synthetic://images/cable_mixed_scrap/dfee6723e285.jpg,dfee6723e285,cable,cable_mixed_scrap,collector,21.21,Mumbai Suburban,4321.96,,2026-08-07T07:20:00.000Z,train,true
TRN_001554,synthetic://images/pcb_ram_gold/9277bf3f73d7.jpg,9277bf3f73d7,pcb,pcb_ram_gold,recycler_corrected,0.39,Nashik,541.3,566.21,2025-12-10T15:13:00.000Z,train,true
TRN_001555,synthetic://images/motor_fan_ac/a922854d36f8.jpg,a922854d36f8,motor_magnet,motor_fan_ac,collector,30.53,Nashik,1992.49,2084.19,2025-12-10T15:13:00.000Z,val,true
TRN_001556,synthetic://images/plastic_hips_tv/62f2bef57cc2.jpg,62f2bef57cc2,mixed_plastic,plastic_hips_tv,collector,40.52,Nashik,787.13,823.36,2025-12-10T15:13:00.000Z,train,true
TRN_001557,synthetic://images/battery_lead_acid_ups/47bc386c1675.jpg,47bc386c1675,battery,battery_lead_acid_ups,recycler_corrected,47.33,Nashik,4280.86,4477.87,2025-12-10T15:13:00.000Z,train,true
TRN_001558,synthetic://images/pcb_mobile/091a9b44faf5.jpg,091a9b44faf5,pcb,pcb_mobile,collector,0.15,Pune,163.82,165.34,2025-11-30T07:36:00.000Z,val,true
TRN_001559,synthetic://images/cable_copper_house/45d0b5da4894.jpg,45d0b5da4894,cable,cable_copper_house,recycler_corrected,36.39,Pune,11928.16,12039.12,2025-11-30T07:36:00.000Z,val,true
TRN_001560,synthetic://images/cable_copper_house/0c87dcffdc21.jpg,0c87dcffdc21,cable,cable_copper_house,collector,15.21,Nashik,5114.82,5183.11,2026-02-01T18:09:00.000Z,train,true
TRN_001561,synthetic://images/motor_hdd_assembly/35d70dadecbc.jpg,35d70dadecbc,motor_magnet,motor_hdd_assembly,collector,3.94,New Delhi,1143.82,,2026-05-17T16:09:00.000Z,train,true
TRN_001562,synthetic://images/pcb_power_supply/ffb4f0cafd68.jpg,ffb4f0cafd68,pcb,pcb_power_supply,collector,14.37,Mumbai Suburban,2251.96,2031.85,2026-02-17T17:18:00.000Z,train,true
TRN_001563,synthetic://images/cable_mixed_scrap/d49e55418e08.jpg,d49e55418e08,cable,cable_mixed_scrap,collector,20.66,Mumbai Suburban,4317.99,3895.95,2026-02-17T17:18:00.000Z,train,true
TRN_001564,synthetic://images/plastic_abs_casing/e15eff8ec77c.jpg,e15eff8ec77c,mixed_plastic,plastic_abs_casing,collector,37.07,Pune,1295.97,1270.65,2026-07-21T06:26:00.000Z,test,true
TRN_001565,synthetic://images/led_backlight_strip/c6791eb732ac.jpg,c6791eb732ac,lcd_panel,led_backlight_strip,collector,16.24,Pune,1549,1518.74,2026-07-21T06:26:00.000Z,train,true
TRN_001566,synthetic://images/cable_data_thin/4a4c8e368392.jpg,4a4c8e368392,cable,cable_data_thin,collector,6.14,Pune,787.64,743.65,2026-02-27T07:00:00.000Z,train,true
TRN_001567,synthetic://images/pcb_power_supply/b61310f0d0a6.jpg,b61310f0d0a6,pcb,pcb_power_supply,collector,7.92,Pune,1012.49,955.94,2026-02-27T07:00:00.000Z,train,true
TRN_001568,synthetic://images/pcb_motherboard/003f66b79ec3.jpg,003f66b79ec3,pcb,pcb_motherboard,collector,2.79,Pune,922.35,849.05,2026-02-15T08:19:00.000Z,test,true
TRN_001569,synthetic://images/pcb_mobile/cd22b6fd5d20.jpg,cd22b6fd5d20,pcb,pcb_mobile,collector,0.02,Pune,17.04,15.69,2026-02-15T08:19:00.000Z,test,true
TRN_001570,synthetic://images/battery_lead_acid_ups/4283aa311638.jpg,4283aa311638,battery,battery_lead_acid_ups,collector,63.96,Mumbai Suburban,6095.11,,2025-09-13T15:46:00.000Z,train,true
TRN_001571,synthetic://images/battery_li_ion_laptop/19fb6fbe136f.jpg,19fb6fbe136f,battery,battery_li_ion_laptop,collector,5.38,Thane,1389.6,1381.95,2026-02-12T15:09:00.000Z,val,true
TRN_001572,synthetic://images/pcb_cpu_processor/15e7558850d6.jpg,15e7558850d6,pcb,pcb_cpu_processor,collector,0.05,Thane,207.25,206.11,2026-02-12T15:09:00.000Z,train,true
TRN_001573,synthetic://images/motor_fan_ac/7217a63f8f2d.jpg,7217a63f8f2d,motor_magnet,motor_fan_ac,collector,4.84,Thane,342.71,340.82,2026-02-12T15:09:00.000Z,test,true
TRN_001574,synthetic://images/cable_aluminium/4c28c1bd7689.jpg,4c28c1bd7689,cable,cable_aluminium,collector,4.32,Thane,669.51,615.44,2026-05-24T12:36:00.000Z,train,true
TRN_001575,synthetic://images/pcb_mobile/d26efed70cb6.jpg,d26efed70cb6,pcb,pcb_mobile,recycler_corrected,0.15,Thane,140.53,141.66,2026-02-10T07:23:00.000Z,val,true
TRN_001576,synthetic://images/pcb_power_supply/9d157acf54fc.jpg,9d157acf54fc,pcb,pcb_power_supply,collector,15.03,New Delhi,1993.5,2241.79,2026-02-13T18:58:00.000Z,train,true
TRN_001577,synthetic://images/cable_data_thin/90bad5ad0d88.jpg,90bad5ad0d88,cable,cable_data_thin,collector,10.84,New Delhi,1677.71,1886.67,2026-02-13T18:58:00.000Z,test,true
TRN_001578,synthetic://images/battery_li_ion_laptop/c597fdb33f9b.jpg,c597fdb33f9b,battery,battery_li_ion_laptop,collector,2.6,New Delhi,540.44,607.75,2026-02-13T18:58:00.000Z,train,true
TRN_001579,synthetic://images/pcb_ram_gold/495d7d3b71c7.jpg,495d7d3b71c7,pcb,pcb_ram_gold,recycler_corrected,0.18,Pune,133.76,133.63,2025-10-16T18:46:00.000Z,train,true
TRN_001580,synthetic://images/plastic_mixed_dirty/b275c1434210.jpg,b275c1434210,mixed_plastic,plastic_mixed_dirty,recycler_corrected,8.38,New Delhi,88.99,49.43,2026-03-22T19:14:00.000Z,train,true
TRN_001581,synthetic://images/crt_monitor/493df0dd5ed6.jpg,493df0dd5ed6,crt,crt_monitor,collector,88.97,New Delhi,823.84,457.59,2026-03-22T19:14:00.000Z,train,true
TRN_001582,synthetic://images/battery_lead_acid_ups/5a2c5a6331bc.jpg,5a2c5a6331bc,battery,battery_lead_acid_ups,collector,39.46,Mumbai Suburban,3638.61,3719.11,2026-02-09T07:33:00.000Z,train,true
TRN_001583,synthetic://images/pcb_cpu_processor/84fe67faac1b.jpg,84fe67faac1b,pcb,pcb_cpu_processor,collector,0.17,Mumbai Suburban,721.32,737.28,2026-02-09T07:33:00.000Z,val,true
TRN_001584,synthetic://images/plastic_mixed_dirty/e070683ae3e3.jpg,e070683ae3e3,mixed_plastic,plastic_mixed_dirty,collector,13.39,Mumbai Suburban,128.79,131.64,2026-02-09T07:33:00.000Z,train,true
TRN_001585,synthetic://images/plastic_hips_tv/a73c8794bc63.jpg,a73c8794bc63,mixed_plastic,plastic_hips_tv,recycler_corrected,16.59,Mumbai Suburban,440.96,450.72,2026-02-09T07:33:00.000Z,test,true
TRN_001586,synthetic://images/plastic_mixed_dirty/d389daa5d02d.jpg,d389daa5d02d,mixed_plastic,plastic_mixed_dirty,collector,21.37,Nashik,237.42,215.38,2026-02-04T09:46:00.000Z,test,true
TRN_001587,synthetic://images/motor_hdd_assembly/73002c8e33a3.jpg,73002c8e33a3,motor_magnet,motor_hdd_assembly,collector,2.29,Nashik,633.08,574.3,2026-02-04T09:46:00.000Z,train,true
TRN_001588,synthetic://images/plastic_abs_casing/cf85a73ab479.jpg,cf85a73ab479,mixed_plastic,plastic_abs_casing,collector,11.56,Thane,376.86,201.07,2026-07-22T09:36:00.000Z,test,true
TRN_001589,synthetic://images/pcb_power_supply/a632c44d1b69.jpg,a632c44d1b69,pcb,pcb_power_supply,collector,3.02,Pune,394.32,367.56,2025-09-06T10:22:00.000Z,val,true
TRN_001590,synthetic://images/pcb_cpu_processor/c1b013e59355.jpg,c1b013e59355,pcb,pcb_cpu_processor,collector,0.08,Pune,338.32,344.95,2026-01-21T18:52:00.000Z,val,true
TRN_001591,synthetic://images/plastic_abs_casing/8bd74a391199.jpg,8bd74a391199,mixed_plastic,plastic_abs_casing,collector,32.07,Pune,883.07,900.36,2026-01-21T18:52:00.000Z,train,true
TRN_001592,synthetic://images/pcb_tv_low_grade/e1df51f8f258.jpg,e1df51f8f258,pcb,pcb_tv_low_grade,recycler_corrected,7.7,Nashik,565.14,510.08,2025-12-10T08:14:00.000Z,train,true
TRN_001593,synthetic://images/motor_speaker_magnet/a5a7778aa5b3.jpg,a5a7778aa5b3,motor_magnet,motor_speaker_magnet,collector,4,Nashik,263.51,237.84,2025-12-10T08:14:00.000Z,train,true
TRN_001594,synthetic://images/pcb_cpu_processor/3e4d589ff5bd.jpg,3e4d589ff5bd,pcb,pcb_cpu_processor,collector,0.29,New Delhi,1447.16,,2025-09-28T12:08:00.000Z,test,true
TRN_001595,synthetic://images/crt_yoke/d122a8b4c68b.jpg,d122a8b4c68b,crt,crt_yoke,collector,2.49,New Delhi,235.1,,2025-09-28T12:08:00.000Z,train,true
TRN_001596,synthetic://images/plastic_abs_casing/2bafe25fa125.jpg,2bafe25fa125,mixed_plastic,plastic_abs_casing,collector,20.51,Nagpur,650.37,717.57,2026-06-07T06:36:00.000Z,val,true
TRN_001597,synthetic://images/crt_tv/d85217a8a302.jpg,d85217a8a302,crt,crt_tv,collector,120.24,Nagpur,719.55,793.89,2026-06-07T06:36:00.000Z,train,true
TRN_001598,synthetic://images/cable_aluminium/0e71ede0420f.jpg,0e71ede0420f,cable,cable_aluminium,recycler_corrected,38.24,Thane,5711.91,5407.15,2026-02-20T13:14:00.000Z,val,true
TRN_001599,synthetic://images/plastic_hips_tv/4be01d31ec1b.jpg,4be01d31ec1b,mixed_plastic,plastic_hips_tv,collector,11.55,Pune,269.46,282.26,2025-09-30T10:29:00.000Z,train,true
TRN_001600,synthetic://images/cable_data_thin/5a96e4d494e5.jpg,5a96e4d494e5,cable,cable_data_thin,collector,8.52,Pune,1092.95,,2026-02-20T16:43:00.000Z,test,true
TRN_001601,synthetic://images/motor_fan_ac/f8d54467a7b2.jpg,f8d54467a7b2,motor_magnet,motor_fan_ac,collector,22.88,Pune,2721.56,2699.92,2026-08-11T14:07:00.000Z,test,true
TRN_001602,synthetic://images/pcb_power_supply/d16b729bc94b.jpg,d16b729bc94b,pcb,pcb_power_supply,collector,2.82,Thane,430.23,466.15,2026-08-23T10:55:00.000Z,train,true
TRN_001603,synthetic://images/pcb_motherboard/67dc0a031b42.jpg,67dc0a031b42,pcb,pcb_motherboard,collector,2.42,Mumbai Suburban,867.91,839,2025-11-04T11:03:00.000Z,train,true
TRN_001604,synthetic://images/plastic_mixed_dirty/c449ae98549e.jpg,c449ae98549e,mixed_plastic,plastic_mixed_dirty,collector,28.84,Nashik,320.41,,2026-03-13T12:25:00.000Z,val,true
TRN_001605,synthetic://images/led_backlight_strip/68a95a434cb1.jpg,68a95a434cb1,lcd_panel,led_backlight_strip,collector,8.99,Bengaluru Urban,913.56,962.22,2026-04-17T09:08:00.000Z,train,true
TRN_001606,synthetic://images/pcb_tv_low_grade/376bf849c2d6.jpg,376bf849c2d6,pcb,pcb_tv_low_grade,collector,2.21,Mumbai Suburban,272.67,224.06,2026-08-13T15:10:00.000Z,train,true
TRN_001607,synthetic://images/motor_fan_ac/547482f6ea28.jpg,547482f6ea28,motor_magnet,motor_fan_ac,collector,31.81,Thane,5258.24,,2026-03-27T09:43:00.000Z,train,true
TRN_001608,synthetic://images/cable_data_thin/6e8665d51ceb.jpg,6e8665d51ceb,cable,cable_data_thin,collector,34.31,Thane,4828.1,,2026-03-27T09:43:00.000Z,test,true
TRN_001609,synthetic://images/motor_hdd_assembly/fa5a714c42ea.jpg,fa5a714c42ea,motor_magnet,motor_hdd_assembly,collector,0.67,Thane,178.5,,2026-03-27T09:43:00.000Z,train,true
TRN_001610,synthetic://images/pcb_power_supply/74dd4b8fc768.jpg,74dd4b8fc768,pcb,pcb_power_supply,collector,1.01,Nashik,58.68,63.89,2025-10-02T12:46:00.000Z,train,true
TRN_001611,synthetic://images/cable_data_thin/59c30370235e.jpg,59c30370235e,cable,cable_data_thin,collector,10.96,Nashik,638,694.67,2025-10-02T12:46:00.000Z,train,true
TRN_001612,synthetic://images/pcb_cpu_processor/9b864ec7e765.jpg,9b864ec7e765,pcb,pcb_cpu_processor,collector,0.17,Pune,715.72,,2025-09-25T19:59:00.000Z,train,true
TRN_001613,synthetic://images/motor_speaker_magnet/5b3c234936a2.jpg,5b3c234936a2,motor_magnet,motor_speaker_magnet,collector,1.31,Mumbai Suburban,92.69,83.31,2025-11-05T13:16:00.000Z,test,true
TRN_001614,synthetic://images/pcb_mobile/05d929b14d10.jpg,05d929b14d10,pcb,pcb_mobile,collector,0.16,Mumbai Suburban,159.1,140.54,2026-08-30T09:24:00.000Z,val,true
TRN_001615,synthetic://images/plastic_abs_casing/19953a3887c4.jpg,19953a3887c4,mixed_plastic,plastic_abs_casing,recycler_corrected,14.91,Thane,511.93,489.32,2026-06-04T17:42:00.000Z,train,true
TRN_001616,synthetic://images/battery_lead_acid_ups/fae4235dc09e.jpg,fae4235dc09e,battery,battery_lead_acid_ups,recycler_corrected,25.74,Thane,2369.37,2264.72,2026-06-04T17:42:00.000Z,train,true
TRN_001617,synthetic://images/lcd_tv_panel/58fc110585d6.jpg,58fc110585d6,lcd_panel,lcd_tv_panel,collector,57.85,Thane,1330.13,1271.38,2026-06-04T17:42:00.000Z,test,true
TRN_001618,synthetic://images/pcb_tv_low_grade/a1c7dc198606.jpg,a1c7dc198606,pcb,pcb_tv_low_grade,collector,2.77,Bengaluru Urban,342.73,286.07,2026-01-18T14:36:00.000Z,train,true
TRN_001619,synthetic://images/lcd_monitor_panel/1677ca18bc92.jpg,1677ca18bc92,lcd_panel,lcd_monitor_panel,recycler_corrected,43.76,Bengaluru Urban,1164.45,971.96,2026-01-18T14:36:00.000Z,train,true
TRN_001620,synthetic://images/motor_fan_ac/45b3297c34eb.jpg,45b3297c34eb,motor_magnet,motor_fan_ac,collector,34.46,Bengaluru Urban,4735.91,3953.04,2026-01-18T14:36:00.000Z,train,true
TRN_001621,synthetic://images/pcb_tv_low_grade/2308e62236ce.jpg,2308e62236ce,pcb,pcb_tv_low_grade,recycler_corrected,7.67,Nagpur,583.66,,2026-01-10T11:28:00.000Z,test,true
TRN_001622,synthetic://images/pcb_cpu_processor/6e3cc808e023.jpg,6e3cc808e023,pcb,pcb_cpu_processor,collector,0.11,Pune,464.6,472.85,2026-08-12T17:00:00.000Z,train,true
TRN_001623,synthetic://images/pcb_cpu_processor/0c64efb34313.jpg,0c64efb34313,pcb,pcb_cpu_processor,recycler_corrected,0.15,Pune,603.38,614.1,2026-08-12T17:00:00.000Z,train,true
TRN_001624,synthetic://images/battery_button_cell/97124ab2e8c2.jpg,97124ab2e8c2,battery,battery_button_cell,collector,20.35,Chhatrapati Sambhajinagar,1862.64,1774.06,2025-10-15T17:44:00.000Z,train,true
TRN_001625,synthetic://images/pcb_ram_gold/31984c49d9c9.jpg,31984c49d9c9,pcb,pcb_ram_gold,collector,0.11,Chhatrapati Sambhajinagar,155.26,147.88,2025-10-15T17:44:00.000Z,train,true
TRN_001626,synthetic://images/cable_aluminium/f7f49df9513b.jpg,f7f49df9513b,cable,cable_aluminium,collector,39.38,Mumbai Suburban,5618.34,4874.72,2026-06-03T11:43:00.000Z,train,true
TRN_001627,synthetic://images/pcb_mobile/dcee8a3e5854.jpg,dcee8a3e5854,pcb,pcb_mobile,collector,0.04,Mumbai Suburban,49.66,43.09,2026-06-03T11:43:00.000Z,train,true
TRN_001628,synthetic://images/cable_mixed_scrap/ef66e23391e1.jpg,ef66e23391e1,cable,cable_mixed_scrap,collector,11.77,Mumbai Suburban,2392.37,2075.72,2026-06-03T11:43:00.000Z,train,true
TRN_001629,synthetic://images/motor_hdd_assembly/912b54734041.jpg,912b54734041,motor_magnet,motor_hdd_assembly,recycler_corrected,2.9,Pune,812.61,,2026-05-19T15:56:00.000Z,train,true
TRN_001630,synthetic://images/cable_data_thin/38b8481234e5.jpg,38b8481234e5,cable,cable_data_thin,collector,35.3,Thane,5197.25,4380.4,2026-04-23T06:50:00.000Z,train,true
TRN_001631,synthetic://images/pcb_mobile/ebac75106f9b.jpg,ebac75106f9b,pcb,pcb_mobile,collector,0.14,Thane,159.18,134.16,2026-04-23T06:50:00.000Z,train,true
TRN_001632,synthetic://images/cable_mixed_scrap/f6fd5ceeba3b.jpg,f6fd5ceeba3b,cable,cable_mixed_scrap,collector,42.48,Nagpur,8177.25,,2025-09-22T19:48:00.000Z,test,true
TRN_001633,synthetic://images/pcb_power_supply/feb5b186983e.jpg,feb5b186983e,pcb,pcb_power_supply,recycler_corrected,2.85,Mumbai Suburban,354.08,,2026-06-02T06:04:00.000Z,train,true
TRN_001634,synthetic://images/lcd_laptop_panel/74e997c1cf7a.jpg,74e997c1cf7a,lcd_panel,lcd_laptop_panel,collector,6.25,Thane,337.63,297.29,2025-12-25T06:41:00.000Z,test,true
TRN_001635,synthetic://images/battery_lead_acid_ups/0d0dbf95fca3.jpg,0d0dbf95fca3,battery,battery_lead_acid_ups,collector,46.8,Thane,2023.02,1781.34,2025-12-25T06:41:00.000Z,test,true
TRN_001636,synthetic://images/battery_li_ion_mobile/e056b7cb2f83.jpg,e056b7cb2f83,battery,battery_li_ion_mobile,collector,0.3,Thane,58.17,51.22,2025-12-25T06:41:00.000Z,train,true
TRN_001637,synthetic://images/motor_hdd_assembly/a8ca267040f3.jpg,a8ca267040f3,motor_magnet,motor_hdd_assembly,collector,7.1,Nashik,1534.5,1532.71,2025-11-11T15:05:00.000Z,train,true
TRN_001638,synthetic://images/cable_mixed_scrap/c2d85c7b9a92.jpg,c2d85c7b9a92,cable,cable_mixed_scrap,collector,12.3,Pune,2309.94,2047.04,2026-08-08T09:58:00.000Z,train,true
TRN_001639,synthetic://images/cable_data_thin/1cd051bebc45.jpg,1cd051bebc45,cable,cable_data_thin,collector,33.21,Pune,3472.38,3077.18,2026-08-08T09:58:00.000Z,train,true
TRN_001640,synthetic://images/crt_monitor/df22d210dc22.jpg,df22d210dc22,crt,crt_monitor,collector,93.03,Pune,826.93,732.82,2026-08-08T09:58:00.000Z,train,true
TRN_001641,synthetic://images/plastic_mixed_dirty/4191f789788a.jpg,4191f789788a,mixed_plastic,plastic_mixed_dirty,collector,44.84,Nagpur,451.05,400.63,2026-03-25T17:24:00.000Z,train,true
TRN_001642,synthetic://images/motor_speaker_magnet/8cd3bb22d646.jpg,8cd3bb22d646,motor_magnet,motor_speaker_magnet,collector,2.48,Mumbai Suburban,151.77,141.58,2026-05-26T12:36:00.000Z,train,true
TRN_001643,synthetic://images/battery_button_cell/1cc69d194484.jpg,1cc69d194484,battery,battery_button_cell,collector,8.19,Mumbai Suburban,935.63,872.84,2026-05-26T12:36:00.000Z,train,true
TRN_001644,synthetic://images/plastic_abs_casing/7a95a5e8f2c0.jpg,7a95a5e8f2c0,mixed_plastic,plastic_abs_casing,collector,4.84,Mumbai Suburban,177.31,159.52,2026-08-29T08:27:00.000Z,val,true
TRN_001645,synthetic://images/motor_hdd_assembly/222be8df754d.jpg,222be8df754d,motor_magnet,motor_hdd_assembly,recycler_corrected,7.71,Nashik,2032.12,2079.42,2025-11-21T10:28:00.000Z,train,true
TRN_001646,synthetic://images/pcb_motherboard/3274442e7e46.jpg,3274442e7e46,pcb,pcb_motherboard,collector,8.9,Pune,2069.29,2187.19,2026-08-09T19:48:00.000Z,train,true
TRN_001647,synthetic://images/cable_copper_house/b3161fa273c3.jpg,b3161fa273c3,cable,cable_copper_house,collector,29.37,New Delhi,14118.17,,2025-11-13T19:33:00.000Z,train,true
TRN_001648,synthetic://images/pcb_mobile/0da8034b238a.jpg,0da8034b238a,pcb,pcb_mobile,collector,0.15,Pune,127.94,122.93,2025-11-19T12:07:00.000Z,train,true
TRN_001649,synthetic://images/pcb_power_supply/01c38a09231d.jpg,01c38a09231d,pcb,pcb_power_supply,recycler_corrected,10.37,Pune,1413.98,1358.61,2025-11-19T12:07:00.000Z,train,true
TRN_001650,synthetic://images/cable_data_thin/53cbc56c0777.jpg,53cbc56c0777,cable,cable_data_thin,collector,24.54,Mumbai Suburban,3873.81,,2026-06-18T18:17:00.000Z,train,true
TRN_001651,synthetic://images/pcb_mobile/ba2d828ec10c.jpg,ba2d828ec10c,pcb,pcb_mobile,collector,0.08,Nagpur,83.95,,2026-07-26T08:11:00.000Z,train,true
TRN_001652,synthetic://images/cable_aluminium/d21ea3b260de.jpg,d21ea3b260de,cable,cable_aluminium,collector,38.02,Nagpur,4735.03,,2026-07-26T08:11:00.000Z,train,true
TRN_001653,synthetic://images/battery_li_ion_mobile/a1306e556c8e.jpg,a1306e556c8e,battery,battery_li_ion_mobile,collector,0.19,Nagpur,31.72,,2026-07-26T08:11:00.000Z,train,true
TRN_001654,synthetic://images/cable_data_thin/fa7c9729e531.jpg,fa7c9729e531,cable,cable_data_thin,collector,16.2,Bengaluru Urban,2379.46,2390.11,2025-12-16T18:44:00.000Z,train,true
TRN_001655,synthetic://images/pcb_motherboard/d91ce40685df.jpg,d91ce40685df,pcb,pcb_motherboard,collector,2.19,Nashik,273.94,254.42,2026-03-22T17:01:00.000Z,train,true
TRN_001656,synthetic://images/motor_fan_ac/4a6752becb14.jpg,4a6752becb14,motor_magnet,motor_fan_ac,collector,14.22,Nashik,1698.22,1577.24,2026-03-22T17:01:00.000Z,test,true
TRN_001657,synthetic://images/crt_tv/7fb3e11e45ac.jpg,7fb3e11e45ac,crt,crt_tv,collector,159.91,Bengaluru Urban,1219.25,1225.69,2026-05-17T06:34:00.000Z,train,true
TRN_001658,synthetic://images/crt_yoke/a42821c609af.jpg,a42821c609af,crt,crt_yoke,collector,4.37,Mumbai Suburban,336.01,326.7,2026-01-31T15:28:00.000Z,train,true
TRN_001659,synthetic://images/cable_mixed_scrap/c0e605ff62e9.jpg,c0e605ff62e9,cable,cable_mixed_scrap,collector,33.6,Mumbai Suburban,6704.54,6518.87,2026-01-31T15:28:00.000Z,val,true
TRN_001660,synthetic://images/crt_tv/3b3158e6ae66.jpg,3b3158e6ae66,crt,crt_tv,collector,77.91,Mumbai Suburban,637.85,620.19,2026-01-31T15:28:00.000Z,train,true
TRN_001661,synthetic://images/cable_mixed_scrap/7c5a087da668.jpg,7c5a087da668,cable,cable_mixed_scrap,collector,1.23,Thane,111,109.71,2025-10-27T12:30:00.000Z,val,true
TRN_001662,synthetic://images/pcb_cpu_processor/2efe80dbdb6b.jpg,2efe80dbdb6b,pcb,pcb_cpu_processor,recycler_corrected,0.12,Nashik,351.72,324.2,2026-01-15T11:28:00.000Z,train,true
TRN_001663,synthetic://images/crt_tv/7ce9b4d1fec5.jpg,7ce9b4d1fec5,crt,crt_tv,recycler_corrected,27.82,Mumbai Suburban,207.82,,2026-06-17T06:18:00.000Z,test,true
TRN_001664,synthetic://images/battery_li_ion_laptop/e50ba35dd8db.jpg,e50ba35dd8db,battery,battery_li_ion_laptop,collector,4.41,Mumbai Suburban,1173.18,,2026-06-17T06:18:00.000Z,train,true
TRN_001665,synthetic://images/plastic_mixed_dirty/89a768be1295.jpg,89a768be1295,mixed_plastic,plastic_mixed_dirty,collector,3.95,Chhatrapati Sambhajinagar,17.93,19.3,2025-10-13T08:03:00.000Z,train,true
TRN_001666,synthetic://images/cable_mixed_scrap/b8da2127cfe6.jpg,b8da2127cfe6,cable,cable_mixed_scrap,collector,28.2,Chhatrapati Sambhajinagar,4217.36,4538.67,2025-10-13T08:03:00.000Z,test,true
TRN_001667,synthetic://images/pcb_power_supply/259c16fed6f4.jpg,259c16fed6f4,pcb,pcb_power_supply,collector,6.05,Chhatrapati Sambhajinagar,797.27,858.01,2025-10-13T08:03:00.000Z,train,true
TRN_001668,synthetic://images/cable_aluminium/133d49d5b874.jpg,133d49d5b874,cable,cable_aluminium,collector,40.14,Nagpur,4748.96,,2025-11-09T19:30:00.000Z,train,true
TRN_001669,synthetic://images/crt_tv/64a9d758cb9b.jpg,64a9d758cb9b,crt,crt_tv,collector,60.56,Nagpur,298.71,,2025-11-09T19:30:00.000Z,val,true
TRN_001670,synthetic://images/motor_speaker_magnet/c3e717adad57.jpg,c3e717adad57,motor_magnet,motor_speaker_magnet,collector,1.21,Nagpur,76.04,,2026-05-14T16:59:00.000Z,train,true
TRN_001671,synthetic://images/pcb_tv_low_grade/b18ee62f14d4.jpg,b18ee62f14d4,pcb,pcb_tv_low_grade,collector,4.09,Nagpur,477.34,,2026-09-01T11:02:00.000Z,val,true
TRN_001672,synthetic://images/motor_fan_ac/d024716a849f.jpg,d024716a849f,motor_magnet,motor_fan_ac,recycler_corrected,17.98,New Delhi,2718.76,,2026-08-28T09:38:00.000Z,train,true
TRN_001673,synthetic://images/battery_li_ion_mobile/ca8205869b2e.jpg,ca8205869b2e,battery,battery_li_ion_mobile,collector,0.43,Nashik,79.63,80.19,2025-11-28T11:14:00.000Z,train,true
TRN_001674,synthetic://images/cable_data_thin/c8f4cc0816fb.jpg,c8f4cc0816fb,cable,cable_data_thin,recycler_corrected,18.67,Nashik,1963.89,1977.59,2025-11-28T11:14:00.000Z,test,true
TRN_001675,synthetic://images/motor_small_appliance/ef3b569e73a9.jpg,ef3b569e73a9,motor_magnet,motor_small_appliance,collector,17.36,Thane,2295.86,2652.05,2026-07-20T08:53:00.000Z,train,true
TRN_001676,synthetic://images/pcb_motherboard/aab1a4733af5.jpg,aab1a4733af5,pcb,pcb_motherboard,collector,5.87,Thane,1416.04,1635.73,2026-07-20T08:53:00.000Z,test,true
TRN_001677,synthetic://images/cable_copper_house/3437708ac42a.jpg,3437708ac42a,cable,cable_copper_house,collector,25.84,Nashik,8670.61,8393.21,2026-08-04T11:38:00.000Z,train,true
TRN_001678,synthetic://images/pcb_mobile/512f580ddf68.jpg,512f580ddf68,pcb,pcb_mobile,collector,0.16,Nashik,165.6,160.3,2026-08-04T11:38:00.000Z,train,true
TRN_001679,synthetic://images/plastic_abs_casing/5e2802bc77fd.jpg,5e2802bc77fd,mixed_plastic,plastic_abs_casing,collector,3.12,Nashik,98.84,95.68,2026-08-04T11:38:00.000Z,train,true
TRN_001680,synthetic://images/led_backlight_strip/ed4523dac7d6.jpg,ed4523dac7d6,lcd_panel,led_backlight_strip,recycler_corrected,5.65,Nashik,532.57,538.2,2026-08-13T12:48:00.000Z,train,true
TRN_001681,synthetic://images/cable_data_thin/32b0bc579f27.jpg,32b0bc579f27,cable,cable_data_thin,collector,34.33,Nashik,4539.7,4587.72,2026-08-13T12:48:00.000Z,val,true
TRN_001682,synthetic://images/battery_button_cell/20b430f53643.jpg,20b430f53643,battery,battery_button_cell,collector,11.4,Nashik,1016.88,1027.64,2026-08-13T12:48:00.000Z,test,true
TRN_001683,synthetic://images/plastic_hips_tv/217aa8f1ea78.jpg,217aa8f1ea78,mixed_plastic,plastic_hips_tv,collector,6.14,Mumbai Suburban,133.82,127.31,2026-02-28T07:54:00.000Z,val,true
TRN_001684,synthetic://images/plastic_mixed_dirty/b1fa09783a58.jpg,b1fa09783a58,mixed_plastic,plastic_mixed_dirty,recycler_corrected,7.18,New Delhi,92.77,84.96,2026-04-01T19:22:00.000Z,val,true
TRN_001685,synthetic://images/cable_data_thin/6998646e8ce9.jpg,6998646e8ce9,cable,cable_data_thin,collector,21.71,New Delhi,3338.78,3057.75,2026-04-01T19:22:00.000Z,train,true
TRN_001686,synthetic://images/motor_hdd_assembly/2f217c600900.jpg,2f217c600900,motor_magnet,motor_hdd_assembly,collector,4.58,New Delhi,1036.58,949.33,2026-04-01T19:22:00.000Z,train,true
TRN_001687,synthetic://images/motor_speaker_magnet/2160b9bad211.jpg,2160b9bad211,motor_magnet,motor_speaker_magnet,recycler_corrected,2.46,Nashik,163.25,164.71,2025-11-30T06:22:00.000Z,train,true
TRN_001688,synthetic://images/battery_li_ion_laptop/f616133fcbfa.jpg,f616133fcbfa,battery,battery_li_ion_laptop,collector,3.38,Thane,852.22,,2026-08-04T14:30:00.000Z,train,true
TRN_001689,synthetic://images/motor_small_appliance/c64497d3a5e7.jpg,c64497d3a5e7,motor_magnet,motor_small_appliance,collector,7.19,Nashik,663.22,,2026-08-01T11:45:00.000Z,train,true
TRN_001690,synthetic://images/pcb_cpu_processor/fb0c5f5f45b1.jpg,fb0c5f5f45b1,pcb,pcb_cpu_processor,collector,0.12,Nashik,364.7,,2026-08-01T11:45:00.000Z,train,true
TRN_001691,synthetic://images/plastic_hips_tv/bd3d56f6a3b2.jpg,bd3d56f6a3b2,mixed_plastic,plastic_hips_tv,collector,40.23,Mumbai Suburban,1132.07,1179.34,2026-03-15T11:30:00.000Z,val,true
TRN_001692,synthetic://images/motor_small_appliance/04dca9316e1c.jpg,04dca9316e1c,motor_magnet,motor_small_appliance,collector,11.66,Pune,1645.21,1682.8,2026-06-22T11:23:00.000Z,test,true
TRN_001693,synthetic://images/plastic_mixed_dirty/6651cbb88b1a.jpg,6651cbb88b1a,mixed_plastic,plastic_mixed_dirty,collector,11.63,Nagpur,91.36,89.65,2026-03-01T13:02:00.000Z,train,true
TRN_001694,synthetic://images/cable_data_thin/d7526c704bac.jpg,d7526c704bac,cable,cable_data_thin,collector,43.16,Nagpur,4951.75,4858.93,2026-03-01T13:02:00.000Z,train,true
TRN_001695,synthetic://images/cable_copper_house/1dc27fb75812.jpg,1dc27fb75812,cable,cable_copper_house,collector,3.85,Mumbai Suburban,1752.91,,2026-03-07T08:05:00.000Z,train,true
TRN_001696,synthetic://images/cable_copper_house/c7dc890ef45e.jpg,c7dc890ef45e,cable,cable_copper_house,collector,42.15,Mumbai Suburban,20150.44,,2026-03-07T08:05:00.000Z,train,true
TRN_001697,synthetic://images/cable_copper_house/bdb9ea51e317.jpg,bdb9ea51e317,cable,cable_copper_house,collector,5.01,Pune,1626.85,1747.93,2026-06-15T06:35:00.000Z,train,true
TRN_001698,synthetic://images/battery_button_cell/d33015c1741a.jpg,d33015c1741a,battery,battery_button_cell,collector,7.82,Pune,694.42,746.1,2026-06-15T06:35:00.000Z,train,true
TRN_001699,synthetic://images/cable_mixed_scrap/42fe1f8d60bf.jpg,42fe1f8d60bf,cable,cable_mixed_scrap,collector,24.91,Pune,3827.67,3613.77,2025-12-21T07:39:00.000Z,train,true
TRN_001700,synthetic://images/motor_small_appliance/76ba335ffddf.jpg,76ba335ffddf,motor_magnet,motor_small_appliance,recycler_corrected,20.83,Pune,1259.61,1189.22,2025-12-21T07:39:00.000Z,train,true
TRN_001701,synthetic://images/cable_copper_house/621fc8fc3101.jpg,621fc8fc3101,cable,cable_copper_house,collector,10.91,Pune,4357.56,4114.05,2025-12-21T07:39:00.000Z,train,true
TRN_001702,synthetic://images/motor_speaker_magnet/a7cf78cc21c7.jpg,a7cf78cc21c7,motor_magnet,motor_speaker_magnet,recycler_corrected,3.22,New Delhi,238.89,,2025-11-20T19:00:00.000Z,train,true
TRN_001703,synthetic://images/pcb_ram_gold/7f8a103ec16f.jpg,7f8a103ec16f,pcb,pcb_ram_gold,collector,0.21,New Delhi,177.61,,2025-11-20T19:00:00.000Z,train,true
TRN_001704,synthetic://images/cable_mixed_scrap/c132159a6d23.jpg,c132159a6d23,cable,cable_mixed_scrap,recycler_corrected,26.33,New Delhi,5881.79,,2025-11-20T19:00:00.000Z,train,true
TRN_001705,synthetic://images/plastic_mixed_dirty/bcca1fe582ec.jpg,bcca1fe582ec,mixed_plastic,plastic_mixed_dirty,collector,22.88,Thane,267.24,245.66,2026-02-04T17:32:00.000Z,train,true
TRN_001706,synthetic://images/pcb_tv_low_grade/393def3ca46d.jpg,393def3ca46d,pcb,pcb_tv_low_grade,collector,5.25,Thane,609.05,559.86,2026-02-04T17:32:00.000Z,train,true
TRN_001707,synthetic://images/cable_data_thin/9527f142d21d.jpg,9527f142d21d,cable,cable_data_thin,collector,22,Thane,1393.72,1281.16,2026-02-04T17:32:00.000Z,train,true
TRN_001708,synthetic://images/plastic_mixed_dirty/da1d59e0cef7.jpg,da1d59e0cef7,mixed_plastic,plastic_mixed_dirty,collector,9.02,Nashik,71.6,69.48,2026-06-22T09:04:00.000Z,train,true
TRN_001709,synthetic://images/pcb_motherboard/9ac3ec9867dd.jpg,9ac3ec9867dd,pcb,pcb_motherboard,collector,5.7,Nashik,1702.97,1652.6,2026-06-22T09:04:00.000Z,train,true
TRN_001710,synthetic://images/cable_aluminium/3a2400c3d4d9.jpg,3a2400c3d4d9,cable,cable_aluminium,collector,16.71,New Delhi,2200.3,,2026-05-31T17:45:00.000Z,val,true
TRN_001711,synthetic://images/cable_mixed_scrap/9a4d57f97794.jpg,9a4d57f97794,cable,cable_mixed_scrap,collector,4.67,New Delhi,989.81,,2026-05-31T17:45:00.000Z,train,true
TRN_001712,synthetic://images/pcb_motherboard/3ab546b61e78.jpg,3ab546b61e78,pcb,pcb_motherboard,collector,1.86,New Delhi,610.8,,2026-05-31T17:45:00.000Z,train,true
TRN_001713,synthetic://images/pcb_power_supply/10778509e88b.jpg,10778509e88b,pcb,pcb_power_supply,collector,8.34,Nagpur,1171.25,,2026-04-16T10:38:00.000Z,test,true
TRN_001714,synthetic://images/motor_small_appliance/3eae5bdb1aa3.jpg,3eae5bdb1aa3,motor_magnet,motor_small_appliance,collector,11.59,Nagpur,1275.6,,2026-04-16T10:38:00.000Z,val,true
TRN_001715,synthetic://images/pcb_mobile/a87439ef9a4e.jpg,a87439ef9a4e,pcb,pcb_mobile,collector,0.2,Nagpur,191.73,,2026-04-16T10:38:00.000Z,val,true
TRN_001716,synthetic://images/pcb_cpu_processor/ca6205033e2b.jpg,ca6205033e2b,pcb,pcb_cpu_processor,recycler_corrected,0.02,Mumbai Suburban,86.51,80.63,2026-08-31T12:20:00.000Z,train,true
TRN_001717,synthetic://images/plastic_abs_casing/50928a8376f2.jpg,50928a8376f2,mixed_plastic,plastic_abs_casing,collector,18.61,Mumbai Suburban,649.3,605.2,2026-08-31T12:20:00.000Z,train,true
TRN_001718,synthetic://images/plastic_mixed_dirty/ad0a9c2ce2f9.jpg,ad0a9c2ce2f9,mixed_plastic,plastic_mixed_dirty,collector,30.44,Mumbai Suburban,252.29,235.15,2026-08-31T12:20:00.000Z,train,true
TRN_001719,synthetic://images/motor_small_appliance/ec88735fae64.jpg,ec88735fae64,motor_magnet,motor_small_appliance,collector,15.5,Nashik,1959.02,1957.95,2025-10-22T07:33:00.000Z,train,true
TRN_001720,synthetic://images/pcb_tv_low_grade/cb366d524de2.jpg,cb366d524de2,pcb,pcb_tv_low_grade,collector,5.77,Nashik,630.27,629.93,2025-10-22T07:33:00.000Z,train,true
TRN_001721,synthetic://images/cable_data_thin/16f3c32990e1.jpg,16f3c32990e1,cable,cable_data_thin,recycler_corrected,25.36,Mumbai Suburban,3694.19,,2026-04-20T07:41:00.000Z,test,true
TRN_001722,synthetic://images/battery_li_ion_laptop/dcb1ca7b2326.jpg,dcb1ca7b2326,battery,battery_li_ion_laptop,collector,2.53,Pune,579.75,531.94,2026-04-29T15:50:00.000Z,train,true
TRN_001723,synthetic://images/motor_hdd_assembly/0e6b4b032db9.jpg,0e6b4b032db9,motor_magnet,motor_hdd_assembly,collector,5.18,Pune,1188.01,1057.69,2026-06-29T18:36:00.000Z,train,true
TRN_001724,synthetic://images/cable_data_thin/3a3d8cfa17c0.jpg,3a3d8cfa17c0,cable,cable_data_thin,collector,37.52,Pune,3950.1,3516.77,2026-06-29T18:36:00.000Z,train,true
TRN_001725,synthetic://images/plastic_hips_tv/9a4ac5965a68.jpg,9a4ac5965a68,mixed_plastic,plastic_hips_tv,collector,27.45,Mumbai Suburban,761.2,675.96,2025-11-03T07:56:00.000Z,train,true
TRN_001726,synthetic://images/pcb_power_supply/aa3ec34f17bd.jpg,aa3ec34f17bd,pcb,pcb_power_supply,recycler_corrected,14.71,Mumbai Suburban,2343.24,2080.86,2025-11-03T07:56:00.000Z,val,true
TRN_001727,synthetic://images/battery_button_cell/9f9b6088b6a1.jpg,9f9b6088b6a1,battery,battery_button_cell,collector,18.21,Mumbai Suburban,2121.99,,2025-09-25T09:06:00.000Z,test,true
TRN_001728,synthetic://images/pcb_cpu_processor/a56989c94d57.jpg,a56989c94d57,pcb,pcb_cpu_processor,collector,0.05,Nagpur,82.69,,2025-11-07T18:56:00.000Z,val,true
TRN_001729,synthetic://images/cable_copper_house/d90927059d15.jpg,d90927059d15,cable,cable_copper_house,collector,36.23,Pune,14451.06,15434.36,2026-01-06T17:03:00.000Z,train,true
TRN_001730,synthetic://images/cable_mixed_scrap/968e3334c254.jpg,968e3334c254,cable,cable_mixed_scrap,collector,22.58,Pune,3456.49,3691.68,2026-01-06T17:03:00.000Z,train,true
TRN_001731,synthetic://images/motor_speaker_magnet/40ae66de5fde.jpg,40ae66de5fde,motor_magnet,motor_speaker_magnet,collector,1.29,Pune,74.92,80.02,2026-01-06T17:03:00.000Z,train,true
TRN_001732,synthetic://images/battery_li_ion_laptop/9acd9b1484de.jpg,9acd9b1484de,battery,battery_li_ion_laptop,collector,1.38,Bengaluru Urban,249.16,212.2,2025-12-15T14:37:00.000Z,test,true
TRN_001733,synthetic://images/pcb_ram_gold/3d0fee4d31bb.jpg,3d0fee4d31bb,pcb,pcb_ram_gold,collector,0.27,Nashik,379.05,355.57,2026-08-09T06:18:00.000Z,test,true
TRN_001734,synthetic://images/cable_aluminium/fa1bd674f200.jpg,fa1bd674f200,cable,cable_aluminium,recycler_corrected,9.77,Nashik,1380.38,1294.86,2026-08-09T06:18:00.000Z,train,true
TRN_001735,synthetic://images/plastic_abs_casing/ed107537b7e9.jpg,ed107537b7e9,mixed_plastic,plastic_abs_casing,collector,31.96,Pune,1084.08,1017.33,2026-03-01T19:25:00.000Z,test,true
TRN_001736,synthetic://images/battery_li_ion_laptop/f18dec21a2f1.jpg,f18dec21a2f1,battery,battery_li_ion_laptop,collector,0.73,Bengaluru Urban,157.76,140.4,2026-05-23T08:12:00.000Z,val,true
TRN_001737,synthetic://images/battery_lead_acid_ups/36aa57baf238.jpg,36aa57baf238,battery,battery_lead_acid_ups,collector,75.65,Nagpur,5151.13,5271.96,2025-10-26T13:21:00.000Z,train,true
TRN_001738,synthetic://images/plastic_hips_tv/ac7a02edd036.jpg,ac7a02edd036,mixed_plastic,plastic_hips_tv,recycler_corrected,23.22,Nagpur,508.75,520.68,2025-10-26T13:21:00.000Z,train,true
TRN_001739,synthetic://images/battery_lead_acid_ups/fcdc1312dd22.jpg,fcdc1312dd22,battery,battery_lead_acid_ups,collector,7.32,Nagpur,590.14,603.98,2025-10-26T13:21:00.000Z,val,true
TRN_001740,synthetic://images/pcb_tv_low_grade/abc900912b48.jpg,abc900912b48,pcb,pcb_tv_low_grade,collector,3.09,Nashik,317.47,324.55,2026-03-30T07:36:00.000Z,train,true
TRN_001741,synthetic://images/battery_lead_acid_ups/1d8ade7cd570.jpg,1d8ade7cd570,battery,battery_lead_acid_ups,collector,77.06,Mumbai Suburban,3231.35,,2026-05-02T07:57:00.000Z,train,true
TRN_001742,synthetic://images/pcb_mobile/933cbce878c1.jpg,933cbce878c1,pcb,pcb_mobile,collector,0.08,Pune,83.05,82.59,2025-09-24T18:54:00.000Z,train,true
TRN_001743,synthetic://images/battery_lead_acid_ups/89c197559dbf.jpg,89c197559dbf,battery,battery_lead_acid_ups,recycler_corrected,6.63,Pune,495.71,492.96,2025-09-24T18:54:00.000Z,train,true
TRN_001744,synthetic://images/pcb_ram_gold/09fee03bc75a.jpg,09fee03bc75a,pcb,pcb_ram_gold,collector,0.43,Pune,705.94,702.03,2025-09-24T18:54:00.000Z,train,true
TRN_001745,synthetic://images/lcd_laptop_panel/91e5f50eedea.jpg,91e5f50eedea,lcd_panel,lcd_laptop_panel,collector,5.19,Mumbai Suburban,130.88,129,2026-06-02T18:33:00.000Z,train,true
TRN_001746,synthetic://images/cable_data_thin/4012d1f6516e.jpg,4012d1f6516e,cable,cable_data_thin,collector,14.7,Nashik,1851.32,1970.57,2026-08-09T17:28:00.000Z,train,true
TRN_001747,synthetic://images/plastic_mixed_dirty/8cd10709d946.jpg,8cd10709d946,mixed_plastic,plastic_mixed_dirty,collector,11.71,Nashik,143,152.21,2026-08-09T17:28:00.000Z,train,true
TRN_001748,synthetic://images/pcb_cpu_processor/a221d79c0bbe.jpg,a221d79c0bbe,pcb,pcb_cpu_processor,collector,0.05,New Delhi,250.56,,2025-11-30T19:24:00.000Z,train,true
TRN_001749,synthetic://images/pcb_ram_gold/54a8eab925e0.jpg,54a8eab925e0,pcb,pcb_ram_gold,collector,0.27,Nashik,262.11,244.61,2025-10-23T10:56:00.000Z,val,true
TRN_001750,synthetic://images/plastic_mixed_dirty/e017db4c8101.jpg,e017db4c8101,mixed_plastic,plastic_mixed_dirty,collector,22.72,Nashik,206.42,,2025-12-02T07:03:00.000Z,train,true
TRN_001751,synthetic://images/plastic_mixed_dirty/fc9480e601d2.jpg,fc9480e601d2,mixed_plastic,plastic_mixed_dirty,collector,41.89,Mumbai Suburban,520.78,469.33,2026-08-24T17:23:00.000Z,test,true
TRN_001752,synthetic://images/pcb_tv_low_grade/60c4b5f1e839.jpg,60c4b5f1e839,pcb,pcb_tv_low_grade,collector,0.81,Mumbai Suburban,94.94,85.56,2026-08-24T17:23:00.000Z,train,true
TRN_001753,synthetic://images/plastic_abs_casing/e9539d3668a1.jpg,e9539d3668a1,mixed_plastic,plastic_abs_casing,collector,14.65,Pune,496.93,470.33,2026-03-10T17:25:00.000Z,test,true
TRN_001754,synthetic://images/battery_lead_acid_ups/12596f0890fa.jpg,12596f0890fa,battery,battery_lead_acid_ups,recycler_corrected,64.24,Pune,4290.81,4061.11,2026-03-10T17:25:00.000Z,val,true
TRN_001755,synthetic://images/lcd_laptop_panel/da28f760b731.jpg,da28f760b731,lcd_panel,lcd_laptop_panel,collector,4.86,Pune,186.31,186.77,2026-01-31T12:26:00.000Z,test,true
TRN_001756,synthetic://images/battery_button_cell/d38a091990d8.jpg,d38a091990d8,battery,battery_button_cell,collector,43.75,Pune,3429.65,3438.12,2026-01-31T12:26:00.000Z,train,true
TRN_001757,synthetic://images/battery_button_cell/252929c5f609.jpg,252929c5f609,battery,battery_button_cell,collector,41.15,Pune,3933.94,3943.65,2026-01-31T12:26:00.000Z,train,true
TRN_001758,synthetic://images/pcb_cpu_processor/44eb0e72719a.jpg,44eb0e72719a,pcb,pcb_cpu_processor,collector,0.12,Mumbai Suburban,502.13,,2026-03-22T19:10:00.000Z,train,true
TRN_001759,synthetic://images/battery_lead_acid_ups/c7e506b7a695.jpg,c7e506b7a695,battery,battery_lead_acid_ups,collector,55.01,Mumbai Suburban,4284.21,,2026-03-22T19:10:00.000Z,train,true
TRN_001760,synthetic://images/pcb_tv_low_grade/5f416ca05a76.jpg,5f416ca05a76,pcb,pcb_tv_low_grade,collector,2.88,Pune,296.29,324.68,2025-09-28T14:39:00.000Z,val,true
TRN_001761,synthetic://images/battery_li_ion_laptop/46461b72dc1e.jpg,46461b72dc1e,battery,battery_li_ion_laptop,collector,3.41,Pune,601.29,555.31,2025-09-28T09:36:00.000Z,val,true
TRN_001762,synthetic://images/pcb_motherboard/47a4cb7a40c6.jpg,47a4cb7a40c6,pcb,pcb_motherboard,collector,2.7,Thane,904.01,831.38,2026-06-08T15:47:00.000Z,train,true
TRN_001763,synthetic://images/plastic_mixed_dirty/7e555ca29477.jpg,7e555ca29477,mixed_plastic,plastic_mixed_dirty,recycler_corrected,16.65,Thane,89.31,82.13,2026-06-08T15:47:00.000Z,train,true
TRN_001764,synthetic://images/motor_hdd_assembly/bac684657f8f.jpg,bac684657f8f,motor_magnet,motor_hdd_assembly,collector,4.26,Nashik,1168.39,,2026-08-31T14:52:00.000Z,train,true
TRN_001765,synthetic://images/pcb_power_supply/697d235608ee.jpg,697d235608ee,pcb,pcb_power_supply,collector,14.38,Nashik,2010.76,,2026-08-31T14:52:00.000Z,val,true
TRN_001766,synthetic://images/battery_button_cell/e8f6b7ce93e1.jpg,e8f6b7ce93e1,battery,battery_button_cell,collector,5.75,Mumbai Suburban,638.37,674.01,2026-04-24T10:31:00.000Z,train,true
TRN_001767,synthetic://images/pcb_tv_low_grade/41cf1d540890.jpg,41cf1d540890,pcb,pcb_tv_low_grade,collector,3.62,Mumbai Suburban,432.45,456.6,2026-04-24T10:31:00.000Z,val,true
TRN_001768,synthetic://images/pcb_tv_low_grade/3d4ed7b3dae5.jpg,3d4ed7b3dae5,pcb,pcb_tv_low_grade,collector,1.73,Pune,175.97,184.18,2026-07-26T18:38:00.000Z,test,true
TRN_001769,synthetic://images/lcd_tv_panel/01c4fb00071e.jpg,01c4fb00071e,lcd_panel,lcd_tv_panel,collector,13.96,Pune,238.67,224.08,2025-12-26T10:32:00.000Z,train,true
TRN_001770,synthetic://images/cable_mixed_scrap/6e7b035a6633.jpg,6e7b035a6633,cable,cable_mixed_scrap,collector,5.54,Mumbai Suburban,1128.89,,2026-08-31T06:31:00.000Z,train,true
TRN_001771,synthetic://images/battery_li_ion_mobile/afe46677724a.jpg,afe46677724a,battery,battery_li_ion_mobile,collector,0.17,Mumbai Suburban,27.46,,2026-03-13T15:21:00.000Z,train,true
TRN_001772,synthetic://images/plastic_hips_tv/a8665b5f1464.jpg,a8665b5f1464,mixed_plastic,plastic_hips_tv,collector,14.43,New Delhi,360.17,355.69,2026-03-31T08:32:00.000Z,train,true
TRN_001773,synthetic://images/battery_lead_acid_ups/0ac0653ab331.jpg,0ac0653ab331,battery,battery_lead_acid_ups,collector,20.15,Thane,1564.4,1588.66,2026-04-04T12:15:00.000Z,train,true
TRN_001774,synthetic://images/motor_speaker_magnet/283942f980c1.jpg,283942f980c1,motor_magnet,motor_speaker_magnet,collector,0.8,Nashik,48.84,,2026-05-17T17:29:00.000Z,train,true
TRN_001775,synthetic://images/crt_monitor/9c8c152c4b94.jpg,9c8c152c4b94,crt,crt_monitor,collector,64.46,Nashik,561.03,,2026-05-17T17:29:00.000Z,train,true
TRN_001776,synthetic://images/plastic_abs_casing/4ab35a035787.jpg,4ab35a035787,mixed_plastic,plastic_abs_casing,collector,16.75,Nashik,430.18,,2026-05-17T17:29:00.000Z,train,true
TRN_001777,synthetic://images/pcb_ram_gold/12b4f2ebea61.jpg,12b4f2ebea61,pcb,pcb_ram_gold,collector,0.18,Nashik,247.74,,2026-05-17T17:29:00.000Z,train,true
TRN_001778,synthetic://images/battery_button_cell/78a3de8516e1.jpg,78a3de8516e1,battery,battery_button_cell,collector,24.24,Pune,1987.2,1908.3,2026-08-04T10:21:00.000Z,train,true
TRN_001779,synthetic://images/pcb_motherboard/1b8d05c158d5.jpg,1b8d05c158d5,pcb,pcb_motherboard,recycler_corrected,0.95,Pune,245.81,236.05,2026-08-04T10:21:00.000Z,train,true
TRN_001780,synthetic://images/pcb_power_supply/eebfa1f97570.jpg,eebfa1f97570,pcb,pcb_power_supply,collector,6.74,Pune,878.49,843.61,2026-08-04T10:21:00.000Z,val,true
TRN_001781,synthetic://images/battery_li_ion_laptop/d4e510ad2f10.jpg,d4e510ad2f10,battery,battery_li_ion_laptop,collector,0.42,Mumbai Suburban,109.57,109.04,2026-01-04T19:14:00.000Z,val,true
TRN_001782,synthetic://images/cable_data_thin/1b914e250955.jpg,1b914e250955,cable,cable_data_thin,collector,34.84,Mumbai Suburban,5075.14,5050.62,2026-01-04T19:14:00.000Z,train,true
TRN_001783,synthetic://images/battery_button_cell/f74100e15a50.jpg,f74100e15a50,battery,battery_button_cell,collector,2.34,Mumbai Suburban,277.47,276.13,2026-01-04T19:14:00.000Z,train,true
TRN_001784,synthetic://images/pcb_tv_low_grade/6c757cbaefe7.jpg,6c757cbaefe7,pcb,pcb_tv_low_grade,collector,2.81,Mumbai Suburban,336.33,334.71,2026-01-04T19:14:00.000Z,train,true
TRN_001785,synthetic://images/pcb_tv_low_grade/5cd61efe8b22.jpg,5cd61efe8b22,pcb,pcb_tv_low_grade,collector,0.47,New Delhi,59.96,,2026-04-19T06:28:00.000Z,train,true
TRN_001786,synthetic://images/led_backlight_strip/ae976fdb5e11.jpg,ae976fdb5e11,lcd_panel,led_backlight_strip,collector,8.28,Pune,755.38,727.23,2026-06-08T19:28:00.000Z,train,true
TRN_001787,synthetic://images/pcb_power_supply/cd26319b57f1.jpg,cd26319b57f1,pcb,pcb_power_supply,recycler_corrected,1.13,Pune,139.92,134.71,2026-06-08T19:28:00.000Z,train,true
TRN_001788,synthetic://images/battery_button_cell/e2739fb96782.jpg,e2739fb96782,battery,battery_button_cell,collector,3.67,Pune,325.9,313.76,2026-06-08T19:28:00.000Z,train,true
TRN_001789,synthetic://images/motor_fan_ac/68a6dad83841.jpg,68a6dad83841,motor_magnet,motor_fan_ac,collector,15.81,Pune,1619.32,1558.98,2026-06-08T19:28:00.000Z,train,true
TRN_001790,synthetic://images/battery_li_ion_mobile/47c43d7e9f93.jpg,47c43d7e9f93,battery,battery_li_ion_mobile,recycler_corrected,0.33,Pune,67.2,65.25,2025-12-02T17:05:00.000Z,train,true
TRN_001791,synthetic://images/motor_fan_ac/bd61c59d88f0.jpg,bd61c59d88f0,motor_magnet,motor_fan_ac,collector,5.92,Thane,766.17,741.95,2026-06-06T06:37:00.000Z,train,true
TRN_001792,synthetic://images/crt_yoke/d5b738953472.jpg,d5b738953472,crt,crt_yoke,collector,5.89,Thane,489.05,458.04,2026-07-10T11:45:00.000Z,train,true
TRN_001793,synthetic://images/cable_aluminium/5f0bda8e35db.jpg,5f0bda8e35db,cable,cable_aluminium,collector,19.91,Nashik,2845.87,2769.48,2026-04-29T18:02:00.000Z,train,true
TRN_001794,synthetic://images/lcd_tv_panel/2dc7d7f555cd.jpg,2dc7d7f555cd,lcd_panel,lcd_tv_panel,collector,78.22,Thane,1411.8,1318.58,2026-04-12T07:49:00.000Z,test,true
TRN_001795,synthetic://images/pcb_motherboard/6d8f5638bbc5.jpg,6d8f5638bbc5,pcb,pcb_motherboard,collector,0.76,Thane,245.52,232.55,2026-02-15T16:03:00.000Z,train,true
TRN_001796,synthetic://images/motor_speaker_magnet/e3f39ea79a3e.jpg,e3f39ea79a3e,motor_magnet,motor_speaker_magnet,recycler_corrected,2.94,Mumbai Suburban,219.35,220.7,2026-07-19T19:51:00.000Z,train,true
TRN_001797,synthetic://images/cable_mixed_scrap/09a99fe5616e.jpg,09a99fe5616e,cable,cable_mixed_scrap,collector,37.02,Mumbai Suburban,5317.29,5349.91,2026-07-19T19:51:00.000Z,val,true
TRN_001798,synthetic://images/cable_data_thin/957772a1dfb6.jpg,957772a1dfb6,cable,cable_data_thin,collector,17.15,Nashik,1790.22,1786.45,2026-05-02T11:01:00.000Z,train,true
TRN_001799,synthetic://images/plastic_mixed_dirty/5d713b40ec68.jpg,5d713b40ec68,mixed_plastic,plastic_mixed_dirty,collector,7.91,Nashik,61.9,61.77,2026-05-02T11:01:00.000Z,test,true
TRN_001800,synthetic://images/plastic_abs_casing/acd85bb6f347.jpg,acd85bb6f347,mixed_plastic,plastic_abs_casing,collector,1.69,Nashik,41.23,41.14,2026-05-02T11:01:00.000Z,train,true
TRN_001801,synthetic://images/plastic_mixed_dirty/ca4868f5d445.jpg,ca4868f5d445,mixed_plastic,plastic_mixed_dirty,collector,30.79,Bengaluru Urban,375.33,,2026-06-20T16:13:00.000Z,val,true
TRN_001802,synthetic://images/pcb_motherboard/586cd5d18739.jpg,586cd5d18739,pcb,pcb_motherboard,collector,10.89,Pune,2952.1,2848.3,2026-01-21T19:24:00.000Z,train,true
TRN_001803,synthetic://images/pcb_ram_gold/5203ca0386e3.jpg,5203ca0386e3,pcb,pcb_ram_gold,recycler_corrected,0.24,Pune,395.52,381.61,2026-01-21T19:24:00.000Z,train,true
TRN_001804,synthetic://images/lcd_monitor_panel/6348d4ab8ab6.jpg,6348d4ab8ab6,lcd_panel,lcd_monitor_panel,collector,9.21,Pune,231.12,238.08,2026-05-22T14:29:00.000Z,val,true
TRN_001805,synthetic://images/pcb_tv_low_grade/42cd1f7b3e6c.jpg,42cd1f7b3e6c,pcb,pcb_tv_low_grade,collector,3.16,Pune,324.22,333.99,2026-05-22T14:29:00.000Z,test,true
TRN_001806,synthetic://images/pcb_power_supply/0809d85316c0.jpg,0809d85316c0,pcb,pcb_power_supply,recycler_corrected,8.63,Nagpur,944.23,,2026-03-19T18:21:00.000Z,train,true
TRN_001807,synthetic://images/plastic_abs_casing/6f8907744660.jpg,6f8907744660,mixed_plastic,plastic_abs_casing,collector,31.48,Thane,463.23,451.03,2026-01-25T06:28:00.000Z,train,true
TRN_001808,synthetic://images/cable_data_thin/191599ad353b.jpg,191599ad353b,cable,cable_data_thin,collector,19.48,New Delhi,3261.59,,2025-10-30T13:31:00.000Z,test,true
TRN_001809,synthetic://images/plastic_mixed_dirty/f4aa5d8953ce.jpg,f4aa5d8953ce,mixed_plastic,plastic_mixed_dirty,collector,42.39,Thane,530.55,468.31,2026-06-06T09:57:00.000Z,train,true
TRN_001810,synthetic://images/crt_tv/00084a91b721.jpg,00084a91b721,crt,crt_tv,collector,22.9,Thane,112.05,98.91,2026-06-06T09:57:00.000Z,train,true
TRN_001811,synthetic://images/pcb_ram_gold/198894765e69.jpg,198894765e69,pcb,pcb_ram_gold,collector,0.17,Thane,116.28,102.64,2026-06-06T09:57:00.000Z,val,true
TRN_001812,synthetic://images/battery_lead_acid_ups/5224ca0e2bce.jpg,5224ca0e2bce,battery,battery_lead_acid_ups,collector,40.02,Thane,3868.03,3414.27,2026-06-06T09:57:00.000Z,val,true
TRN_001813,synthetic://images/pcb_tv_low_grade/79b976b9d7bc.jpg,79b976b9d7bc,pcb,pcb_tv_low_grade,collector,3.59,Nashik,302.45,293.29,2026-05-27T11:25:00.000Z,train,true
TRN_001814,synthetic://images/led_backlight_strip/00500d079fa0.jpg,00500d079fa0,lcd_panel,led_backlight_strip,collector,21.15,Mumbai Suburban,2317.13,,2025-10-19T08:43:00.000Z,train,true
TRN_001815,synthetic://images/pcb_ram_gold/934badc87659.jpg,934badc87659,pcb,pcb_ram_gold,collector,0.38,Mumbai Suburban,607.28,,2025-10-19T08:43:00.000Z,train,true
TRN_001816,synthetic://images/pcb_power_supply/253aeafd6e6e.jpg,253aeafd6e6e,pcb,pcb_power_supply,collector,6.14,Pune,655.23,,2025-10-06T07:03:00.000Z,val,true
TRN_001817,synthetic://images/cable_data_thin/5a1ed1ecce87.jpg,5a1ed1ecce87,cable,cable_data_thin,recycler_corrected,23.14,Pune,3145,,2025-10-06T07:03:00.000Z,val,true
TRN_001818,synthetic://images/pcb_motherboard/a6ab18dc48b0.jpg,a6ab18dc48b0,pcb,pcb_motherboard,collector,1,Pune,325.58,,2025-10-06T07:03:00.000Z,train,true
TRN_001819,synthetic://images/pcb_cpu_processor/07024c145894.jpg,07024c145894,pcb,pcb_cpu_processor,collector,0.21,Pune,842.27,827.95,2026-04-01T12:30:00.000Z,train,true
TRN_001820,synthetic://images/pcb_motherboard/05777ecae225.jpg,05777ecae225,pcb,pcb_motherboard,collector,8.1,Pune,2627.24,2582.56,2026-04-01T12:30:00.000Z,train,true
TRN_001821,synthetic://images/cable_mixed_scrap/afd13750127b.jpg,afd13750127b,cable,cable_mixed_scrap,collector,32.1,Bengaluru Urban,6896.04,6444.39,2026-05-14T16:20:00.000Z,test,true
TRN_001822,synthetic://images/plastic_mixed_dirty/5df0f60dbd88.jpg,5df0f60dbd88,mixed_plastic,plastic_mixed_dirty,collector,37.68,Pune,209.07,201.85,2026-08-16T17:12:00.000Z,test,true
TRN_001823,synthetic://images/cable_data_thin/939d4329117e.jpg,939d4329117e,cable,cable_data_thin,collector,17.24,Pune,1538.79,1485.66,2026-08-16T17:12:00.000Z,train,true
TRN_001824,synthetic://images/cable_mixed_scrap/f7f9330e93c0.jpg,f7f9330e93c0,cable,cable_mixed_scrap,collector,3.52,Nashik,695.69,724.77,2026-06-29T14:48:00.000Z,train,true
TRN_001825,synthetic://images/plastic_abs_casing/1b99ba79fdac.jpg,1b99ba79fdac,mixed_plastic,plastic_abs_casing,collector,38.38,Mumbai Suburban,1406.03,1234.58,2025-12-26T16:24:00.000Z,train,true
TRN_001826,synthetic://images/pcb_tv_low_grade/204b14690077.jpg,204b14690077,pcb,pcb_tv_low_grade,collector,0.87,Mumbai Suburban,103.87,91.2,2025-12-26T16:24:00.000Z,train,true
TRN_001827,synthetic://images/cable_copper_house/570f2f2a07e2.jpg,570f2f2a07e2,cable,cable_copper_house,collector,31.48,Pune,12466.08,10407.88,2026-05-03T17:08:00.000Z,test,true
TRN_001828,synthetic://images/motor_small_appliance/5e4ebcccc2a8.jpg,5e4ebcccc2a8,motor_magnet,motor_small_appliance,collector,8.53,Pune,1199.19,1001.2,2026-05-03T17:08:00.000Z,train,true
TRN_001829,synthetic://images/pcb_power_supply/6054fdd90f1d.jpg,6054fdd90f1d,pcb,pcb_power_supply,recycler_corrected,6.6,Pune,730.35,609.77,2026-05-03T17:08:00.000Z,test,true
TRN_001830,synthetic://images/cable_copper_house/357d14c9f5fd.jpg,357d14c9f5fd,cable,cable_copper_house,collector,3.72,Pune,1207.96,1008.52,2026-05-03T17:08:00.000Z,train,true
TRN_001831,synthetic://images/motor_hdd_assembly/902145487630.jpg,902145487630,motor_magnet,motor_hdd_assembly,recycler_corrected,4.98,Nashik,1376.12,,2026-01-23T09:37:00.000Z,train,true
TRN_001832,synthetic://images/plastic_hips_tv/efeaf757b321.jpg,efeaf757b321,mixed_plastic,plastic_hips_tv,collector,12.69,Nashik,135.22,,2026-01-23T09:37:00.000Z,val,true
TRN_001833,synthetic://images/pcb_tv_low_grade/4145edc5f647.jpg,4145edc5f647,pcb,pcb_tv_low_grade,collector,3.41,Mumbai Suburban,335.1,326.12,2025-11-24T15:43:00.000Z,train,true
TRN_001834,synthetic://images/pcb_ram_gold/e3227fd757eb.jpg,e3227fd757eb,pcb,pcb_ram_gold,collector,0.22,Mumbai Suburban,353.53,344.06,2025-11-24T15:43:00.000Z,train,true
TRN_001835,synthetic://images/pcb_power_supply/fbd868727897.jpg,fbd868727897,pcb,pcb_power_supply,collector,11.47,Mumbai Suburban,1740.69,,2025-10-07T09:21:00.000Z,train,true
TRN_001836,synthetic://images/lcd_tv_panel/bbb34f2a9756.jpg,bbb34f2a9756,lcd_panel,lcd_tv_panel,collector,93.01,Mumbai Suburban,1990.73,,2025-12-17T19:08:00.000Z,train,true
TRN_001837,synthetic://images/battery_li_ion_mobile/a0926f606a51.jpg,a0926f606a51,battery,battery_li_ion_mobile,collector,0.04,Thane,7.76,8.01,2026-05-24T18:17:00.000Z,train,true
TRN_001838,synthetic://images/pcb_mobile/91819ba6a48e.jpg,91819ba6a48e,pcb,pcb_mobile,collector,0.17,Pune,175.4,157.94,2026-05-15T12:32:00.000Z,train,true
TRN_001839,synthetic://images/pcb_cpu_processor/0c3b33e26f7b.jpg,0c3b33e26f7b,pcb,pcb_cpu_processor,recycler_corrected,0.13,Pune,427.55,385,2026-05-15T12:32:00.000Z,train,true
TRN_001840,synthetic://images/pcb_motherboard/e41592c560b8.jpg,e41592c560b8,pcb,pcb_motherboard,collector,7.48,Nagpur,1836.65,,2025-10-07T19:49:00.000Z,train,true
TRN_001841,synthetic://images/motor_hdd_assembly/dc609b2f74fd.jpg,dc609b2f74fd,motor_magnet,motor_hdd_assembly,recycler_corrected,3.4,Nagpur,668.42,,2025-10-07T19:49:00.000Z,train,true
TRN_001842,synthetic://images/pcb_motherboard/d0ac3a5b01ea.jpg,d0ac3a5b01ea,pcb,pcb_motherboard,recycler_corrected,1.34,Nagpur,381.19,,2025-10-07T19:49:00.000Z,train,true
TRN_001843,synthetic://images/motor_hdd_assembly/8d635ffb781d.jpg,8d635ffb781d,motor_magnet,motor_hdd_assembly,collector,4.11,Bengaluru Urban,976.25,,2026-05-05T15:43:00.000Z,train,true
TRN_001844,synthetic://images/pcb_motherboard/2c28bad26eef.jpg,2c28bad26eef,pcb,pcb_motherboard,collector,1.53,Bengaluru Urban,467,,2026-05-05T15:43:00.000Z,train,true
TRN_001845,synthetic://images/cable_aluminium/86e72e2d3073.jpg,86e72e2d3073,cable,cable_aluminium,collector,41.23,Bengaluru Urban,6424.46,,2026-05-05T15:43:00.000Z,train,true
TRN_001846,synthetic://images/cable_data_thin/d6a520d62648.jpg,d6a520d62648,cable,cable_data_thin,recycler_corrected,39.64,Nagpur,4759.48,,2025-11-17T18:03:00.000Z,train,true
TRN_001847,synthetic://images/cable_mixed_scrap/ae90f9ca3984.jpg,ae90f9ca3984,cable,cable_mixed_scrap,collector,1.62,Pune,240.39,216.5,2025-09-29T14:17:00.000Z,val,true
TRN_001848,synthetic://images/pcb_mobile/1197d920fbba.jpg,1197d920fbba,pcb,pcb_mobile,recycler_corrected,0.06,Pune,65.4,58.9,2025-09-29T14:17:00.000Z,train,true
TRN_001849,synthetic://images/motor_small_appliance/17c0e4d64aff.jpg,17c0e4d64aff,motor_magnet,motor_small_appliance,collector,1.73,Chhatrapati Sambhajinagar,83.42,,2025-10-18T19:36:00.000Z,train,true
TRN_001850,synthetic://images/cable_mixed_scrap/2c2aec47e71d.jpg,2c2aec47e71d,cable,cable_mixed_scrap,recycler_corrected,30.25,Thane,6384.57,5984.03,2026-01-26T07:48:00.000Z,val,true
TRN_001851,synthetic://images/cable_data_thin/19aff4090129.jpg,19aff4090129,cable,cable_data_thin,collector,20.25,Thane,1282.58,1202.12,2026-01-26T07:48:00.000Z,test,true
TRN_001852,synthetic://images/motor_hdd_assembly/e025c6d7679b.jpg,e025c6d7679b,motor_magnet,motor_hdd_assembly,collector,6.03,Mumbai Suburban,1583,1679.05,2025-12-27T18:45:00.000Z,train,true
TRN_001853,synthetic://images/plastic_abs_casing/b32dd713271d.jpg,b32dd713271d,mixed_plastic,plastic_abs_casing,collector,10.25,Mumbai Suburban,357.62,379.32,2025-12-27T18:45:00.000Z,train,true
TRN_001854,synthetic://images/motor_hdd_assembly/a060d04ed9bd.jpg,a060d04ed9bd,motor_magnet,motor_hdd_assembly,collector,2.38,Pune,647.79,621.55,2026-03-26T18:21:00.000Z,val,true
TRN_001855,synthetic://images/motor_small_appliance/74408578d09a.jpg,74408578d09a,motor_magnet,motor_small_appliance,collector,5.16,Pune,727.15,697.69,2026-03-26T18:21:00.000Z,val,true
TRN_001856,synthetic://images/pcb_ram_gold/8c4cb3552cc3.jpg,8c4cb3552cc3,pcb,pcb_ram_gold,collector,0.08,Nagpur,112.51,,2025-12-19T14:28:00.000Z,val,true
TRN_001857,synthetic://images/motor_small_appliance/c404345af048.jpg,c404345af048,motor_magnet,motor_small_appliance,collector,11.56,Nagpur,1048.02,,2025-12-19T14:28:00.000Z,train,true
TRN_001858,synthetic://images/cable_data_thin/e93cf70a2b0a.jpg,e93cf70a2b0a,cable,cable_data_thin,collector,30.58,Mumbai Suburban,4464.99,3769.02,2025-10-14T06:37:00.000Z,train,true
TRN_001859,synthetic://images/plastic_mixed_dirty/697a5a602ed2.jpg,697a5a602ed2,mixed_plastic,plastic_mixed_dirty,collector,36.11,Mumbai Suburban,341.11,287.94,2025-10-14T06:37:00.000Z,train,true
TRN_001860,synthetic://images/battery_lead_acid_ups/c3717250355c.jpg,c3717250355c,battery,battery_lead_acid_ups,recycler_corrected,45.28,Pune,4128.63,,2025-09-17T18:04:00.000Z,train,true
TRN_001861,synthetic://images/pcb_cpu_processor/fcc450518b6a.jpg,fcc450518b6a,pcb,pcb_cpu_processor,collector,0.02,Mumbai Suburban,69.59,71.76,2026-02-15T15:19:00.000Z,train,true
TRN_001862,synthetic://images/plastic_mixed_dirty/e44248c20ecd.jpg,e44248c20ecd,mixed_plastic,plastic_mixed_dirty,collector,43.88,Nagpur,344.7,344.67,2026-07-22T07:29:00.000Z,train,true
TRN_001863,synthetic://images/cable_data_thin/28aa41ed8518.jpg,28aa41ed8518,cable,cable_data_thin,collector,23.73,Pune,2488.37,,2026-04-30T11:03:00.000Z,train,true
TRN_001864,synthetic://images/battery_li_ion_laptop/0c7d66710ea6.jpg,0c7d66710ea6,battery,battery_li_ion_laptop,collector,2.45,Mumbai Suburban,516.15,519.34,2025-11-10T14:30:00.000Z,val,true
TRN_001865,synthetic://images/plastic_mixed_dirty/b06bf481495e.jpg,b06bf481495e,mixed_plastic,plastic_mixed_dirty,recycler_corrected,23.43,Mumbai Suburban,270.62,272.29,2025-11-10T14:30:00.000Z,val,true
TRN_001866,synthetic://images/pcb_motherboard/09d8e059cea1.jpg,09d8e059cea1,pcb,pcb_motherboard,collector,6.59,Mumbai Suburban,2348.81,2236.47,2025-12-18T10:28:00.000Z,train,true
TRN_001867,synthetic://images/cable_aluminium/b7b2361b5a9b.jpg,b7b2361b5a9b,cable,cable_aluminium,collector,26.67,Mumbai Suburban,3985.46,3794.85,2025-12-18T10:28:00.000Z,train,true
TRN_001868,synthetic://images/lcd_laptop_panel/58d219b6fb98.jpg,58d219b6fb98,lcd_panel,lcd_laptop_panel,collector,0.42,Mumbai Suburban,22.39,21.32,2025-12-18T10:28:00.000Z,val,true
TRN_001869,synthetic://images/battery_lead_acid_ups/ffa009e38080.jpg,ffa009e38080,battery,battery_lead_acid_ups,collector,33.55,Pune,2517.26,2283.16,2025-11-03T07:19:00.000Z,train,true
TRN_001870,synthetic://images/pcb_tv_low_grade/c635ee4cc9c5.jpg,c635ee4cc9c5,pcb,pcb_tv_low_grade,recycler_corrected,4.66,Pune,479.42,434.83,2025-11-03T07:19:00.000Z,train,true
TRN_001871,synthetic://images/motor_hdd_assembly/615ae18e3a0d.jpg,615ae18e3a0d,motor_magnet,motor_hdd_assembly,collector,0.7,Nashik,175.59,167.12,2026-03-08T15:14:00.000Z,train,true
TRN_001872,synthetic://images/motor_hdd_assembly/520121ce8a4e.jpg,520121ce8a4e,motor_magnet,motor_hdd_assembly,collector,2.09,Nashik,551.86,525.24,2026-03-08T15:14:00.000Z,val,true
TRN_001873,synthetic://images/motor_small_appliance/2937f681c8f1.jpg,2937f681c8f1,motor_magnet,motor_small_appliance,collector,2.93,Nashik,366.38,348.71,2026-03-08T15:14:00.000Z,train,true
TRN_001874,synthetic://images/motor_fan_ac/9fe737d99e95.jpg,9fe737d99e95,motor_magnet,motor_fan_ac,collector,43.95,Mumbai Suburban,7039.03,6700.43,2025-12-05T11:24:00.000Z,train,true
TRN_001875,synthetic://images/cable_copper_house/760e421361da.jpg,760e421361da,cable,cable_copper_house,collector,23.35,Mumbai Suburban,10614.91,10104.3,2025-12-05T11:24:00.000Z,train,true
TRN_001876,synthetic://images/pcb_power_supply/afe9b743dffa.jpg,afe9b743dffa,pcb,pcb_power_supply,collector,5.97,Mumbai Suburban,902.54,859.13,2025-12-05T11:24:00.000Z,train,true
TRN_001877,synthetic://images/cable_mixed_scrap/3bbb529dbf6f.jpg,3bbb529dbf6f,cable,cable_mixed_scrap,collector,21.24,Mumbai Suburban,4298.13,4091.38,2025-12-05T11:24:00.000Z,test,true
TRN_001878,synthetic://images/plastic_hips_tv/30ff099e0709.jpg,30ff099e0709,mixed_plastic,plastic_hips_tv,collector,30.49,Mumbai Suburban,660.3,650.68,2026-01-11T07:55:00.000Z,train,true
TRN_001879,synthetic://images/pcb_motherboard/5077c638bb35.jpg,5077c638bb35,pcb,pcb_motherboard,collector,1.4,Pune,442.65,469.14,2026-03-26T10:18:00.000Z,train,true
TRN_001880,synthetic://images/motor_fan_ac/10eca7883e04.jpg,10eca7883e04,motor_magnet,motor_fan_ac,collector,19.91,Nagpur,2915.22,,2026-01-04T13:32:00.000Z,train,true
TRN_001881,synthetic://images/cable_copper_house/bba44de80db4.jpg,bba44de80db4,cable,cable_copper_house,collector,40.92,Nagpur,16007.41,,2026-01-04T13:32:00.000Z,train,true
TRN_001882,synthetic://images/cable_aluminium/b82da572fe7b.jpg,b82da572fe7b,cable,cable_aluminium,collector,37.66,Nashik,5338.3,5568.25,2025-09-23T17:54:00.000Z,test,true
TRN_001883,synthetic://images/cable_aluminium/05a49da421a9.jpg,05a49da421a9,cable,cable_aluminium,collector,11.84,Nashik,1678.32,1750.62,2025-09-23T17:54:00.000Z,train,true
TRN_001884,synthetic://images/battery_li_ion_laptop/8ea6422ec3e6.jpg,8ea6422ec3e6,battery,battery_li_ion_laptop,collector,1.18,Nashik,252.82,263.71,2025-09-23T17:54:00.000Z,val,true
TRN_001885,synthetic://images/motor_fan_ac/6d1f26e6877f.jpg,6d1f26e6877f,motor_magnet,motor_fan_ac,collector,29.92,Nashik,4379.99,4568.66,2025-09-23T17:54:00.000Z,train,true
TRN_001886,synthetic://images/motor_fan_ac/5bde90bdaa15.jpg,5bde90bdaa15,motor_magnet,motor_fan_ac,collector,35,Mumbai Suburban,5597.9,5144.01,2025-09-21T10:36:00.000Z,val,true
TRN_001887,synthetic://images/cable_aluminium/100ac33f0a8a.jpg,100ac33f0a8a,cable,cable_aluminium,collector,41.38,Mumbai Suburban,4843.74,4451,2025-09-21T10:36:00.000Z,train,true
TRN_001888,synthetic://images/lcd_laptop_panel/4cc78d17f58c.jpg,4cc78d17f58c,lcd_panel,lcd_laptop_panel,collector,3.96,Mumbai Suburban,180.71,166.06,2025-09-21T10:36:00.000Z,val,true
TRN_001889,synthetic://images/cable_mixed_scrap/800d5014ea67.jpg,800d5014ea67,cable,cable_mixed_scrap,recycler_corrected,7.83,Pune,1468.52,1545.89,2026-07-19T07:17:00.000Z,train,true
TRN_001890,synthetic://images/cable_mixed_scrap/e1a046c0cbf9.jpg,e1a046c0cbf9,cable,cable_mixed_scrap,recycler_corrected,1.24,Pune,220.93,232.57,2026-07-19T07:17:00.000Z,train,true
TRN_001891,synthetic://images/motor_speaker_magnet/b85bec8e8e83.jpg,b85bec8e8e83,motor_magnet,motor_speaker_magnet,collector,1.58,New Delhi,111.67,,2026-05-27T15:28:00.000Z,train,true
TRN_001892,synthetic://images/pcb_cpu_processor/c2227e613c6f.jpg,c2227e613c6f,pcb,pcb_cpu_processor,collector,0.13,Mumbai Suburban,538.34,572.09,2026-06-28T16:36:00.000Z,train,true
TRN_001893,synthetic://images/motor_speaker_magnet/260e9909f81e.jpg,260e9909f81e,motor_magnet,motor_speaker_magnet,collector,2.77,Mumbai Suburban,216.63,230.21,2026-06-28T16:36:00.000Z,train,true
TRN_001894,synthetic://images/cable_data_thin/3166e0a6f8a5.jpg,3166e0a6f8a5,cable,cable_data_thin,collector,3.66,Mumbai Suburban,385.17,409.31,2026-06-28T16:36:00.000Z,train,true
TRN_001895,synthetic://images/plastic_mixed_dirty/6557ef5e0732.jpg,6557ef5e0732,mixed_plastic,plastic_mixed_dirty,collector,2.5,Bengaluru Urban,29.85,31.2,2026-03-01T16:26:00.000Z,train,true
TRN_001896,synthetic://images/plastic_mixed_dirty/8e5bef1c520b.jpg,8e5bef1c520b,mixed_plastic,plastic_mixed_dirty,collector,35.06,Nashik,389.52,394.29,2026-02-09T08:22:00.000Z,val,true
TRN_001897,synthetic://images/cable_data_thin/7e52bfeb709e.jpg,7e52bfeb709e,cable,cable_data_thin,recycler_corrected,37.75,Mumbai Suburban,5668.16,,2026-07-07T09:35:00.000Z,test,true
TRN_001898,synthetic://images/pcb_power_supply/51094bee9b76.jpg,51094bee9b76,pcb,pcb_power_supply,collector,9.24,Pune,1234.97,1157.48,2026-03-26T11:16:00.000Z,train,true
TRN_001899,synthetic://images/plastic_hips_tv/eeeb5ad4e032.jpg,eeeb5ad4e032,mixed_plastic,plastic_hips_tv,recycler_corrected,10.72,Pune,250.85,235.11,2026-03-26T11:16:00.000Z,train,true
TRN_001900,synthetic://images/motor_hdd_assembly/c9e5917045e7.jpg,c9e5917045e7,motor_magnet,motor_hdd_assembly,recycler_corrected,4.96,Pune,1417.51,1328.57,2026-03-26T11:16:00.000Z,train,true
TRN_001901,synthetic://images/cable_mixed_scrap/9356e84b830d.jpg,9356e84b830d,cable,cable_mixed_scrap,collector,35.73,Pune,6697.95,6277.68,2026-03-26T11:16:00.000Z,val,true
TRN_001902,synthetic://images/cable_copper_house/2a31df2d085f.jpg,2a31df2d085f,cable,cable_copper_house,collector,19.75,Mumbai Suburban,8992.18,9010.94,2026-02-22T09:29:00.000Z,train,true
TRN_001903,synthetic://images/plastic_abs_casing/55a70dd7d6b1.jpg,55a70dd7d6b1,mixed_plastic,plastic_abs_casing,collector,3.28,Mumbai Suburban,122.3,122.56,2026-02-22T09:29:00.000Z,train,true
TRN_001904,synthetic://images/led_backlight_strip/386de1d11fd2.jpg,386de1d11fd2,lcd_panel,led_backlight_strip,collector,38.69,Mumbai Suburban,3327.08,2903.73,2025-11-09T15:51:00.000Z,train,true
TRN_001905,synthetic://images/pcb_motherboard/cdb74bf3d604.jpg,cdb74bf3d604,pcb,pcb_motherboard,collector,10.25,Pune,3481.56,3235.16,2025-09-19T07:27:00.000Z,test,true
TRN_001906,synthetic://images/battery_li_ion_mobile/8c04398953f1.jpg,8c04398953f1,battery,battery_li_ion_mobile,collector,0.18,Pune,28.16,26.17,2025-09-19T07:27:00.000Z,test,true
TRN_001907,synthetic://images/battery_lead_acid_ups/c208fe169649.jpg,c208fe169649,battery,battery_lead_acid_ups,recycler_corrected,52.72,Mumbai Suburban,3411.5,,2026-07-31T06:26:00.000Z,train,true
TRN_001908,synthetic://images/motor_hdd_assembly/387509165a95.jpg,387509165a95,motor_magnet,motor_hdd_assembly,collector,3.97,Bengaluru Urban,1087.58,1095.71,2026-02-02T18:41:00.000Z,train,true
TRN_001909,synthetic://images/cable_mixed_scrap/d9c7f3861b60.jpg,d9c7f3861b60,cable,cable_mixed_scrap,collector,16.58,Bengaluru Urban,1519.21,1530.56,2026-02-02T18:41:00.000Z,train,true
TRN_001910,synthetic://images/cable_mixed_scrap/9df55d111aef.jpg,9df55d111aef,cable,cable_mixed_scrap,collector,29.6,Bengaluru Urban,6027.15,6072.2,2026-02-02T18:41:00.000Z,test,true
TRN_001911,synthetic://images/pcb_ram_gold/4995e00eb7dd.jpg,4995e00eb7dd,pcb,pcb_ram_gold,collector,0.45,Mumbai Suburban,719.34,668.78,2025-09-17T17:10:00.000Z,train,true
TRN_001912,synthetic://images/battery_button_cell/1d1e43515b46.jpg,1d1e43515b46,battery,battery_button_cell,collector,40.86,Pune,2975.26,2937.65,2026-06-18T08:20:00.000Z,train,true
TRN_001913,synthetic://images/pcb_ram_gold/9cc64ff24760.jpg,9cc64ff24760,pcb,pcb_ram_gold,collector,0.24,Pune,396.93,391.91,2026-06-18T08:20:00.000Z,test,true
TRN_001914,synthetic://images/cable_mixed_scrap/1a9608d5ea61.jpg,1a9608d5ea61,cable,cable_mixed_scrap,collector,33.84,Pune,6414.03,6332.96,2026-06-18T08:20:00.000Z,train,true
TRN_001915,synthetic://images/battery_button_cell/fb53ba40bb48.jpg,fb53ba40bb48,battery,battery_button_cell,collector,33.98,Nagpur,3315.77,3364.37,2026-07-23T06:31:00.000Z,train,true
TRN_001916,synthetic://images/cable_copper_house/ee17bfa74b37.jpg,ee17bfa74b37,cable,cable_copper_house,collector,18.08,Nagpur,7065.12,7168.67,2026-07-23T06:31:00.000Z,train,true
TRN_001917,synthetic://images/plastic_abs_casing/e1b220485dbf.jpg,e1b220485dbf,mixed_plastic,plastic_abs_casing,collector,43.98,New Delhi,1712.58,1627.27,2026-03-06T15:18:00.000Z,train,true
TRN_001918,synthetic://images/cable_copper_house/eafcf2973b17.jpg,eafcf2973b17,cable,cable_copper_house,recycler_corrected,13.08,Mumbai Suburban,4883.37,,2026-02-02T15:41:00.000Z,train,true
TRN_001919,synthetic://images/led_backlight_strip/52c29b7a0784.jpg,52c29b7a0784,lcd_panel,led_backlight_strip,collector,40.48,Mumbai Suburban,3514.87,,2026-02-02T15:41:00.000Z,test,true
TRN_001920,synthetic://images/battery_lead_acid_ups/35937f306a87.jpg,35937f306a87,battery,battery_lead_acid_ups,collector,5.87,Thane,583.56,647.09,2026-04-09T19:18:00.000Z,train,true
TRN_001921,synthetic://images/plastic_mixed_dirty/cb83572c561e.jpg,cb83572c561e,mixed_plastic,plastic_mixed_dirty,collector,33.94,Nashik,390.23,366.16,2025-10-21T10:38:00.000Z,val,true
TRN_001922,synthetic://images/pcb_motherboard/9a9655312eaa.jpg,9a9655312eaa,pcb,pcb_motherboard,collector,9.35,New Delhi,3232.01,,2026-05-13T13:35:00.000Z,train,true
TRN_001923,synthetic://images/plastic_hips_tv/547c0409a406.jpg,547c0409a406,mixed_plastic,plastic_hips_tv,collector,41.18,New Delhi,1054.62,1059.67,2026-04-16T19:57:00.000Z,val,true
TRN_001924,synthetic://images/pcb_tv_low_grade/0f3f3eeefb59.jpg,0f3f3eeefb59,pcb,pcb_tv_low_grade,collector,3.18,New Delhi,448.39,450.53,2026-04-16T19:57:00.000Z,val,true
TRN_001925,synthetic://images/led_backlight_strip/f25d65847e10.jpg,f25d65847e10,lcd_panel,led_backlight_strip,recycler_corrected,9.24,Pune,914.8,885.64,2025-09-21T10:38:00.000Z,train,true
TRN_001926,synthetic://images/battery_li_ion_laptop/a832e9be7f50.jpg,a832e9be7f50,battery,battery_li_ion_laptop,recycler_corrected,0.31,Pune,44.33,42.92,2025-09-21T10:38:00.000Z,test,true
TRN_001927,synthetic://images/lcd_tv_panel/8274e203628f.jpg,8274e203628f,lcd_panel,lcd_tv_panel,collector,7.81,New Delhi,174.71,172.35,2026-02-08T16:44:00.000Z,train,true
TRN_001928,synthetic://images/pcb_tv_low_grade/3a6bf7868d1e.jpg,3a6bf7868d1e,pcb,pcb_tv_low_grade,recycler_corrected,2.72,Nashik,279.45,253.95,2026-05-19T18:30:00.000Z,val,true
TRN_001929,synthetic://images/motor_hdd_assembly/8082944cf051.jpg,8082944cf051,motor_magnet,motor_hdd_assembly,collector,3.96,Nashik,857.16,778.94,2026-05-19T18:30:00.000Z,train,true
TRN_001930,synthetic://images/pcb_motherboard/3faf495aaf15.jpg,3faf495aaf15,pcb,pcb_motherboard,collector,5.6,Mumbai Suburban,2011.07,,2025-10-03T14:07:00.000Z,train,true
TRN_001931,synthetic://images/cable_copper_house/b41cec424707.jpg,b41cec424707,cable,cable_copper_house,recycler_corrected,1.99,Mumbai Suburban,707.72,,2025-10-03T14:07:00.000Z,train,true
TRN_001932,synthetic://images/crt_yoke/6462aa8826a4.jpg,6462aa8826a4,crt,crt_yoke,recycler_corrected,0.61,Mumbai Suburban,31.28,,2025-10-03T14:07:00.000Z,test,true
TRN_001933,synthetic://images/plastic_abs_casing/4c563c2f9630.jpg,4c563c2f9630,mixed_plastic,plastic_abs_casing,collector,6.25,Thane,214.59,,2025-09-22T10:58:00.000Z,train,true
TRN_001934,synthetic://images/pcb_ram_gold/a386b5376364.jpg,a386b5376364,pcb,pcb_ram_gold,collector,0.35,Thane,520.22,,2025-09-22T10:58:00.000Z,test,true
TRN_001935,synthetic://images/cable_aluminium/567e0833ac19.jpg,567e0833ac19,cable,cable_aluminium,recycler_corrected,37.01,Pune,5525.19,,2026-07-13T12:59:00.000Z,train,true
TRN_001936,synthetic://images/cable_copper_house/6b2c8c7dca5d.jpg,6b2c8c7dca5d,cable,cable_copper_house,collector,41.62,Pune,16446.98,,2026-07-13T12:59:00.000Z,train,true
TRN_001937,synthetic://images/cable_data_thin/241a15d5db0e.jpg,241a15d5db0e,cable,cable_data_thin,recycler_corrected,3.22,Pune,410.58,,2026-07-13T12:59:00.000Z,train,true
TRN_001938,synthetic://images/pcb_motherboard/b28fdf227cb4.jpg,b28fdf227cb4,pcb,pcb_motherboard,collector,7.3,Pune,2398.05,,2026-07-13T12:59:00.000Z,train,true
TRN_001939,synthetic://images/battery_li_ion_laptop/ef701b8ae5f7.jpg,ef701b8ae5f7,battery,battery_li_ion_laptop,recycler_corrected,3.44,Pune,606.58,610.49,2025-09-21T19:33:00.000Z,test,true
TRN_001940,synthetic://images/motor_fan_ac/18f948e0b2e7.jpg,18f948e0b2e7,motor_magnet,motor_fan_ac,recycler_corrected,34.87,Pune,5064.87,5097.5,2025-09-21T19:33:00.000Z,train,true
TRN_001941,synthetic://images/crt_tv/6e8a66e0de2d.jpg,6e8a66e0de2d,crt,crt_tv,collector,69.28,Pune,433.86,436.66,2025-09-21T19:33:00.000Z,train,true
TRN_001942,synthetic://images/pcb_power_supply/421197803e0c.jpg,421197803e0c,pcb,pcb_power_supply,collector,9.49,Pune,1301.06,1309.44,2025-09-21T19:33:00.000Z,train,true
TRN_001943,synthetic://images/motor_speaker_magnet/c1f3c7848d17.jpg,c1f3c7848d17,motor_magnet,motor_speaker_magnet,collector,3.78,Nashik,199.18,186.03,2026-05-05T07:59:00.000Z,train,true
TRN_001944,synthetic://images/plastic_mixed_dirty/7f6d158f7ed8.jpg,7f6d158f7ed8,mixed_plastic,plastic_mixed_dirty,collector,22.16,Nashik,247.75,231.39,2026-05-05T07:59:00.000Z,train,true
TRN_001945,synthetic://images/pcb_mobile/98348a347ea4.jpg,98348a347ea4,pcb,pcb_mobile,collector,0.25,Mumbai Suburban,139.59,141.35,2026-03-25T14:29:00.000Z,val,true
TRN_001946,synthetic://images/cable_aluminium/ae48c13d9be6.jpg,ae48c13d9be6,cable,cable_aluminium,collector,43.19,Nashik,4781.13,,2025-09-21T07:45:00.000Z,train,true
TRN_001947,synthetic://images/plastic_mixed_dirty/baecb03269d8.jpg,baecb03269d8,mixed_plastic,plastic_mixed_dirty,recycler_corrected,38.23,Mumbai Suburban,439.26,445.19,2025-12-25T09:50:00.000Z,train,true
TRN_001948,synthetic://images/plastic_mixed_dirty/7c4d763b718d.jpg,7c4d763b718d,mixed_plastic,plastic_mixed_dirty,collector,39.58,Mumbai Suburban,466.25,443.05,2026-04-30T16:33:00.000Z,train,true
TRN_001949,synthetic://images/pcb_tv_low_grade/e89c65f14e74.jpg,e89c65f14e74,pcb,pcb_tv_low_grade,recycler_corrected,5.39,Mumbai Suburban,527.99,501.71,2026-04-30T16:33:00.000Z,train,true
TRN_001950,synthetic://images/plastic_abs_casing/92d8a4fb28e3.jpg,92d8a4fb28e3,mixed_plastic,plastic_abs_casing,collector,10.24,Chhatrapati Sambhajinagar,136.17,,2026-02-08T08:36:00.000Z,train,true
TRN_001951,synthetic://images/cable_data_thin/1c4ac547ff07.jpg,1c4ac547ff07,cable,cable_data_thin,collector,10.16,Chhatrapati Sambhajinagar,1269.09,,2026-02-08T08:36:00.000Z,val,true
TRN_001952,synthetic://images/cable_data_thin/7b7ec340bb34.jpg,7b7ec340bb34,cable,cable_data_thin,recycler_corrected,28.75,New Delhi,4851.73,,2026-06-27T18:29:00.000Z,train,true
TRN_001953,synthetic://images/cable_mixed_scrap/839f9f33e617.jpg,839f9f33e617,cable,cable_mixed_scrap,collector,38.03,New Delhi,3593.15,,2026-06-27T18:29:00.000Z,val,true
TRN_001954,synthetic://images/plastic_hips_tv/a166111a3e71.jpg,a166111a3e71,mixed_plastic,plastic_hips_tv,collector,44.28,New Delhi,1177.41,,2026-06-27T18:29:00.000Z,test,true
TRN_001955,synthetic://images/crt_yoke/b3dadaa2e421.jpg,b3dadaa2e421,crt,crt_yoke,collector,3.57,Mumbai Suburban,225,218.18,2026-03-21T14:07:00.000Z,test,true
TRN_001956,synthetic://images/cable_mixed_scrap/7960fbff1427.jpg,7960fbff1427,cable,cable_mixed_scrap,recycler_corrected,18.9,Mumbai Suburban,3959.87,3839.92,2026-03-21T14:07:00.000Z,val,true
TRN_001957,synthetic://images/cable_aluminium/e19f3d24b711.jpg,e19f3d24b711,cable,cable_aluminium,collector,17.83,Pune,2560.35,1162.74,2026-05-04T15:50:00.000Z,test,true
TRN_001958,synthetic://images/plastic_mixed_dirty/c79589ecc875.jpg,c79589ecc875,mixed_plastic,plastic_mixed_dirty,collector,25.43,Pune,260.66,118.37,2026-05-04T15:50:00.000Z,train,true
TRN_001959,synthetic://images/cable_copper_house/89223180f979.jpg,89223180f979,cable,cable_copper_house,collector,28.14,Mumbai Suburban,13489.09,12788.62,2025-10-10T13:23:00.000Z,val,true
TRN_001960,synthetic://images/motor_speaker_magnet/b206f83b8514.jpg,b206f83b8514,motor_magnet,motor_speaker_magnet,collector,4.14,Mumbai Suburban,309.22,293.16,2025-10-10T13:23:00.000Z,train,true
TRN_001961,synthetic://images/pcb_ram_gold/b62b0c9e39bc.jpg,b62b0c9e39bc,pcb,pcb_ram_gold,collector,0.21,Mumbai Suburban,234.92,222.72,2025-10-10T13:23:00.000Z,val,true
TRN_001962,synthetic://images/cable_copper_house/7224870e0549.jpg,7224870e0549,cable,cable_copper_house,recycler_corrected,20.33,Bengaluru Urban,9007.82,8866.54,2026-01-02T17:15:00.000Z,train,true
TRN_001963,synthetic://images/battery_lead_acid_ups/41d206806e08.jpg,41d206806e08,battery,battery_lead_acid_ups,recycler_corrected,16.68,Bengaluru Urban,1444.08,1421.43,2026-01-02T17:15:00.000Z,train,true
TRN_001964,synthetic://images/plastic_mixed_dirty/fbbf191d7fdf.jpg,fbbf191d7fdf,mixed_plastic,plastic_mixed_dirty,collector,29.09,Bengaluru Urban,345.88,340.46,2026-01-02T17:15:00.000Z,train,true
TRN_001965,synthetic://images/pcb_motherboard/994a5fcf5c33.jpg,994a5fcf5c33,pcb,pcb_motherboard,collector,5.11,Nashik,1454,1656.97,2026-06-22T18:54:00.000Z,train,true
TRN_001966,synthetic://images/cable_mixed_scrap/a18aa3d4d8f8.jpg,a18aa3d4d8f8,cable,cable_mixed_scrap,collector,44.25,Pune,8403.52,8265.68,2025-10-20T11:53:00.000Z,train,true
TRN_001967,synthetic://images/cable_copper_house/bb4be4bfad92.jpg,bb4be4bfad92,cable,cable_copper_house,collector,18.29,Pune,7691.21,7565.06,2025-10-20T11:53:00.000Z,train,true
TRN_001968,synthetic://images/cable_data_thin/d4867407f1a5.jpg,d4867407f1a5,cable,cable_data_thin,collector,39.91,Mumbai Suburban,5784.56,5836.28,2025-12-26T18:27:00.000Z,train,true
TRN_001969,synthetic://images/pcb_motherboard/a2c8fdcdaca3.jpg,a2c8fdcdaca3,pcb,pcb_motherboard,recycler_corrected,5.67,Mumbai Suburban,909.41,917.54,2025-12-26T18:27:00.000Z,train,true
TRN_001970,synthetic://images/crt_yoke/87516aedc4d3.jpg,87516aedc4d3,crt,crt_yoke,recycler_corrected,1.22,Mumbai Suburban,93.57,94.41,2025-12-26T18:27:00.000Z,train,true
TRN_001971,synthetic://images/pcb_power_supply/d6a2152a9bcc.jpg,d6a2152a9bcc,pcb,pcb_power_supply,collector,9.2,Mumbai Suburban,1384.42,,2026-07-29T07:43:00.000Z,train,true
TRN_001972,synthetic://images/crt_yoke/967bd0735068.jpg,967bd0735068,crt,crt_yoke,collector,4.96,Mumbai Suburban,381.18,405.02,2026-02-24T16:05:00.000Z,test,true
TRN_001973,synthetic://images/motor_speaker_magnet/498ec4b3987b.jpg,498ec4b3987b,motor_magnet,motor_speaker_magnet,collector,1,Mumbai Suburban,69.76,74.12,2026-02-24T16:05:00.000Z,val,true
TRN_001974,synthetic://images/cable_data_thin/006fd480b858.jpg,006fd480b858,cable,cable_data_thin,recycler_corrected,40.45,Mumbai Suburban,6186.97,6573.98,2026-02-24T16:05:00.000Z,train,true
TRN_001975,synthetic://images/plastic_mixed_dirty/6d254b53298a.jpg,6d254b53298a,mixed_plastic,plastic_mixed_dirty,collector,6.91,Mumbai Suburban,66.46,70.62,2026-02-24T16:05:00.000Z,train,true
TRN_001976,synthetic://images/plastic_mixed_dirty/383c4125c427.jpg,383c4125c427,mixed_plastic,plastic_mixed_dirty,collector,4.35,Nashik,50.61,42.34,2026-01-15T19:10:00.000Z,train,true
TRN_001977,synthetic://images/crt_monitor/122ad2f5c1ca.jpg,122ad2f5c1ca,crt,crt_monitor,collector,53.06,Nashik,459.08,384.02,2026-01-15T19:10:00.000Z,train,true
TRN_001978,synthetic://images/motor_small_appliance/665c9c2453bc.jpg,665c9c2453bc,motor_magnet,motor_small_appliance,recycler_corrected,7.08,Nashik,689.24,576.55,2026-01-15T19:10:00.000Z,val,true
TRN_001979,synthetic://images/plastic_abs_casing/1a2d8f0862a4.jpg,1a2d8f0862a4,mixed_plastic,plastic_abs_casing,collector,17.32,Thane,566.36,,2026-01-23T13:33:00.000Z,train,true
TRN_001980,synthetic://images/cable_copper_house/4b93e3066cc1.jpg,4b93e3066cc1,cable,cable_copper_house,collector,19.19,Mumbai Suburban,6076.69,,2026-07-14T19:18:00.000Z,train,true
TRN_001981,synthetic://images/lcd_laptop_panel/49d8ceedfe5e.jpg,49d8ceedfe5e,lcd_panel,lcd_laptop_panel,collector,4.17,Nashik,201.1,207.52,2025-12-28T19:10:00.000Z,train,true
TRN_001982,synthetic://images/cable_data_thin/0a4dd90c7b08.jpg,0a4dd90c7b08,cable,cable_data_thin,collector,37.74,Nashik,4811.47,4965,2025-12-28T19:10:00.000Z,val,true
TRN_001983,synthetic://images/pcb_ram_gold/f2a4dca54240.jpg,f2a4dca54240,pcb,pcb_ram_gold,collector,0.32,Nashik,444.14,458.31,2025-12-28T19:10:00.000Z,test,true
TRN_001984,synthetic://images/motor_fan_ac/af3b9eded78c.jpg,af3b9eded78c,motor_magnet,motor_fan_ac,collector,12.39,Nashik,1796.92,1854.26,2025-12-28T19:10:00.000Z,train,true
TRN_001985,synthetic://images/cable_data_thin/20b879e3ee27.jpg,20b879e3ee27,cable,cable_data_thin,recycler_corrected,26.82,Thane,3095.43,3231.22,2025-12-05T12:56:00.000Z,train,true
TRN_001986,synthetic://images/cable_aluminium/7d1049e9b04c.jpg,7d1049e9b04c,cable,cable_aluminium,collector,39.42,Mumbai Suburban,5624.05,,2026-06-05T11:49:00.000Z,val,true
TRN_001987,synthetic://images/motor_speaker_magnet/6e376803ff5f.jpg,6e376803ff5f,motor_magnet,motor_speaker_magnet,recycler_corrected,4.65,Mumbai Suburban,346.33,,2026-06-05T11:49:00.000Z,train,true
TRN_001988,synthetic://images/cable_aluminium/6d516253991c.jpg,6d516253991c,cable,cable_aluminium,collector,9.27,Mumbai Suburban,1384.3,,2026-01-27T15:03:00.000Z,train,true
TRN_001989,synthetic://images/plastic_hips_tv/9ed508180312.jpg,9ed508180312,mixed_plastic,plastic_hips_tv,collector,27.83,Thane,574.62,600.08,2026-07-25T11:23:00.000Z,test,true
TRN_001990,synthetic://images/pcb_cpu_processor/62e87c06c63a.jpg,62e87c06c63a,pcb,pcb_cpu_processor,collector,0.13,Thane,437.64,457.03,2026-07-25T11:23:00.000Z,train,true
TRN_001991,synthetic://images/crt_monitor/58fbb8d44775.jpg,58fbb8d44775,crt,crt_monitor,collector,47.76,Thane,317.61,331.68,2026-07-25T11:23:00.000Z,test,true
TRN_001992,synthetic://images/cable_mixed_scrap/ad642fafa7d8.jpg,ad642fafa7d8,cable,cable_mixed_scrap,collector,4.53,Nashik,886.93,847.03,2026-01-09T06:33:00.000Z,train,true
TRN_001993,synthetic://images/pcb_motherboard/dc5afefe4bc0.jpg,dc5afefe4bc0,pcb,pcb_motherboard,collector,9.27,Nashik,2587.72,2471.3,2026-01-09T06:33:00.000Z,train,true
TRN_001994,synthetic://images/motor_speaker_magnet/53c7ef2683fd.jpg,53c7ef2683fd,motor_magnet,motor_speaker_magnet,collector,4.3,Nashik,269.78,257.64,2026-01-09T06:33:00.000Z,train,true
TRN_001995,synthetic://images/battery_lead_acid_ups/ae70a6cb294c.jpg,ae70a6cb294c,battery,battery_lead_acid_ups,collector,81.13,Pune,7445.54,7345.16,2026-04-15T12:15:00.000Z,train,true
TRN_001996,synthetic://images/cable_data_thin/ca0ebf786e82.jpg,ca0ebf786e82,cable,cable_data_thin,recycler_corrected,38.91,Pune,4975.81,4908.73,2026-04-15T12:15:00.000Z,train,true
TRN_001997,synthetic://images/crt_tv/50680123ed22.jpg,50680123ed22,crt,crt_tv,recycler_corrected,56.09,Pune,354.15,349.38,2026-04-15T12:15:00.000Z,test,true
TRN_001998,synthetic://images/motor_small_appliance/f7bb53493524.jpg,f7bb53493524,motor_magnet,motor_small_appliance,collector,3.77,Nashik,450.33,464.89,2025-12-01T16:02:00.000Z,train,true
TRN_001999,synthetic://images/battery_li_ion_laptop/87cdb59c492d.jpg,87cdb59c492d,battery,battery_li_ion_laptop,collector,3.74,Mumbai Suburban,802.06,708.72,2026-01-11T17:58:00.000Z,val,true
TRN_002000,synthetic://images/battery_li_ion_mobile/07d88b5f1b61.jpg,07d88b5f1b61,battery,battery_li_ion_mobile,collector,0.1,Mumbai Suburban,16.27,14.38,2026-01-11T17:58:00.000Z,train,true
TRN_002001,synthetic://images/motor_fan_ac/cb76657089af.jpg,cb76657089af,motor_magnet,motor_fan_ac,collector,37.68,Mumbai Suburban,6336.57,5599.18,2026-01-11T17:58:00.000Z,test,true
TRN_002002,synthetic://images/motor_speaker_magnet/740d347880a5.jpg,740d347880a5,motor_magnet,motor_speaker_magnet,collector,1,Pune,71.34,,2025-11-01T19:05:00.000Z,train,true
TRN_002003,synthetic://images/cable_mixed_scrap/77c0d39cc3c9.jpg,77c0d39cc3c9,cable,cable_mixed_scrap,collector,23.58,Nashik,4856.48,4713.41,2026-02-26T18:37:00.000Z,train,true
TRN_002004,synthetic://images/pcb_mobile/f66d7e156d27.jpg,f66d7e156d27,pcb,pcb_mobile,collector,0.26,Nashik,281.32,274.23,2026-04-22T09:57:00.000Z,train,true
TRN_002005,synthetic://images/cable_aluminium/375561537510.jpg,375561537510,cable,cable_aluminium,collector,35.54,Nashik,3967.21,3867.22,2026-04-22T09:57:00.000Z,train,true
TRN_002006,synthetic://images/motor_small_appliance/24c6d3ccf34c.jpg,24c6d3ccf34c,motor_magnet,motor_small_appliance,collector,6.31,Mumbai Suburban,916.09,889.92,2025-12-01T18:46:00.000Z,val,true
TRN_002007,synthetic://images/motor_fan_ac/d273b76c95bd.jpg,d273b76c95bd,motor_magnet,motor_fan_ac,collector,25.94,Mumbai Suburban,4154.55,4035.84,2025-12-01T18:46:00.000Z,train,true
TRN_002008,synthetic://images/cable_aluminium/5624b624dc81.jpg,5624b624dc81,cable,cable_aluminium,collector,16.05,Mumbai Suburban,2284.24,2185.79,2025-12-02T07:38:00.000Z,train,true
TRN_002009,synthetic://images/plastic_mixed_dirty/de44bac29aed.jpg,de44bac29aed,mixed_plastic,plastic_mixed_dirty,recycler_corrected,38.76,Mumbai Suburban,445.35,426.15,2025-12-02T07:38:00.000Z,val,true
TRN_002010,synthetic://images/motor_small_appliance/d9cfde1c5d1c.jpg,d9cfde1c5d1c,motor_magnet,motor_small_appliance,collector,6.78,Nagpur,527.42,,2025-10-10T10:10:00.000Z,train,true
TRN_002011,synthetic://images/cable_aluminium/3bda0c49817e.jpg,3bda0c49817e,cable,cable_aluminium,collector,8.38,Pune,1146.05,960.81,2026-05-09T13:38:00.000Z,test,true
TRN_002012,synthetic://images/pcb_mobile/4c177aee5cc4.jpg,4c177aee5cc4,pcb,pcb_mobile,collector,0.16,Pune,173.33,145.31,2026-05-09T13:38:00.000Z,train,true
TRN_002013,synthetic://images/plastic_hips_tv/bcaf3b211e40.jpg,bcaf3b211e40,mixed_plastic,plastic_hips_tv,collector,41.76,Pune,990.55,830.44,2026-05-09T13:38:00.000Z,train,true
TRN_002014,synthetic://images/cable_copper_house/9ba23f731619.jpg,9ba23f731619,cable,cable_copper_house,collector,1.19,Pune,474.11,439.82,2025-12-10T15:37:00.000Z,train,true
TRN_002015,synthetic://images/cable_mixed_scrap/45deab3507cd.jpg,45deab3507cd,cable,cable_mixed_scrap,recycler_corrected,42.33,Pune,8328.83,7726.48,2025-12-10T15:37:00.000Z,train,true
TRN_002016,synthetic://images/battery_lead_acid_ups/424a965c5c33.jpg,424a965c5c33,battery,battery_lead_acid_ups,recycler_corrected,52.42,Pune,4046.19,3753.57,2025-12-10T15:37:00.000Z,train,true
TRN_002017,synthetic://images/cable_aluminium/186ca9fc757b.jpg,186ca9fc757b,cable,cable_aluminium,collector,7.58,Pune,1036.64,961.67,2025-12-10T15:37:00.000Z,train,true
TRN_002018,synthetic://images/battery_lead_acid_ups/34fcad5c82ad.jpg,34fcad5c82ad,battery,battery_lead_acid_ups,collector,69.76,Pune,6402.08,6455.4,2026-04-21T14:47:00.000Z,train,true
TRN_002019,synthetic://images/plastic_mixed_dirty/4fb362636b8c.jpg,4fb362636b8c,mixed_plastic,plastic_mixed_dirty,collector,3.89,Pune,33.57,33.85,2026-04-21T14:47:00.000Z,train,true
TRN_002020,synthetic://images/plastic_hips_tv/1e6bfcb327f8.jpg,1e6bfcb327f8,mixed_plastic,plastic_hips_tv,collector,27.53,Pune,674.39,689.24,2026-01-07T16:05:00.000Z,train,true
TRN_002021,synthetic://images/pcb_mobile/57d2f42ab62e.jpg,57d2f42ab62e,pcb,pcb_mobile,collector,0.25,Pune,215.71,220.46,2026-01-07T16:05:00.000Z,train,true
TRN_002022,synthetic://images/battery_button_cell/60aee83b1f25.jpg,60aee83b1f25,battery,battery_button_cell,recycler_corrected,35.98,Pune,1547.86,1581.94,2026-01-07T16:05:00.000Z,train,true
TRN_002023,synthetic://images/cable_mixed_scrap/494d299e8368.jpg,494d299e8368,cable,cable_mixed_scrap,collector,23.85,Mumbai Suburban,4759.03,4702.37,2026-01-12T07:12:00.000Z,train,true
TRN_002024,synthetic://images/pcb_motherboard/a17025f2362a.jpg,a17025f2362a,pcb,pcb_motherboard,collector,2.07,Mumbai Suburban,767.25,758.12,2026-01-12T07:12:00.000Z,val,true
TRN_002025,synthetic://images/plastic_abs_casing/80fe09499366.jpg,80fe09499366,mixed_plastic,plastic_abs_casing,collector,33.88,Nashik,1107.06,1122.21,2026-06-04T13:19:00.000Z,val,true
TRN_002026,synthetic://images/crt_monitor/fd9cc05e251c.jpg,fd9cc05e251c,crt,crt_monitor,collector,156.97,Nashik,1358.1,1324.45,2026-01-24T13:48:00.000Z,train,true
TRN_002027,synthetic://images/plastic_abs_casing/0b5e96e547f4.jpg,0b5e96e547f4,mixed_plastic,plastic_abs_casing,collector,7.31,Pune,267.49,252.53,2026-06-29T08:39:00.000Z,train,true
TRN_002028,synthetic://images/pcb_cpu_processor/fa9e2b4e24f7.jpg,fa9e2b4e24f7,pcb,pcb_cpu_processor,recycler_corrected,0.22,Pune,884.95,781.45,2025-11-25T16:29:00.000Z,train,true
TRN_002029,synthetic://images/motor_small_appliance/910bc0d953e6.jpg,910bc0d953e6,motor_magnet,motor_small_appliance,collector,4.05,Pune,447.11,394.82,2025-11-25T16:29:00.000Z,train,true
TRN_002030,synthetic://images/plastic_mixed_dirty/708d27db83ee.jpg,708d27db83ee,mixed_plastic,plastic_mixed_dirty,collector,27.67,Pune,355.61,314.02,2025-11-25T16:29:00.000Z,train,true
TRN_002031,synthetic://images/motor_speaker_magnet/f22e1eed87b9.jpg,f22e1eed87b9,motor_magnet,motor_speaker_magnet,collector,4.59,Pune,155.12,136.98,2025-11-25T16:29:00.000Z,val,true
TRN_002032,synthetic://images/battery_button_cell/b49707117ed2.jpg,b49707117ed2,battery,battery_button_cell,collector,8.48,Bengaluru Urban,730.06,,2025-12-27T14:13:00.000Z,train,true
TRN_002033,synthetic://images/motor_small_appliance/1b4cd77fcab3.jpg,1b4cd77fcab3,motor_magnet,motor_small_appliance,collector,1.24,Thane,164.43,164.88,2026-03-16T17:02:00.000Z,train,true
TRN_002034,synthetic://images/cable_mixed_scrap/a9aa3641cc04.jpg,a9aa3641cc04,cable,cable_mixed_scrap,collector,15.15,Thane,3358.07,3367.32,2026-03-16T17:02:00.000Z,train,true
TRN_002035,synthetic://images/crt_tv/bac744aaa714.jpg,bac744aaa714,crt,crt_tv,collector,182.77,Thane,1446.91,1450.9,2026-03-16T17:02:00.000Z,test,true
TRN_002036,synthetic://images/pcb_ram_gold/b67332b7c61e.jpg,b67332b7c61e,pcb,pcb_ram_gold,collector,0.3,Mumbai Suburban,508.6,555.1,2025-12-23T16:59:00.000Z,test,true
TRN_002037,synthetic://images/battery_li_ion_laptop/1795f74fd4cb.jpg,1795f74fd4cb,battery,battery_li_ion_laptop,recycler_corrected,4.45,Mumbai Suburban,1203.87,1313.92,2025-12-23T16:59:00.000Z,train,true
TRN_002038,synthetic://images/cable_aluminium/1bf812ade44a.jpg,1bf812ade44a,cable,cable_aluminium,collector,30.35,Mumbai Suburban,4319.41,,2025-12-25T16:43:00.000Z,test,true
TRN_002039,synthetic://images/cable_data_thin/08b581dd46ad.jpg,08b581dd46ad,cable,cable_data_thin,collector,40.08,Mumbai Suburban,4763.54,,2025-12-25T16:43:00.000Z,train,true
TRN_002040,synthetic://images/pcb_motherboard/6192b4f6814e.jpg,6192b4f6814e,pcb,pcb_motherboard,collector,3.06,Thane,1024.79,1031.16,2026-05-31T18:22:00.000Z,train,true
TRN_002041,synthetic://images/cable_data_thin/a469cd219275.jpg,a469cd219275,cable,cable_data_thin,collector,32.09,Thane,3707.35,3785.84,2025-11-17T14:01:00.000Z,val,true
TRN_002042,synthetic://images/motor_fan_ac/ed07bb8fc9ec.jpg,ed07bb8fc9ec,motor_magnet,motor_fan_ac,collector,12.73,Pune,1916.36,1799.05,2025-11-02T08:26:00.000Z,train,true
TRN_002043,synthetic://images/plastic_hips_tv/4da1e7c104fa.jpg,4da1e7c104fa,mixed_plastic,plastic_hips_tv,collector,9,Pune,219.71,206.26,2025-11-02T08:26:00.000Z,train,true
TRN_002044,synthetic://images/cable_mixed_scrap/fd5cf435b5c6.jpg,fd5cf435b5c6,cable,cable_mixed_scrap,collector,28.69,Nashik,5617.22,5435.59,2026-01-29T12:18:00.000Z,train,true
TRN_002045,synthetic://images/motor_small_appliance/2baacb94e772.jpg,2baacb94e772,motor_magnet,motor_small_appliance,collector,4.39,Bengaluru Urban,576.58,,2026-07-12T13:37:00.000Z,train,true
TRN_002046,synthetic://images/cable_copper_house/ac7424fda867.jpg,ac7424fda867,cable,cable_copper_house,recycler_corrected,36.04,Pune,14433.66,14829.92,2025-09-04T17:50:00.000Z,test,true
TRN_002047,synthetic://images/pcb_ram_gold/6753462cf218.jpg,6753462cf218,pcb,pcb_ram_gold,recycler_corrected,0.17,Pune,228.85,235.13,2025-09-04T17:50:00.000Z,val,true
TRN_002048,synthetic://images/pcb_mobile/8c0458e784ed.jpg,8c0458e784ed,pcb,pcb_mobile,collector,0.05,Pune,51.91,53.34,2025-09-04T17:50:00.000Z,train,true
TRN_002049,synthetic://images/pcb_tv_low_grade/48fb270dc443.jpg,48fb270dc443,pcb,pcb_tv_low_grade,recycler_corrected,3.48,Mumbai Suburban,416.52,422.26,2026-01-16T13:57:00.000Z,train,true
TRN_002050,synthetic://images/pcb_mobile/285949a176f6.jpg,285949a176f6,pcb,pcb_mobile,collector,0.17,Mumbai Suburban,173.11,175.5,2026-01-16T13:57:00.000Z,train,true
TRN_002051,synthetic://images/pcb_mobile/cb64d9e0e7b5.jpg,cb64d9e0e7b5,pcb,pcb_mobile,collector,0.06,Mumbai Suburban,78.23,79.31,2026-01-16T13:57:00.000Z,train,true
TRN_002052,synthetic://images/cable_mixed_scrap/a6d095e754d3.jpg,a6d095e754d3,cable,cable_mixed_scrap,collector,11.95,Pune,2276.36,,2025-09-30T09:10:00.000Z,train,true
TRN_002053,synthetic://images/pcb_motherboard/526e1696bfb5.jpg,526e1696bfb5,pcb,pcb_motherboard,collector,7.61,Pune,2018.64,,2025-09-30T09:10:00.000Z,train,true
TRN_002054,synthetic://images/cable_copper_house/8a857550edac.jpg,8a857550edac,cable,cable_copper_house,collector,9.84,Pune,4137.86,,2025-09-30T09:10:00.000Z,train,true
TRN_002055,synthetic://images/motor_speaker_magnet/b50c64caac45.jpg,b50c64caac45,motor_magnet,motor_speaker_magnet,collector,0.42,Mumbai Suburban,29.3,28.96,2026-02-25T13:38:00.000Z,train,true
TRN_002056,synthetic://images/battery_lead_acid_ups/92330a5e2111.jpg,92330a5e2111,battery,battery_lead_acid_ups,collector,25.13,Mumbai Suburban,1900.13,1878.11,2026-02-25T13:38:00.000Z,train,true
TRN_002057,synthetic://images/battery_li_ion_laptop/d20a5bcff028.jpg,d20a5bcff028,battery,battery_li_ion_laptop,collector,0.38,Mumbai Suburban,98.91,,2026-05-03T10:32:00.000Z,test,true
TRN_002058,synthetic://images/plastic_abs_casing/0a754d943068.jpg,0a754d943068,mixed_plastic,plastic_abs_casing,collector,23.53,Mumbai Suburban,862.01,811.19,2025-12-08T12:57:00.000Z,train,true
TRN_002059,synthetic://images/battery_li_ion_mobile/986467ec3fcb.jpg,986467ec3fcb,battery,battery_li_ion_mobile,collector,0.15,Mumbai Suburban,24.23,22.8,2025-12-08T12:57:00.000Z,test,true
TRN_002060,synthetic://images/cable_data_thin/59788a0e132c.jpg,59788a0e132c,cable,cable_data_thin,collector,25.24,Nagpur,3030.5,,2025-11-20T08:09:00.000Z,train,true
TRN_002061,synthetic://images/lcd_monitor_panel/2584fbd5587f.jpg,2584fbd5587f,lcd_panel,lcd_monitor_panel,collector,4.02,Nagpur,94.93,,2025-11-20T08:09:00.000Z,val,true
TRN_002062,synthetic://images/pcb_ram_gold/4fffc1d4aac5.jpg,4fffc1d4aac5,pcb,pcb_ram_gold,collector,0.06,Mumbai Suburban,79.57,85.48,2026-03-16T10:36:00.000Z,train,true
TRN_002063,synthetic://images/cable_aluminium/67cac93f4a69.jpg,67cac93f4a69,cable,cable_aluminium,collector,33.99,Mumbai Suburban,4830.66,5189.59,2026-03-16T10:36:00.000Z,train,true
TRN_002064,synthetic://images/battery_li_ion_laptop/7323e616cf31.jpg,7323e616cf31,battery,battery_li_ion_laptop,collector,1.66,Mumbai Suburban,338.3,363.44,2026-03-16T10:36:00.000Z,train,true
TRN_002065,synthetic://images/pcb_mobile/f5b72946fab0.jpg,f5b72946fab0,pcb,pcb_mobile,collector,0.23,Mumbai Suburban,234.02,251.41,2026-03-16T10:36:00.000Z,test,true
TRN_002066,synthetic://images/pcb_power_supply/a3510225af75.jpg,a3510225af75,pcb,pcb_power_supply,collector,8.02,Mumbai Suburban,995.01,1018.14,2026-05-20T16:30:00.000Z,train,true
TRN_002067,synthetic://images/cable_copper_house/e8e167ee9077.jpg,e8e167ee9077,cable,cable_copper_house,collector,14.48,Mumbai Suburban,6644.73,6799.17,2026-05-20T16:30:00.000Z,train,true
TRN_002068,synthetic://images/pcb_motherboard/91bd011fb785.jpg,91bd011fb785,pcb,pcb_motherboard,collector,7.34,Mumbai Suburban,2114.83,2163.98,2026-05-20T16:30:00.000Z,train,true
TRN_002069,synthetic://images/plastic_hips_tv/6200b36a3c8a.jpg,6200b36a3c8a,mixed_plastic,plastic_hips_tv,recycler_corrected,27.3,Mumbai Suburban,720.99,745.35,2025-09-25T06:30:00.000Z,train,true
TRN_002070,synthetic://images/cable_mixed_scrap/fc2be9acc676.jpg,fc2be9acc676,cable,cable_mixed_scrap,collector,1.92,Mumbai Suburban,304.71,315,2025-09-25T06:30:00.000Z,train,true
TRN_002071,synthetic://images/plastic_abs_casing/55d223359691.jpg,55d223359691,mixed_plastic,plastic_abs_casing,collector,41.91,Mumbai Suburban,1475.23,1525.07,2025-09-25T06:30:00.000Z,train,true
TRN_002072,synthetic://images/motor_fan_ac/5883abeb8bcb.jpg,5883abeb8bcb,motor_magnet,motor_fan_ac,recycler_corrected,7.43,Pune,1118.5,1164.14,2025-11-09T08:40:00.000Z,train,true
TRN_002073,synthetic://images/cable_aluminium/2f673cee9ab4.jpg,2f673cee9ab4,cable,cable_aluminium,collector,19.97,Pune,2786.21,2899.9,2025-11-09T08:40:00.000Z,val,true
TRN_002074,synthetic://images/cable_data_thin/52988286edc6.jpg,52988286edc6,cable,cable_data_thin,collector,18.28,Nagpur,940.4,,2025-12-11T09:08:00.000Z,val,true
TRN_002075,synthetic://images/cable_mixed_scrap/086b6caf5a1a.jpg,086b6caf5a1a,cable,cable_mixed_scrap,collector,12.09,Nagpur,1534.85,,2025-12-11T09:08:00.000Z,val,true
TRN_002076,synthetic://images/motor_small_appliance/8e4b8ae3a357.jpg,8e4b8ae3a357,motor_magnet,motor_small_appliance,collector,16.43,Mumbai Suburban,2515.61,2423.67,2025-09-18T08:01:00.000Z,train,true
TRN_002077,synthetic://images/plastic_mixed_dirty/ed1e4ae76633.jpg,ed1e4ae76633,mixed_plastic,plastic_mixed_dirty,collector,35.95,Mumbai Suburban,413.43,398.32,2025-09-18T08:01:00.000Z,test,true
TRN_002078,synthetic://images/plastic_abs_casing/eec3b7a96e8b.jpg,eec3b7a96e8b,mixed_plastic,plastic_abs_casing,collector,33.54,Mumbai Suburban,1239.64,1194.33,2025-09-18T08:01:00.000Z,test,true
TRN_002079,synthetic://images/cable_data_thin/5d7f4d2d19c3.jpg,5d7f4d2d19c3,cable,cable_data_thin,recycler_corrected,44.31,Nashik,4632.25,4355.68,2025-12-10T10:21:00.000Z,train,true
TRN_002080,synthetic://images/crt_monitor/1ede67ad157f.jpg,1ede67ad157f,crt,crt_monitor,recycler_corrected,165.45,Nashik,1508.42,1418.36,2025-12-10T10:21:00.000Z,test,true
TRN_002081,synthetic://images/battery_lead_acid_ups/fffefe9b86be.jpg,fffefe9b86be,battery,battery_lead_acid_ups,collector,35.18,Nashik,3181.93,2991.95,2025-12-10T10:21:00.000Z,val,true
TRN_002082,synthetic://images/pcb_mobile/2764686cece0.jpg,2764686cece0,pcb,pcb_mobile,collector,0.04,Nashik,43.13,41.58,2026-07-20T10:41:00.000Z,train,true
TRN_002083,synthetic://images/pcb_tv_low_grade/4fa60f364f1f.jpg,4fa60f364f1f,pcb,pcb_tv_low_grade,collector,2.36,Nashik,253.85,244.72,2026-07-20T10:41:00.000Z,train,true
TRN_002084,synthetic://images/plastic_hips_tv/032246bb35bf.jpg,032246bb35bf,mixed_plastic,plastic_hips_tv,collector,15.7,Nashik,371.46,349.95,2026-03-08T18:21:00.000Z,val,true
TRN_002085,synthetic://images/motor_speaker_magnet/f05a152a9d96.jpg,f05a152a9d96,motor_magnet,motor_speaker_magnet,collector,1.32,Nashik,82.6,77.82,2026-03-08T18:21:00.000Z,train,true
TRN_002086,synthetic://images/pcb_cpu_processor/90e0f9646b56.jpg,90e0f9646b56,pcb,pcb_cpu_processor,collector,0.02,Nashik,73.23,68.99,2026-03-08T18:21:00.000Z,test,true
TRN_002087,synthetic://images/plastic_mixed_dirty/d87ef2e3b6a0.jpg,d87ef2e3b6a0,mixed_plastic,plastic_mixed_dirty,collector,9.27,Nashik,102.99,97.03,2026-03-08T18:21:00.000Z,val,true
TRN_002088,synthetic://images/led_backlight_strip/cf46064e0e48.jpg,cf46064e0e48,lcd_panel,led_backlight_strip,collector,27.61,Thane,2972.69,2774.86,2026-03-17T13:43:00.000Z,val,true
TRN_002089,synthetic://images/lcd_monitor_panel/18b3dfbfa2ba.jpg,18b3dfbfa2ba,lcd_panel,lcd_monitor_panel,collector,16.42,Thane,391.45,365.4,2026-03-17T13:43:00.000Z,train,true
TRN_002090,synthetic://images/crt_tv/d0f374e05a4a.jpg,d0f374e05a4a,crt,crt_tv,collector,147.54,Nashik,763.87,704.18,2025-09-04T12:55:00.000Z,val,true
TRN_002091,synthetic://images/cable_aluminium/336d73e163df.jpg,336d73e163df,cable,cable_aluminium,collector,2.93,Nashik,395.55,364.64,2025-09-04T12:55:00.000Z,train,true
TRN_002092,synthetic://images/motor_speaker_magnet/c543e80f022d.jpg,c543e80f022d,motor_magnet,motor_speaker_magnet,collector,1.27,Mumbai Suburban,40.3,38.83,2026-01-14T09:16:00.000Z,train,true
TRN_002093,synthetic://images/cable_mixed_scrap/fd3c7f5a3621.jpg,fd3c7f5a3621,cable,cable_mixed_scrap,collector,10.53,Mumbai Suburban,1722.95,1659.93,2026-01-14T09:16:00.000Z,train,true
TRN_002094,synthetic://images/cable_copper_house/72644e6a2839.jpg,72644e6a2839,cable,cable_copper_house,collector,11.7,Mumbai Suburban,5318.82,5124.27,2026-01-14T09:16:00.000Z,train,true
TRN_002095,synthetic://images/crt_monitor/9c4726b4f5fe.jpg,9c4726b4f5fe,crt,crt_monitor,collector,75.94,Pune,646.36,647.67,2025-12-13T14:09:00.000Z,train,true
TRN_002096,synthetic://images/pcb_tv_low_grade/f53f707fe0e3.jpg,f53f707fe0e3,pcb,pcb_tv_low_grade,collector,0.63,Pune,61.57,61.7,2025-12-13T14:09:00.000Z,train,true
TRN_002097,synthetic://images/plastic_hips_tv/8d78fe6feb0a.jpg,8d78fe6feb0a,mixed_plastic,plastic_hips_tv,recycler_corrected,10.93,Mumbai Suburban,240.2,212.48,2026-03-18T18:04:00.000Z,test,true
TRN_002098,synthetic://images/plastic_hips_tv/2ef9f2b013fb.jpg,2ef9f2b013fb,mixed_plastic,plastic_hips_tv,recycler_corrected,17.43,Mumbai Suburban,467.12,413.21,2026-03-18T18:04:00.000Z,train,true
TRN_002099,synthetic://images/pcb_cpu_processor/75855e181605.jpg,75855e181605,pcb,pcb_cpu_processor,recycler_corrected,0.02,Mumbai Suburban,68.62,60.7,2026-03-18T18:04:00.000Z,test,true
TRN_002100,synthetic://images/pcb_power_supply/f9a422a791e4.jpg,f9a422a791e4,pcb,pcb_power_supply,collector,3.09,Mumbai Suburban,451.33,473.38,2026-08-21T09:12:00.000Z,train,true
TRN_002101,synthetic://images/cable_aluminium/a46d7fa891b2.jpg,a46d7fa891b2,cable,cable_aluminium,collector,37.41,Mumbai Suburban,5337.28,5598.01,2026-08-21T09:12:00.000Z,train,true
TRN_002102,synthetic://images/cable_copper_house/06cda56fc1d8.jpg,06cda56fc1d8,cable,cable_copper_house,recycler_corrected,21.61,Mumbai Suburban,8131.62,,2026-04-14T09:32:00.000Z,val,true
TRN_002103,synthetic://images/cable_mixed_scrap/dc7491c5ace1.jpg,dc7491c5ace1,cable,cable_mixed_scrap,recycler_corrected,4.57,Mumbai Suburban,928.9,,2026-04-14T09:32:00.000Z,test,true
TRN_002104,synthetic://images/plastic_hips_tv/9c569ed63eff.jpg,9c569ed63eff,mixed_plastic,plastic_hips_tv,collector,27.95,Nashik,665.21,673.72,2026-06-21T12:49:00.000Z,train,true
TRN_002105,synthetic://images/pcb_power_supply/41bff70bcb1a.jpg,41bff70bcb1a,pcb,pcb_power_supply,collector,5.87,Mumbai Suburban,730.39,,2025-09-11T19:27:00.000Z,train,true
TRN_002106,synthetic://images/pcb_ram_gold/16ca1af2b61d.jpg,16ca1af2b61d,pcb,pcb_ram_gold,collector,0.27,Bengaluru Urban,441.97,461.49,2025-11-24T13:36:00.000Z,train,true
TRN_002107,synthetic://images/cable_mixed_scrap/2316daba3085.jpg,2316daba3085,cable,cable_mixed_scrap,collector,29.15,Bengaluru Urban,4913.98,5131.05,2025-11-24T13:36:00.000Z,train,true
TRN_002108,synthetic://images/pcb_ram_gold/f9996a0ed6dc.jpg,f9996a0ed6dc,pcb,pcb_ram_gold,collector,0.11,Bengaluru Urban,140.62,146.83,2025-11-24T13:36:00.000Z,train,true
TRN_002109,synthetic://images/plastic_mixed_dirty/421ef1c2fdb1.jpg,421ef1c2fdb1,mixed_plastic,plastic_mixed_dirty,collector,23.75,Nashik,273.07,241.55,2025-10-03T19:27:00.000Z,train,true
TRN_002110,synthetic://images/led_backlight_strip/facc9324dd32.jpg,facc9324dd32,lcd_panel,led_backlight_strip,collector,17.28,Nashik,1247.35,1103.36,2025-10-03T19:27:00.000Z,test,true
TRN_002111,synthetic://images/pcb_ram_gold/1c873321f56d.jpg,1c873321f56d,pcb,pcb_ram_gold,recycler_corrected,0.22,Pune,363.86,,2025-12-13T18:21:00.000Z,train,true
TRN_002112,synthetic://images/battery_button_cell/ac3bbcb3a8ae.jpg,ac3bbcb3a8ae,battery,battery_button_cell,collector,2.14,Pune,203.04,,2025-12-13T18:21:00.000Z,train,true
TRN_002113,synthetic://images/pcb_cpu_processor/93fce3cfdced.jpg,93fce3cfdced,pcb,pcb_cpu_processor,collector,0.09,Mumbai Suburban,400.97,385.95,2026-02-25T09:29:00.000Z,train,true
TRN_002114,synthetic://images/cable_data_thin/0f182d738957.jpg,0f182d738957,cable,cable_data_thin,collector,38.66,Mumbai Suburban,5913.18,5691.71,2026-02-25T09:29:00.000Z,val,true
TRN_002115,synthetic://images/motor_small_appliance/e17aa5813266.jpg,e17aa5813266,motor_magnet,motor_small_appliance,collector,13.3,Mumbai Suburban,1935.42,,2026-07-20T14:31:00.000Z,train,true
TRN_002116,synthetic://images/cable_mixed_scrap/85315535e8b7.jpg,85315535e8b7,cable,cable_mixed_scrap,collector,7.68,Mumbai Suburban,1256.62,,2026-03-30T13:48:00.000Z,train,true
TRN_002117,synthetic://images/motor_speaker_magnet/d6cf57c1c019.jpg,d6cf57c1c019,motor_magnet,motor_speaker_magnet,collector,4.44,Mumbai Suburban,347.23,368.38,2026-08-14T18:08:00.000Z,train,true
TRN_002118,synthetic://images/battery_button_cell/46632f156c7a.jpg,46632f156c7a,battery,battery_button_cell,collector,26.88,Mumbai Suburban,2775.55,2944.63,2026-08-14T18:08:00.000Z,val,true
TRN_002119,synthetic://images/pcb_cpu_processor/9d23c020ddd0.jpg,9d23c020ddd0,pcb,pcb_cpu_processor,collector,0.12,Mumbai Suburban,494.32,524.43,2026-08-14T18:08:00.000Z,train,true
TRN_002120,synthetic://images/pcb_cpu_processor/86c0bf8ef483.jpg,86c0bf8ef483,pcb,pcb_cpu_processor,collector,0.05,Mumbai Suburban,222.76,220.66,2026-02-06T08:17:00.000Z,train,true
TRN_002121,synthetic://images/battery_button_cell/2c825a3863cd.jpg,2c825a3863cd,battery,battery_button_cell,collector,38.08,Mumbai Suburban,3528.81,3495.54,2026-02-06T08:17:00.000Z,test,true
TRN_002122,synthetic://images/battery_li_ion_laptop/b30e300a7685.jpg,b30e300a7685,battery,battery_li_ion_laptop,collector,1.66,Pune,346.06,300.92,2026-01-30T07:35:00.000Z,test,true
TRN_002123,synthetic://images/lcd_monitor_panel/99a0f70b88a6.jpg,99a0f70b88a6,lcd_panel,lcd_monitor_panel,collector,39.91,Pune,1006.57,875.26,2026-01-30T07:35:00.000Z,train,true
TRN_002124,synthetic://images/cable_aluminium/51ae26cdc5eb.jpg,51ae26cdc5eb,cable,cable_aluminium,collector,42.86,Pune,5847.82,6346.22,2026-04-20T15:15:00.000Z,train,true
TRN_002125,synthetic://images/plastic_hips_tv/962da2447a03.jpg,962da2447a03,mixed_plastic,plastic_hips_tv,collector,40.51,Pune,774.98,800.03,2026-01-11T09:15:00.000Z,train,true
TRN_002126,synthetic://images/motor_fan_ac/ca1af36e987e.jpg,ca1af36e987e,motor_magnet,motor_fan_ac,collector,3.41,Mumbai Suburban,447.84,477.88,2026-01-24T12:49:00.000Z,train,true
TRN_002127,synthetic://images/plastic_abs_casing/63ceb4f059bb.jpg,63ceb4f059bb,mixed_plastic,plastic_abs_casing,recycler_corrected,37.17,Nagpur,1121.79,1075.65,2026-05-02T11:37:00.000Z,val,true
TRN_002128,synthetic://images/plastic_mixed_dirty/bb6af61a980a.jpg,bb6af61a980a,mixed_plastic,plastic_mixed_dirty,collector,5.71,Pune,71.38,71.6,2026-05-07T11:02:00.000Z,train,true
TRN_002129,synthetic://images/cable_aluminium/261469f9ab6c.jpg,261469f9ab6c,cable,cable_aluminium,collector,18.7,Pune,2679,2555.7,2026-02-10T11:47:00.000Z,test,true
TRN_002130,synthetic://images/plastic_mixed_dirty/dad6f7d6a281.jpg,dad6f7d6a281,mixed_plastic,plastic_mixed_dirty,collector,30.12,Pune,365.36,348.55,2026-02-10T11:47:00.000Z,train,true
TRN_002131,synthetic://images/cable_data_thin/b1d56ec3793a.jpg,b1d56ec3793a,cable,cable_data_thin,collector,40.7,Mumbai Suburban,4879.28,,2025-11-02T11:04:00.000Z,train,true
TRN_002132,synthetic://images/cable_copper_house/0684fe3f43b9.jpg,0684fe3f43b9,cable,cable_copper_house,collector,36.32,Mumbai Suburban,13554.57,,2025-11-02T11:04:00.000Z,test,true
TRN_002133,synthetic://images/lcd_tv_panel/5274a3899bce.jpg,5274a3899bce,lcd_panel,lcd_tv_panel,recycler_corrected,62.32,Mumbai Suburban,1333.86,,2025-11-02T11:04:00.000Z,train,true
TRN_002134,synthetic://images/battery_li_ion_mobile/9d2174de7a0c.jpg,9d2174de7a0c,battery,battery_li_ion_mobile,recycler_corrected,0.31,Mumbai Suburban,64.2,,2025-11-02T11:04:00.000Z,train,true
TRN_002135,synthetic://images/pcb_cpu_processor/3868cc6c7a3b.jpg,3868cc6c7a3b,pcb,pcb_cpu_processor,collector,0.21,Bengaluru Urban,721.49,691.48,2026-04-10T09:12:00.000Z,train,true
TRN_002136,synthetic://images/pcb_cpu_processor/1639a2c53d15.jpg,1639a2c53d15,pcb,pcb_cpu_processor,collector,0.1,New Delhi,390.9,,2026-03-08T19:30:00.000Z,test,true
TRN_002137,synthetic://images/pcb_ram_gold/75d2414ed04b.jpg,75d2414ed04b,pcb,pcb_ram_gold,collector,0.38,New Delhi,496.3,,2026-03-08T19:30:00.000Z,train,true
TRN_002138,synthetic://images/pcb_motherboard/d80469154e38.jpg,d80469154e38,pcb,pcb_motherboard,recycler_corrected,0.86,Nashik,228.07,238.01,2026-05-31T16:52:00.000Z,train,true
TRN_002139,synthetic://images/cable_copper_house/c5d1033830a7.jpg,c5d1033830a7,cable,cable_copper_house,collector,36.24,Bengaluru Urban,16860.08,9388.94,2026-01-07T16:42:00.000Z,test,true
TRN_002140,synthetic://images/cable_data_thin/5042109475f2.jpg,5042109475f2,cable,cable_data_thin,collector,19.29,New Delhi,3100.29,,2026-06-17T06:51:00.000Z,train,true
TRN_002141,synthetic://images/pcb_cpu_processor/5d8e6cf3c840.jpg,5d8e6cf3c840,pcb,pcb_cpu_processor,collector,0.15,New Delhi,715.47,,2026-06-17T06:51:00.000Z,train,true
TRN_002142,synthetic://images/cable_copper_house/13dcadcd95b5.jpg,13dcadcd95b5,cable,cable_copper_house,recycler_corrected,25.42,Mumbai Suburban,12133.73,12273.28,2025-12-10T06:39:00.000Z,train,true
TRN_002143,synthetic://images/motor_fan_ac/4618d9131cea.jpg,4618d9131cea,motor_magnet,motor_fan_ac,collector,21.78,Mumbai Suburban,3662.7,3704.83,2025-12-10T06:39:00.000Z,train,true
TRN_002144,synthetic://images/lcd_tv_panel/41728c725f13.jpg,41728c725f13,lcd_panel,lcd_tv_panel,collector,79.37,Mumbai Suburban,1393.01,1409.03,2025-12-10T06:39:00.000Z,val,true
TRN_002145,synthetic://images/battery_lead_acid_ups/97db7ac04ea4.jpg,97db7ac04ea4,battery,battery_lead_acid_ups,collector,85.05,Mumbai Suburban,8153.95,,2025-11-06T07:25:00.000Z,train,true
TRN_002146,synthetic://images/battery_li_ion_laptop/b1fe4522ca0e.jpg,b1fe4522ca0e,battery,battery_li_ion_laptop,collector,2.07,Nashik,492.41,547.25,2025-10-26T12:36:00.000Z,train,true
TRN_002147,synthetic://images/lcd_tv_panel/a6a93761dc11.jpg,a6a93761dc11,lcd_panel,lcd_tv_panel,recycler_corrected,52.97,Nashik,841.53,935.24,2025-10-26T12:36:00.000Z,train,true
TRN_002148,synthetic://images/plastic_abs_casing/5aff899018c9.jpg,5aff899018c9,mixed_plastic,plastic_abs_casing,collector,31.16,Nagpur,963.55,941.4,2025-09-30T18:24:00.000Z,train,true
TRN_002149,synthetic://images/battery_li_ion_laptop/f80acb09d742.jpg,f80acb09d742,battery,battery_li_ion_laptop,collector,1.5,Thane,368.83,359.05,2026-01-28T19:55:00.000Z,train,true
TRN_002150,synthetic://images/cable_copper_house/7cf8243e8d96.jpg,7cf8243e8d96,cable,cable_copper_house,collector,36.91,Thane,15328.35,14922.06,2026-01-28T19:55:00.000Z,train,true
TRN_002151,synthetic://images/lcd_laptop_panel/714a96ebad6a.jpg,714a96ebad6a,lcd_panel,lcd_laptop_panel,recycler_corrected,4.27,Thane,230.15,224.05,2026-01-28T19:55:00.000Z,train,true
TRN_002152,synthetic://images/cable_aluminium/c22edca03f1d.jpg,c22edca03f1d,cable,cable_aluminium,collector,5.41,Mumbai Suburban,767.9,,2026-07-30T08:52:00.000Z,train,true
TRN_002153,synthetic://images/cable_mixed_scrap/cf4724f79c7c.jpg,cf4724f79c7c,cable,cable_mixed_scrap,collector,38.68,Mumbai Suburban,8333.59,,2026-07-30T08:52:00.000Z,train,true
TRN_002154,synthetic://images/plastic_abs_casing/2558d9aa48c1.jpg,2558d9aa48c1,mixed_plastic,plastic_abs_casing,collector,19.7,New Delhi,770.66,737.06,2025-10-07T16:37:00.000Z,test,true
TRN_002155,synthetic://images/motor_small_appliance/fefd5006995a.jpg,fefd5006995a,motor_magnet,motor_small_appliance,collector,5.82,New Delhi,735.33,703.27,2025-10-07T16:37:00.000Z,train,true
TRN_002156,synthetic://images/pcb_tv_low_grade/907ab27db9e7.jpg,907ab27db9e7,pcb,pcb_tv_low_grade,collector,4.32,Nashik,476.01,490.94,2025-09-12T19:57:00.000Z,train,true
TRN_002157,synthetic://images/pcb_power_supply/a147c226ddff.jpg,a147c226ddff,pcb,pcb_power_supply,collector,1.93,New Delhi,296.57,,2026-02-01T12:25:00.000Z,train,true
TRN_002158,synthetic://images/motor_speaker_magnet/dde4d85b8234.jpg,dde4d85b8234,motor_magnet,motor_speaker_magnet,collector,2.29,Thane,159.68,157.86,2025-11-24T15:29:00.000Z,train,true
TRN_002159,synthetic://images/pcb_cpu_processor/1fd5668046c7.jpg,1fd5668046c7,pcb,pcb_cpu_processor,collector,0.09,Thane,258.22,255.28,2025-11-24T15:29:00.000Z,train,true
TRN_002160,synthetic://images/battery_button_cell/22ff83afcfd1.jpg,22ff83afcfd1,battery,battery_button_cell,collector,12.06,Nashik,1151.85,1038.08,2026-07-30T17:40:00.000Z,test,true
TRN_002161,synthetic://images/pcb_mobile/d9dac52e4ee2.jpg,d9dac52e4ee2,pcb,pcb_mobile,collector,0.2,Nashik,92.42,83.29,2026-07-30T17:40:00.000Z,train,true
TRN_002162,synthetic://images/pcb_cpu_processor/1d898bfdca13.jpg,1d898bfdca13,pcb,pcb_cpu_processor,collector,0.16,Nashik,263.62,266.55,2026-04-15T13:20:00.000Z,train,true
TRN_002163,synthetic://images/cable_aluminium/2750536ecd1e.jpg,2750536ecd1e,cable,cable_aluminium,recycler_corrected,18.36,Mumbai Suburban,2741.33,2863.23,2026-02-10T08:26:00.000Z,train,true
TRN_002164,synthetic://images/pcb_mobile/7b9cae09a610.jpg,7b9cae09a610,pcb,pcb_mobile,collector,0.24,Mumbai Suburban,134.12,140.08,2026-02-10T08:26:00.000Z,train,true
TRN_002165,synthetic://images/plastic_hips_tv/a0a79d096276.jpg,a0a79d096276,mixed_plastic,plastic_hips_tv,collector,40.45,Pune,764.21,719.82,2026-06-11T08:14:00.000Z,val,true
TRN_002166,synthetic://images/pcb_ram_gold/c35f958718c9.jpg,c35f958718c9,pcb,pcb_ram_gold,collector,0.33,Mumbai Suburban,432.56,402.87,2025-09-24T07:12:00.000Z,train,true
TRN_002167,synthetic://images/plastic_mixed_dirty/dd8ceddacd8b.jpg,dd8ceddacd8b,mixed_plastic,plastic_mixed_dirty,collector,26.2,Mumbai Suburban,316.37,294.66,2025-09-24T07:12:00.000Z,val,true
TRN_002168,synthetic://images/plastic_hips_tv/cf9994759250.jpg,cf9994759250,mixed_plastic,plastic_hips_tv,collector,40.62,Mumbai Suburban,879.67,819.29,2025-09-24T07:12:00.000Z,train,true
TRN_002169,synthetic://images/plastic_hips_tv/6009bc79d74f.jpg,6009bc79d74f,mixed_plastic,plastic_hips_tv,recycler_corrected,7.02,Thane,122.21,,2025-11-22T06:28:00.000Z,train,true
TRN_002170,synthetic://images/pcb_mobile/07071850b760.jpg,07071850b760,pcb,pcb_mobile,collector,0.1,Thane,51.05,,2025-11-22T06:28:00.000Z,train,true
TRN_002171,synthetic://images/led_backlight_strip/f17bbe1d9b01.jpg,f17bbe1d9b01,lcd_panel,led_backlight_strip,recycler_corrected,21.03,Thane,2155.15,2099.24,2026-01-18T15:07:00.000Z,test,true
TRN_002172,synthetic://images/plastic_hips_tv/70dd5d4c6613.jpg,70dd5d4c6613,mixed_plastic,plastic_hips_tv,collector,41.13,Thane,716.61,698.02,2026-01-18T15:07:00.000Z,val,true
TRN_002173,synthetic://images/pcb_power_supply/a62c379a807e.jpg,a62c379a807e,pcb,pcb_power_supply,recycler_corrected,12.46,Thane,1829.4,1781.94,2026-01-18T15:07:00.000Z,train,true
TRN_002174,synthetic://images/cable_aluminium/21532a231bb1.jpg,21532a231bb1,cable,cable_aluminium,collector,20.73,Nashik,2287.33,2340.26,2026-08-18T15:22:00.000Z,val,true
TRN_002175,synthetic://images/cable_data_thin/e70f20642fc6.jpg,e70f20642fc6,cable,cable_data_thin,collector,17.91,Nashik,1578.91,1615.45,2026-08-18T15:22:00.000Z,train,true
TRN_002176,synthetic://images/cable_mixed_scrap/cef0a3e6bf39.jpg,cef0a3e6bf39,cable,cable_mixed_scrap,recycler_corrected,10.03,Nashik,1387.63,1419.74,2026-08-18T15:22:00.000Z,train,true
TRN_002177,synthetic://images/motor_small_appliance/772b2cfdc4ef.jpg,772b2cfdc4ef,motor_magnet,motor_small_appliance,collector,2.51,Nashik,282.35,288.88,2026-08-18T15:22:00.000Z,train,true
TRN_002178,synthetic://images/cable_copper_house/2e30b4081e44.jpg,2e30b4081e44,cable,cable_copper_house,collector,41.32,Pune,13417.43,13343.05,2026-05-01T13:13:00.000Z,train,true
TRN_002179,synthetic://images/pcb_tv_low_grade/80e9f80f9a5b.jpg,80e9f80f9a5b,pcb,pcb_tv_low_grade,collector,6.28,Nagpur,682.7,,2025-12-10T12:07:00.000Z,train,true
TRN_002180,synthetic://images/cable_aluminium/dc906817347f.jpg,dc906817347f,cable,cable_aluminium,recycler_corrected,24.06,Nagpur,2327.85,,2025-12-10T12:07:00.000Z,train,true
TRN_002181,synthetic://images/motor_speaker_magnet/a7ca24c2744b.jpg,a7ca24c2744b,motor_magnet,motor_speaker_magnet,collector,4.71,Mumbai Suburban,286.65,288.36,2026-03-12T08:24:00.000Z,train,true
TRN_002182,synthetic://images/motor_fan_ac/dc6b314c0cc6.jpg,dc6b314c0cc6,motor_magnet,motor_fan_ac,collector,31.44,Mumbai Suburban,5024.43,5054.46,2026-03-12T08:24:00.000Z,val,true
TRN_002183,synthetic://images/plastic_mixed_dirty/a1c79a570e53.jpg,a1c79a570e53,mixed_plastic,plastic_mixed_dirty,collector,10.98,Mumbai Suburban,89.23,89.76,2026-03-12T08:24:00.000Z,test,true
TRN_002184,synthetic://images/cable_copper_house/e14e06f11cdb.jpg,e14e06f11cdb,cable,cable_copper_house,collector,41.21,Mumbai Suburban,18762.91,18875.05,2026-03-12T08:24:00.000Z,train,true
TRN_002185,synthetic://images/pcb_cpu_processor/8ca78d9d9874.jpg,8ca78d9d9874,pcb,pcb_cpu_processor,collector,0.09,Nashik,350.24,370.78,2026-06-04T09:22:00.000Z,train,true
TRN_002186,synthetic://images/battery_lead_acid_ups/416816eba833.jpg,416816eba833,battery,battery_lead_acid_ups,collector,54.31,Nashik,4464.52,4726.33,2026-06-04T09:22:00.000Z,train,true
TRN_002187,synthetic://images/pcb_ram_gold/41c238e3fc7c.jpg,41c238e3fc7c,pcb,pcb_ram_gold,collector,0.07,Nashik,96.62,102.29,2026-06-04T09:22:00.000Z,train,true
TRN_002188,synthetic://images/plastic_hips_tv/2d32bdbb09cb.jpg,2d32bdbb09cb,mixed_plastic,plastic_hips_tv,collector,33.33,Nashik,832.92,881.76,2026-06-04T09:22:00.000Z,val,true
TRN_002189,synthetic://images/pcb_power_supply/abb825f38a86.jpg,abb825f38a86,pcb,pcb_power_supply,collector,5.22,Bengaluru Urban,788.06,,2026-03-11T09:56:00.000Z,test,true
TRN_002190,synthetic://images/crt_monitor/46dc554b5a36.jpg,46dc554b5a36,crt,crt_monitor,recycler_corrected,18.09,Bengaluru Urban,71.8,,2026-03-11T09:56:00.000Z,train,true
TRN_002191,synthetic://images/cable_aluminium/48c9ce363d76.jpg,48c9ce363d76,cable,cable_aluminium,collector,24.24,Bengaluru Urban,3966.95,,2026-03-11T09:56:00.000Z,val,true
TRN_002192,synthetic://images/pcb_cpu_processor/e3ec4cc6d7a9.jpg,e3ec4cc6d7a9,pcb,pcb_cpu_processor,collector,0.16,Bengaluru Urban,673.8,,2026-03-11T09:56:00.000Z,val,true
TRN_002193,synthetic://images/motor_speaker_magnet/af317204e815.jpg,af317204e815,motor_magnet,motor_speaker_magnet,collector,1.77,Nashik,75.93,71.03,2026-08-18T15:15:00.000Z,val,true
TRN_002194,synthetic://images/battery_li_ion_laptop/55f0208e82f1.jpg,55f0208e82f1,battery,battery_li_ion_laptop,collector,4.1,Nashik,853.85,798.73,2026-08-18T15:15:00.000Z,train,true
TRN_002195,synthetic://images/pcb_ram_gold/ecf811307961.jpg,ecf811307961,pcb,pcb_ram_gold,recycler_corrected,0.06,Pune,69.64,62.52,2026-03-09T16:00:00.000Z,train,true
TRN_002196,synthetic://images/cable_mixed_scrap/8ea29525e6e0.jpg,8ea29525e6e0,cable,cable_mixed_scrap,collector,41.09,Pune,7702.73,6915.2,2026-03-09T16:00:00.000Z,test,true
TRN_002197,synthetic://images/cable_mixed_scrap/d2bb7c60bf76.jpg,d2bb7c60bf76,cable,cable_mixed_scrap,recycler_corrected,44.68,Pune,8375.71,7519.38,2026-03-09T16:00:00.000Z,train,true
TRN_002198,synthetic://images/cable_copper_house/7dbf2c96ae7c.jpg,7dbf2c96ae7c,cable,cable_copper_house,collector,12.89,Mumbai Suburban,2639.92,,2025-11-26T13:06:00.000Z,val,true
TRN_002199,synthetic://images/plastic_hips_tv/583d14dfc783.jpg,583d14dfc783,mixed_plastic,plastic_hips_tv,recycler_corrected,4.89,Nashik,94.39,84.74,2026-08-11T16:32:00.000Z,train,true
TRN_002200,synthetic://images/plastic_mixed_dirty/038af5b87cee.jpg,038af5b87cee,mixed_plastic,plastic_mixed_dirty,collector,40.18,Mumbai Suburban,475.73,533.48,2026-08-18T13:12:00.000Z,train,true
TRN_002201,synthetic://images/pcb_power_supply/134b219cd763.jpg,134b219cd763,pcb,pcb_power_supply,recycler_corrected,10.99,Pune,1314.18,1344.38,2026-07-27T17:12:00.000Z,train,true
TRN_002202,synthetic://images/battery_li_ion_mobile/4c108953b071.jpg,4c108953b071,battery,battery_li_ion_mobile,collector,0.42,Pune,84.72,,2026-03-18T12:15:00.000Z,train,true
TRN_002203,synthetic://images/cable_data_thin/da763788ea86.jpg,da763788ea86,cable,cable_data_thin,collector,24.01,Pune,3101.37,2547.39,2025-12-02T11:56:00.000Z,val,true
TRN_002204,synthetic://images/cable_aluminium/dd4a7893a5d4.jpg,dd4a7893a5d4,cable,cable_aluminium,collector,15.68,Pune,2144.4,2035.66,2026-05-16T06:34:00.000Z,train,true
TRN_002205,synthetic://images/lcd_laptop_panel/984fad5ed940.jpg,984fad5ed940,lcd_panel,lcd_laptop_panel,collector,1.64,Mumbai Suburban,39.19,37.76,2026-01-09T09:41:00.000Z,train,true
TRN_002206,synthetic://images/lcd_laptop_panel/ff865bf4cf6c.jpg,ff865bf4cf6c,lcd_panel,lcd_laptop_panel,collector,1.62,Mumbai Suburban,90.33,87.04,2026-01-09T09:41:00.000Z,train,true
TRN_002207,synthetic://images/battery_li_ion_mobile/963ea646efcb.jpg,963ea646efcb,battery,battery_li_ion_mobile,collector,0.11,Mumbai Suburban,21.82,21.03,2026-01-09T09:41:00.000Z,train,true
TRN_002208,synthetic://images/motor_hdd_assembly/45f999271454.jpg,45f999271454,motor_magnet,motor_hdd_assembly,recycler_corrected,2.1,Mumbai Suburban,552.32,540.86,2025-10-28T07:35:00.000Z,train,true
TRN_002209,synthetic://images/motor_speaker_magnet/5703f9534f24.jpg,5703f9534f24,motor_magnet,motor_speaker_magnet,collector,2.97,Mumbai Suburban,232.92,129.82,2025-10-17T15:32:00.000Z,train,true
TRN_002210,synthetic://images/cable_mixed_scrap/8584878a52b4.jpg,8584878a52b4,cable,cable_mixed_scrap,collector,4.77,Mumbai Suburban,437.39,,2026-05-27T06:24:00.000Z,train,true
TRN_002211,synthetic://images/motor_fan_ac/f387b4f4f6d2.jpg,f387b4f4f6d2,motor_magnet,motor_fan_ac,collector,44.3,Mumbai Suburban,7576.83,,2026-05-27T06:24:00.000Z,train,true
TRN_002212,synthetic://images/motor_speaker_magnet/2d4035d5256f.jpg,2d4035d5256f,motor_magnet,motor_speaker_magnet,collector,2.48,Mumbai Suburban,194.34,,2026-05-27T06:24:00.000Z,train,true
TRN_002213,synthetic://images/motor_small_appliance/4b3bec16a111.jpg,4b3bec16a111,motor_magnet,motor_small_appliance,collector,9.68,Pune,586.45,587.54,2025-09-16T19:16:00.000Z,test,true
TRN_002214,synthetic://images/cable_aluminium/0029f2869f79.jpg,0029f2869f79,cable,cable_aluminium,collector,18.92,Pune,2121.75,2009.37,2025-12-10T12:49:00.000Z,test,true
TRN_002215,synthetic://images/battery_li_ion_laptop/7b558cd7e8b9.jpg,7b558cd7e8b9,battery,battery_li_ion_laptop,collector,0.4,Pune,86.67,82.08,2025-12-10T12:49:00.000Z,val,true
TRN_002216,synthetic://images/motor_fan_ac/0016ddaf04c7.jpg,0016ddaf04c7,motor_magnet,motor_fan_ac,collector,7.27,New Delhi,1154.26,,2026-08-08T15:47:00.000Z,val,true
TRN_002217,synthetic://images/plastic_hips_tv/655c9ce79754.jpg,655c9ce79754,mixed_plastic,plastic_hips_tv,collector,12.39,Nashik,307.8,319.8,2025-09-11T08:55:00.000Z,test,true
TRN_002218,synthetic://images/pcb_motherboard/d06c9ce5e410.jpg,d06c9ce5e410,pcb,pcb_motherboard,collector,4.01,Nashik,1129.58,1173.61,2025-09-11T08:55:00.000Z,train,true
TRN_002219,synthetic://images/battery_li_ion_laptop/d0550c5fd501.jpg,d0550c5fd501,battery,battery_li_ion_laptop,collector,1.91,Nashik,429.69,446.44,2025-09-11T08:55:00.000Z,train,true
TRN_002220,synthetic://images/plastic_mixed_dirty/74dc1c7ab573.jpg,74dc1c7ab573,mixed_plastic,plastic_mixed_dirty,collector,25.47,Mumbai Suburban,239.97,241.36,2025-12-10T07:03:00.000Z,train,true
TRN_002221,synthetic://images/crt_tv/02887df9dddd.jpg,02887df9dddd,crt,crt_tv,collector,81.88,Mumbai Suburban,523.51,526.54,2025-12-10T07:03:00.000Z,train,true
TRN_002222,synthetic://images/cable_data_thin/e974cd6236df.jpg,e974cd6236df,cable,cable_data_thin,collector,32.49,Mumbai Suburban,3296.37,3315.42,2025-12-10T07:03:00.000Z,val,true
TRN_002223,synthetic://images/pcb_cpu_processor/adf0385e930c.jpg,adf0385e930c,pcb,pcb_cpu_processor,collector,0.05,Mumbai Suburban,211.07,212.29,2025-12-10T07:03:00.000Z,train,true
TRN_002224,synthetic://images/plastic_abs_casing/9bc96ab55e96.jpg,9bc96ab55e96,mixed_plastic,plastic_abs_casing,collector,8.62,Mumbai Suburban,300.75,295.58,2026-08-03T18:15:00.000Z,train,true
TRN_002225,synthetic://images/battery_lead_acid_ups/2423c4fe398c.jpg,2423c4fe398c,battery,battery_lead_acid_ups,recycler_corrected,47.23,Thane,3564.97,3658.31,2026-06-09T06:55:00.000Z,train,true
TRN_002226,synthetic://images/cable_data_thin/26be0f301909.jpg,26be0f301909,cable,cable_data_thin,recycler_corrected,20.72,Thane,2915.72,2992.07,2026-06-09T06:55:00.000Z,val,true
TRN_002227,synthetic://images/plastic_hips_tv/5ad0a13c27c5.jpg,5ad0a13c27c5,mixed_plastic,plastic_hips_tv,collector,28.89,Mumbai Suburban,541.98,520.54,2026-03-05T19:45:00.000Z,train,true
TRN_002228,synthetic://images/cable_copper_house/cf68c7dd3573.jpg,cf68c7dd3573,cable,cable_copper_house,collector,18.63,Mumbai Suburban,5928.44,6117.79,2026-01-23T10:05:00.000Z,test,true
TRN_002229,synthetic://images/plastic_abs_casing/678b9f2dfc5b.jpg,678b9f2dfc5b,mixed_plastic,plastic_abs_casing,collector,25.95,Mumbai Suburban,742.42,766.13,2026-01-23T10:05:00.000Z,train,true
TRN_002230,synthetic://images/crt_monitor/a9721cb0ad68.jpg,a9721cb0ad68,crt,crt_monitor,collector,84.04,Mumbai Suburban,606.88,626.26,2026-01-23T10:05:00.000Z,train,true
TRN_002231,synthetic://images/lcd_laptop_panel/4a62494640a7.jpg,4a62494640a7,lcd_panel,lcd_laptop_panel,collector,1.73,Mumbai Suburban,91.87,94.8,2026-01-23T10:05:00.000Z,train,true
TRN_002232,synthetic://images/motor_fan_ac/51103b05f2fd.jpg,51103b05f2fd,motor_magnet,motor_fan_ac,collector,30.94,Mumbai Suburban,4059.07,3889.85,2025-10-09T10:19:00.000Z,test,true
TRN_002233,synthetic://images/battery_li_ion_laptop/167df3aee926.jpg,167df3aee926,battery,battery_li_ion_laptop,collector,2.27,Mumbai Suburban,475.98,456.14,2025-10-09T10:19:00.000Z,val,true
TRN_002234,synthetic://images/motor_hdd_assembly/694235d3efb1.jpg,694235d3efb1,motor_magnet,motor_hdd_assembly,collector,0.63,Mumbai Suburban,157.41,150.85,2025-10-09T10:19:00.000Z,val,true
TRN_002235,synthetic://images/cable_data_thin/448330ed15a1.jpg,448330ed15a1,cable,cable_data_thin,collector,6.06,Bengaluru Urban,729.88,747.69,2025-12-30T07:13:00.000Z,train,true
TRN_002236,synthetic://images/lcd_tv_panel/a65d0ee20953.jpg,a65d0ee20953,lcd_panel,lcd_tv_panel,collector,18.8,Pune,391.98,302.56,2025-09-04T18:26:00.000Z,test,true
TRN_002237,synthetic://images/cable_mixed_scrap/456c5576e28d.jpg,456c5576e28d,cable,cable_mixed_scrap,collector,39.55,Pune,7533.88,5815.22,2025-09-04T18:26:00.000Z,train,true
TRN_002238,synthetic://images/battery_li_ion_mobile/98dfac8f2cf1.jpg,98dfac8f2cf1,battery,battery_li_ion_mobile,collector,0.03,Pune,5.72,4.42,2025-09-04T18:26:00.000Z,train,true
TRN_002239,synthetic://images/cable_aluminium/9355b3e8d504.jpg,9355b3e8d504,cable,cable_aluminium,collector,7.41,New Delhi,1233.52,,2025-09-10T07:18:00.000Z,train,true
TRN_002240,synthetic://images/battery_button_cell/05c437001d41.jpg,05c437001d41,battery,battery_button_cell,collector,42.2,Pune,3906.03,4386.23,2026-05-02T17:49:00.000Z,train,true
TRN_002241,synthetic://images/motor_hdd_assembly/41c23f1c7454.jpg,41c23f1c7454,motor_magnet,motor_hdd_assembly,collector,1.67,Pune,200.05,224.64,2026-05-02T17:49:00.000Z,train,true
TRN_002242,synthetic://images/cable_mixed_scrap/0d251e8d4f74.jpg,0d251e8d4f74,cable,cable_mixed_scrap,recycler_corrected,18.68,Pune,3717.64,4174.68,2026-05-02T17:49:00.000Z,test,true
TRN_002243,synthetic://images/battery_li_ion_laptop/f7b4cf14c6dc.jpg,f7b4cf14c6dc,battery,battery_li_ion_laptop,collector,0.86,Mumbai Suburban,94.06,,2025-09-23T14:32:00.000Z,train,true
TRN_002244,synthetic://images/plastic_hips_tv/81e45b2dbff5.jpg,81e45b2dbff5,mixed_plastic,plastic_hips_tv,collector,17.97,Pune,339.5,325.13,2026-06-19T07:03:00.000Z,val,true
TRN_002245,synthetic://images/motor_hdd_assembly/e42216399cf0.jpg,e42216399cf0,motor_magnet,motor_hdd_assembly,collector,1.27,Pune,354.32,339.32,2026-06-19T07:03:00.000Z,train,true
TRN_002246,synthetic://images/lcd_laptop_panel/1b452d3ad151.jpg,1b452d3ad151,lcd_panel,lcd_laptop_panel,collector,2.73,Pune,135.64,129.9,2026-06-19T07:03:00.000Z,train,true
TRN_002247,synthetic://images/pcb_motherboard/e01f630c8217.jpg,e01f630c8217,pcb,pcb_motherboard,recycler_corrected,4.95,Pune,1552.42,1535.63,2026-06-10T12:48:00.000Z,train,true
TRN_002248,synthetic://images/plastic_abs_casing/9cabe0fa8bc7.jpg,9cabe0fa8bc7,mixed_plastic,plastic_abs_casing,collector,20.33,Nashik,644.05,653.94,2026-08-15T06:15:00.000Z,train,true
TRN_002249,synthetic://images/plastic_hips_tv/b8ce40427ffe.jpg,b8ce40427ffe,mixed_plastic,plastic_hips_tv,collector,44.66,Nashik,1103.86,1120.81,2026-08-15T06:15:00.000Z,train,true
TRN_002250,synthetic://images/pcb_ram_gold/6455759bd5cf.jpg,6455759bd5cf,pcb,pcb_ram_gold,collector,0.1,Thane,152,143.88,2026-07-18T19:28:00.000Z,test,true
TRN_002251,synthetic://images/pcb_motherboard/84717203048b.jpg,84717203048b,pcb,pcb_motherboard,collector,9.79,Thane,3373.83,3193.56,2026-07-18T19:28:00.000Z,train,true
TRN_002252,synthetic://images/pcb_ram_gold/10f39e94b6ff.jpg,10f39e94b6ff,pcb,pcb_ram_gold,collector,0.25,Thane,379.99,359.69,2026-07-18T19:28:00.000Z,train,true
TRN_002253,synthetic://images/plastic_hips_tv/40f4a21b3cb3.jpg,40f4a21b3cb3,mixed_plastic,plastic_hips_tv,collector,11.32,Nagpur,254.25,258.42,2026-03-28T16:50:00.000Z,train,true
TRN_002254,synthetic://images/battery_li_ion_laptop/4f5faf8923d6.jpg,4f5faf8923d6,battery,battery_li_ion_laptop,collector,1.29,Nagpur,225.75,229.46,2026-03-28T16:50:00.000Z,train,true
TRN_002255,synthetic://images/pcb_mobile/8de74275a26b.jpg,8de74275a26b,pcb,pcb_mobile,collector,0.06,Nagpur,60.4,61.39,2026-03-28T16:50:00.000Z,train,true
TRN_002256,synthetic://images/cable_aluminium/388aaa92d65b.jpg,388aaa92d65b,cable,cable_aluminium,collector,36.37,Nagpur,4467.29,4540.64,2026-03-28T16:50:00.000Z,test,true
TRN_002257,synthetic://images/cable_copper_house/f60449430bcc.jpg,f60449430bcc,cable,cable_copper_house,collector,41.5,Mumbai Suburban,18865.9,,2026-01-11T18:47:00.000Z,train,true
TRN_002258,synthetic://images/motor_fan_ac/059536d1c26a.jpg,059536d1c26a,motor_magnet,motor_fan_ac,collector,21.11,Mumbai Suburban,3380.98,3337.51,2025-12-20T14:31:00.000Z,test,true
TRN_002259,synthetic://images/battery_button_cell/6a1b0fe35370.jpg,6a1b0fe35370,battery,battery_button_cell,collector,1.89,Mumbai Suburban,201.72,199.13,2025-12-20T14:31:00.000Z,val,true
TRN_002260,synthetic://images/cable_aluminium/5ace2579f5e2.jpg,5ace2579f5e2,cable,cable_aluminium,collector,40.17,Mumbai Suburban,6002.84,5925.67,2025-12-20T14:31:00.000Z,train,true
TRN_002261,synthetic://images/pcb_tv_low_grade/7cedc1e2ca37.jpg,7cedc1e2ca37,pcb,pcb_tv_low_grade,collector,2.48,Mumbai Suburban,297.2,289.04,2025-11-22T16:32:00.000Z,train,true
TRN_002262,synthetic://images/battery_li_ion_mobile/33356a06a798.jpg,33356a06a798,battery,battery_li_ion_mobile,collector,0.04,Bengaluru Urban,7.7,7.09,2025-10-21T15:13:00.000Z,train,true
TRN_002263,synthetic://images/motor_small_appliance/38fed7377ddd.jpg,38fed7377ddd,motor_magnet,motor_small_appliance,collector,15.28,Bengaluru Urban,2107.38,1941.7,2025-10-21T15:13:00.000Z,train,true
TRN_002264,synthetic://images/plastic_mixed_dirty/263b38c1821a.jpg,263b38c1821a,mixed_plastic,plastic_mixed_dirty,collector,29.2,Bengaluru Urban,343.1,316.13,2025-10-21T15:13:00.000Z,test,true
TRN_002265,synthetic://images/cable_mixed_scrap/677f52b092d5.jpg,677f52b092d5,cable,cable_mixed_scrap,collector,41.86,New Delhi,8788.93,,2026-06-10T11:30:00.000Z,val,true
TRN_002266,synthetic://images/pcb_cpu_processor/9fd300a9f9d9.jpg,9fd300a9f9d9,pcb,pcb_cpu_processor,collector,0.02,Nagpur,74.22,,2026-03-07T17:49:00.000Z,train,true
TRN_002267,synthetic://images/plastic_abs_casing/a6f48f130199.jpg,a6f48f130199,mixed_plastic,plastic_abs_casing,collector,2.9,Nagpur,71.7,,2026-03-07T17:49:00.000Z,train,true
TRN_002268,synthetic://images/crt_monitor/ac1458a27ffe.jpg,ac1458a27ffe,crt,crt_monitor,collector,84.24,Nagpur,451.28,,2026-03-07T17:49:00.000Z,train,true
TRN_002269,synthetic://images/pcb_tv_low_grade/3d894d340dae.jpg,3d894d340dae,pcb,pcb_tv_low_grade,collector,3.2,Mumbai Suburban,394.82,384.14,2026-08-24T07:48:00.000Z,test,true
TRN_002270,synthetic://images/pcb_tv_low_grade/180ccc202060.jpg,180ccc202060,pcb,pcb_tv_low_grade,collector,5.02,Mumbai Suburban,619.37,602.61,2026-08-24T07:48:00.000Z,train,true
TRN_002271,synthetic://images/plastic_mixed_dirty/61c6bb907ec6.jpg,61c6bb907ec6,mixed_plastic,plastic_mixed_dirty,collector,21.43,Pune,212.98,204.27,2025-12-13T06:36:00.000Z,train,true
TRN_002272,synthetic://images/plastic_hips_tv/294b112fd16d.jpg,294b112fd16d,mixed_plastic,plastic_hips_tv,collector,13.1,Pune,247.5,256.97,2026-02-13T17:38:00.000Z,val,true
TRN_002273,synthetic://images/cable_data_thin/0040d6c8e882.jpg,0040d6c8e882,cable,cable_data_thin,collector,2.52,Pune,339.43,352.42,2026-02-13T17:38:00.000Z,train,true
TRN_002274,synthetic://images/plastic_mixed_dirty/20bb9e8917f4.jpg,20bb9e8917f4,mixed_plastic,plastic_mixed_dirty,collector,22.92,New Delhi,242.26,240.03,2026-06-12T13:24:00.000Z,train,true
TRN_002275,synthetic://images/cable_aluminium/fa7c5c39e784.jpg,fa7c5c39e784,cable,cable_aluminium,collector,18.65,New Delhi,3189.4,,2026-06-03T08:30:00.000Z,train,true
TRN_002276,synthetic://images/led_backlight_strip/a5e19f1f70a5.jpg,a5e19f1f70a5,lcd_panel,led_backlight_strip,collector,33.16,Mumbai Suburban,3459.91,,2025-10-17T19:00:00.000Z,test,true
TRN_002277,synthetic://images/plastic_hips_tv/5a80da425cce.jpg,5a80da425cce,mixed_plastic,plastic_hips_tv,collector,17.23,Thane,449.39,464.37,2025-10-06T18:00:00.000Z,train,true
TRN_002278,synthetic://images/crt_monitor/fca244c3fa45.jpg,fca244c3fa45,crt,crt_monitor,collector,10.49,Thane,38.28,40.54,2026-07-17T19:05:00.000Z,train,true
TRN_002279,synthetic://images/plastic_mixed_dirty/c50613157222.jpg,c50613157222,mixed_plastic,plastic_mixed_dirty,collector,4.42,Bengaluru Urban,53.39,50.4,2026-05-30T12:06:00.000Z,train,true
TRN_002280,synthetic://images/battery_button_cell/af3372e0aa9e.jpg,af3372e0aa9e,battery,battery_button_cell,collector,36.82,Bengaluru Urban,3942.65,3722.12,2026-05-30T12:06:00.000Z,train,true
TRN_002281,synthetic://images/pcb_cpu_processor/7258726615d0.jpg,7258726615d0,pcb,pcb_cpu_processor,recycler_corrected,0.02,Bengaluru Urban,69.17,65.3,2026-05-30T12:06:00.000Z,test,true
TRN_002282,synthetic://images/pcb_motherboard/087194bd1ade.jpg,087194bd1ade,pcb,pcb_motherboard,collector,8.18,Pune,2704.23,2366.83,2026-02-20T10:34:00.000Z,test,true
TRN_002283,synthetic://images/cable_aluminium/b929c458f884.jpg,b929c458f884,cable,cable_aluminium,collector,6.66,Pune,954.12,835.08,2026-02-20T10:34:00.000Z,test,true
TRN_002284,synthetic://images/battery_button_cell/2524ddb7b69f.jpg,2524ddb7b69f,battery,battery_button_cell,collector,13.65,Pune,1306.03,1143.08,2026-02-20T10:34:00.000Z,train,true
TRN_002285,synthetic://images/pcb_mobile/6b55f690f2d8.jpg,6b55f690f2d8,pcb,pcb_mobile,collector,0.16,Pune,136.34,119.33,2026-02-20T10:34:00.000Z,test,true
TRN_002286,synthetic://images/cable_mixed_scrap/a006c9e3919e.jpg,a006c9e3919e,cable,cable_mixed_scrap,collector,4.38,Thane,924.44,961.67,2026-04-24T11:08:00.000Z,train,true
TRN_002287,synthetic://images/led_backlight_strip/de99cc99e1bd.jpg,de99cc99e1bd,lcd_panel,led_backlight_strip,collector,15.97,Mumbai Suburban,1691.06,1546.65,2026-02-09T09:46:00.000Z,train,true
TRN_002288,synthetic://images/lcd_monitor_panel/d5ba9a9b94da.jpg,d5ba9a9b94da,lcd_panel,lcd_monitor_panel,collector,22.04,Mumbai Suburban,639.18,654.08,2026-03-25T14:45:00.000Z,test,true
TRN_002289,synthetic://images/pcb_cpu_processor/a96ad5e72fc3.jpg,a96ad5e72fc3,pcb,pcb_cpu_processor,recycler_corrected,0.12,Mumbai Suburban,411.57,450.54,2025-11-06T08:23:00.000Z,test,true
TRN_002290,synthetic://images/battery_li_ion_laptop/df1cd573f1df.jpg,df1cd573f1df,battery,battery_li_ion_laptop,collector,3.68,Thane,724.62,745.95,2026-08-26T13:28:00.000Z,val,true
TRN_002291,synthetic://images/plastic_hips_tv/631c47b3f079.jpg,631c47b3f079,mixed_plastic,plastic_hips_tv,collector,13.46,Mumbai Suburban,355.48,234.6,2025-10-30T12:59:00.000Z,train,true
TRN_002292,synthetic://images/plastic_mixed_dirty/64d9df14f074.jpg,64d9df14f074,mixed_plastic,plastic_mixed_dirty,collector,8.78,Mumbai Suburban,105.93,101.96,2025-12-04T12:26:00.000Z,val,true
TRN_002293,synthetic://images/pcb_mobile/cbb3c0536747.jpg,cbb3c0536747,pcb,pcb_mobile,collector,0.19,Mumbai Suburban,235.95,219.71,2026-02-15T08:58:00.000Z,train,true
TRN_002294,synthetic://images/cable_mixed_scrap/fb514b1b0a54.jpg,fb514b1b0a54,cable,cable_mixed_scrap,recycler_corrected,7,Mumbai Suburban,1393.35,1297.47,2026-02-15T08:58:00.000Z,test,true
TRN_002295,synthetic://images/battery_li_ion_laptop/8aa0aecb0c9f.jpg,8aa0aecb0c9f,battery,battery_li_ion_laptop,collector,2.19,Mumbai Suburban,572.93,533.51,2026-02-15T08:58:00.000Z,val,true
TRN_002296,synthetic://images/plastic_mixed_dirty/165b8ac565ad.jpg,165b8ac565ad,mixed_plastic,plastic_mixed_dirty,recycler_corrected,7.81,Nagpur,74.19,77.1,2025-11-16T10:04:00.000Z,train,true
TRN_002297,synthetic://images/battery_button_cell/9cde602651c9.jpg,9cde602651c9,battery,battery_button_cell,collector,37.48,Nagpur,3044.16,3163.66,2025-11-16T10:04:00.000Z,test,true
TRN_002298,synthetic://images/cable_copper_house/cef8e3628bd5.jpg,cef8e3628bd5,cable,cable_copper_house,collector,25.35,Mumbai Suburban,12100.32,12032.1,2025-12-05T16:04:00.000Z,train,true
TRN_002299,synthetic://images/battery_button_cell/46be1bb9f69b.jpg,46be1bb9f69b,battery,battery_button_cell,collector,7.67,Mumbai Suburban,706.61,702.63,2025-12-05T16:04:00.000Z,train,true
TRN_002300,synthetic://images/battery_li_ion_laptop/6135ab8f3c93.jpg,6135ab8f3c93,battery,battery_li_ion_laptop,collector,0.9,Mumbai Suburban,180.64,179.62,2025-12-05T16:04:00.000Z,train,true
TRN_002301,synthetic://images/plastic_mixed_dirty/8192056567f5.jpg,8192056567f5,mixed_plastic,plastic_mixed_dirty,collector,25.06,Mumbai Suburban,287.94,286.32,2025-12-05T16:04:00.000Z,test,true
TRN_002302,synthetic://images/cable_aluminium/06538cf4fd82.jpg,06538cf4fd82,cable,cable_aluminium,collector,34.99,Nashik,3901.51,3697.86,2026-06-08T07:17:00.000Z,train,true
TRN_002303,synthetic://images/pcb_power_supply/fc2a8972129d.jpg,fc2a8972129d,pcb,pcb_power_supply,recycler_corrected,8.73,Nashik,964.05,913.73,2026-06-08T07:17:00.000Z,test,true
TRN_002304,synthetic://images/led_backlight_strip/27f040a8766c.jpg,27f040a8766c,lcd_panel,led_backlight_strip,collector,14.04,Nashik,1320.88,1251.93,2026-06-08T07:17:00.000Z,train,true
TRN_002305,synthetic://images/cable_mixed_scrap/9a5b724031e5.jpg,9a5b724031e5,cable,cable_mixed_scrap,collector,44.37,Nashik,6095.02,6217.3,2025-12-25T07:32:00.000Z,train,true
TRN_002306,synthetic://images/cable_aluminium/4c244e0130b1.jpg,4c244e0130b1,cable,cable_aluminium,collector,40.26,Pune,5760.12,6314.59,2026-03-13T14:33:00.000Z,train,true
TRN_002307,synthetic://images/battery_lead_acid_ups/f710cd985fac.jpg,f710cd985fac,battery,battery_lead_acid_ups,collector,32.86,Pune,2496.2,2736.48,2026-03-13T14:33:00.000Z,train,true
TRN_002308,synthetic://images/motor_speaker_magnet/13d0768d47a9.jpg,13d0768d47a9,motor_magnet,motor_speaker_magnet,recycler_corrected,0.44,Pune,25.55,28.01,2026-03-13T14:33:00.000Z,train,true
TRN_002309,synthetic://images/crt_yoke/05d20fd35edb.jpg,05d20fd35edb,crt,crt_yoke,collector,5.06,Nashik,387,427.7,2026-02-10T16:33:00.000Z,train,true
TRN_002310,synthetic://images/pcb_power_supply/bab3c968f450.jpg,bab3c968f450,pcb,pcb_power_supply,collector,2.75,Bengaluru Urban,444.07,439.54,2025-11-12T06:05:00.000Z,test,true
TRN_002311,synthetic://images/crt_yoke/310b03c2e3d9.jpg,310b03c2e3d9,crt,crt_yoke,collector,6.13,Bengaluru Urban,468.39,463.62,2025-11-12T06:05:00.000Z,test,true
TRN_002312,synthetic://images/motor_hdd_assembly/cace4b77b674.jpg,cace4b77b674,motor_magnet,motor_hdd_assembly,collector,4.44,Nashik,1172.38,1284.89,2026-03-15T06:30:00.000Z,train,true
TRN_002313,synthetic://images/lcd_monitor_panel/a6721e74bb55.jpg,a6721e74bb55,lcd_panel,lcd_monitor_panel,collector,47.71,Nashik,1181.25,1294.61,2026-03-15T06:30:00.000Z,train,true
TRN_002314,synthetic://images/plastic_abs_casing/eaecf2db6b4e.jpg,eaecf2db6b4e,mixed_plastic,plastic_abs_casing,collector,29.51,Pune,1039.87,1012.49,2025-12-15T16:01:00.000Z,train,true
TRN_002315,synthetic://images/cable_mixed_scrap/1c1732293c9b.jpg,1c1732293c9b,cable,cable_mixed_scrap,recycler_corrected,10.09,Thane,2232.05,2317.82,2026-02-21T16:21:00.000Z,train,true
TRN_002316,synthetic://images/lcd_monitor_panel/7ae21cf4a9d3.jpg,7ae21cf4a9d3,lcd_panel,lcd_monitor_panel,collector,3.43,Thane,81.74,84.88,2026-02-21T16:21:00.000Z,train,true
TRN_002317,synthetic://images/cable_copper_house/b2f4fa473a82.jpg,b2f4fa473a82,cable,cable_copper_house,collector,18.72,Thane,8164.12,8477.83,2026-02-21T16:21:00.000Z,train,true
TRN_002318,synthetic://images/plastic_hips_tv/b55c9da6a112.jpg,b55c9da6a112,mixed_plastic,plastic_hips_tv,collector,22.31,Nashik,526.52,,2026-07-22T08:15:00.000Z,train,true
TRN_002319,synthetic://images/motor_fan_ac/1e97d76247c2.jpg,1e97d76247c2,motor_magnet,motor_fan_ac,recycler_corrected,31.34,Mumbai Suburban,4110.27,4218.07,2025-09-27T11:22:00.000Z,train,true
TRN_002320,synthetic://images/crt_tv/b1f82a9c595a.jpg,b1f82a9c595a,crt,crt_tv,collector,222.16,Mumbai Suburban,1782.66,1737.12,2026-04-11T10:32:00.000Z,test,true
TRN_002321,synthetic://images/cable_data_thin/7f18a86cadac.jpg,7f18a86cadac,cable,cable_data_thin,collector,25.7,Mumbai Suburban,3743.72,3648.09,2026-04-11T10:32:00.000Z,train,true
TRN_002322,synthetic://images/pcb_ram_gold/5b8a35d5eeaf.jpg,5b8a35d5eeaf,pcb,pcb_ram_gold,collector,0.17,Mumbai Suburban,122.12,119,2026-04-11T10:32:00.000Z,train,true
TRN_002323,synthetic://images/cable_aluminium/bb35c0171b10.jpg,bb35c0171b10,cable,cable_aluminium,collector,34.72,Mumbai Suburban,4928.16,,2026-07-24T19:25:00.000Z,train,true
TRN_002324,synthetic://images/lcd_laptop_panel/f0987f09fdf9.jpg,f0987f09fdf9,lcd_panel,lcd_laptop_panel,collector,3.58,Pune,166.97,157.06,2025-09-26T09:18:00.000Z,train,true
TRN_002325,synthetic://images/pcb_motherboard/544f83290a46.jpg,544f83290a46,pcb,pcb_motherboard,collector,9.12,Mumbai Suburban,3325.94,3202.25,2026-04-06T14:52:00.000Z,train,true
TRN_002326,synthetic://images/plastic_hips_tv/cbba38eb8312.jpg,cbba38eb8312,mixed_plastic,plastic_hips_tv,collector,43.04,Mumbai Suburban,1097.95,966.85,2026-08-04T06:04:00.000Z,train,true
TRN_002327,synthetic://images/plastic_mixed_dirty/f4d296c236a3.jpg,f4d296c236a3,mixed_plastic,plastic_mixed_dirty,collector,28.96,Mumbai Suburban,154.3,135.88,2026-08-04T06:04:00.000Z,train,true
TRN_002328,synthetic://images/cable_copper_house/c68a9ff48b38.jpg,c68a9ff48b38,cable,cable_copper_house,collector,25.52,Mumbai Suburban,11667.49,10274.37,2026-08-04T06:04:00.000Z,train,true
TRN_002329,synthetic://images/crt_tv/7a5120fb1972.jpg,7a5120fb1972,crt,crt_tv,collector,101.4,Mumbai Suburban,829.06,,2025-11-30T14:10:00.000Z,train,true
TRN_002330,synthetic://images/battery_li_ion_laptop/b38578c2ae65.jpg,b38578c2ae65,battery,battery_li_ion_laptop,recycler_corrected,5.35,Mumbai Suburban,1443.25,,2025-11-30T14:10:00.000Z,train,true
TRN_002331,synthetic://images/motor_small_appliance/2662c988c916.jpg,2662c988c916,motor_magnet,motor_small_appliance,recycler_corrected,11.34,Pune,1066.71,1020.24,2025-12-11T08:37:00.000Z,train,true
TRN_002332,synthetic://images/led_backlight_strip/7ebce0536a74.jpg,7ebce0536a74,lcd_panel,led_backlight_strip,recycler_corrected,25.8,Thane,2164.47,2123.43,2025-10-22T06:51:00.000Z,train,true
TRN_002333,synthetic://images/cable_copper_house/00431bbe50ee.jpg,00431bbe50ee,cable,cable_copper_house,collector,4.71,New Delhi,2152.38,,2026-04-03T09:14:00.000Z,train,true
TRN_002334,synthetic://images/cable_copper_house/abd3b37424d6.jpg,abd3b37424d6,cable,cable_copper_house,collector,33.91,New Delhi,16271,,2026-04-03T09:14:00.000Z,test,true
TRN_002335,synthetic://images/battery_li_ion_laptop/d55b5f7e2b66.jpg,d55b5f7e2b66,battery,battery_li_ion_laptop,recycler_corrected,0.71,Thane,182.68,168.6,2026-03-10T19:14:00.000Z,train,true
TRN_002336,synthetic://images/pcb_power_supply/ac913bb417fe.jpg,ac913bb417fe,pcb,pcb_power_supply,recycler_corrected,3.61,Thane,412.98,381.16,2026-03-10T19:14:00.000Z,train,true
TRN_002337,synthetic://images/plastic_hips_tv/ea67eab0e5bc.jpg,ea67eab0e5bc,mixed_plastic,plastic_hips_tv,collector,5.18,Pune,54.55,54.51,2026-03-04T12:59:00.000Z,train,true
TRN_002338,synthetic://images/lcd_laptop_panel/30df908876c7.jpg,30df908876c7,lcd_panel,lcd_laptop_panel,collector,1.78,Pune,79.05,79,2026-03-04T12:59:00.000Z,val,true
TRN_002339,synthetic://images/motor_fan_ac/acf3e2e19dc4.jpg,acf3e2e19dc4,motor_magnet,motor_fan_ac,collector,22.73,Pune,3219.48,3217.24,2026-03-04T12:59:00.000Z,train,true
TRN_002340,synthetic://images/plastic_mixed_dirty/0105e5c8c0f1.jpg,0105e5c8c0f1,mixed_plastic,plastic_mixed_dirty,collector,37.5,Bengaluru Urban,198.28,,2025-10-28T19:08:00.000Z,train,true
TRN_002341,synthetic://images/pcb_ram_gold/9f1b50c6ea77.jpg,9f1b50c6ea77,pcb,pcb_ram_gold,collector,0.07,Bengaluru Urban,108.97,,2025-10-28T19:08:00.000Z,train,true
TRN_002342,synthetic://images/battery_lead_acid_ups/793b5f458e55.jpg,793b5f458e55,battery,battery_lead_acid_ups,collector,6.92,New Delhi,713.11,799.01,2026-02-11T12:22:00.000Z,train,true
TRN_002343,synthetic://images/pcb_tv_low_grade/c35a27fd9593.jpg,c35a27fd9593,pcb,pcb_tv_low_grade,collector,3.99,New Delhi,536.38,600.99,2026-02-11T12:22:00.000Z,train,true
TRN_002344,synthetic://images/battery_li_ion_laptop/d9f56b488ded.jpg,d9f56b488ded,battery,battery_li_ion_laptop,collector,0.88,New Delhi,222.51,249.31,2026-02-11T12:22:00.000Z,test,true
TRN_002345,synthetic://images/pcb_motherboard/6da9ef053e89.jpg,6da9ef053e89,pcb,pcb_motherboard,collector,4.55,New Delhi,707.76,793.01,2026-02-11T12:22:00.000Z,train,true
TRN_002346,synthetic://images/battery_lead_acid_ups/98dc367a8b8c.jpg,98dc367a8b8c,battery,battery_lead_acid_ups,collector,53.72,Nagpur,3617.96,,2026-03-17T11:01:00.000Z,val,true
TRN_002347,synthetic://images/plastic_hips_tv/a8ffdb38ce9b.jpg,a8ffdb38ce9b,mixed_plastic,plastic_hips_tv,collector,34.08,Nagpur,765.44,,2026-03-17T11:01:00.000Z,train,true
TRN_002348,synthetic://images/battery_li_ion_mobile/71bfa9046e94.jpg,71bfa9046e94,battery,battery_li_ion_mobile,collector,0.25,Pune,35.99,,2026-08-11T10:04:00.000Z,val,true
TRN_002349,synthetic://images/pcb_motherboard/dcaa66385e18.jpg,dcaa66385e18,pcb,pcb_motherboard,collector,9.93,Pune,1484.21,,2026-08-11T10:04:00.000Z,train,true
TRN_002350,synthetic://images/cable_data_thin/4000fd66a058.jpg,4000fd66a058,cable,cable_data_thin,collector,29.95,Pune,4009.87,,2026-08-11T10:04:00.000Z,train,true
TRN_002351,synthetic://images/lcd_laptop_panel/947c53b9b0ac.jpg,947c53b9b0ac,lcd_panel,lcd_laptop_panel,collector,1.98,Pune,87.73,84.6,2025-09-04T19:52:00.000Z,val,true
TRN_002352,synthetic://images/motor_hdd_assembly/46a1973c4ceb.jpg,46a1973c4ceb,motor_magnet,motor_hdd_assembly,collector,7.53,Nashik,1987.24,2054.87,2026-06-25T17:44:00.000Z,train,true
TRN_002353,synthetic://images/cable_aluminium/2eef69c26eea.jpg,2eef69c26eea,cable,cable_aluminium,collector,21.06,Nashik,3006.93,3109.26,2026-06-25T17:44:00.000Z,train,true
TRN_002354,synthetic://images/motor_fan_ac/63d674b378ee.jpg,63d674b378ee,motor_magnet,motor_fan_ac,collector,9.98,Nashik,1490.51,1541.23,2026-06-25T17:44:00.000Z,train,true
TRN_002355,synthetic://images/pcb_tv_low_grade/c19a130629f5.jpg,c19a130629f5,pcb,pcb_tv_low_grade,collector,5.05,Nashik,516.77,534.36,2026-06-25T17:44:00.000Z,test,true
TRN_002356,synthetic://images/pcb_motherboard/459c02a4728e.jpg,459c02a4728e,pcb,pcb_motherboard,collector,0.98,Mumbai Suburban,348.42,333.98,2025-12-26T14:42:00.000Z,train,true
TRN_002357,synthetic://images/pcb_cpu_processor/224f7494c4a6.jpg,224f7494c4a6,pcb,pcb_cpu_processor,recycler_corrected,0.2,Mumbai Suburban,692.32,663.63,2025-12-26T14:42:00.000Z,train,true
TRN_002358,synthetic://images/pcb_tv_low_grade/2f4e1e062a63.jpg,2f4e1e062a63,pcb,pcb_tv_low_grade,recycler_corrected,4.68,Bengaluru Urban,463.85,506.47,2025-10-05T17:03:00.000Z,train,true
TRN_002359,synthetic://images/battery_li_ion_laptop/f9585f1af1ee.jpg,f9585f1af1ee,battery,battery_li_ion_laptop,collector,2.7,Mumbai Suburban,579.2,598.44,2026-03-20T10:28:00.000Z,train,true
TRN_002360,synthetic://images/motor_fan_ac/933f4dc8b800.jpg,933f4dc8b800,motor_magnet,motor_fan_ac,collector,28.26,Mumbai Suburban,4516.23,4666.22,2026-03-20T10:28:00.000Z,train,true
TRN_002361,synthetic://images/pcb_power_supply/4e228e12a170.jpg,4e228e12a170,pcb,pcb_power_supply,collector,9.38,Mumbai Suburban,1400.81,1447.33,2026-03-20T10:28:00.000Z,train,true
TRN_002362,synthetic://images/battery_li_ion_laptop/a79cb968b1a2.jpg,a79cb968b1a2,battery,battery_li_ion_laptop,recycler_corrected,0.59,New Delhi,144.73,142.41,2025-11-19T12:48:00.000Z,val,true
TRN_002363,synthetic://images/pcb_mobile/97fec0ce2563.jpg,97fec0ce2563,pcb,pcb_mobile,collector,0.11,Mumbai Suburban,136.41,129.81,2025-09-24T07:47:00.000Z,train,true
TRN_002364,synthetic://images/battery_lead_acid_ups/234e806901fb.jpg,234e806901fb,battery,battery_lead_acid_ups,collector,60,Mumbai Suburban,4688.54,4461.66,2025-09-24T07:47:00.000Z,train,true
TRN_002365,synthetic://images/cable_aluminium/7f7b758d26c2.jpg,7f7b758d26c2,cable,cable_aluminium,collector,32.88,New Delhi,5355.17,,2026-06-01T14:11:00.000Z,train,true
TRN_002366,synthetic://images/cable_data_thin/9605665ef8b1.jpg,9605665ef8b1,cable,cable_data_thin,collector,26.24,Thane,3877.12,3607.04,2026-03-09T12:05:00.000Z,train,true
TRN_002367,synthetic://images/pcb_tv_low_grade/b863709c1484.jpg,b863709c1484,pcb,pcb_tv_low_grade,collector,1.89,Thane,207.49,193.04,2026-03-09T12:05:00.000Z,train,true
TRN_002368,synthetic://images/pcb_cpu_processor/5406d0a8721b.jpg,5406d0a8721b,pcb,pcb_cpu_processor,collector,0.02,Thane,83.69,77.86,2026-03-09T12:05:00.000Z,train,true
TRN_002369,synthetic://images/cable_copper_house/5b764dfb256f.jpg,5b764dfb256f,cable,cable_copper_house,collector,36.75,Thane,15798.09,15005.95,2026-06-27T15:50:00.000Z,train,true
TRN_002370,synthetic://images/plastic_mixed_dirty/bf35260030ff.jpg,bf35260030ff,mixed_plastic,plastic_mixed_dirty,collector,24,Thane,286.08,271.74,2026-06-27T15:50:00.000Z,test,true
TRN_002371,synthetic://images/motor_hdd_assembly/1c01074fe0ba.jpg,1c01074fe0ba,motor_magnet,motor_hdd_assembly,recycler_corrected,4.97,Pune,1420.37,1332.44,2026-07-25T13:27:00.000Z,train,true
TRN_002372,synthetic://images/cable_mixed_scrap/ac6a8c00e77f.jpg,ac6a8c00e77f,cable,cable_mixed_scrap,collector,18.44,Mumbai Suburban,3863.49,,2026-03-22T17:22:00.000Z,train,true
TRN_002373,synthetic://images/battery_li_ion_laptop/4c5c722c06eb.jpg,4c5c722c06eb,battery,battery_li_ion_laptop,collector,2.54,Mumbai Suburban,544.88,,2026-03-22T17:22:00.000Z,val,true
TRN_002374,synthetic://images/cable_data_thin/65356c095d29.jpg,65356c095d29,cable,cable_data_thin,collector,7.61,Nashik,800.49,730.09,2025-11-04T07:17:00.000Z,test,true
TRN_002375,synthetic://images/battery_li_ion_mobile/aa0d37b54d8f.jpg,aa0d37b54d8f,battery,battery_li_ion_mobile,collector,0.1,Nashik,15.19,13.85,2025-11-04T07:17:00.000Z,train,true
TRN_002376,synthetic://images/plastic_mixed_dirty/f4b47e20a15e.jpg,f4b47e20a15e,mixed_plastic,plastic_mixed_dirty,collector,24,Thane,294.34,,2025-11-01T17:03:00.000Z,val,true
TRN_002377,synthetic://images/cable_copper_house/83453ad32ed2.jpg,83453ad32ed2,cable,cable_copper_house,collector,13.66,Pune,5679.83,5809.4,2026-03-04T18:14:00.000Z,train,true
TRN_002378,synthetic://images/motor_hdd_assembly/5e1563ac6e4f.jpg,5e1563ac6e4f,motor_magnet,motor_hdd_assembly,collector,5.83,New Delhi,1609.14,,2026-04-25T16:05:00.000Z,train,true
TRN_002379,synthetic://images/cable_copper_house/1689e4b2ab8c.jpg,1689e4b2ab8c,cable,cable_copper_house,collector,44.8,New Delhi,20472.7,,2026-04-25T16:05:00.000Z,train,true
TRN_002380,synthetic://images/motor_small_appliance/d5f1f8a25bd9.jpg,d5f1f8a25bd9,motor_magnet,motor_small_appliance,collector,10.38,Pune,1399.12,1377.59,2025-10-20T10:13:00.000Z,val,true
TRN_002381,synthetic://images/motor_fan_ac/e687cb1105a5.jpg,e687cb1105a5,motor_magnet,motor_fan_ac,collector,30.7,Pune,4682.13,4610.08,2025-10-20T10:13:00.000Z,train,true
TRN_002382,synthetic://images/battery_button_cell/fd3a8b194e4f.jpg,fd3a8b194e4f,battery,battery_button_cell,collector,11.08,Pune,1053.15,1036.94,2025-10-20T10:13:00.000Z,val,true
TRN_002383,synthetic://images/motor_speaker_magnet/06c3bbc766a1.jpg,06c3bbc766a1,motor_magnet,motor_speaker_magnet,recycler_corrected,3.76,Mumbai Suburban,226.4,229.05,2026-02-27T10:11:00.000Z,train,true
TRN_002384,synthetic://images/plastic_hips_tv/7e0df9b2fc22.jpg,7e0df9b2fc22,mixed_plastic,plastic_hips_tv,recycler_corrected,16.77,Mumbai Suburban,365.51,369.79,2026-02-27T10:11:00.000Z,val,true
TRN_002385,synthetic://images/battery_li_ion_laptop/b9f2e38faf12.jpg,b9f2e38faf12,battery,battery_li_ion_laptop,collector,0.54,Mumbai Suburban,134.21,135.78,2026-02-27T10:11:00.000Z,train,true
TRN_002386,synthetic://images/cable_data_thin/b0e78247015e.jpg,b0e78247015e,cable,cable_data_thin,collector,16.61,Mumbai Suburban,1693.71,1713.55,2026-02-27T10:11:00.000Z,test,true
TRN_002387,synthetic://images/lcd_laptop_panel/4be69607b42f.jpg,4be69607b42f,lcd_panel,lcd_laptop_panel,collector,3.4,Nashik,156.16,156.97,2025-12-20T18:12:00.000Z,val,true
TRN_002388,synthetic://images/motor_fan_ac/2292d4cc8622.jpg,2292d4cc8622,motor_magnet,motor_fan_ac,collector,7.1,Nashik,1081.2,1086.84,2025-12-20T18:12:00.000Z,test,true
TRN_002389,synthetic://images/crt_monitor/5ab7664815a6.jpg,5ab7664815a6,crt,crt_monitor,collector,90.17,Bengaluru Urban,814.51,823.73,2026-01-06T10:39:00.000Z,test,true
TRN_002390,synthetic://images/pcb_motherboard/7929a4e20d7b.jpg,7929a4e20d7b,pcb,pcb_motherboard,collector,9.23,Bengaluru Urban,2988.77,3022.6,2026-01-06T10:39:00.000Z,train,true
TRN_002391,synthetic://images/motor_hdd_assembly/99f4d66b47d7.jpg,99f4d66b47d7,motor_magnet,motor_hdd_assembly,collector,1.16,Bengaluru Urban,321.42,325.06,2026-01-06T10:39:00.000Z,train,true
TRN_002392,synthetic://images/battery_lead_acid_ups/4099b535c0e6.jpg,4099b535c0e6,battery,battery_lead_acid_ups,collector,31.98,Bengaluru Urban,3376.45,3414.67,2026-01-06T10:39:00.000Z,train,true
TRN_002393,synthetic://images/battery_lead_acid_ups/abb580247e38.jpg,abb580247e38,battery,battery_lead_acid_ups,recycler_corrected,48.57,Thane,3802.32,3912.69,2026-05-22T18:00:00.000Z,val,true
TRN_002394,synthetic://images/cable_aluminium/a887e21b6640.jpg,a887e21b6640,cable,cable_aluminium,collector,29.28,Thane,4759.79,2758.47,2026-08-15T07:42:00.000Z,train,true
TRN_002395,synthetic://images/cable_mixed_scrap/5f773c2e52d0.jpg,5f773c2e52d0,cable,cable_mixed_scrap,collector,30.91,Thane,6851.36,3970.61,2026-08-15T07:42:00.000Z,train,true
TRN_002396,synthetic://images/motor_fan_ac/36a5f234da59.jpg,36a5f234da59,motor_magnet,motor_fan_ac,collector,28.05,Mumbai Suburban,2019.47,2125.63,2025-10-29T17:13:00.000Z,train,true
TRN_002397,synthetic://images/cable_mixed_scrap/b58c0a79dc3f.jpg,b58c0a79dc3f,cable,cable_mixed_scrap,collector,22.85,New Delhi,4254.42,,2026-08-02T16:20:00.000Z,val,true
TRN_002398,synthetic://images/motor_hdd_assembly/3a927b5b1420.jpg,3a927b5b1420,motor_magnet,motor_hdd_assembly,collector,3.25,New Delhi,754.2,,2026-08-02T16:20:00.000Z,train,true
TRN_002399,synthetic://images/cable_mixed_scrap/0770e1cdebef.jpg,0770e1cdebef,cable,cable_mixed_scrap,collector,18.24,Pune,3588.89,3873.56,2025-12-21T17:50:00.000Z,val,true
TRN_002400,synthetic://images/cable_mixed_scrap/c1d93e52aac6.jpg,c1d93e52aac6,cable,cable_mixed_scrap,collector,22.07,Pune,3403.04,3132.65,2025-11-24T07:48:00.000Z,train,true
TRN_002401,synthetic://images/motor_small_appliance/af330be627ae.jpg,af330be627ae,motor_magnet,motor_small_appliance,collector,19.54,Pune,2157.15,1985.75,2025-11-24T07:48:00.000Z,train,true
TRN_002402,synthetic://images/pcb_ram_gold/4093be9435e2.jpg,4093be9435e2,pcb,pcb_ram_gold,collector,0.1,Mumbai Suburban,163.9,145.82,2026-06-15T17:22:00.000Z,train,true
TRN_002403,synthetic://images/pcb_ram_gold/13f9b65707e5.jpg,13f9b65707e5,pcb,pcb_ram_gold,collector,0.24,Mumbai Suburban,177.01,157.48,2026-06-15T17:22:00.000Z,val,true
TRN_002404,synthetic://images/plastic_hips_tv/06db53b5cf44.jpg,06db53b5cf44,mixed_plastic,plastic_hips_tv,recycler_corrected,27.69,Pune,637.98,605.87,2026-06-17T08:18:00.000Z,train,true
TRN_002405,synthetic://images/battery_li_ion_laptop/889ad0f9d3d9.jpg,889ad0f9d3d9,battery,battery_li_ion_laptop,recycler_corrected,1.87,Mumbai Suburban,456.42,467.11,2025-11-06T12:50:00.000Z,val,true
TRN_002406,synthetic://images/pcb_motherboard/c5b3ff1bd4e3.jpg,c5b3ff1bd4e3,pcb,pcb_motherboard,recycler_corrected,2.31,Mumbai Suburban,828.46,847.86,2025-11-06T12:50:00.000Z,val,true
TRN_002407,synthetic://images/motor_hdd_assembly/510a486bfc40.jpg,510a486bfc40,motor_magnet,motor_hdd_assembly,collector,5.23,Mumbai Suburban,1494.24,1678.89,2026-06-15T14:37:00.000Z,train,true
TRN_002408,synthetic://images/battery_button_cell/81048361e829.jpg,81048361e829,battery,battery_button_cell,collector,38.89,Bengaluru Urban,4064.78,,2026-03-31T17:56:00.000Z,train,true
TRN_002409,synthetic://images/cable_copper_house/73573e45aa67.jpg,73573e45aa67,cable,cable_copper_house,collector,30.42,Nashik,7169.48,7341.02,2025-12-22T06:12:00.000Z,train,true
TRN_002410,synthetic://images/cable_mixed_scrap/57b70bc2cab0.jpg,57b70bc2cab0,cable,cable_mixed_scrap,collector,41.06,Nashik,6654.38,6765.76,2026-08-21T14:00:00.000Z,train,true
TRN_002411,synthetic://images/plastic_hips_tv/0003c3047513.jpg,0003c3047513,mixed_plastic,plastic_hips_tv,collector,25.83,Pune,500.29,511.37,2026-04-21T13:56:00.000Z,val,true
TRN_002412,synthetic://images/motor_hdd_assembly/77de9658cfdb.jpg,77de9658cfdb,motor_magnet,motor_hdd_assembly,collector,5.99,Pune,1354.72,1384.73,2026-04-21T13:56:00.000Z,train,true
TRN_002413,synthetic://images/crt_yoke/a3402c46430b.jpg,a3402c46430b,crt,crt_yoke,collector,4.21,Mumbai Suburban,271.76,264.63,2026-06-10T15:51:00.000Z,val,true
TRN_002414,synthetic://images/motor_hdd_assembly/55d9fbcc4a8d.jpg,55d9fbcc4a8d,motor_magnet,motor_hdd_assembly,recycler_corrected,6.36,Pune,1887.6,1836.55,2026-08-16T06:38:00.000Z,train,true
TRN_002415,synthetic://images/pcb_power_supply/ffe99780c2de.jpg,ffe99780c2de,pcb,pcb_power_supply,collector,13.89,Pune,1900.94,1849.53,2026-08-16T06:38:00.000Z,test,true
TRN_002416,synthetic://images/cable_data_thin/87765b3673e4.jpg,87765b3673e4,cable,cable_data_thin,collector,18.44,Pune,1058.08,1029.47,2026-08-16T06:38:00.000Z,train,true
TRN_002417,synthetic://images/cable_aluminium/728b7dd28b28.jpg,728b7dd28b28,cable,cable_aluminium,recycler_corrected,12.2,Mumbai Suburban,1821.58,1773.07,2026-02-16T13:20:00.000Z,train,true
TRN_002418,synthetic://images/pcb_ram_gold/355cff364814.jpg,355cff364814,pcb,pcb_ram_gold,collector,0.19,Mumbai Suburban,251.99,245.28,2026-02-16T13:20:00.000Z,test,true
TRN_002419,synthetic://images/motor_speaker_magnet/fc52065f1f35.jpg,fc52065f1f35,motor_magnet,motor_speaker_magnet,collector,3.4,Pune,270.21,252.32,2026-05-13T13:04:00.000Z,train,true
TRN_002420,synthetic://images/plastic_abs_casing/428142320bfa.jpg,428142320bfa,mixed_plastic,plastic_abs_casing,collector,4.94,Pune,172.16,160.76,2026-05-13T13:04:00.000Z,train,true
TRN_002421,synthetic://images/pcb_ram_gold/880e80c2b9b6.jpg,880e80c2b9b6,pcb,pcb_ram_gold,collector,0.19,Pune,141.19,131.84,2026-05-13T13:04:00.000Z,val,true
TRN_002422,synthetic://images/cable_aluminium/3a8b779b9778.jpg,3a8b779b9778,cable,cable_aluminium,collector,39.18,Mumbai Suburban,5568.26,4691.15,2026-03-26T19:22:00.000Z,test,true
TRN_002423,synthetic://images/crt_yoke/7bc94091c6f0.jpg,7bc94091c6f0,crt,crt_yoke,collector,1.53,Mumbai Suburban,91.61,77.18,2026-03-26T19:22:00.000Z,train,true
TRN_002424,synthetic://images/plastic_abs_casing/22921c3da57c.jpg,22921c3da57c,mixed_plastic,plastic_abs_casing,collector,33.51,Nashik,832.86,878.48,2025-11-09T15:10:00.000Z,train,true
TRN_002425,synthetic://images/pcb_motherboard/3f435abc0d2f.jpg,3f435abc0d2f,pcb,pcb_motherboard,recycler_corrected,2.76,Nashik,775.26,817.73,2025-11-09T15:10:00.000Z,train,true
TRN_002426,synthetic://images/pcb_tv_low_grade/be6d7aa59d41.jpg,be6d7aa59d41,pcb,pcb_tv_low_grade,collector,4.69,Pune,481.19,470.26,2026-05-21T09:05:00.000Z,train,true
TRN_002427,synthetic://images/battery_lead_acid_ups/5c8f91e82d05.jpg,5c8f91e82d05,battery,battery_lead_acid_ups,recycler_corrected,54.03,Pune,4877.24,5136.72,2026-05-20T15:56:00.000Z,train,true
TRN_002428,synthetic://images/cable_copper_house/92a7b84f3b84.jpg,92a7b84f3b84,cable,cable_copper_house,collector,15.86,Pune,6280.56,5725.19,2026-05-10T09:03:00.000Z,val,true
TRN_002429,synthetic://images/cable_copper_house/4a1845eabbf5.jpg,4a1845eabbf5,cable,cable_copper_house,recycler_corrected,13.62,Nagpur,5360.3,,2025-10-11T06:25:00.000Z,train,true
TRN_002430,synthetic://images/pcb_motherboard/20c7ddd721c8.jpg,20c7ddd721c8,pcb,pcb_motherboard,collector,1.33,Nagpur,378.34,,2025-10-11T06:25:00.000Z,val,true
TRN_002431,synthetic://images/battery_button_cell/2e3fe29986b7.jpg,2e3fe29986b7,battery,battery_button_cell,recycler_corrected,19.86,Mumbai Suburban,2231.27,,2025-12-10T13:09:00.000Z,train,true
TRN_002432,synthetic://images/cable_mixed_scrap/33deaad3dda0.jpg,33deaad3dda0,cable,cable_mixed_scrap,collector,19.86,Mumbai Suburban,4161.01,4236.03,2026-01-01T14:52:00.000Z,val,true
TRN_002433,synthetic://images/lcd_monitor_panel/e2c7e2064293.jpg,e2c7e2064293,lcd_panel,lcd_monitor_panel,collector,7.77,Mumbai Suburban,175.98,179.15,2026-01-01T14:52:00.000Z,train,true
TRN_002434,synthetic://images/motor_small_appliance/8fd4b2192674.jpg,8fd4b2192674,motor_magnet,motor_small_appliance,collector,16.38,Pune,1802.79,1918.38,2026-02-15T11:27:00.000Z,train,true
TRN_002435,synthetic://images/battery_lead_acid_ups/887cec71cee4.jpg,887cec71cee4,battery,battery_lead_acid_ups,collector,56.78,Pune,4423.02,4706.6,2026-02-15T11:27:00.000Z,val,true
TRN_002436,synthetic://images/motor_speaker_magnet/6107764bf53a.jpg,6107764bf53a,motor_magnet,motor_speaker_magnet,collector,0.45,Pune,31.86,33.9,2026-02-15T11:27:00.000Z,train,true
TRN_002437,synthetic://images/crt_monitor/d0c3c927323c.jpg,d0c3c927323c,crt,crt_monitor,collector,114.97,Pune,1012.13,962.29,2026-04-11T14:56:00.000Z,val,true
TRN_002438,synthetic://images/cable_mixed_scrap/e673d8c91fb8.jpg,e673d8c91fb8,cable,cable_mixed_scrap,collector,37.42,Pune,7027.48,6907.84,2026-04-03T19:02:00.000Z,test,true
TRN_002439,synthetic://images/cable_mixed_scrap/7eca3a536b7a.jpg,7eca3a536b7a,cable,cable_mixed_scrap,collector,19.53,Chhatrapati Sambhajinagar,3739.77,,2026-07-28T16:16:00.000Z,train,true
TRN_002440,synthetic://images/plastic_hips_tv/4d3c9c86ccb0.jpg,4d3c9c86ccb0,mixed_plastic,plastic_hips_tv,collector,32.7,Chhatrapati Sambhajinagar,717.11,,2026-07-28T16:16:00.000Z,val,true
TRN_002441,synthetic://images/pcb_cpu_processor/172f8db56de1.jpg,172f8db56de1,pcb,pcb_cpu_processor,collector,0.11,Pune,446.49,451.5,2026-02-16T19:08:00.000Z,train,true
TRN_002442,synthetic://images/pcb_motherboard/f837409780d0.jpg,f837409780d0,pcb,pcb_motherboard,collector,9.22,Mumbai Suburban,3259.36,3280.72,2026-07-18T12:34:00.000Z,train,true
TRN_002443,synthetic://images/cable_mixed_scrap/65fc22581990.jpg,65fc22581990,cable,cable_mixed_scrap,collector,21.86,Mumbai Suburban,3678.07,3702.17,2026-07-18T12:34:00.000Z,test,true
TRN_002444,synthetic://images/lcd_tv_panel/c10895765176.jpg,c10895765176,lcd_panel,lcd_tv_panel,collector,71,Mumbai Suburban,1447.97,1457.46,2026-07-18T12:34:00.000Z,val,true
TRN_002445,synthetic://images/cable_aluminium/69e9e28efff3.jpg,69e9e28efff3,cable,cable_aluminium,collector,17.26,Pune,2528.52,,2025-11-11T10:20:00.000Z,train,true
TRN_002446,synthetic://images/pcb_cpu_processor/a9aaba2d1ba9.jpg,a9aaba2d1ba9,pcb,pcb_cpu_processor,recycler_corrected,0.17,Pune,718.02,,2025-11-11T10:20:00.000Z,train,true
TRN_002447,synthetic://images/led_backlight_strip/70567c97af52.jpg,70567c97af52,lcd_panel,led_backlight_strip,collector,30.83,Bengaluru Urban,3312.25,3377.08,2026-02-11T11:08:00.000Z,train,true
TRN_002448,synthetic://images/cable_mixed_scrap/ad0180812bd3.jpg,ad0180812bd3,cable,cable_mixed_scrap,collector,22.33,Bengaluru Urban,4546.83,4635.82,2026-02-11T11:08:00.000Z,val,true
TRN_002449,synthetic://images/cable_copper_house/08ccf6b8e541.jpg,08ccf6b8e541,cable,cable_copper_house,collector,2.39,Bengaluru Urban,859.16,875.98,2026-02-11T11:08:00.000Z,val,true
TRN_002450,synthetic://images/lcd_monitor_panel/2ca74fe294c9.jpg,2ca74fe294c9,lcd_panel,lcd_monitor_panel,recycler_corrected,22.59,Mumbai Suburban,511.63,535.03,2026-02-16T19:14:00.000Z,train,true
TRN_002451,synthetic://images/motor_small_appliance/411c5be19905.jpg,411c5be19905,motor_magnet,motor_small_appliance,recycler_corrected,9.27,Mumbai Suburban,1410.38,1474.89,2026-02-16T19:14:00.000Z,train,true
TRN_002452,synthetic://images/plastic_abs_casing/9da04282e70a.jpg,9da04282e70a,mixed_plastic,plastic_abs_casing,recycler_corrected,8.52,Bengaluru Urban,268.98,267.47,2025-09-17T14:21:00.000Z,train,true
TRN_002453,synthetic://images/lcd_tv_panel/8598bd05c8f1.jpg,8598bd05c8f1,lcd_panel,lcd_tv_panel,recycler_corrected,56.98,Bengaluru Urban,1263.58,1256.47,2025-09-17T14:21:00.000Z,train,true
TRN_002454,synthetic://images/crt_yoke/859f703e0fa3.jpg,859f703e0fa3,crt,crt_yoke,collector,2.93,Bengaluru Urban,184.33,183.29,2025-09-17T14:21:00.000Z,train,true
TRN_002455,synthetic://images/pcb_mobile/a1de7e3ea0d1.jpg,a1de7e3ea0d1,pcb,pcb_mobile,collector,0.06,Bengaluru Urban,29.19,29.03,2025-09-17T14:21:00.000Z,train,true
TRN_002456,synthetic://images/cable_data_thin/9ddca3a4dfd5.jpg,9ddca3a4dfd5,cable,cable_data_thin,recycler_corrected,7.02,Pune,939.88,851.3,2026-08-29T06:25:00.000Z,train,true
TRN_002457,synthetic://images/pcb_mobile/e3cae13bc73f.jpg,e3cae13bc73f,pcb,pcb_mobile,recycler_corrected,0.14,Pune,118.04,106.91,2026-08-29T06:25:00.000Z,train,true
TRN_002458,synthetic://images/plastic_mixed_dirty/b278ae9fd91e.jpg,b278ae9fd91e,mixed_plastic,plastic_mixed_dirty,recycler_corrected,16.88,Nashik,196.38,199.81,2026-01-22T14:56:00.000Z,val,true
TRN_002459,synthetic://images/pcb_cpu_processor/808ebf8a1ae3.jpg,808ebf8a1ae3,pcb,pcb_cpu_processor,collector,0.2,Mumbai Suburban,370.74,337.5,2026-07-08T12:23:00.000Z,val,true
TRN_002460,synthetic://images/pcb_mobile/3af86b743c0b.jpg,3af86b743c0b,pcb,pcb_mobile,collector,0.23,Mumbai Suburban,285.55,259.95,2026-07-08T12:23:00.000Z,test,true
TRN_002461,synthetic://images/motor_speaker_magnet/8b21f8aaa8d2.jpg,8b21f8aaa8d2,motor_magnet,motor_speaker_magnet,collector,5.86,Pune,371.3,,2026-08-12T13:51:00.000Z,train,true
TRN_002462,synthetic://images/lcd_laptop_panel/63d3d1a37a3d.jpg,63d3d1a37a3d,lcd_panel,lcd_laptop_panel,recycler_corrected,0.56,Pune,25.34,,2026-08-12T13:51:00.000Z,val,true
TRN_002463,synthetic://images/pcb_cpu_processor/dca1fc8ddcb3.jpg,dca1fc8ddcb3,pcb,pcb_cpu_processor,collector,0.09,Bengaluru Urban,379.6,362.96,2026-05-15T12:59:00.000Z,train,true
TRN_002464,synthetic://images/motor_speaker_magnet/3dcf887db88f.jpg,3dcf887db88f,motor_magnet,motor_speaker_magnet,recycler_corrected,1.53,Bengaluru Urban,116.2,111.1,2026-05-15T12:59:00.000Z,train,true
TRN_002465,synthetic://images/motor_speaker_magnet/55059d03627d.jpg,55059d03627d,motor_magnet,motor_speaker_magnet,collector,0.9,Nagpur,56.56,,2026-05-11T15:36:00.000Z,train,true
TRN_002466,synthetic://images/cable_mixed_scrap/511d1cd16d89.jpg,511d1cd16d89,cable,cable_mixed_scrap,collector,42.09,Bengaluru Urban,8439.89,,2026-03-10T09:41:00.000Z,train,true
TRN_002467,synthetic://images/motor_small_appliance/68c5b6b19f9e.jpg,68c5b6b19f9e,motor_magnet,motor_small_appliance,collector,14.8,New Delhi,2265.29,,2026-01-10T13:41:00.000Z,train,true
TRN_002468,synthetic://images/pcb_mobile/577cc5254c44.jpg,577cc5254c44,pcb,pcb_mobile,collector,0.13,Pune,141.21,146.47,2026-03-25T18:41:00.000Z,train,true
TRN_002469,synthetic://images/plastic_abs_casing/09f04e2ed7c5.jpg,09f04e2ed7c5,mixed_plastic,plastic_abs_casing,recycler_corrected,40.77,Pune,1099.56,1113.83,2026-08-08T17:10:00.000Z,train,true
TRN_002470,synthetic://images/cable_mixed_scrap/46730f7330de.jpg,46730f7330de,cable,cable_mixed_scrap,collector,23.59,Pune,4430.2,4487.68,2026-08-08T17:10:00.000Z,train,true
TRN_002471,synthetic://images/pcb_motherboard/9881bca60773.jpg,9881bca60773,pcb,pcb_motherboard,recycler_corrected,8.25,Pune,2877.25,2914.58,2026-08-08T17:10:00.000Z,train,true
TRN_002472,synthetic://images/battery_li_ion_mobile/53853f6f4c8f.jpg,53853f6f4c8f,battery,battery_li_ion_mobile,collector,0.19,Pune,33.36,,2026-08-01T16:14:00.000Z,train,true
TRN_002473,synthetic://images/pcb_ram_gold/08be311cd49f.jpg,08be311cd49f,pcb,pcb_ram_gold,recycler_corrected,0.13,Pune,214.68,211.04,2025-10-07T12:02:00.000Z,test,true
TRN_002474,synthetic://images/cable_aluminium/b07d91a0cb0d.jpg,b07d91a0cb0d,cable,cable_aluminium,collector,14.72,Mumbai Suburban,2197.84,,2026-02-20T17:02:00.000Z,train,true
TRN_002475,synthetic://images/cable_copper_house/dc63d5e38a7e.jpg,dc63d5e38a7e,cable,cable_copper_house,collector,24.87,Thane,8492.22,8787.75,2026-03-05T18:56:00.000Z,train,true
TRN_002476,synthetic://images/motor_fan_ac/18af21b4eb8a.jpg,18af21b4eb8a,motor_magnet,motor_fan_ac,collector,29.43,Mumbai Suburban,4707.03,4466.97,2025-09-23T16:25:00.000Z,train,true
TRN_002477,synthetic://images/motor_fan_ac/f751556b12e5.jpg,f751556b12e5,motor_magnet,motor_fan_ac,recycler_corrected,11.36,Mumbai Suburban,1489.87,1413.89,2025-09-23T16:25:00.000Z,train,true
TRN_002478,synthetic://images/plastic_abs_casing/b01dfcfde9c5.jpg,b01dfcfde9c5,mixed_plastic,plastic_abs_casing,recycler_corrected,29.69,Nashik,944.9,856.55,2025-12-12T17:04:00.000Z,test,true
TRN_002479,synthetic://images/pcb_tv_low_grade/6faaa1fa183e.jpg,6faaa1fa183e,pcb,pcb_tv_low_grade,collector,3.69,Pune,398.61,379.44,2026-02-14T06:06:00.000Z,test,true
TRN_002480,synthetic://images/pcb_ram_gold/0d189bec49c1.jpg,0d189bec49c1,pcb,pcb_ram_gold,collector,0.33,Pune,573.07,545.5,2026-02-14T06:06:00.000Z,train,true
TRN_002481,synthetic://images/cable_aluminium/ba187387a4b9.jpg,ba187387a4b9,cable,cable_aluminium,collector,11.79,Thane,1851.6,,2025-12-22T06:43:00.000Z,train,true
TRN_002482,synthetic://images/pcb_cpu_processor/3dd9ffc39620.jpg,3dd9ffc39620,pcb,pcb_cpu_processor,collector,0.18,Thane,777.19,,2025-12-22T06:43:00.000Z,train,true
TRN_002483,synthetic://images/plastic_mixed_dirty/d02b707540b1.jpg,d02b707540b1,mixed_plastic,plastic_mixed_dirty,collector,5.1,New Delhi,29.65,30.47,2026-04-04T15:50:00.000Z,train,true
TRN_002484,synthetic://images/plastic_abs_casing/0a2e08d14376.jpg,0a2e08d14376,mixed_plastic,plastic_abs_casing,collector,33.69,New Delhi,1336.48,1373.35,2026-04-04T15:50:00.000Z,train,true
TRN_002485,synthetic://images/plastic_hips_tv/0732006de3fa.jpg,0732006de3fa,mixed_plastic,plastic_hips_tv,collector,8.6,New Delhi,224.46,196.93,2026-05-22T08:44:00.000Z,train,true
TRN_002486,synthetic://images/plastic_mixed_dirty/d7cbe1d00874.jpg,d7cbe1d00874,mixed_plastic,plastic_mixed_dirty,collector,29.39,New Delhi,266.21,233.55,2026-05-22T08:44:00.000Z,test,true
TRN_002487,synthetic://images/pcb_motherboard/7394079c76b9.jpg,7394079c76b9,pcb,pcb_motherboard,collector,7.33,Bengaluru Urban,2479.27,2404.04,2025-11-12T13:36:00.000Z,train,true
TRN_002488,synthetic://images/cable_aluminium/d489dc2012f9.jpg,d489dc2012f9,cable,cable_aluminium,collector,13.44,Bengaluru Urban,1698.42,1646.88,2025-11-12T13:36:00.000Z,train,true
TRN_002489,synthetic://images/cable_data_thin/88b82bd623e0.jpg,88b82bd623e0,cable,cable_data_thin,collector,9.85,Bengaluru Urban,640.98,621.53,2025-11-12T13:36:00.000Z,train,true
TRN_002490,synthetic://images/battery_li_ion_laptop/5df458416991.jpg,5df458416991,battery,battery_li_ion_laptop,collector,1.2,Mumbai Suburban,288.83,265.5,2026-06-14T11:44:00.000Z,val,true
TRN_002491,synthetic://images/plastic_abs_casing/8ae41033d7d1.jpg,8ae41033d7d1,mixed_plastic,plastic_abs_casing,collector,8.13,Mumbai Suburban,285.93,262.84,2026-06-14T11:44:00.000Z,train,true
TRN_002492,synthetic://images/pcb_tv_low_grade/ff51880ba614.jpg,ff51880ba614,pcb,pcb_tv_low_grade,recycler_corrected,3.86,Nagpur,418.66,417.9,2025-09-14T19:08:00.000Z,train,true
TRN_002493,synthetic://images/battery_li_ion_laptop/8a11c4b91b2f.jpg,8a11c4b91b2f,battery,battery_li_ion_laptop,recycler_corrected,0.91,Nagpur,154.79,154.51,2025-09-14T19:08:00.000Z,val,true
TRN_002494,synthetic://images/crt_monitor/9366d818d1e3.jpg,9366d818d1e3,crt,crt_monitor,collector,99.64,Bengaluru Urban,738.05,712.61,2025-10-04T14:59:00.000Z,train,true
TRN_002495,synthetic://images/motor_fan_ac/cb9457a81162.jpg,cb9457a81162,motor_magnet,motor_fan_ac,collector,6.99,Mumbai Suburban,918.01,910.72,2025-11-22T07:19:00.000Z,train,true
TRN_002496,synthetic://images/plastic_hips_tv/25c118b0cbc9.jpg,25c118b0cbc9,mixed_plastic,plastic_hips_tv,recycler_corrected,20.52,Mumbai Suburban,444.39,440.86,2025-11-22T07:19:00.000Z,test,true
TRN_002497,synthetic://images/cable_data_thin/5bbc197eab39.jpg,5bbc197eab39,cable,cable_data_thin,collector,38.08,Mumbai Suburban,5845.66,5799.22,2025-11-22T07:19:00.000Z,train,true
TRN_002498,synthetic://images/pcb_mobile/ad5aceb0405e.jpg,ad5aceb0405e,pcb,pcb_mobile,recycler_corrected,0.2,Pune,206.9,225.84,2026-04-30T15:36:00.000Z,test,true
TRN_002499,synthetic://images/crt_monitor/a80e81482504.jpg,a80e81482504,crt,crt_monitor,collector,93.91,Pune,787.36,859.43,2026-04-30T15:36:00.000Z,val,true
TRN_002500,synthetic://images/battery_button_cell/0a644dff24e8.jpg,0a644dff24e8,battery,battery_button_cell,collector,36.43,Pune,3145.37,3214.31,2026-07-15T10:24:00.000Z,train,true
TRN_002501,synthetic://images/plastic_mixed_dirty/1faf361e295e.jpg,1faf361e295e,mixed_plastic,plastic_mixed_dirty,collector,25.79,Mumbai Suburban,303.81,,2026-04-14T11:30:00.000Z,val,true
TRN_002502,synthetic://images/plastic_mixed_dirty/b39363e132b2.jpg,b39363e132b2,mixed_plastic,plastic_mixed_dirty,collector,17.81,Mumbai Suburban,214.87,218.59,2025-12-09T10:00:00.000Z,train,true
TRN_002503,synthetic://images/pcb_mobile/65191b548753.jpg,65191b548753,pcb,pcb_mobile,collector,0.18,Pune,188.35,179.3,2025-12-17T17:57:00.000Z,train,true
TRN_002504,synthetic://images/plastic_mixed_dirty/d58086ad0358.jpg,d58086ad0358,mixed_plastic,plastic_mixed_dirty,collector,14.56,Pune,187.13,180.46,2025-11-05T18:12:00.000Z,train,true
TRN_002505,synthetic://images/plastic_abs_casing/56a9e2a3bd5f.jpg,56a9e2a3bd5f,mixed_plastic,plastic_abs_casing,collector,42.05,Pune,1404.05,1353.99,2025-11-05T18:12:00.000Z,train,true
TRN_002506,synthetic://images/cable_data_thin/b823cf94876b.jpg,b823cf94876b,cable,cable_data_thin,collector,27.6,Pune,2887.39,2719.36,2026-03-22T06:18:00.000Z,train,true
TRN_002507,synthetic://images/plastic_abs_casing/db8e7eb0554d.jpg,db8e7eb0554d,mixed_plastic,plastic_abs_casing,collector,34.62,Mumbai Suburban,991.89,,2025-10-09T15:07:00.000Z,train,true
TRN_002508,synthetic://images/lcd_tv_panel/9f164cd58ec4.jpg,9f164cd58ec4,lcd_panel,lcd_tv_panel,collector,107.6,Mumbai Suburban,2304.11,2402.3,2026-01-03T09:03:00.000Z,train,true
TRN_002509,synthetic://images/battery_li_ion_mobile/b1f681200a34.jpg,b1f681200a34,battery,battery_li_ion_mobile,collector,0.13,Mumbai Suburban,25.79,26.89,2026-01-03T09:03:00.000Z,train,true
TRN_002510,synthetic://images/battery_li_ion_laptop/061a078e2c3a.jpg,061a078e2c3a,battery,battery_li_ion_laptop,collector,2,Thane,516.58,455.99,2026-02-23T09:59:00.000Z,train,true
TRN_002511,synthetic://images/pcb_power_supply/86a1a434299c.jpg,86a1a434299c,pcb,pcb_power_supply,collector,16.7,Bengaluru Urban,2042.73,,2026-06-04T18:19:00.000Z,train,true
TRN_002512,synthetic://images/pcb_power_supply/298da689b65d.jpg,298da689b65d,pcb,pcb_power_supply,collector,12.21,Bengaluru Urban,1493.52,,2026-06-04T18:19:00.000Z,train,true
TRN_002513,synthetic://images/plastic_mixed_dirty/ecc82c2061d0.jpg,ecc82c2061d0,mixed_plastic,plastic_mixed_dirty,collector,39.18,Thane,374.93,336.89,2026-03-07T09:58:00.000Z,train,true
TRN_002514,synthetic://images/plastic_mixed_dirty/2ee46810a120.jpg,2ee46810a120,mixed_plastic,plastic_mixed_dirty,collector,27.59,Thane,321.98,289.31,2026-03-07T09:58:00.000Z,train,true
TRN_002515,synthetic://images/cable_aluminium/7f42edc93ddd.jpg,7f42edc93ddd,cable,cable_aluminium,collector,33.44,Thane,4988.24,4482.09,2026-03-07T09:58:00.000Z,train,true
TRN_002516,synthetic://images/cable_copper_house/6b9935eed7d3.jpg,6b9935eed7d3,cable,cable_copper_house,collector,17.66,Nashik,2772.95,2957.98,2026-05-30T15:28:00.000Z,train,true
TRN_002517,synthetic://images/cable_aluminium/c4ce084306fd.jpg,c4ce084306fd,cable,cable_aluminium,collector,20.26,Nashik,2766.71,2951.33,2026-05-30T15:28:00.000Z,test,true
TRN_002518,synthetic://images/pcb_ram_gold/81a0ce45b789.jpg,81a0ce45b789,pcb,pcb_ram_gold,collector,0.19,New Delhi,354.5,372.09,2026-03-10T13:11:00.000Z,train,true
TRN_002519,synthetic://images/pcb_mobile/037b8dc09d56.jpg,037b8dc09d56,pcb,pcb_mobile,collector,0.11,New Delhi,136.92,143.71,2026-03-10T13:11:00.000Z,train,true
TRN_002520,synthetic://images/pcb_power_supply/12adec378fb3.jpg,12adec378fb3,pcb,pcb_power_supply,collector,6.36,New Delhi,1030.32,1081.44,2026-03-10T13:11:00.000Z,val,true
TRN_002521,synthetic://images/battery_button_cell/80984c77deac.jpg,80984c77deac,battery,battery_button_cell,collector,35.13,New Delhi,4421.81,4641.22,2026-03-10T13:11:00.000Z,train,true
TRN_002522,synthetic://images/battery_li_ion_laptop/fdc0b5713084.jpg,fdc0b5713084,battery,battery_li_ion_laptop,collector,1.69,Nashik,363.73,335.45,2025-10-22T08:13:00.000Z,train,true
TRN_002523,synthetic://images/pcb_motherboard/4011fe55a18d.jpg,4011fe55a18d,pcb,pcb_motherboard,collector,2.76,Nashik,776.03,715.68,2025-10-22T08:13:00.000Z,train,true
TRN_002524,synthetic://images/pcb_cpu_processor/797029fd3fae.jpg,797029fd3fae,pcb,pcb_cpu_processor,recycler_corrected,0.23,Nashik,690.53,725.53,2026-04-18T12:22:00.000Z,test,true
TRN_002525,synthetic://images/battery_li_ion_laptop/e77464e37899.jpg,e77464e37899,battery,battery_li_ion_laptop,collector,3.58,Pune,774.25,,2026-06-23T09:01:00.000Z,train,true
TRN_002526,synthetic://images/plastic_abs_casing/88623e22c0fe.jpg,88623e22c0fe,mixed_plastic,plastic_abs_casing,collector,17.03,New Delhi,692.1,684.68,2026-06-18T08:47:00.000Z,train,true
TRN_002527,synthetic://images/motor_speaker_magnet/473a7eb9aafc.jpg,473a7eb9aafc,motor_magnet,motor_speaker_magnet,collector,3.11,New Delhi,162.71,160.97,2026-06-18T08:47:00.000Z,train,true
TRN_002528,synthetic://images/cable_aluminium/1e9d4371bd67.jpg,1e9d4371bd67,cable,cable_aluminium,collector,16.68,New Delhi,2716.67,2687.55,2026-06-18T08:47:00.000Z,train,true
TRN_002529,synthetic://images/motor_small_appliance/cb2d8948189e.jpg,cb2d8948189e,motor_magnet,motor_small_appliance,collector,13.54,Thane,1476.01,,2026-02-25T08:38:00.000Z,train,true
TRN_002530,synthetic://images/plastic_hips_tv/ef2f21e58463.jpg,ef2f21e58463,mixed_plastic,plastic_hips_tv,collector,9.87,Thane,245.07,,2026-02-25T08:38:00.000Z,train,true
TRN_002531,synthetic://images/crt_yoke/75f054cc3967.jpg,75f054cc3967,crt,crt_yoke,collector,1.42,Nashik,80.72,82.06,2026-01-25T17:22:00.000Z,train,true
TRN_002532,synthetic://images/battery_button_cell/b2b1cbfcc537.jpg,b2b1cbfcc537,battery,battery_button_cell,collector,25.99,Nashik,2714.49,2759.47,2026-01-25T17:22:00.000Z,train,true
TRN_002533,synthetic://images/led_backlight_strip/cd9d7cb0c58e.jpg,cd9d7cb0c58e,lcd_panel,led_backlight_strip,collector,27.43,Nashik,2441.82,,2026-04-29T06:57:00.000Z,train,true
TRN_002534,synthetic://images/pcb_ram_gold/e5f21ddd780a.jpg,e5f21ddd780a,pcb,pcb_ram_gold,collector,0.15,Nashik,165.06,,2026-04-29T06:57:00.000Z,val,true
TRN_002535,synthetic://images/pcb_tv_low_grade/746382b8b5df.jpg,746382b8b5df,pcb,pcb_tv_low_grade,collector,0.49,Thane,52.77,49.07,2026-05-01T15:24:00.000Z,train,true
TRN_002536,synthetic://images/plastic_mixed_dirty/e6b398d8ebff.jpg,e6b398d8ebff,mixed_plastic,plastic_mixed_dirty,collector,26.82,Mumbai Suburban,254.01,234.2,2025-11-13T17:35:00.000Z,test,true
TRN_002537,synthetic://images/plastic_hips_tv/b77bf5716e52.jpg,b77bf5716e52,mixed_plastic,plastic_hips_tv,recycler_corrected,7.41,Pune,184.55,175.02,2026-05-07T09:11:00.000Z,train,true
TRN_002538,synthetic://images/pcb_power_supply/edc687211ea2.jpg,edc687211ea2,pcb,pcb_power_supply,collector,11.34,Mumbai Suburban,1800.1,,2025-12-08T06:43:00.000Z,val,true
TRN_002539,synthetic://images/pcb_power_supply/fa5114ed902b.jpg,fa5114ed902b,pcb,pcb_power_supply,collector,2.17,Nagpur,290.22,,2025-11-20T16:26:00.000Z,train,true
TRN_002540,synthetic://images/pcb_tv_low_grade/7c342b09a135.jpg,7c342b09a135,pcb,pcb_tv_low_grade,collector,2.98,Nagpur,264.32,,2025-11-20T16:26:00.000Z,train,true
TRN_002541,synthetic://images/cable_aluminium/848c8321300c.jpg,848c8321300c,cable,cable_aluminium,recycler_corrected,27.99,Nagpur,3311.5,,2025-11-20T16:26:00.000Z,test,true
TRN_002542,synthetic://images/battery_li_ion_laptop/6f7363752a3f.jpg,6f7363752a3f,battery,battery_li_ion_laptop,collector,0.27,Mumbai Suburban,67.19,,2026-08-03T12:58:00.000Z,val,true
TRN_002543,synthetic://images/motor_small_appliance/86e463f60130.jpg,86e463f60130,motor_magnet,motor_small_appliance,collector,20.91,Nashik,2490.17,2610.8,2026-03-03T07:02:00.000Z,train,true
TRN_002544,synthetic://images/cable_mixed_scrap/95396394c54a.jpg,95396394c54a,cable,cable_mixed_scrap,collector,34.33,Nashik,6733.83,7060.04,2026-03-03T07:02:00.000Z,train,true
TRN_002545,synthetic://images/motor_small_appliance/041f64a6568f.jpg,041f64a6568f,motor_magnet,motor_small_appliance,collector,7.66,Nashik,912.23,956.42,2026-03-03T07:02:00.000Z,train,true
TRN_002546,synthetic://images/motor_small_appliance/c36e6964549c.jpg,c36e6964549c,motor_magnet,motor_small_appliance,collector,10.48,Nashik,1046.36,1028.35,2025-09-23T16:52:00.000Z,train,true
TRN_002547,synthetic://images/pcb_power_supply/69e6c88f9993.jpg,69e6c88f9993,pcb,pcb_power_supply,recycler_corrected,12.3,Pune,1651.05,1667.19,2026-04-05T10:39:00.000Z,train,true
TRN_002548,synthetic://images/cable_copper_house/c03563c1ea9f.jpg,c03563c1ea9f,cable,cable_copper_house,collector,36.01,Mumbai Suburban,17286.58,16644.39,2026-06-17T18:15:00.000Z,train,true
TRN_002549,synthetic://images/pcb_cpu_processor/eb8fda9fe1b0.jpg,eb8fda9fe1b0,pcb,pcb_cpu_processor,recycler_corrected,0.25,Mumbai Suburban,848.92,817.38,2026-06-17T18:15:00.000Z,train,true
TRN_002550,synthetic://images/motor_speaker_magnet/60a32f248152.jpg,60a32f248152,motor_magnet,motor_speaker_magnet,collector,2.35,Mumbai Suburban,175.03,168.53,2026-06-17T18:15:00.000Z,train,true
TRN_002551,synthetic://images/cable_copper_house/a1c1e864d593.jpg,a1c1e864d593,cable,cable_copper_house,collector,5.02,Pune,2006.69,1989.22,2025-11-07T17:04:00.000Z,test,true
TRN_002552,synthetic://images/pcb_mobile/26850592df02.jpg,26850592df02,pcb,pcb_mobile,collector,0.15,Thane,169.71,157.93,2025-10-17T08:52:00.000Z,test,true
TRN_002553,synthetic://images/plastic_hips_tv/e64b16be04a8.jpg,e64b16be04a8,mixed_plastic,plastic_hips_tv,recycler_corrected,42.8,Thane,1055.45,1074.19,2025-09-14T15:59:00.000Z,train,true
TRN_002554,synthetic://images/crt_yoke/cfa7fcfbc15e.jpg,cfa7fcfbc15e,crt,crt_yoke,collector,1.1,Mumbai Suburban,79.22,,2026-08-31T09:58:00.000Z,train,true
TRN_002555,synthetic://images/motor_fan_ac/bd9c1137946d.jpg,bd9c1137946d,motor_magnet,motor_fan_ac,collector,11.16,Mumbai Suburban,1923.98,,2026-08-31T09:58:00.000Z,train,true
TRN_002556,synthetic://images/pcb_mobile/07a1bde069d1.jpg,07a1bde069d1,pcb,pcb_mobile,collector,0.16,Bengaluru Urban,172.23,157.42,2026-04-15T13:47:00.000Z,train,true
TRN_002557,synthetic://images/motor_small_appliance/98ad60b8509a.jpg,98ad60b8509a,motor_magnet,motor_small_appliance,collector,21.35,Bengaluru Urban,2738.99,2503.43,2026-04-15T13:47:00.000Z,train,true
TRN_002558,synthetic://images/cable_data_thin/74ba1c2d4dc8.jpg,74ba1c2d4dc8,cable,cable_data_thin,recycler_corrected,22.89,Nagpur,2617.47,,2025-11-23T13:44:00.000Z,train,true
TRN_002559,synthetic://images/lcd_tv_panel/ffcfb745a9d6.jpg,ffcfb745a9d6,lcd_panel,lcd_tv_panel,collector,79.54,Pune,1726.19,1878.31,2026-06-30T12:38:00.000Z,train,true
TRN_002560,synthetic://images/pcb_tv_low_grade/c79a936ed8bd.jpg,c79a936ed8bd,pcb,pcb_tv_low_grade,collector,4.46,Pune,457.51,497.83,2026-06-30T12:38:00.000Z,train,true
TRN_002561,synthetic://images/cable_aluminium/95381883dd1c.jpg,95381883dd1c,cable,cable_aluminium,collector,2.24,Pune,305.63,332.56,2026-06-30T12:38:00.000Z,train,true
TRN_002562,synthetic://images/battery_li_ion_laptop/dffa1a8a9fa8.jpg,dffa1a8a9fa8,battery,battery_li_ion_laptop,collector,3.45,Thane,594.19,583.04,2026-06-05T19:02:00.000Z,train,true
TRN_002563,synthetic://images/pcb_cpu_processor/64c3def1807d.jpg,64c3def1807d,pcb,pcb_cpu_processor,collector,0.02,Thane,81.66,80.13,2026-06-05T19:02:00.000Z,train,true
TRN_002564,synthetic://images/cable_data_thin/c9c0130cefe4.jpg,c9c0130cefe4,cable,cable_data_thin,collector,28.58,Mumbai Suburban,1933.52,1968.83,2026-06-04T15:16:00.000Z,train,true
TRN_002565,synthetic://images/pcb_mobile/e75aee7dc909.jpg,e75aee7dc909,pcb,pcb_mobile,collector,0.19,Mumbai Suburban,235.89,240.2,2026-06-04T15:16:00.000Z,test,true
TRN_002566,synthetic://images/plastic_abs_casing/84c8e7d86786.jpg,84c8e7d86786,mixed_plastic,plastic_abs_casing,recycler_corrected,41.1,Pune,1379.32,1374.17,2025-12-15T11:33:00.000Z,val,true
TRN_002567,synthetic://images/pcb_tv_low_grade/6f59663ffa50.jpg,6f59663ffa50,pcb,pcb_tv_low_grade,recycler_corrected,2.31,Pune,237.65,236.76,2025-12-15T11:33:00.000Z,train,true
TRN_002568,synthetic://images/cable_aluminium/27e298bbc5cb.jpg,27e298bbc5cb,cable,cable_aluminium,collector,6.68,Bengaluru Urban,1070.48,,2026-07-26T14:10:00.000Z,train,true
TRN_002569,synthetic://images/plastic_abs_casing/62d04ae0f127.jpg,62d04ae0f127,mixed_plastic,plastic_abs_casing,collector,8.69,Pune,248.33,238.34,2026-06-24T19:35:00.000Z,val,true
TRN_002570,synthetic://images/motor_small_appliance/876f45b3216f.jpg,876f45b3216f,motor_magnet,motor_small_appliance,collector,11.83,Pune,1589.72,1525.75,2026-06-24T19:35:00.000Z,val,true
TRN_002571,synthetic://images/plastic_mixed_dirty/9845e8c4aa8b.jpg,9845e8c4aa8b,mixed_plastic,plastic_mixed_dirty,collector,22.02,Pune,291.79,280.05,2026-06-24T19:35:00.000Z,train,true
TRN_002572,synthetic://images/motor_hdd_assembly/9f5c1839dcb5.jpg,9f5c1839dcb5,motor_magnet,motor_hdd_assembly,collector,1.38,Pune,380.02,,2025-12-20T16:41:00.000Z,train,true
TRN_002573,synthetic://images/cable_copper_house/27701b6143ca.jpg,27701b6143ca,cable,cable_copper_house,recycler_corrected,25.2,Thane,10832.98,10116.17,2026-06-29T17:04:00.000Z,train,true
TRN_002574,synthetic://images/plastic_mixed_dirty/b7600cea0018.jpg,b7600cea0018,mixed_plastic,plastic_mixed_dirty,collector,17.68,Mumbai Suburban,219.61,217.79,2026-05-15T10:58:00.000Z,train,true
TRN_002575,synthetic://images/led_backlight_strip/983cef373580.jpg,983cef373580,lcd_panel,led_backlight_strip,collector,21.01,Mumbai Suburban,1825.16,1810.03,2026-05-15T10:58:00.000Z,train,true
TRN_002576,synthetic://images/motor_small_appliance/4ffb443ae27d.jpg,4ffb443ae27d,motor_magnet,motor_small_appliance,collector,8.26,Nashik,806.62,846.06,2026-03-30T10:57:00.000Z,train,true
TRN_002577,synthetic://images/cable_copper_house/c81bec1648df.jpg,c81bec1648df,cable,cable_copper_house,collector,24.47,Nashik,8629.42,9051.38,2026-03-30T10:57:00.000Z,train,true
TRN_002578,synthetic://images/pcb_cpu_processor/52919ee23f85.jpg,52919ee23f85,pcb,pcb_cpu_processor,collector,0.17,Nashik,622.43,652.87,2026-03-30T10:57:00.000Z,train,true
TRN_002579,synthetic://images/motor_speaker_magnet/76a79aa91896.jpg,76a79aa91896,motor_magnet,motor_speaker_magnet,collector,3.17,Thane,155.97,162.55,2025-09-08T17:15:00.000Z,train,true
TRN_002580,synthetic://images/cable_copper_house/5d078fe3f796.jpg,5d078fe3f796,cable,cable_copper_house,collector,32.99,Thane,13825.78,14408.64,2025-09-08T17:15:00.000Z,train,true
TRN_002581,synthetic://images/cable_aluminium/ec6418ce26a7.jpg,ec6418ce26a7,cable,cable_aluminium,collector,12.21,Thane,1853.97,1932.13,2025-09-08T17:15:00.000Z,train,true
TRN_002582,synthetic://images/plastic_mixed_dirty/7047638f700b.jpg,7047638f700b,mixed_plastic,plastic_mixed_dirty,collector,37.94,New Delhi,401.02,365.62,2026-06-27T14:52:00.000Z,train,true
TRN_002583,synthetic://images/pcb_motherboard/07cb886e2dde.jpg,07cb886e2dde,pcb,pcb_motherboard,collector,3.69,New Delhi,1285.82,1172.31,2026-06-27T14:52:00.000Z,train,true
TRN_002584,synthetic://images/cable_mixed_scrap/1e57026cba47.jpg,1e57026cba47,cable,cable_mixed_scrap,collector,14.39,Pune,2697.55,2689.81,2026-03-02T10:25:00.000Z,train,true
TRN_002585,synthetic://images/motor_hdd_assembly/3a5eabe7d260.jpg,3a5eabe7d260,motor_magnet,motor_hdd_assembly,recycler_corrected,1.39,Pune,377.38,376.3,2026-03-02T10:25:00.000Z,val,true
TRN_002586,synthetic://images/plastic_hips_tv/77a7864e5a5d.jpg,77a7864e5a5d,mixed_plastic,plastic_hips_tv,collector,18.12,Pune,347.69,346.69,2026-03-02T10:25:00.000Z,train,true
TRN_002587,synthetic://images/battery_li_ion_mobile/fb71bb51609b.jpg,fb71bb51609b,battery,battery_li_ion_mobile,recycler_corrected,0.3,Pune,60.51,60.34,2026-03-02T10:25:00.000Z,val,true
TRN_002588,synthetic://images/cable_copper_house/57e05fe4b924.jpg,57e05fe4b924,cable,cable_copper_house,collector,12.08,Bengaluru Urban,5623.71,5599.42,2025-12-20T15:12:00.000Z,val,true
TRN_002589,synthetic://images/cable_data_thin/236926618c26.jpg,236926618c26,cable,cable_data_thin,collector,40.09,Pune,4191.74,4336.11,2026-08-12T06:55:00.000Z,test,true
TRN_002590,synthetic://images/lcd_tv_panel/76b9edd06e15.jpg,76b9edd06e15,lcd_panel,lcd_tv_panel,collector,57.1,New Delhi,1293.3,1233.17,2025-11-15T08:28:00.000Z,train,true
TRN_002591,synthetic://images/battery_li_ion_mobile/cbf6a446be7c.jpg,cbf6a446be7c,battery,battery_li_ion_mobile,collector,0.25,Nashik,37.28,38.18,2026-04-02T08:40:00.000Z,train,true
TRN_002592,synthetic://images/cable_data_thin/64dd976d0bdb.jpg,64dd976d0bdb,cable,cable_data_thin,recycler_corrected,34.06,Nashik,4599.12,4709.58,2026-04-02T08:40:00.000Z,train,true
TRN_002593,synthetic://images/battery_li_ion_mobile/0ace9d47c3dc.jpg,0ace9d47c3dc,battery,battery_li_ion_mobile,collector,0.44,Mumbai Suburban,70.75,66.79,2026-04-13T16:55:00.000Z,train,true
TRN_002594,synthetic://images/crt_yoke/0bbcf67c6ccd.jpg,0bbcf67c6ccd,crt,crt_yoke,collector,0.53,Mumbai Suburban,40.69,38.42,2026-04-13T16:55:00.000Z,val,true
TRN_002595,synthetic://images/battery_li_ion_laptop/40d4ba222470.jpg,40d4ba222470,battery,battery_li_ion_laptop,recycler_corrected,1.4,Thane,143.97,128.04,2026-07-11T17:16:00.000Z,test,true
TRN_002596,synthetic://images/battery_li_ion_laptop/7219276c667e.jpg,7219276c667e,battery,battery_li_ion_laptop,recycler_corrected,2.11,Thane,228.4,203.12,2026-07-11T17:16:00.000Z,train,true
TRN_002597,synthetic://images/cable_copper_house/c407bdd2a227.jpg,c407bdd2a227,cable,cable_copper_house,collector,32.79,Bengaluru Urban,15235.74,13390.87,2026-06-16T11:15:00.000Z,val,true
TRN_002598,synthetic://images/cable_copper_house/a292afe1a641.jpg,a292afe1a641,cable,cable_copper_house,collector,37.09,Bengaluru Urban,16413.07,14425.63,2026-06-16T11:15:00.000Z,train,true
TRN_002599,synthetic://images/plastic_hips_tv/d76556715919.jpg,d76556715919,mixed_plastic,plastic_hips_tv,collector,37.61,Pune,874.43,843.78,2025-11-14T12:36:00.000Z,train,true
TRN_002600,synthetic://images/plastic_mixed_dirty/edfc8f71593c.jpg,edfc8f71593c,mixed_plastic,plastic_mixed_dirty,collector,4.88,Pune,60.07,54.29,2026-07-25T09:56:00.000Z,train,true
TRN_002601,synthetic://images/cable_aluminium/fb22ab5644a2.jpg,fb22ab5644a2,cable,cable_aluminium,collector,9.33,Bengaluru Urban,1423.94,1414.07,2026-07-23T19:06:00.000Z,train,true
TRN_002602,synthetic://images/motor_speaker_magnet/29a465bfed31.jpg,29a465bfed31,motor_magnet,motor_speaker_magnet,collector,3,Nashik,197.03,194.71,2026-04-16T11:32:00.000Z,test,true
TRN_002603,synthetic://images/motor_fan_ac/f1cdbd2ed5bc.jpg,f1cdbd2ed5bc,motor_magnet,motor_fan_ac,collector,29.97,Pune,4521.39,4132.51,2026-05-19T12:51:00.000Z,val,true
TRN_002604,synthetic://images/plastic_abs_casing/9258e2470a96.jpg,9258e2470a96,mixed_plastic,plastic_abs_casing,collector,44.75,Pune,1559.54,1425.4,2026-05-19T12:51:00.000Z,train,true
TRN_002605,synthetic://images/battery_lead_acid_ups/63a6279fb9dc.jpg,63a6279fb9dc,battery,battery_lead_acid_ups,recycler_corrected,66.37,Pune,6290.73,5749.67,2026-05-19T12:51:00.000Z,train,true
TRN_002606,synthetic://images/motor_fan_ac/6955642c9f2d.jpg,6955642c9f2d,motor_magnet,motor_fan_ac,collector,18.18,Pune,2707.58,2509.91,2026-04-25T08:23:00.000Z,test,true
TRN_002607,synthetic://images/pcb_motherboard/82133d082f3c.jpg,82133d082f3c,pcb,pcb_motherboard,collector,8.46,Mumbai Suburban,3213.34,3457.63,2026-06-18T17:45:00.000Z,train,true
TRN_002608,synthetic://images/pcb_cpu_processor/df9a4cc47ae9.jpg,df9a4cc47ae9,pcb,pcb_cpu_processor,collector,0.15,Mumbai Suburban,668.28,685.49,2026-02-12T19:49:00.000Z,train,true
TRN_002609,synthetic://images/crt_monitor/abcd47616e6f.jpg,abcd47616e6f,crt,crt_monitor,collector,152.32,Mumbai Suburban,1405.18,1441.36,2026-02-12T19:49:00.000Z,train,true
TRN_002610,synthetic://images/pcb_cpu_processor/e243e8d2016f.jpg,e243e8d2016f,pcb,pcb_cpu_processor,collector,0.13,Pune,549.07,532.38,2026-08-15T06:49:00.000Z,train,true
TRN_002611,synthetic://images/plastic_mixed_dirty/699f66052a64.jpg,699f66052a64,mixed_plastic,plastic_mixed_dirty,collector,29.09,Pune,358.68,347.77,2026-08-15T06:49:00.000Z,train,true
TRN_002612,synthetic://images/battery_li_ion_mobile/7d1c5204671c.jpg,7d1c5204671c,battery,battery_li_ion_mobile,collector,0.35,Pune,55.14,55.86,2026-03-15T10:37:00.000Z,train,true
TRN_002613,synthetic://images/motor_hdd_assembly/a3b41e2b037f.jpg,a3b41e2b037f,motor_magnet,motor_hdd_assembly,collector,6.63,Pune,1804.55,1828.07,2026-03-15T10:37:00.000Z,val,true
TRN_002614,synthetic://images/pcb_power_supply/6922bf636fde.jpg,6922bf636fde,pcb,pcb_power_supply,collector,11.68,Pune,1486.75,1506.13,2026-03-15T10:37:00.000Z,train,true
TRN_002615,synthetic://images/cable_copper_house/2f6bcbe14ca6.jpg,2f6bcbe14ca6,cable,cable_copper_house,collector,20.6,Mumbai Suburban,9453.13,,2026-05-25T12:40:00.000Z,train,true
TRN_002616,synthetic://images/plastic_mixed_dirty/b3e81328fa68.jpg,b3e81328fa68,mixed_plastic,plastic_mixed_dirty,recycler_corrected,30.3,Thane,297.41,,2026-07-24T18:44:00.000Z,train,true
TRN_002617,synthetic://images/plastic_hips_tv/c0088fe7704f.jpg,c0088fe7704f,mixed_plastic,plastic_hips_tv,collector,37.15,Thane,938.78,949.03,2026-06-07T18:22:00.000Z,train,true
TRN_002618,synthetic://images/plastic_hips_tv/cdb9d045ebe4.jpg,cdb9d045ebe4,mixed_plastic,plastic_hips_tv,collector,30.11,New Delhi,644.41,636.93,2026-05-07T09:02:00.000Z,train,true
TRN_002619,synthetic://images/plastic_abs_casing/82be8cd11b33.jpg,82be8cd11b33,mixed_plastic,plastic_abs_casing,recycler_corrected,38.98,New Delhi,1545.95,1528.02,2026-05-07T09:02:00.000Z,train,true
TRN_002620,synthetic://images/motor_speaker_magnet/58a281806c1f.jpg,58a281806c1f,motor_magnet,motor_speaker_magnet,collector,2.09,Pune,155.81,139.11,2026-01-02T18:07:00.000Z,test,true
TRN_002621,synthetic://images/cable_copper_house/d4babf6c19bd.jpg,d4babf6c19bd,cable,cable_copper_house,collector,32.59,Pune,5849.63,5222.7,2026-01-02T18:07:00.000Z,test,true
TRN_002622,synthetic://images/pcb_cpu_processor/6faec173bd52.jpg,6faec173bd52,pcb,pcb_cpu_processor,collector,0.02,Pune,80.55,71.92,2026-01-02T18:07:00.000Z,train,true
TRN_002623,synthetic://images/cable_data_thin/6431d4b52da1.jpg,6431d4b52da1,cable,cable_data_thin,collector,36.69,Pune,4944.23,4414.34,2026-01-02T18:07:00.000Z,train,true
TRN_002624,synthetic://images/lcd_tv_panel/224db0d0478a.jpg,224db0d0478a,lcd_panel,lcd_tv_panel,recycler_corrected,68.59,Pune,1473.71,1565.68,2025-11-21T07:18:00.000Z,train,true
TRN_002625,synthetic://images/plastic_hips_tv/c076ab63c1a1.jpg,c076ab63c1a1,mixed_plastic,plastic_hips_tv,collector,33.77,Pune,544.64,,2026-02-02T11:30:00.000Z,train,true
TRN_002626,synthetic://images/cable_data_thin/d1e090712f40.jpg,d1e090712f40,cable,cable_data_thin,collector,16.15,Pune,2071.72,,2026-02-02T11:30:00.000Z,train,true
TRN_002627,synthetic://images/plastic_mixed_dirty/71c12925ad14.jpg,71c12925ad14,mixed_plastic,plastic_mixed_dirty,recycler_corrected,42.34,Thane,405.52,392.94,2025-11-25T13:26:00.000Z,train,true
TRN_002628,synthetic://images/battery_lead_acid_ups/56bf4e7c64cc.jpg,56bf4e7c64cc,battery,battery_lead_acid_ups,collector,16.02,Mumbai Suburban,1551.06,,2026-02-27T18:19:00.000Z,train,true
TRN_002629,synthetic://images/cable_mixed_scrap/05232ef2092a.jpg,05232ef2092a,cable,cable_mixed_scrap,collector,15.73,Mumbai Suburban,1408.98,,2026-02-27T18:19:00.000Z,train,true
TRN_002630,synthetic://images/cable_copper_house/584da51cea5a.jpg,584da51cea5a,cable,cable_copper_house,collector,34.43,Mumbai Suburban,15675.98,,2026-02-27T18:19:00.000Z,train,true
TRN_002631,synthetic://images/cable_aluminium/3c9f893d926d.jpg,3c9f893d926d,cable,cable_aluminium,collector,24.52,New Delhi,4049.48,,2026-07-13T14:31:00.000Z,train,true
TRN_002632,synthetic://images/cable_aluminium/fbb0aa2516b6.jpg,fbb0aa2516b6,cable,cable_aluminium,collector,1.73,New Delhi,222.57,,2026-07-13T14:31:00.000Z,train,true
TRN_002633,synthetic://images/crt_tv/5b33285a6e77.jpg,5b33285a6e77,crt,crt_tv,collector,128.12,Thane,922.43,,2026-09-01T08:19:00.000Z,train,true
TRN_002634,synthetic://images/cable_data_thin/8f25fd3845ab.jpg,8f25fd3845ab,cable,cable_data_thin,collector,34.27,Nashik,4560.19,4462.07,2026-03-09T12:14:00.000Z,train,true
TRN_002635,synthetic://images/plastic_abs_casing/c16ebf9809b3.jpg,c16ebf9809b3,mixed_plastic,plastic_abs_casing,collector,37.34,Nashik,1153.43,1128.61,2026-03-09T12:14:00.000Z,train,true
TRN_002636,synthetic://images/led_backlight_strip/a37b9358dfc0.jpg,a37b9358dfc0,lcd_panel,led_backlight_strip,collector,31.9,Nashik,2000.77,1957.72,2026-03-09T12:14:00.000Z,train,true
TRN_002637,synthetic://images/motor_hdd_assembly/6db7fc65c89f.jpg,6db7fc65c89f,motor_magnet,motor_hdd_assembly,collector,7.24,Nashik,1911.72,1870.59,2026-03-09T12:14:00.000Z,val,true
TRN_002638,synthetic://images/pcb_motherboard/febff36a78c6.jpg,febff36a78c6,pcb,pcb_motherboard,collector,2.07,Pune,561.14,370.8,2026-01-25T18:41:00.000Z,test,true
TRN_002639,synthetic://images/motor_hdd_assembly/f37dc084142d.jpg,f37dc084142d,motor_magnet,motor_hdd_assembly,collector,5.2,Pune,1424.33,941.18,2026-01-25T18:41:00.000Z,val,true
TRN_002640,synthetic://images/cable_mixed_scrap/bd1ef231440e.jpg,bd1ef231440e,cable,cable_mixed_scrap,collector,4.31,Pune,848.76,519.58,2026-07-20T12:40:00.000Z,test,true
TRN_002641,synthetic://images/motor_speaker_magnet/44d0ee6f7d30.jpg,44d0ee6f7d30,motor_magnet,motor_speaker_magnet,collector,1.75,Pune,56.36,34.5,2026-07-20T12:40:00.000Z,train,true
TRN_002642,synthetic://images/motor_fan_ac/8b4c35afbdd5.jpg,8b4c35afbdd5,motor_magnet,motor_fan_ac,collector,28.17,Pune,4018.73,2460.1,2026-07-20T12:40:00.000Z,train,true
TRN_002643,synthetic://images/motor_fan_ac/515030bd4871.jpg,515030bd4871,motor_magnet,motor_fan_ac,collector,30.67,Bengaluru Urban,5265.59,,2026-08-13T13:45:00.000Z,test,true
TRN_002644,synthetic://images/pcb_ram_gold/fcf01f2d2d5e.jpg,fcf01f2d2d5e,pcb,pcb_ram_gold,recycler_corrected,0.28,Pune,324.66,310.13,2025-11-28T11:54:00.000Z,train,true
TRN_002645,synthetic://images/plastic_abs_casing/48a2224f14cd.jpg,48a2224f14cd,mixed_plastic,plastic_abs_casing,collector,34.32,Pune,980.76,853.53,2026-06-19T16:33:00.000Z,val,true
TRN_002646,synthetic://images/cable_aluminium/4166b297d081.jpg,4166b297d081,cable,cable_aluminium,collector,8.56,New Delhi,1107.77,,2026-01-08T14:23:00.000Z,train,true
TRN_002647,synthetic://images/cable_data_thin/c9ee87a6fdd3.jpg,c9ee87a6fdd3,cable,cable_data_thin,collector,16.73,New Delhi,2755.66,,2026-01-08T14:23:00.000Z,train,true
TRN_002648,synthetic://images/crt_monitor/873f6e22ac0c.jpg,873f6e22ac0c,crt,crt_monitor,collector,28.13,Thane,228.7,212.37,2025-09-21T16:10:00.000Z,val,true
TRN_002649,synthetic://images/pcb_tv_low_grade/3e03f765721f.jpg,3e03f765721f,pcb,pcb_tv_low_grade,collector,6.34,Thane,622.87,630.67,2026-08-04T12:02:00.000Z,train,true
TRN_002650,synthetic://images/pcb_motherboard/b3070bf5e868.jpg,b3070bf5e868,pcb,pcb_motherboard,recycler_corrected,8.28,Thane,2325.71,2354.83,2026-08-04T12:02:00.000Z,train,true
