transactionId,lotId,collectorId,recyclerId,categorySummary,totalWeightKg,estimatedValueInr,quotedPriceInr,finalPriceInr,collectionDistrict,handoverDistrict,handoverAt,paymentStatus,paymentMode,paidAt,status,anomalyFlags
TXN_00001,LOT_00001,COL_0030,REC_012,cable|pcb|motor_magnet,38.43,7084.59,6858.02,6671.08,Nashik,Nashik,2026-08-03T00:13:00.000Z,paid,cash,2026-08-03T02:44:00.000Z,completed,
TXN_00002,LOT_00002,COL_0053,REC_013,motor_magnet,1.75,302.55,309.01,318.02,Nashik,Nashik,2026-01-07T01:06:00.000Z,paid,cash,2026-01-07T02:50:00.000Z,completed,
TXN_00003,LOT_00003,COL_0059,REC_003,lcd_panel,70.7,1248.01,1233.3,1270,Pune,Pune,2026-03-27T05:34:00.000Z,paid,bank_transfer,2026-03-27T05:38:00.000Z,completed,
TXN_00004,LOT_00004,COL_0004,REC_001,crt|cable,87.98,2112.78,2324.23,2399.77,Pune,Pune,2026-07-18T14:49:00.000Z,paid,upi,2026-07-18T16:33:00.000Z,completed,WEIGHT_MISMATCH_AT_HANDOVER
TXN_00005,LOT_00005,COL_0059,REC_001,cable|crt,115.1,1879.53,1800.17,1763.6,Pune,Pune,2025-12-06T15:02:00.000Z,paid,cash,2025-12-06T16:02:00.000Z,completed,
TXN_00006,LOT_00006,COL_0041,REC_021,pcb|mixed_plastic,41.78,906.4,884.72,874.23,Bengaluru Urban,Bengaluru Urban,2026-05-02T16:50:00.000Z,paid,cash,2026-05-02T19:02:00.000Z,completed,
TXN_00007,LOT_00007,COL_0025,REC_002,cable,5.33,2134.61,2102.88,2109.66,Pune,Pune,2025-10-02T13:36:00.000Z,paid,cash,2025-10-02T17:34:00.000Z,completed,
TXN_00008,LOT_00008,COL_0040,REC_007,pcb|crt,58.24,841.68,829.39,818.17,Mumbai Suburban,Mumbai Suburban,2026-01-27T16:54:00.000Z,paid,cash,2026-01-27T18:59:00.000Z,completed,
TXN_00009,LOT_00011,COL_0031,REC_007,crt|mixed_plastic,37.67,686.73,665.34,661.45,Mumbai Suburban,Mumbai Suburban,2026-01-24T18:42:00.000Z,paid,cash,2026-01-24T20:27:00.000Z,completed,
TXN_00010,LOT_00012,COL_0009,REC_013,cable,50.02,8987.69,8883.88,8908.07,Nashik,Nashik,2025-12-22T21:33:00.000Z,paid,upi,2025-12-22T22:40:00.000Z,completed,
TXN_00011,LOT_00013,COL_0045,REC_021,pcb|mixed_plastic,52.23,918.46,960.69,936.43,Bengaluru Urban,Bengaluru Urban,2026-04-02T16:39:00.000Z,paid,cash,2026-04-02T18:42:00.000Z,completed,
TXN_00012,LOT_00014,COL_0030,REC_013,motor_magnet|pcb,7.78,1247.9,1219.07,1187.94,Nashik,Nashik,2026-03-19T17:33:00.000Z,paid,upi,2026-03-19T17:36:00.000Z,completed,
TXN_00013,LOT_00015,COL_0019,REC_011,pcb|motor_magnet|battery,5.05,1240.59,1099.88,1088.64,Thane,Thane,2025-11-16T23:06:00.000Z,paid,cash,2025-11-16T23:13:00.000Z,completed,
TXN_00014,LOT_00016,COL_0020,REC_010,crt|motor_magnet|pcb,182.29,3909.1,3800.95,3749.04,Thane,Thane,2025-10-08T21:30:00.000Z,unpaid,cash,,completed,
TXN_00015,LOT_00017,COL_0031,REC_007,mixed_plastic,33.74,1177.19,1049.69,1003.62,Mumbai Suburban,Mumbai Suburban,2026-01-10T03:27:00.000Z,paid,cash,2026-01-10T04:58:00.000Z,completed,
TXN_00016,LOT_00018,COL_0014,REC_004,mixed_plastic,25.22,309.7,286.26,289.83,Pune,Pune,2025-11-02T04:20:00.000Z,paid,cash,2025-11-02T05:15:00.000Z,completed,
TXN_00017,LOT_00019,COL_0022,REC_008,pcb,0.57,66.67,64.56,61.2,Mumbai Suburban,Mumbai Suburban,2026-07-10T00:36:00.000Z,paid,cash,2026-07-10T01:06:00.000Z,completed,
TXN_00018,LOT_00020,COL_0046,REC_003,mixed_plastic,2.91,97.16,91.82,89.66,Pune,Pune,2025-11-12T04:20:00.000Z,paid,cash,2025-11-12T08:12:00.000Z,completed,
TXN_00019,LOT_00021,COL_0028,REC_007,mixed_plastic,5.37,154.87,143.09,140.71,Mumbai Suburban,Mumbai Suburban,2026-05-06T11:51:00.000Z,paid,cash,2026-05-06T14:56:00.000Z,completed,
TXN_00020,LOT_00022,COL_0025,REC_005,lcd_panel|battery,91.31,1278.04,1196.67,710.94,Pune,Pune,2026-01-14T09:33:00.000Z,unpaid,cash,,pending,PRICE_FAR_BELOW_MARKET|FINAL_BELOW_QUOTE
TXN_00021,LOT_00023,COL_0047,REC_019,pcb|lcd_panel|crt,42.33,1956.6,1913.28,1893.36,New Delhi,New Delhi,2026-05-02T23:11:00.000Z,unpaid,cash,,completed,
TXN_00022,LOT_00024,COL_0027,REC_012,cable,47.59,15337.7,13815.4,13684.56,Nashik,Nashik,2025-12-15T01:33:00.000Z,paid,cash,2025-12-15T05:03:00.000Z,completed,
TXN_00023,LOT_00027,COL_0002,REC_007,cable|motor_magnet,19.8,6191.13,6178.53,6305.2,Mumbai Suburban,Mumbai Suburban,2025-12-09T14:09:00.000Z,paid,bank_transfer,2025-12-09T15:51:00.000Z,completed,
TXN_00024,LOT_00028,COL_0052,REC_020,battery|motor_magnet,2.21,496.76,497.47,501.82,Bengaluru Urban,Bengaluru Urban,2026-06-12T22:11:00.000Z,paid,cash,2026-06-13T00:55:00.000Z,completed,
TXN_00025,LOT_00029,COL_0036,REC_008,battery|pcb,16.9,2565.5,2568.27,2569.01,Mumbai Suburban,Mumbai Suburban,2026-01-03T17:13:00.000Z,partial,cash,,completed,
TXN_00026,LOT_00032,COL_0059,REC_002,battery,39.14,3547.9,3450.4,3376.98,Pune,Pune,2026-07-08T17:31:00.000Z,paid,cash,2026-07-08T21:19:00.000Z,completed,
TXN_00027,LOT_00033,COL_0022,REC_007,cable|motor_magnet,18.76,2712.59,2705.75,2698.47,Mumbai Suburban,Mumbai Suburban,2026-02-08T00:30:00.000Z,paid,upi,2026-02-08T02:38:00.000Z,completed,
TXN_00028,LOT_00034,COL_0012,REC_003,cable|lcd_panel,34.5,4174.82,4536.25,4632.88,Pune,Pune,2025-09-26T09:04:00.000Z,partial,upi,,completed,
TXN_00029,LOT_00035,COL_0016,REC_007,motor_magnet|battery,5.85,1514.77,1354.86,1342.9,Mumbai Suburban,Mumbai Suburban,2025-12-05T10:56:00.000Z,paid,cash,2025-12-05T13:29:00.000Z,completed,
TXN_00030,LOT_00036,COL_0043,REC_004,motor_magnet|mixed_plastic,30.5,2339.8,2063.75,2103.69,Pune,Pune,2026-08-23T23:40:00.000Z,paid,cash,2026-08-24T02:41:00.000Z,completed,
TXN_00031,LOT_00038,COL_0014,REC_004,cable,34.22,14351.2,14213.33,14090.84,Pune,Pune,2026-01-01T05:04:00.000Z,unpaid,cash,,pending,
TXN_00032,LOT_00039,COL_0032,REC_007,mixed_plastic,24.55,530.85,537.61,529.35,Mumbai Suburban,Mumbai Suburban,2025-12-30T10:26:00.000Z,paid,bank_transfer,2025-12-30T13:31:00.000Z,completed,
TXN_00033,LOT_00041,COL_0057,REC_014,battery|crt,141.87,1511.13,1384.62,1390.94,Nagpur,Nagpur,2026-05-11T07:45:00.000Z,partial,cash,,completed,
TXN_00034,LOT_00043,COL_0012,REC_003,mixed_plastic|crt,97.05,1256.38,1296.55,1315.9,Pune,Pune,2026-08-30T14:49:00.000Z,paid,cash,2026-08-30T15:28:00.000Z,completed,
TXN_00035,LOT_00044,COL_0048,REC_011,motor_magnet|pcb,5.32,854.43,823.83,816.62,Thane,Thane,2026-06-06T06:42:00.000Z,paid,cash,2026-06-06T06:53:00.000Z,completed,
TXN_00036,LOT_00045,COL_0019,REC_010,mixed_plastic|motor_magnet|pcb,47.34,1825.24,1797.35,1755.93,Thane,Thane,2026-02-04T04:20:00.000Z,paid,cash,2026-02-04T04:52:00.000Z,completed,
TXN_00037,LOT_00046,COL_0041,REC_020,battery,2.85,692.4,677.11,702.96,Bengaluru Urban,Bengaluru Urban,2025-09-19T13:05:00.000Z,paid,cash,2025-09-19T14:35:00.000Z,completed,
TXN_00038,LOT_00047,COL_0007,REC_010,cable,30.23,4741.23,4768.25,4936.42,Thane,Thane,2026-02-18T15:23:00.000Z,paid,cash,2026-02-18T15:56:00.000Z,completed,
TXN_00039,LOT_00048,COL_0024,REC_007,mixed_plastic,36.73,1367.18,1337.8,1361.74,Mumbai Suburban,Mumbai Suburban,2026-04-11T20:59:00.000Z,paid,cash,2026-04-11T22:46:00.000Z,completed,
TXN_00040,LOT_00049,COL_0007,REC_010,battery,10.94,1127.37,1101.46,1116.21,Thane,Thane,2025-10-21T16:45:00.000Z,paid,cash,2025-10-21T20:06:00.000Z,completed,
TXN_00041,LOT_00051,COL_0029,REC_008,cable|pcb|mixed_plastic,12.97,1390.17,1483.36,1500.18,Mumbai Suburban,Mumbai Suburban,2026-03-20T03:16:00.000Z,paid,cash,2026-03-20T04:04:00.000Z,completed,
TXN_00042,LOT_00052,COL_0051,REC_008,lcd_panel|motor_magnet|pcb,16.34,2685.51,2487.59,2547.29,Mumbai Suburban,Mumbai Suburban,2026-03-04T10:18:00.000Z,paid,cash,2026-03-04T10:19:00.000Z,completed,
TXN_00043,LOT_00053,COL_0008,REC_012,cable|battery|pcb,49.23,5587.2,5426.61,5333.57,Nashik,Nashik,2026-08-24T15:00:00.000Z,paid,cash,2026-08-24T18:53:00.000Z,completed,
TXN_00044,LOT_00054,COL_0053,REC_013,lcd_panel,2.88,108.02,96.28,98.17,Nashik,Nashik,2026-02-10T05:41:00.000Z,partial,cash,,completed,
TXN_00045,LOT_00055,COL_0051,REC_007,mixed_plastic|cable,74.19,5561.38,6022.03,6210.43,Mumbai Suburban,Mumbai Suburban,2026-03-07T23:06:00.000Z,partial,bank_transfer,,completed,
TXN_00046,LOT_00056,COL_0010,REC_005,pcb,0.82,270.41,254.92,248.52,Pune,Pune,2026-02-08T11:26:00.000Z,unpaid,cash,,pending,
TXN_00047,LOT_00057,COL_0017,REC_010,mixed_plastic,36.33,974.15,988,986.64,Thane,Thane,2025-11-27T18:14:00.000Z,unpaid,cash,,pending,
TXN_00048,LOT_00058,COL_0034,REC_003,lcd_panel|mixed_plastic,28.95,2339.23,2309.93,2355.08,Pune,Pune,2026-01-27T02:06:00.000Z,unpaid,cash,,completed,
TXN_00049,LOT_00060,COL_0048,REC_011,cable|motor_magnet,34.11,6416.82,5859.31,5868.23,Thane,Thane,2025-11-20T00:23:00.000Z,partial,cash,,completed,
TXN_00050,LOT_00062,COL_0021,REC_003,mixed_plastic,15.33,185.95,180.47,180.73,Pune,Pune,2026-02-18T13:03:00.000Z,paid,cash,2026-02-18T14:43:00.000Z,completed,
TXN_00051,LOT_00063,COL_0028,REC_007,lcd_panel|cable|pcb,60.39,7979.09,7594.04,7702.71,Mumbai Suburban,Mumbai Suburban,2025-10-30T01:44:00.000Z,paid,cash,2025-10-30T03:36:00.000Z,completed,
TXN_00052,LOT_00064,COL_0021,REC_004,cable|battery,95.71,16761.29,16465.37,16388.83,Pune,Pune,2025-09-22T15:28:00.000Z,paid,cash,2025-09-22T16:42:00.000Z,completed,
TXN_00053,LOT_00066,COL_0052,REC_021,battery|motor_magnet|mixed_plastic,91.49,9177.48,8263.85,8382.98,Bengaluru Urban,Bengaluru Urban,2026-03-18T16:42:00.000Z,paid,cash,2026-03-18T19:14:00.000Z,completed,
TXN_00054,LOT_00067,COL_0042,REC_003,mixed_plastic,41.47,1363.95,1326.33,1342.54,Pune,Pune,2026-08-22T15:11:00.000Z,paid,cash,2026-08-22T16:44:00.000Z,completed,
TXN_00055,LOT_00068,COL_0050,REC_003,battery,75.14,6904.51,7326.31,7309.03,Pune,Pune,2026-06-13T09:21:00.000Z,unpaid,cash,,pending,
TXN_00056,LOT_00069,COL_0048,REC_010,lcd_panel|mixed_plastic,67.77,1235.64,1150.93,1175.61,Thane,Thane,2026-07-19T13:37:00.000Z,paid,cash,2026-07-19T16:00:00.000Z,completed,WEIGHT_MISMATCH_AT_HANDOVER
TXN_00057,LOT_00070,COL_0014,REC_004,mixed_plastic,16.94,213.78,190.07,187.21,Pune,Pune,2026-06-19T10:54:00.000Z,paid,cash,2026-06-19T13:18:00.000Z,completed,
TXN_00058,LOT_00071,COL_0003,REC_001,motor_magnet|pcb,16.66,1772.79,1657.4,1670.54,Pune,Pune,2026-07-09T07:44:00.000Z,paid,cash,2026-07-09T10:08:00.000Z,completed,
TXN_00059,LOT_00073,COL_0007,REC_010,cable|motor_magnet|mixed_plastic,55.6,7788.64,7939.16,7903.03,Thane,Thane,2025-10-29T21:00:00.000Z,paid,cash,2025-10-29T21:27:00.000Z,completed,
TXN_00060,LOT_00075,COL_0027,REC_013,battery,2.35,559.01,553.6,553.45,Nashik,Nashik,2025-10-14T11:01:00.000Z,paid,cash,2025-10-14T14:23:00.000Z,completed,
TXN_00061,LOT_00076,COL_0043,REC_002,lcd_panel,59.37,1275.61,1230.59,1212.16,Pune,Pune,2025-11-24T12:42:00.000Z,paid,cash,2025-11-24T15:05:00.000Z,completed,
TXN_00062,LOT_00077,COL_0055,REC_008,pcb|battery|cable,94.14,9487.6,9038.33,9012.81,Mumbai Suburban,Mumbai Suburban,2026-05-08T19:25:00.000Z,paid,cash,2026-05-08T20:35:00.000Z,completed,
TXN_00063,LOT_00078,COL_0008,REC_012,mixed_plastic,35.22,374.99,364.57,363.32,Nashik,Nashik,2026-03-12T08:51:00.000Z,paid,cash,2026-03-12T12:39:00.000Z,completed,
TXN_00064,LOT_00079,COL_0046,REC_001,cable|pcb,12.27,2036.87,2076.79,2102.86,Pune,Pune,2025-10-09T23:07:00.000Z,paid,cash,2025-10-10T01:17:00.000Z,completed,
TXN_00065,LOT_00081,COL_0042,REC_003,pcb,4.63,1255.12,1191.38,1164.88,Pune,Pune,2026-01-15T09:17:00.000Z,unpaid,bank_transfer,,completed,
TXN_00066,LOT_00083,COL_0024,REC_008,pcb,0.26,288.71,287.32,277.69,Mumbai Suburban,Mumbai Suburban,2026-08-04T16:41:00.000Z,paid,cash,2026-08-04T20:00:00.000Z,completed,
TXN_00067,LOT_00084,COL_0025,REC_002,battery|cable,141.23,18300.58,16827.64,16437.15,Pune,Pune,2026-01-02T15:21:00.000Z,unpaid,cash,,pending,
TXN_00068,LOT_00086,COL_0045,REC_020,cable,40.1,5798.86,6258.41,6168.57,Bengaluru Urban,Bengaluru Urban,2025-11-04T04:13:00.000Z,paid,cash,2025-11-04T05:16:00.000Z,completed,
TXN_00069,LOT_00089,COL_0046,REC_001,pcb|crt,83.05,1900.08,1921.53,1936.76,Pune,Pune,2026-03-04T14:28:00.000Z,paid,cash,2026-03-04T17:48:00.000Z,completed,
TXN_00070,LOT_00090,COL_0019,REC_010,cable,23.61,9871.58,9233.09,9585.04,Thane,Thane,2025-11-27T23:51:00.000Z,paid,cash,2025-11-28T00:58:00.000Z,completed,
TXN_00071,LOT_00092,COL_0021,REC_001,battery|cable,41,5694.29,5548.29,5544.06,Pune,Pune,2025-09-09T11:11:00.000Z,paid,cash,2025-09-09T13:34:00.000Z,completed,
TXN_00072,LOT_00093,COL_0031,REC_007,cable|mixed_plastic|battery,74.23,4523.72,4301.56,4148.47,Mumbai Suburban,Mumbai Suburban,2026-01-02T00:56:00.000Z,paid,cash,2026-01-02T01:51:00.000Z,completed,
TXN_00073,LOT_00094,COL_0037,REC_003,motor_magnet,3.59,483.9,441.95,423.19,Pune,Pune,2025-10-10T23:26:00.000Z,unpaid,cash,,completed,
TXN_00074,LOT_00095,COL_0004,REC_003,mixed_plastic|lcd_panel,116.63,4802.24,4729.63,4673.75,Pune,Pune,2026-02-26T16:01:00.000Z,paid,cash,2026-02-26T19:50:00.000Z,completed,
TXN_00075,LOT_00097,COL_0009,REC_012,mixed_plastic|battery,20.51,295.88,291.86,290.18,Nashik,Nashik,2026-03-08T17:02:00.000Z,paid,cash,2026-03-08T19:23:00.000Z,completed,
TXN_00076,LOT_00098,COL_0028,REC_007,mixed_plastic|motor_magnet,27.67,711.18,690.16,696.9,Mumbai Suburban,Mumbai Suburban,2026-07-31T00:20:00.000Z,unpaid,bank_transfer,,completed,
TXN_00077,LOT_00099,COL_0053,REC_012,battery,45.74,2730.17,2506.12,2487.28,Nashik,Nashik,2026-02-04T04:48:00.000Z,partial,bank_transfer,,completed,
TXN_00078,LOT_00100,COL_0032,REC_008,pcb|battery,0.36,739.4,740.91,748.7,Mumbai Suburban,Mumbai Suburban,2026-05-03T07:46:00.000Z,unpaid,upi,,pending,
TXN_00079,LOT_00101,COL_0004,REC_001,motor_magnet,9.68,1445.12,1377.6,1371.96,Pune,Pune,2026-01-10T16:59:00.000Z,paid,cash,2026-01-10T17:17:00.000Z,completed,
TXN_00080,LOT_00102,COL_0008,REC_012,cable,32.94,4557.18,4349.84,4301.74,Nashik,Nashik,2026-04-13T19:41:00.000Z,paid,bank_transfer,2026-04-13T20:17:00.000Z,completed,
TXN_00081,LOT_00103,COL_0048,REC_011,pcb|cable,20.9,2973.91,3298.95,3214.33,Thane,Thane,2026-05-08T16:17:00.000Z,unpaid,cash,,completed,WEIGHT_MISMATCH_AT_HANDOVER
TXN_00082,LOT_00105,COL_0050,REC_002,pcb|cable,27.8,2973.4,3034.08,2983.13,Pune,Pune,2026-03-26T03:13:00.000Z,paid,cash,2026-03-26T03:46:00.000Z,completed,
TXN_00083,LOT_00106,COL_0040,REC_007,cable|motor_magnet,44.72,6553.81,6791.24,6555.86,Mumbai Suburban,Mumbai Suburban,2026-02-05T08:02:00.000Z,paid,upi,2026-02-05T10:12:00.000Z,completed,
TXN_00084,LOT_00107,COL_0046,REC_001,cable|pcb,50.34,6420.45,5932.76,5808.98,Pune,Pune,2026-03-13T02:54:00.000Z,paid,cash,2026-03-13T03:37:00.000Z,completed,
TXN_00085,LOT_00110,COL_0059,REC_001,cable,18.97,3557.82,3537.81,3639.78,Pune,Pune,2026-02-14T05:19:00.000Z,paid,cash,2026-02-14T09:03:00.000Z,completed,
TXN_00086,LOT_00111,COL_0022,REC_007,mixed_plastic,9.78,121.48,122.04,120.25,Mumbai Suburban,Mumbai Suburban,2026-05-03T05:19:00.000Z,unpaid,cash,,completed,
TXN_00087,LOT_00112,COL_0014,REC_001,cable,38.7,4948.96,4967.54,5061.37,Pune,Pune,2026-04-27T19:38:00.000Z,paid,cash,2026-04-27T19:48:00.000Z,completed,
TXN_00088,LOT_00113,COL_0036,REC_007,crt,129.33,1136.28,1116.05,1123.43,Mumbai Suburban,Mumbai Suburban,2025-11-29T00:21:00.000Z,paid,cash,2025-11-29T01:32:00.000Z,completed,
TXN_00089,LOT_00114,COL_0054,REC_004,battery,6.66,593.41,604.42,633.01,Pune,Pune,2026-04-09T20:44:00.000Z,paid,cash,2026-04-09T21:12:00.000Z,completed,
TXN_00090,LOT_00115,COL_0032,REC_007,motor_magnet,11.68,1695.7,1687.95,1651.57,Mumbai Suburban,Mumbai Suburban,2025-12-15T03:14:00.000Z,partial,cash,,completed,
TXN_00091,LOT_00116,COL_0060,REC_014,mixed_plastic,9.86,230.98,242.24,246.57,Nagpur,Nagpur,2025-12-04T22:00:00.000Z,paid,cash,2025-12-05T00:20:00.000Z,completed,
TXN_00092,LOT_00117,COL_0003,REC_003,mixed_plastic|pcb,63.98,1206.66,1166.15,1153.72,Pune,Pune,2026-07-18T01:47:00.000Z,paid,bank_transfer,2026-07-18T03:41:00.000Z,completed,
TXN_00093,LOT_00118,COL_0039,REC_010,cable|pcb,26.42,4563.9,4540.47,4493.1,Thane,Thane,2026-06-19T13:27:00.000Z,paid,cash,2026-06-19T15:44:00.000Z,completed,
TXN_00094,LOT_00119,COL_0009,REC_013,battery,3.06,649.39,701.85,688.31,Nashik,Nashik,2026-07-17T09:23:00.000Z,partial,cash,,completed,
TXN_00095,LOT_00120,COL_0020,REC_011,pcb,0.33,493.79,440.45,466.88,Thane,Thane,2026-04-30T20:31:00.000Z,partial,cash,,completed,
TXN_00096,LOT_00121,COL_0030,REC_013,crt,165.08,1475.88,1334.18,1380.58,Nashik,Nashik,2026-08-29T19:13:00.000Z,paid,cash,2026-08-29T22:33:00.000Z,completed,
TXN_00097,LOT_00122,COL_0017,REC_010,pcb|lcd_panel|cable,26.68,8778.01,9074.02,9211.12,Thane,Thane,2025-09-12T04:07:00.000Z,paid,cash,2025-09-12T06:05:00.000Z,completed,
TXN_00098,LOT_00123,COL_0039,REC_011,motor_magnet|mixed_plastic,58.74,5227.76,4998.98,4951.68,Thane,Thane,2026-02-17T16:45:00.000Z,paid,cash,2026-02-17T19:22:00.000Z,completed,
TXN_00099,LOT_00125,COL_0059,REC_001,pcb,3.41,244.86,258.33,255.5,Pune,Pune,2026-03-01T15:27:00.000Z,paid,cash,2026-03-01T16:33:00.000Z,completed,
TXN_00100,LOT_00126,COL_0025,REC_003,lcd_panel,20.85,1970.12,1780.55,1771.26,Pune,Pune,2025-11-24T05:25:00.000Z,paid,cash,2025-11-24T05:49:00.000Z,completed,
TXN_00101,LOT_00127,COL_0024,REC_008,cable|pcb,30.24,4781.1,4637.85,4591.94,Mumbai Suburban,Mumbai Suburban,2025-10-02T03:19:00.000Z,paid,cash,2025-10-02T05:12:00.000Z,completed,
TXN_00102,LOT_00128,COL_0017,REC_010,mixed_plastic,51.2,856.11,761.17,732.64,Thane,Thane,2026-05-20T07:00:00.000Z,paid,cash,2026-05-20T08:34:00.000Z,completed,
TXN_00103,LOT_00129,COL_0010,REC_005,cable|pcb|mixed_plastic,66.41,4413.44,3870.58,3951.83,Pune,Pune,2026-06-06T10:52:00.000Z,unpaid,cash,,pending,
TXN_00104,LOT_00130,COL_0041,REC_021,mixed_plastic,4.72,115.03,114.08,116.06,Bengaluru Urban,Bengaluru Urban,2026-06-07T09:27:00.000Z,paid,cash,2026-06-07T09:29:00.000Z,completed,
TXN_00105,LOT_00131,COL_0020,REC_010,motor_magnet,26.86,4239.31,4106.22,4046.06,Thane,Thane,2026-06-21T03:06:00.000Z,paid,cash,2026-06-21T05:18:00.000Z,completed,
TXN_00106,LOT_00132,COL_0015,REC_016,battery|cable|pcb,40.6,4386.65,4075.69,4132.72,Chhatrapati Sambhajinagar,Chhatrapati Sambhajinagar,2026-07-17T12:27:00.000Z,unpaid,cash,,completed,
TXN_00107,LOT_00133,COL_0047,REC_019,lcd_panel|motor_magnet,57.44,7563.04,7245.68,7318.85,New Delhi,New Delhi,2026-08-27T19:43:00.000Z,paid,cash,2026-08-27T22:26:00.000Z,completed,
TXN_00108,LOT_00134,COL_0043,REC_001,battery|cable,18.62,2178.3,2398.64,2391.84,Pune,Pune,2026-06-03T08:18:00.000Z,paid,cash,2026-06-03T09:03:00.000Z,completed,
TXN_00109,LOT_00135,COL_0004,REC_003,lcd_panel,4.13,195.43,201.93,201.61,Pune,Pune,2026-05-28T18:30:00.000Z,paid,cash,2026-05-28T20:39:00.000Z,completed,
TXN_00110,LOT_00139,COL_0048,REC_010,mixed_plastic|cable|pcb,57.7,3480.33,3579.57,3656.72,Thane,Thane,2026-01-31T10:36:00.000Z,paid,cash,2026-01-31T11:27:00.000Z,completed,
TXN_00111,LOT_00142,COL_0040,REC_008,pcb,0.21,339.37,335.7,337.33,Mumbai Suburban,Mumbai Suburban,2026-07-11T07:40:00.000Z,paid,upi,2026-07-11T11:35:00.000Z,completed,
TXN_00112,LOT_00143,COL_0007,REC_010,battery,36.6,3794.19,3525.45,3523.2,Thane,Thane,2026-06-08T09:02:00.000Z,unpaid,cash,,pending,
TXN_00113,LOT_00144,COL_0019,REC_010,cable,58.11,8359.38,7959.54,7657.54,Thane,Thane,2025-10-13T00:40:00.000Z,unpaid,cash,,pending,
TXN_00114,LOT_00145,COL_0012,REC_005,battery|lcd_panel|cable,49.16,13558.62,13612.73,13415.36,Pune,Pune,2025-10-17T07:19:00.000Z,paid,cash,2025-10-17T09:28:00.000Z,completed,
TXN_00115,LOT_00146,COL_0019,REC_010,motor_magnet,6.25,1839.8,1675.44,1667.8,Thane,Thane,2025-10-05T19:52:00.000Z,paid,cash,2025-10-05T19:59:00.000Z,completed,
TXN_00116,LOT_00147,COL_0040,REC_007,cable|lcd_panel|mixed_plastic,30.33,3255.7,3357.68,3386.51,Mumbai Suburban,Mumbai Suburban,2026-04-06T19:46:00.000Z,paid,bank_transfer,2026-04-06T20:37:00.000Z,completed,
TXN_00117,LOT_00148,COL_0055,REC_007,lcd_panel,75.41,1668.63,1641.16,1635.32,Mumbai Suburban,Mumbai Suburban,2026-05-25T11:21:00.000Z,unpaid,cash,,completed,
TXN_00118,LOT_00152,COL_0051,REC_007,mixed_plastic|pcb,10.34,1060.04,997.16,1018.2,Mumbai Suburban,Mumbai Suburban,2026-07-26T10:16:00.000Z,paid,cash,2026-07-26T10:17:00.000Z,completed,
TXN_00119,LOT_00153,COL_0040,REC_008,pcb|motor_magnet,14.93,2520.75,2354.69,2359.91,Mumbai Suburban,Mumbai Suburban,2025-11-16T17:18:00.000Z,paid,cash,2025-11-16T18:38:00.000Z,completed,
TXN_00120,LOT_00154,COL_0057,REC_014,mixed_plastic,27.34,599.02,606.41,616.18,Nagpur,Nagpur,2025-10-25T10:37:00.000Z,partial,cash,,completed,
TXN_00121,LOT_00155,COL_0042,REC_005,crt|mixed_plastic,78.71,993.72,984.91,973.93,Pune,Pune,2025-11-27T06:17:00.000Z,paid,cash,2025-11-27T10:16:00.000Z,completed,
TXN_00122,LOT_00156,COL_0014,REC_004,battery|pcb,60.59,4906.22,4440.14,4472.33,Pune,Pune,2025-09-04T04:15:00.000Z,paid,cash,2025-09-04T06:53:00.000Z,completed,
TXN_00123,LOT_00157,COL_0009,REC_013,cable,94.24,17260.57,17269.61,17759.31,Nashik,Nashik,2026-01-27T11:35:00.000Z,paid,cash,2026-01-27T13:57:00.000Z,completed,
TXN_00124,LOT_00158,COL_0017,REC_011,cable|battery|pcb,34.14,6015.12,6126.72,6003.69,Thane,Thane,2026-06-11T02:12:00.000Z,paid,cash,2026-06-11T02:43:00.000Z,completed,
TXN_00125,LOT_00159,COL_0054,REC_004,pcb|motor_magnet,5.06,696.99,671.54,690.88,Pune,Pune,2026-05-11T20:42:00.000Z,unpaid,cash,,pending,
TXN_00126,LOT_00160,COL_0019,REC_010,battery|mixed_plastic|motor_magnet|crt,36.96,2061.03,1926.34,1897.74,Thane,Thane,2026-05-01T06:17:00.000Z,paid,cash,2026-05-01T08:19:00.000Z,completed,
TXN_00127,LOT_00161,COL_0050,REC_001,lcd_panel|cable|pcb,83.53,2085.35,1732.76,1726.86,Pune,Pune,2026-08-28T18:45:00.000Z,partial,upi,,completed,
TXN_00128,LOT_00163,COL_0054,REC_005,pcb,0.06,62.07,59.98,61.08,Pune,Pune,2026-04-02T09:04:00.000Z,unpaid,cash,,pending,
TXN_00129,LOT_00165,COL_0025,REC_004,cable,20.89,2184.22,1947.53,1911.3,Pune,Pune,2026-07-16T23:23:00.000Z,partial,cash,,completed,
TXN_00130,LOT_00166,COL_0021,REC_005,crt,181.96,1143.25,1242.99,1242.05,Pune,Pune,2026-01-14T19:37:00.000Z,paid,cash,2026-01-14T20:10:00.000Z,completed,
TXN_00131,LOT_00167,COL_0026,REC_019,lcd_panel,5.77,320.7,298.92,303.81,New Delhi,New Delhi,2026-05-02T09:56:00.000Z,paid,upi,2026-05-02T11:26:00.000Z,completed,
TXN_00132,LOT_00168,COL_0054,REC_005,battery,3.62,790.17,762.13,757.13,Pune,Pune,2025-11-16T01:28:00.000Z,paid,cash,2025-11-16T02:07:00.000Z,completed,
TXN_00133,LOT_00170,COL_0035,REC_008,cable|mixed_plastic|pcb,27.85,3825.01,3362.2,3539.21,Mumbai Suburban,Mumbai Suburban,2026-02-07T15:20:00.000Z,paid,upi,2026-02-07T18:30:00.000Z,completed,
TXN_00134,LOT_00171,COL_0034,REC_005,battery|pcb,5.08,1193.64,1155.16,1166.78,Pune,Pune,2026-06-22T13:46:00.000Z,unpaid,cash,,completed,
TXN_00135,LOT_00173,COL_0056,REC_008,pcb,2.84,353.3,333.22,332.05,Mumbai Suburban,Mumbai Suburban,2025-11-18T17:32:00.000Z,unpaid,cash,,pending,
TXN_00136,LOT_00177,COL_0017,REC_011,pcb,0.31,354.45,370.85,378.37,Thane,Thane,2026-07-19T16:26:00.000Z,paid,cash,2026-07-19T20:14:00.000Z,completed,
TXN_00137,LOT_00178,COL_0003,REC_003,motor_magnet|battery|pcb,10.05,1317.42,1268.33,1294.83,Pune,Pune,2026-07-12T13:38:00.000Z,unpaid,cash,,completed,
TXN_00138,LOT_00180,COL_0013,REC_020,crt,3.09,193.61,189.19,187.05,Bengaluru Urban,Bengaluru Urban,2025-11-24T18:56:00.000Z,paid,cash,2025-11-24T22:38:00.000Z,completed,
TXN_00139,LOT_00181,COL_0045,REC_020,lcd_panel,20.73,553.28,531.86,538.21,Bengaluru Urban,Bengaluru Urban,2025-10-20T04:35:00.000Z,paid,cash,2025-10-20T08:05:00.000Z,completed,
TXN_00140,LOT_00182,COL_0055,REC_007,mixed_plastic,32.79,395.59,407.53,402.14,Mumbai Suburban,Mumbai Suburban,2025-12-14T11:15:00.000Z,partial,cash,,completed,
TXN_00141,LOT_00183,COL_0021,REC_005,pcb|cable,28.47,10198.37,8739.27,8576.54,Pune,Pune,2025-11-16T04:23:00.000Z,partial,cash,,completed,
TXN_00142,LOT_00185,COL_0022,REC_007,pcb|motor_magnet|mixed_plastic,31.44,2751.81,2713.32,2714.43,Mumbai Suburban,Mumbai Suburban,2025-11-19T10:14:00.000Z,paid,cash,2025-11-19T13:02:00.000Z,completed,
TXN_00143,LOT_00186,COL_0019,REC_010,mixed_plastic|motor_magnet,58.82,3144.47,3103.09,3126.62,Thane,Thane,2026-03-08T19:25:00.000Z,paid,cash,2026-03-08T23:07:00.000Z,completed,
TXN_00144,LOT_00187,COL_0054,REC_005,cable|pcb,16.65,2430.82,2436.23,2500.62,Pune,Pune,2026-04-26T18:13:00.000Z,paid,cash,2026-04-26T21:20:00.000Z,completed,
TXN_00145,LOT_00188,COL_0043,REC_003,motor_magnet|cable|crt,54.14,7741.08,7911.97,7782.68,Pune,Pune,2026-01-14T18:37:00.000Z,paid,cash,2026-01-14T19:02:00.000Z,completed,
TXN_00146,LOT_00190,COL_0005,REC_014,battery,0.19,31.72,34.49,34.73,Nagpur,Nagpur,2026-08-01T06:45:00.000Z,partial,cash,,completed,
TXN_00147,LOT_00191,COL_0023,REC_019,cable|battery,34.97,10634.93,9430.88,9491.04,New Delhi,New Delhi,2026-06-16T05:05:00.000Z,paid,upi,2026-06-16T05:47:00.000Z,completed,
TXN_00148,LOT_00194,COL_0007,REC_011,pcb,0.1,112.52,111.04,113.36,Thane,Thane,2026-05-27T23:05:00.000Z,paid,cash,2026-05-27T23:55:00.000Z,completed,
TXN_00149,LOT_00195,COL_0034,REC_003,motor_magnet,3.68,533.82,521.17,516.76,Pune,Pune,2026-08-30T21:12:00.000Z,paid,bank_transfer,2026-08-31T00:35:00.000Z,completed,
TXN_00150,LOT_00196,COL_0045,REC_020,lcd_panel|battery,50.67,4482.8,3884.75,3912.98,Bengaluru Urban,Bengaluru Urban,2025-12-15T10:28:00.000Z,unpaid,upi,,pending,
TXN_00151,LOT_00197,COL_0042,REC_001,battery|motor_magnet,17.12,2625.9,2611.47,2540.82,Pune,Pune,2025-10-13T15:23:00.000Z,paid,cash,2025-10-13T17:38:00.000Z,completed,
TXN_00152,LOT_00200,COL_0024,REC_008,pcb,7.73,2755.13,2923.95,3017.64,Mumbai Suburban,Mumbai Suburban,2025-12-26T17:27:00.000Z,paid,cash,2025-12-26T20:11:00.000Z,completed,DUPLICATE_PHOTO
TXN_00153,LOT_00201,COL_0036,REC_008,motor_magnet|cable|pcb,31.68,5728.67,5657.45,5648.88,Mumbai Suburban,Mumbai Suburban,2026-02-16T04:17:00.000Z,unpaid,cash,,pending,
TXN_00154,LOT_00202,COL_0034,REC_004,mixed_plastic,9.14,306.92,315.92,320.48,Pune,Pune,2026-01-18T20:34:00.000Z,paid,cash,2026-01-18T21:11:00.000Z,completed,
TXN_00155,LOT_00203,COL_0027,REC_013,motor_magnet,0.43,27.66,27.64,27.76,Nashik,Nashik,2026-06-04T02:10:00.000Z,paid,cash,2026-06-04T03:41:00.000Z,completed,
TXN_00156,LOT_00204,COL_0046,REC_004,cable,16.03,6693.21,7022.98,4721.12,Pune,Pune,2026-03-01T17:42:00.000Z,unpaid,cash,,completed,PRICE_BELOW_MARKET|FINAL_BELOW_QUOTE
TXN_00157,LOT_00206,COL_0048,REC_010,motor_magnet,10.65,1408.78,1168.35,1181.99,Thane,Thane,2026-08-07T12:19:00.000Z,paid,cash,2026-08-07T14:30:00.000Z,completed,
TXN_00158,LOT_00207,COL_0040,REC_008,pcb|crt,152,1453.7,1425.1,1462.92,Mumbai Suburban,Mumbai Suburban,2026-05-13T14:12:00.000Z,paid,cash,2026-05-13T16:18:00.000Z,completed,
TXN_00159,LOT_00208,COL_0005,REC_014,battery,20.66,2046.17,1748.88,1753.63,Nagpur,Nagpur,2025-10-01T23:20:00.000Z,partial,cash,,completed,
TXN_00160,LOT_00209,COL_0021,REC_001,cable|motor_magnet,53.82,11590.96,10710.62,10386.92,Pune,Pune,2026-06-21T18:43:00.000Z,paid,cash,2026-06-21T18:59:00.000Z,completed,
TXN_00161,LOT_00211,COL_0003,REC_003,battery,0.03,6.11,6.18,6.07,Pune,Pune,2025-12-14T17:12:00.000Z,paid,cash,2025-12-14T19:15:00.000Z,completed,
TXN_00162,LOT_00212,COL_0039,REC_011,lcd_panel,26.86,626.38,660.54,648.14,Thane,Thane,2025-10-19T10:30:00.000Z,paid,cash,2025-10-19T11:41:00.000Z,completed,
TXN_00163,LOT_00213,COL_0014,REC_004,battery,0.13,23.4,25.36,26.2,Pune,Pune,2026-06-16T08:40:00.000Z,partial,cash,,completed,
TXN_00164,LOT_00214,COL_0044,REC_003,mixed_plastic,2.19,42.06,44.06,44.12,Pune,Pune,2025-10-14T21:11:00.000Z,paid,upi,2025-10-14T23:01:00.000Z,completed,
TXN_00165,LOT_00216,COL_0042,REC_001,pcb|motor_magnet,26.16,3811.04,3686.99,3673.06,Pune,Pune,2025-12-25T16:34:00.000Z,paid,cash,2025-12-25T18:27:00.000Z,completed,
TXN_00166,LOT_00218,COL_0034,REC_002,cable,73.92,8839.53,9131.39,9033.96,Pune,Pune,2026-07-03T07:22:00.000Z,paid,cash,2026-07-03T07:31:00.000Z,completed,
TXN_00167,LOT_00219,COL_0033,REC_011,mixed_plastic|motor_magnet,36.24,2219.09,2245.83,2313.47,Thane,Thane,2026-04-02T02:18:00.000Z,paid,cash,2026-04-02T05:21:00.000Z,completed,
TXN_00168,LOT_00221,COL_0060,REC_014,mixed_plastic,11.99,361.62,380.51,394.51,Nagpur,Nagpur,2026-04-14T06:10:00.000Z,unpaid,cash,,pending,
TXN_00169,LOT_00222,COL_0006,REC_006,cable|lcd_panel|mixed_plastic,36.21,2681.85,2720.48,2783.12,Mumbai Suburban,Mumbai Suburban,2026-05-10T09:14:00.000Z,paid,cash,2026-05-10T13:12:00.000Z,completed,
TXN_00170,LOT_00223,COL_0037,REC_003,cable|battery,63.95,15547.41,15640.69,15241.8,Pune,Pune,2025-09-09T15:40:00.000Z,paid,cash,2025-09-09T17:32:00.000Z,completed,
TXN_00171,LOT_00224,COL_0027,REC_013,cable|pcb,30.65,6668.41,6301.95,6296.12,Nashik,Nashik,2025-09-06T04:51:00.000Z,paid,cash,2025-09-06T06:54:00.000Z,completed,
TXN_00172,LOT_00225,COL_0044,REC_001,cable,4.4,875.67,860.79,824.69,Pune,Pune,2026-06-24T16:09:00.000Z,paid,cash,2026-06-24T19:32:00.000Z,completed,
TXN_00173,LOT_00226,COL_0030,REC_013,cable,16.61,5573.49,5345.8,5269.48,Nashik,Nashik,2026-08-11T14:43:00.000Z,paid,cash,2026-08-11T15:58:00.000Z,completed,
TXN_00174,LOT_00227,COL_0051,REC_007,mixed_plastic|battery,47.48,2107.79,2009.81,2044.61,Mumbai Suburban,Mumbai Suburban,2026-06-03T16:56:00.000Z,paid,cash,2026-06-03T19:54:00.000Z,completed,
TXN_00175,LOT_00228,COL_0015,REC_016,pcb|cable,50.85,6202.16,5442.83,5492.36,Chhatrapati Sambhajinagar,Chhatrapati Sambhajinagar,2026-01-23T18:28:00.000Z,unpaid,cash,,completed,
TXN_00176,LOT_00229,COL_0033,REC_011,pcb,0.18,734.98,719.01,714.85,Thane,Thane,2026-08-27T10:39:00.000Z,paid,cash,2026-08-27T11:29:00.000Z,completed,
TXN_00177,LOT_00230,COL_0010,REC_005,cable|pcb,32.89,6757.57,6778.69,6618.42,Pune,Pune,2026-01-09T19:53:00.000Z,paid,cash,2026-01-09T21:50:00.000Z,completed,
TXN_00178,LOT_00233,COL_0006,REC_007,mixed_plastic|cable,63.54,4244.67,3966.87,4038.51,Mumbai Suburban,Mumbai Suburban,2025-11-07T12:47:00.000Z,paid,cash,2025-11-07T13:20:00.000Z,completed,
TXN_00179,LOT_00236,COL_0021,REC_005,battery|crt|lcd_panel|cable,77.3,5564.97,5305.97,5251.29,Pune,Pune,2026-06-24T18:47:00.000Z,paid,cash,2026-06-24T21:38:00.000Z,completed,
TXN_00180,LOT_00237,COL_0031,REC_008,battery|pcb,0.43,220.64,202.68,200.67,Mumbai Suburban,Mumbai Suburban,2026-02-23T09:35:00.000Z,unpaid,cash,,pending,
TXN_00181,LOT_00238,COL_0001,REC_013,battery|mixed_plastic,44.58,2911.6,2775.83,2866.65,Nashik,Nashik,2025-11-03T07:42:00.000Z,paid,cash,2025-11-03T09:30:00.000Z,completed,
TXN_00182,LOT_00239,COL_0002,REC_007,mixed_plastic,19.64,526.35,556.41,547.76,Mumbai Suburban,Mumbai Suburban,2026-03-10T06:57:00.000Z,partial,cash,,completed,
TXN_00183,LOT_00240,COL_0022,REC_008,pcb|cable,20.95,2154.74,2085.56,2108.07,Mumbai Suburban,Mumbai Suburban,2026-04-15T13:56:00.000Z,unpaid,cash,,completed,
TXN_00184,LOT_00241,COL_0015,REC_016,pcb|crt,62.68,1454.89,1502.49,1537.34,Chhatrapati Sambhajinagar,Chhatrapati Sambhajinagar,2026-05-03T21:30:00.000Z,partial,cash,,completed,
TXN_00185,LOT_00242,COL_0035,REC_007,crt,1.81,132.21,140.55,147.79,Mumbai Suburban,Mumbai Suburban,2025-12-20T11:28:00.000Z,paid,cash,2025-12-20T13:38:00.000Z,completed,
TXN_00186,LOT_00245,COL_0012,REC_001,motor_magnet,10.99,1395.31,1335.83,1333.99,Pune,Pune,2025-09-10T20:18:00.000Z,paid,cash,2025-09-10T21:25:00.000Z,completed,
TXN_00187,LOT_00246,COL_0059,REC_003,mixed_plastic,14.16,267.52,246.82,243.03,Pune,Pune,2026-02-28T16:49:00.000Z,paid,cash,2026-02-28T17:46:00.000Z,completed,
TXN_00188,LOT_00248,COL_0019,REC_010,motor_magnet|cable|lcd_panel,37.58,5852.74,6178.34,6305.35,Thane,Thane,2026-03-14T00:08:00.000Z,paid,cash,2026-03-14T02:34:00.000Z,completed,
TXN_00189,LOT_00249,COL_0051,REC_007,motor_magnet,15.49,2475.46,2342.9,2392.9,Mumbai Suburban,Mumbai Suburban,2026-02-13T14:26:00.000Z,paid,cash,2026-02-13T17:00:00.000Z,completed,
TXN_00190,LOT_00250,COL_0037,REC_001,motor_magnet,24.89,1592.49,1536.06,1566.98,Pune,Pune,2026-01-14T19:29:00.000Z,paid,cash,2026-01-14T22:45:00.000Z,completed,
TXN_00191,LOT_00251,COL_0027,REC_013,battery|mixed_plastic,70.27,3546.74,3436.82,3546.1,Nashik,Nashik,2026-03-25T22:20:00.000Z,paid,cash,2026-03-25T23:51:00.000Z,completed,
TXN_00192,LOT_00252,COL_0037,REC_002,cable|mixed_plastic,65.72,5370.63,4592.8,4481.68,Pune,Pune,2026-03-20T00:12:00.000Z,paid,cash,2026-03-20T02:39:00.000Z,completed,
TXN_00193,LOT_00253,COL_0017,REC_010,lcd_panel,1.29,66.05,65.63,67.43,Thane,Thane,2026-06-08T09:01:00.000Z,paid,cash,2026-06-08T10:39:00.000Z,completed,
TXN_00194,LOT_00256,COL_0057,REC_014,battery,0.25,35.26,34.91,35.87,Nagpur,Nagpur,2025-10-16T08:35:00.000Z,paid,cash,2025-10-16T09:57:00.000Z,completed,
TXN_00195,LOT_00258,COL_0054,REC_002,motor_magnet,8.47,936.17,1023.11,1015.33,Pune,Pune,2025-10-16T12:57:00.000Z,paid,cash,2025-10-16T16:30:00.000Z,completed,
TXN_00196,LOT_00260,COL_0037,REC_001,cable,41.84,5994.08,5170.76,5105.05,Pune,Pune,2026-06-26T15:10:00.000Z,unpaid,cash,,completed,
TXN_00197,LOT_00262,COL_0046,REC_001,motor_magnet,1.2,86.25,83.15,84.88,Pune,Pune,2025-09-21T21:08:00.000Z,paid,cash,2025-09-21T23:57:00.000Z,completed,
TXN_00198,LOT_00263,COL_0043,REC_005,crt,8.39,628.83,602.66,591.83,Pune,Pune,2026-05-18T22:47:00.000Z,paid,cash,2026-05-18T23:58:00.000Z,completed,
TXN_00199,LOT_00264,COL_0047,REC_019,battery,35.48,2985.88,2928.22,2884.56,New Delhi,New Delhi,2026-03-31T05:43:00.000Z,paid,cash,2026-03-31T08:05:00.000Z,completed,
TXN_00200,LOT_00265,COL_0031,REC_007,battery|mixed_plastic,94.17,7040.14,7112.79,7046.99,Mumbai Suburban,Mumbai Suburban,2026-05-22T09:08:00.000Z,paid,cash,2026-05-22T09:33:00.000Z,completed,
TXN_00201,LOT_00266,COL_0016,REC_007,motor_magnet,0.55,63,58.99,59.04,Mumbai Suburban,Mumbai Suburban,2026-05-29T13:42:00.000Z,unpaid,cash,,completed,
TXN_00202,LOT_00267,COL_0011,REC_014,motor_magnet|battery,39.24,4875.89,5139.99,4927.2,Nagpur,Nagpur,2026-02-14T04:00:00.000Z,unpaid,cash,,completed,
TXN_00203,LOT_00271,COL_0012,REC_004,mixed_plastic,4.92,165.02,163.72,161.16,Pune,Pune,2025-10-27T21:08:00.000Z,paid,cash,2025-10-28T00:34:00.000Z,completed,
TXN_00204,LOT_00273,COL_0050,REC_002,cable|battery|lcd_panel|pcb,49.7,6785.2,7147.6,7415.7,Pune,Pune,2025-12-31T04:54:00.000Z,paid,cash,2025-12-31T07:14:00.000Z,completed,
TXN_00205,LOT_00274,COL_0006,REC_008,pcb|cable|motor_magnet,23.94,7088.81,7050.86,7089.64,Mumbai Suburban,Mumbai Suburban,2025-10-20T12:53:00.000Z,paid,cash,2025-10-20T14:37:00.000Z,completed,
TXN_00206,LOT_00276,COL_0036,REC_008,battery|pcb,13.27,2444.61,2382.75,2361.3,Mumbai Suburban,Mumbai Suburban,2026-07-11T11:14:00.000Z,paid,cash,2026-07-11T12:54:00.000Z,completed,
TXN_00207,LOT_00277,COL_0004,REC_001,mixed_plastic|cable|battery|lcd_panel,101.52,7558.89,7448.82,7377.8,Pune,Pune,2025-11-11T08:34:00.000Z,paid,cash,2025-11-11T12:06:00.000Z,completed,
TXN_00208,LOT_00278,COL_0030,REC_012,mixed_plastic|cable,75.41,6908.19,5939.06,5937.41,Nashik,Nashik,2026-06-28T02:37:00.000Z,paid,bank_transfer,2026-06-28T03:31:00.000Z,completed,
TXN_00209,LOT_00279,COL_0059,REC_002,pcb|crt|motor_magnet|mixed_plastic,92.85,2722.89,2811.06,2786.46,Pune,Pune,2026-02-11T01:13:00.000Z,paid,cash,2026-02-11T02:26:00.000Z,completed,
TXN_00210,LOT_00281,COL_0046,REC_001,cable,17.13,2212.68,2016.16,2021.86,Pune,Pune,2025-12-30T17:11:00.000Z,paid,upi,2025-12-30T20:51:00.000Z,completed,
TXN_00211,LOT_00282,COL_0056,REC_006,lcd_panel,78.14,1756.08,1869.49,1878.17,Mumbai Suburban,Mumbai Suburban,2025-12-29T00:40:00.000Z,paid,cash,2025-12-29T01:35:00.000Z,completed,
TXN_00212,LOT_00283,COL_0046,REC_003,motor_magnet,2.53,442.97,448.25,443.04,Pune,Pune,2025-12-02T21:01:00.000Z,paid,cash,2025-12-03T00:54:00.000Z,completed,
TXN_00213,LOT_00284,COL_0024,REC_007,cable|battery|crt|pcb,33.39,5059.92,4538.86,4609.51,Mumbai Suburban,Mumbai Suburban,2026-06-01T22:00:00.000Z,paid,cash,2026-06-01T23:52:00.000Z,completed,
TXN_00214,LOT_00286,COL_0055,REC_008,pcb|cable,58.38,8807.97,8129.3,8130.42,Mumbai Suburban,Mumbai Suburban,2026-02-22T15:07:00.000Z,paid,cash,2026-02-22T17:10:00.000Z,completed,
TXN_00215,LOT_00287,COL_0039,REC_010,cable,7.03,1038.95,1015.01,1046.79,Thane,Thane,2025-09-11T03:02:00.000Z,paid,cash,2025-09-11T03:50:00.000Z,completed,
TXN_00216,LOT_00289,COL_0058,REC_019,motor_magnet|lcd_panel,24.1,2571.01,2478.02,2524.95,New Delhi,New Delhi,2025-10-13T17:54:00.000Z,paid,cash,2025-10-13T21:11:00.000Z,completed,
TXN_00217,LOT_00292,COL_0054,REC_003,lcd_panel|motor_magnet|pcb,16.65,1763.28,1856.46,1853.55,Pune,Pune,2026-05-11T11:49:00.000Z,paid,bank_transfer,2026-05-11T12:50:00.000Z,completed,
TXN_00218,LOT_00293,COL_0036,REC_008,pcb,0.12,156.43,152.3,150.74,Mumbai Suburban,Mumbai Suburban,2026-08-03T07:28:00.000Z,paid,cash,2026-08-03T10:06:00.000Z,completed,
TXN_00219,LOT_00295,COL_0037,REC_004,mixed_plastic|crt|cable,49.64,5671.26,5054.79,5076.45,Pune,Pune,2025-12-20T12:50:00.000Z,paid,cash,2025-12-20T15:24:00.000Z,completed,
TXN_00220,LOT_00297,COL_0025,REC_003,mixed_plastic,41.57,531.09,486.4,478.15,Pune,Pune,2026-04-29T13:24:00.000Z,paid,bank_transfer,2026-04-29T15:05:00.000Z,completed,
TXN_00221,LOT_00298,COL_0027,REC_013,motor_magnet,18.05,2786.4,2749.29,2717.49,Nashik,Nashik,2026-01-27T16:29:00.000Z,partial,upi,,completed,
TXN_00222,LOT_00299,COL_0050,REC_004,pcb|battery,0.75,217.42,219.15,217.67,Pune,Pune,2026-06-28T14:22:00.000Z,paid,cash,2026-06-28T18:01:00.000Z,completed,
TXN_00223,LOT_00300,COL_0025,REC_001,pcb,0.68,210.85,204.25,206.69,Pune,Pune,2026-05-15T03:23:00.000Z,unpaid,cash,,pending,
TXN_00224,LOT_00301,COL_0019,REC_010,motor_magnet|cable,35.96,2994.16,3372.98,3385.88,Thane,Thane,2026-07-10T18:00:00.000Z,paid,cash,2026-07-10T18:56:00.000Z,completed,
TXN_00225,LOT_00302,COL_0006,REC_008,cable|pcb|crt,75.35,21141.11,20116.31,19873.74,Mumbai Suburban,Mumbai Suburban,2026-05-11T13:21:00.000Z,paid,cash,2026-05-11T13:49:00.000Z,completed,
TXN_00226,LOT_00303,COL_0048,REC_011,mixed_plastic|cable|lcd_panel,61.39,4442.57,4048.12,4058.67,Thane,Thane,2025-10-17T13:54:00.000Z,paid,cash,2025-10-17T14:43:00.000Z,completed,
TXN_00227,LOT_00304,COL_0052,REC_020,cable|mixed_plastic|pcb|crt,76.16,6193.03,5691.87,5646.03,Bengaluru Urban,Bengaluru Urban,2026-06-16T18:59:00.000Z,paid,cash,2026-06-16T19:36:00.000Z,completed,
TXN_00228,LOT_00305,COL_0059,REC_003,cable|mixed_plastic,66.36,3010.7,3294.21,3332.26,Pune,Pune,2025-10-20T14:30:00.000Z,paid,cash,2025-10-20T15:16:00.000Z,completed,
TXN_00229,LOT_00306,COL_0030,REC_013,cable|battery,30.04,3254.98,3593.5,3562.05,Nashik,Nashik,2026-05-04T14:41:00.000Z,paid,cash,2026-05-04T17:00:00.000Z,completed,
TXN_00230,LOT_00307,COL_0042,REC_002,battery,43.92,3336.37,3020.95,3013.96,Pune,Pune,2026-03-14T01:28:00.000Z,paid,cash,2026-03-14T02:47:00.000Z,completed,
TXN_00231,LOT_00308,COL_0002,REC_007,pcb|crt|lcd_panel,144.23,5712.8,5534.35,5598.71,Mumbai Suburban,Mumbai Suburban,2026-03-13T19:28:00.000Z,paid,cash,2026-03-13T21:53:00.000Z,completed,
TXN_00232,LOT_00310,COL_0014,REC_005,pcb,8.15,2793.17,2690.77,2682.62,Pune,Pune,2025-10-08T10:47:00.000Z,paid,cash,2025-10-08T11:02:00.000Z,completed,
TXN_00233,LOT_00311,COL_0055,REC_007,motor_magnet|crt,48.47,7092.95,6359.62,6404.23,Mumbai Suburban,Mumbai Suburban,2025-11-05T07:48:00.000Z,paid,upi,2025-11-05T08:50:00.000Z,completed,
TXN_00234,LOT_00312,COL_0019,REC_010,cable,38.3,5777.55,5421.15,5493.58,Thane,Thane,2026-04-28T13:20:00.000Z,paid,cash,2026-04-28T14:38:00.000Z,completed,
TXN_00235,LOT_00314,COL_0055,REC_007,crt|cable,16.97,1067.72,1037.47,1037.38,Mumbai Suburban,Mumbai Suburban,2026-01-01T09:10:00.000Z,paid,cash,2026-01-01T12:00:00.000Z,completed,
TXN_00236,LOT_00316,COL_0057,REC_014,mixed_plastic|cable,46.39,6136.05,6236.16,6334.84,Nagpur,Nagpur,2026-07-20T07:36:00.000Z,paid,cash,2026-07-20T08:32:00.000Z,completed,
TXN_00237,LOT_00318,COL_0039,REC_010,lcd_panel,26.46,2707.12,3248.54,3137.78,Thane,Thane,2025-10-17T12:09:00.000Z,paid,cash,2025-10-17T13:09:00.000Z,completed,
TXN_00238,LOT_00320,COL_0009,REC_013,battery|pcb|motor_magnet,14.58,1187.48,1041.25,1029.66,Nashik,Nashik,2026-06-03T22:03:00.000Z,unpaid,cash,,pending,
TXN_00239,LOT_00323,COL_0008,REC_013,battery,3.73,841.23,732,757.5,Nashik,Nashik,2025-10-01T14:15:00.000Z,unpaid,cash,,pending,
TXN_00240,LOT_00324,COL_0007,REC_010,mixed_plastic,11.27,107.2,95.54,94.01,Thane,Thane,2026-01-05T08:08:00.000Z,paid,cash,2026-01-05T08:38:00.000Z,completed,
TXN_00241,LOT_00325,COL_0014,REC_001,lcd_panel|pcb,47.43,1279.72,1183.22,1205.88,Pune,Pune,2026-06-02T05:12:00.000Z,paid,cash,2026-06-02T08:38:00.000Z,completed,
TXN_00242,LOT_00326,COL_0007,REC_010,motor_magnet|crt,265.82,5720.89,5376.24,5378.28,Thane,Thane,2026-08-18T21:23:00.000Z,unpaid,cash,,completed,
TXN_00243,LOT_00327,COL_0053,REC_013,pcb,2.78,284.48,285.18,285.64,Nashik,Nashik,2026-06-08T07:43:00.000Z,unpaid,cash,,pending,
TXN_00244,LOT_00328,COL_0056,REC_007,battery|cable|motor_magnet,82.84,10465.98,10142.81,9969.28,Mumbai Suburban,Mumbai Suburban,2026-01-17T16:00:00.000Z,paid,cash,2026-01-17T19:32:00.000Z,completed,
TXN_00245,LOT_00330,COL_0004,REC_005,pcb,0.14,147.32,146.01,145.81,Pune,Pune,2026-01-23T15:21:00.000Z,paid,cash,2026-01-23T16:59:00.000Z,completed,
TXN_00246,LOT_00331,COL_0006,REC_007,motor_magnet,1.73,351.62,305.88,311.42,Mumbai Suburban,Mumbai Suburban,2026-03-23T06:23:00.000Z,paid,cash,2026-03-23T09:54:00.000Z,completed,
TXN_00247,LOT_00334,COL_0022,REC_008,pcb|mixed_plastic,32.35,706.52,636.71,616.23,Mumbai Suburban,Mumbai Suburban,2025-09-18T00:40:00.000Z,unpaid,cash,,pending,
TXN_00248,LOT_00335,COL_0040,REC_008,pcb,5.92,740.78,651.33,486.1,Mumbai Suburban,Mumbai Suburban,2026-02-25T19:42:00.000Z,unpaid,cash,,pending,PRICE_BELOW_MARKET|FINAL_BELOW_QUOTE
TXN_00249,LOT_00336,COL_0040,REC_007,motor_magnet|battery|cable,70.28,13843.79,13595.39,13724.79,Mumbai Suburban,Mumbai Suburban,2026-07-11T20:54:00.000Z,paid,cash,2026-07-11T22:47:00.000Z,completed,
TXN_00250,LOT_00338,COL_0018,REC_007,crt|cable,5.57,599.24,619.76,626.29,Mumbai Suburban,Mumbai Suburban,2026-04-06T07:22:00.000Z,paid,cash,2026-04-06T10:08:00.000Z,completed,
TXN_00251,LOT_00339,COL_0031,REC_008,battery|pcb,16.66,1967.53,1854.48,1892.14,Mumbai Suburban,Mumbai Suburban,2026-06-07T13:43:00.000Z,unpaid,cash,,pending,
TXN_00252,LOT_00340,COL_0059,REC_005,pcb,0.02,85.24,85.07,85.52,Pune,Pune,2026-02-03T22:32:00.000Z,unpaid,cash,,completed,
TXN_00253,LOT_00341,COL_0042,REC_005,pcb,0.81,251.25,255.49,254.87,Pune,Pune,2025-11-19T04:15:00.000Z,partial,cash,,completed,
TXN_00254,LOT_00342,COL_0051,REC_008,pcb|mixed_plastic,3.26,280.54,256.91,263.5,Mumbai Suburban,Mumbai Suburban,2026-01-07T21:00:00.000Z,partial,upi,,completed,
TXN_00255,LOT_00344,COL_0017,REC_011,pcb,6.32,1734.76,1587.16,1601.33,Thane,Thane,2025-11-21T02:33:00.000Z,paid,cash,2025-11-21T03:43:00.000Z,completed,
TXN_00256,LOT_00345,COL_0043,REC_003,cable|crt|motor_magnet,45.48,7716.41,7827.43,7649.57,Pune,Pune,2025-11-16T07:07:00.000Z,paid,cash,2025-11-16T10:42:00.000Z,completed,
TXN_00257,LOT_00346,COL_0025,REC_002,motor_magnet|pcb,6.71,612.85,580.35,580.6,Pune,Pune,2025-11-23T01:06:00.000Z,paid,cash,2025-11-23T04:13:00.000Z,completed,
TXN_00258,LOT_00348,COL_0020,REC_011,pcb|cable,23.63,2831.28,2369.27,2452.63,Thane,Thane,2025-11-06T03:37:00.000Z,paid,cash,2025-11-06T06:18:00.000Z,completed,
TXN_00259,LOT_00349,COL_0020,REC_010,battery|cable,7.94,3135.87,3226.63,3258.11,Thane,Thane,2025-11-19T09:20:00.000Z,paid,cash,2025-11-19T12:29:00.000Z,completed,
TXN_00260,LOT_00350,COL_0059,REC_003,motor_magnet,3.02,846.23,818.18,799.14,Pune,Pune,2026-05-09T03:18:00.000Z,paid,cash,2026-05-09T05:07:00.000Z,completed,
TXN_00261,LOT_00351,COL_0028,REC_007,pcb|mixed_plastic,14.41,895.65,935.88,924.15,Mumbai Suburban,Mumbai Suburban,2026-03-23T06:45:00.000Z,paid,cash,2026-03-23T08:33:00.000Z,completed,
TXN_00262,LOT_00352,COL_0023,REC_019,mixed_plastic,29.48,408.3,448.44,456.66,New Delhi,New Delhi,2026-07-25T22:46:00.000Z,paid,cash,2026-07-26T00:09:00.000Z,completed,
TXN_00263,LOT_00353,COL_0017,REC_011,cable|mixed_plastic,39.6,4410.75,3878.34,3886.24,Thane,Thane,2026-02-13T22:18:00.000Z,paid,cash,2026-02-14T00:20:00.000Z,completed,
TXN_00264,LOT_00356,COL_0004,REC_002,cable,23.53,3216.32,2925.96,2896.7,Pune,Pune,2026-01-10T13:46:00.000Z,unpaid,cash,,completed,
TXN_00265,LOT_00357,COL_0015,REC_016,crt,36.47,191.98,164.71,163.11,Chhatrapati Sambhajinagar,Chhatrapati Sambhajinagar,2026-08-09T04:02:00.000Z,paid,cash,2026-08-09T04:45:00.000Z,completed,
TXN_00266,LOT_00359,COL_0005,REC_014,lcd_panel|battery|cable|crt,189.31,5247.09,5384.04,5479.78,Nagpur,Nagpur,2026-07-28T00:42:00.000Z,paid,upi,2026-07-28T00:49:00.000Z,completed,
TXN_00267,LOT_00360,COL_0012,REC_003,crt|mixed_plastic,109.59,1742.6,1974.27,1945.11,Pune,Pune,2026-02-23T10:47:00.000Z,paid,cash,2026-02-23T14:02:00.000Z,completed,
TXN_00268,LOT_00361,COL_0006,REC_007,mixed_plastic,24.81,306.16,312.24,312.2,Mumbai Suburban,Mumbai Suburban,2026-07-02T16:32:00.000Z,unpaid,cash,,pending,
TXN_00269,LOT_00362,COL_0020,REC_010,lcd_panel,37.59,888.63,982.16,970.95,Thane,Thane,2025-11-16T05:54:00.000Z,paid,cash,2025-11-16T08:31:00.000Z,completed,
TXN_00270,LOT_00363,COL_0045,REC_021,cable,29.77,4269.25,4715.09,4887.13,Bengaluru Urban,Bengaluru Urban,2025-12-22T05:52:00.000Z,paid,cash,2025-12-22T06:28:00.000Z,completed,
TXN_00271,LOT_00364,COL_0040,REC_008,pcb|motor_magnet,17.92,2935.1,2526.66,2506.44,Mumbai Suburban,Mumbai Suburban,2026-04-17T10:23:00.000Z,paid,upi,2026-04-17T11:25:00.000Z,completed,
TXN_00272,LOT_00365,COL_0053,REC_013,lcd_panel|cable,17.21,1687.86,1477.79,1469.75,Nashik,Nashik,2026-03-19T19:55:00.000Z,paid,cash,2026-03-19T22:23:00.000Z,completed,
TXN_00273,LOT_00366,COL_0010,REC_002,pcb|battery|motor_magnet,36.32,3955.34,3621.57,3542.82,Pune,Pune,2025-10-12T16:59:00.000Z,unpaid,cash,,pending,
TXN_00274,LOT_00367,COL_0053,REC_012,lcd_panel|cable,135.13,12923.75,12418.52,12459.2,Nashik,Nashik,2026-05-08T15:23:00.000Z,paid,cash,2026-05-08T16:25:00.000Z,completed,
TXN_00275,LOT_00368,COL_0040,REC_008,pcb|lcd_panel,24.12,3353.27,3215.4,3191.33,Mumbai Suburban,Mumbai Suburban,2026-06-16T02:12:00.000Z,paid,cash,2026-06-16T05:48:00.000Z,completed,
TXN_00276,LOT_00369,COL_0014,REC_003,cable|mixed_plastic|motor_magnet,60.44,9857.59,9364.32,8916.12,Pune,Pune,2026-02-10T04:09:00.000Z,paid,cash,2026-02-10T07:56:00.000Z,completed,
TXN_00277,LOT_00370,COL_0021,REC_004,pcb,0.27,876.67,901.72,888.67,Pune,Pune,2026-07-19T02:03:00.000Z,paid,cash,2026-07-19T03:36:00.000Z,completed,
TXN_00278,LOT_00372,COL_0041,REC_020,cable,34.52,3177.79,3133.75,3060.67,Bengaluru Urban,Bengaluru Urban,2026-07-01T00:06:00.000Z,paid,cash,2026-07-01T02:04:00.000Z,completed,
TXN_00279,LOT_00373,COL_0027,REC_013,pcb|battery,36.9,3714.22,3630.5,3522.62,Nashik,Nashik,2025-10-20T13:25:00.000Z,unpaid,cash,,pending,
TXN_00280,LOT_00374,COL_0006,REC_008,pcb,0.17,598.38,531.83,541.2,Mumbai Suburban,Mumbai Suburban,2026-03-03T11:18:00.000Z,paid,cash,2026-03-03T13:59:00.000Z,completed,
TXN_00281,LOT_00375,COL_0010,REC_003,lcd_panel,28.56,2833.57,2783.27,2807.98,Pune,Pune,2025-10-20T05:44:00.000Z,paid,cash,2025-10-20T06:06:00.000Z,completed,
TXN_00282,LOT_00376,COL_0029,REC_008,battery|pcb,1.18,121.39,124.65,120.8,Mumbai Suburban,Mumbai Suburban,2025-10-18T09:18:00.000Z,paid,cash,2025-10-18T11:07:00.000Z,completed,
TXN_00283,LOT_00377,COL_0054,REC_004,battery|crt|cable,143.11,3351.25,3309.84,3370.82,Pune,Pune,2025-12-05T18:58:00.000Z,paid,cash,2025-12-05T20:37:00.000Z,completed,
TXN_00284,LOT_00380,COL_0016,REC_006,lcd_panel|mixed_plastic,28.2,858.06,832.51,810.94,Mumbai Suburban,Mumbai Suburban,2026-07-08T13:45:00.000Z,paid,cash,2026-07-08T15:48:00.000Z,completed,
TXN_00285,LOT_00381,COL_0049,REC_019,crt|pcb|lcd_panel,73.53,1266.61,1158.01,1136.28,New Delhi,New Delhi,2026-05-21T13:42:00.000Z,unpaid,cash,,pending,
TXN_00286,LOT_00382,COL_0039,REC_010,cable|pcb,21.79,2765.63,2438.64,2396.19,Thane,Thane,2026-07-18T05:36:00.000Z,paid,cash,2026-07-18T06:11:00.000Z,completed,
TXN_00287,LOT_00383,COL_0024,REC_007,mixed_plastic,13.47,162.93,166.1,166.83,Mumbai Suburban,Mumbai Suburban,2025-10-28T18:34:00.000Z,paid,cash,2025-10-28T18:51:00.000Z,completed,
TXN_00288,LOT_00384,COL_0051,REC_008,pcb,0.15,627.39,652.97,634.73,Mumbai Suburban,Mumbai Suburban,2025-11-21T14:23:00.000Z,paid,cash,2025-11-21T17:41:00.000Z,completed,
TXN_00289,LOT_00385,COL_0031,REC_007,crt,8.41,678.62,721.8,722.28,Mumbai Suburban,Mumbai Suburban,2026-02-12T01:55:00.000Z,paid,cash,2026-02-12T05:06:00.000Z,completed,
TXN_00290,LOT_00387,COL_0030,REC_012,mixed_plastic,8.37,258.72,244.84,243.61,Nashik,Nashik,2026-07-06T23:54:00.000Z,paid,cash,2026-07-07T03:26:00.000Z,completed,DUPLICATE_PHOTO
TXN_00291,LOT_00389,COL_0030,REC_013,cable,22.88,4524.29,4594.42,4514.77,Nashik,Nashik,2026-08-01T06:05:00.000Z,paid,upi,2026-08-01T06:07:00.000Z,completed,
TXN_00292,LOT_00390,COL_0036,REC_008,pcb|cable|mixed_plastic,44.17,1694.31,1618.09,1655.84,Mumbai Suburban,Mumbai Suburban,2025-09-09T20:39:00.000Z,paid,cash,2025-09-10T00:07:00.000Z,completed,
TXN_00293,LOT_00391,COL_0007,REC_011,battery|mixed_plastic|pcb,71.55,3791.32,3558.33,3633.05,Thane,Thane,2026-03-14T13:37:00.000Z,partial,cash,,completed,
TXN_00294,LOT_00393,COL_0009,REC_013,cable,14.94,2029.27,2105.73,2146.29,Nashik,Nashik,2025-10-31T23:06:00.000Z,paid,cash,2025-11-01T01:30:00.000Z,completed,
TXN_00295,LOT_00394,COL_0040,REC_008,pcb|battery|motor_magnet,1.66,428.03,409.11,398.69,Mumbai Suburban,Mumbai Suburban,2025-09-22T15:35:00.000Z,paid,cash,2025-09-22T17:45:00.000Z,completed,
TXN_00296,LOT_00395,COL_0034,REC_005,pcb,0.02,65.78,57.49,56.38,Pune,Pune,2026-05-29T19:20:00.000Z,paid,cash,2026-05-29T20:41:00.000Z,completed,
TXN_00297,LOT_00397,COL_0002,REC_007,mixed_plastic,34.85,412.62,376.62,372.45,Mumbai Suburban,Mumbai Suburban,2026-07-03T03:03:00.000Z,paid,cash,2026-07-03T03:54:00.000Z,completed,
TXN_00298,LOT_00399,COL_0014,REC_001,cable|pcb|battery,73.2,10772.86,10780.64,10718.23,Pune,Pune,2025-10-20T16:10:00.000Z,unpaid,upi,,completed,
TXN_00299,LOT_00400,COL_0047,REC_019,cable|mixed_plastic,39.43,5209.3,5271.44,5251.66,New Delhi,New Delhi,2026-02-12T20:25:00.000Z,paid,cash,2026-02-12T21:17:00.000Z,completed,DUPLICATE_PHOTO
TXN_00300,LOT_00401,COL_0008,REC_013,pcb|motor_magnet|cable,27.62,6255.83,6034.79,6193.47,Nashik,Nashik,2026-03-02T01:05:00.000Z,paid,cash,2026-03-02T03:54:00.000Z,completed,
TXN_00301,LOT_00402,COL_0050,REC_003,mixed_plastic|cable,53.61,4266.72,3935.77,3940.71,Pune,Pune,2025-12-25T12:21:00.000Z,paid,bank_transfer,2025-12-25T15:38:00.000Z,completed,
TXN_00302,LOT_00403,COL_0013,REC_021,mixed_plastic,3.33,80.42,75.45,73.6,Bengaluru Urban,Bengaluru Urban,2026-01-02T02:02:00.000Z,paid,upi,2026-01-02T05:45:00.000Z,completed,
TXN_00303,LOT_00404,COL_0020,REC_010,lcd_panel|battery|motor_magnet,46.4,3880.21,4106.78,4128.27,Thane,Thane,2026-07-20T21:08:00.000Z,paid,cash,2026-07-21T00:39:00.000Z,completed,
TXN_00304,LOT_00405,COL_0038,REC_013,pcb|cable,47.22,13391.63,13291.42,12765.8,Nashik,Nashik,2026-07-18T10:21:00.000Z,paid,cash,2026-07-18T13:15:00.000Z,completed,
TXN_00305,LOT_00406,COL_0002,REC_007,mixed_plastic,39.96,1043.36,1016.59,1047.38,Mumbai Suburban,Mumbai Suburban,2026-06-15T17:55:00.000Z,paid,cash,2026-06-15T18:39:00.000Z,completed,
TXN_00306,LOT_00407,COL_0044,REC_004,mixed_plastic,36.88,1238.43,1138.13,1106.59,Pune,Pune,2026-01-21T16:17:00.000Z,paid,cash,2026-01-21T19:12:00.000Z,completed,
TXN_00307,LOT_00408,COL_0027,REC_013,cable|pcb,8.08,985.74,1069.55,1099.21,Nashik,Nashik,2026-01-18T17:52:00.000Z,paid,upi,2026-01-18T17:54:00.000Z,completed,
TXN_00308,LOT_00409,COL_0001,REC_012,cable|pcb,39.46,11388.22,10393.07,10718.52,Nashik,Nashik,2025-11-30T14:29:00.000Z,unpaid,upi,,completed,
TXN_00309,LOT_00410,COL_0019,REC_011,pcb|crt|motor_magnet,148.03,3363.31,3354.66,3316.48,Thane,Thane,2025-10-31T06:06:00.000Z,paid,cash,2025-10-31T09:23:00.000Z,completed,
TXN_00310,LOT_00411,COL_0039,REC_011,cable|pcb,20.25,8335.34,8275.56,8399.83,Thane,Thane,2026-03-30T15:39:00.000Z,paid,cash,2026-03-30T15:56:00.000Z,completed,
TXN_00311,LOT_00412,COL_0022,REC_008,pcb,0.04,52.16,50.3,50.59,Mumbai Suburban,Mumbai Suburban,2025-12-10T10:00:00.000Z,paid,upi,2025-12-10T10:26:00.000Z,completed,
TXN_00312,LOT_00413,COL_0041,REC_021,cable|pcb|battery,63.4,10655.79,11451.47,11657.29,Bengaluru Urban,Bengaluru Urban,2025-11-19T08:15:00.000Z,paid,upi,2025-11-19T08:54:00.000Z,completed,
TXN_00313,LOT_00416,COL_0033,REC_010,mixed_plastic,28.58,978.29,887.04,904.09,Thane,Thane,2026-02-24T12:55:00.000Z,paid,cash,2026-02-24T13:54:00.000Z,completed,DUPLICATE_PHOTO
TXN_00314,LOT_00417,COL_0034,REC_003,mixed_plastic,27.77,677.45,545.19,536.47,Pune,Pune,2026-06-09T05:52:00.000Z,unpaid,cash,,completed,PRICE_BELOW_MARKET
TXN_00315,LOT_00418,COL_0026,REC_019,battery,36.85,3755.75,3334.29,3281.23,New Delhi,New Delhi,2026-04-03T16:46:00.000Z,paid,cash,2026-04-03T17:44:00.000Z,completed,
TXN_00316,LOT_00419,COL_0039,REC_010,cable|lcd_panel,70.81,8850.57,8497.75,8330.64,Thane,Thane,2026-02-06T03:28:00.000Z,paid,cash,2026-02-06T05:26:00.000Z,completed,WEIGHT_MISMATCH_AT_HANDOVER
TXN_00317,LOT_00420,COL_0040,REC_008,pcb,8.55,2517.79,2496.91,2445.42,Mumbai Suburban,Mumbai Suburban,2025-10-27T01:52:00.000Z,partial,upi,,completed,
TXN_00318,LOT_00421,COL_0059,REC_004,cable,1.42,242.66,257.02,253.34,Pune,Pune,2025-11-20T01:34:00.000Z,paid,cash,2025-11-20T03:18:00.000Z,completed,
TXN_00319,LOT_00423,COL_0050,REC_002,motor_magnet|mixed_plastic,21.72,967.25,945.71,944.95,Pune,Pune,2025-10-19T06:27:00.000Z,paid,cash,2025-10-19T07:33:00.000Z,completed,
TXN_00320,LOT_00424,COL_0055,REC_007,mixed_plastic,43.42,523.84,570.78,568.46,Mumbai Suburban,Mumbai Suburban,2025-12-12T07:14:00.000Z,paid,bank_transfer,2025-12-12T10:11:00.000Z,completed,
TXN_00321,LOT_00425,COL_0056,REC_007,motor_magnet|mixed_plastic|cable,77.76,7841.91,7428.47,7334.81,Mumbai Suburban,Mumbai Suburban,2025-10-04T19:51:00.000Z,unpaid,cash,,completed,
TXN_00322,LOT_00426,COL_0053,REC_012,cable|mixed_plastic|crt,43.03,1158.58,1182.83,1188.77,Nashik,Nashik,2025-10-23T22:08:00.000Z,paid,cash,2025-10-24T00:41:00.000Z,completed,
TXN_00323,LOT_00428,COL_0044,REC_002,motor_magnet,1.97,538.25,538.11,270.71,Pune,Pune,2026-01-12T06:16:00.000Z,paid,cash,2026-01-12T08:28:00.000Z,completed,PRICE_FAR_BELOW_MARKET|FINAL_BELOW_QUOTE
TXN_00324,LOT_00429,COL_0022,REC_008,pcb|cable,41.82,7124.89,6133.38,6047.86,Mumbai Suburban,Mumbai Suburban,2026-08-31T11:14:00.000Z,paid,cash,2026-08-31T13:20:00.000Z,completed,
TXN_00325,LOT_00431,COL_0029,REC_008,pcb|cable,21.28,4468.99,4208.04,4133.64,Mumbai Suburban,Mumbai Suburban,2026-03-05T03:19:00.000Z,paid,cash,2026-03-05T06:33:00.000Z,completed,
TXN_00326,LOT_00432,COL_0020,REC_011,pcb|lcd_panel,13.93,1589.74,1409.35,1405.88,Thane,Thane,2026-05-09T23:58:00.000Z,paid,cash,2026-05-10T03:20:00.000Z,completed,
TXN_00327,LOT_00433,COL_0051,REC_008,pcb,0.44,492.08,483.59,503.06,Mumbai Suburban,Mumbai Suburban,2026-06-28T08:41:00.000Z,paid,cash,2026-06-28T09:38:00.000Z,completed,
TXN_00328,LOT_00435,COL_0016,REC_008,pcb,3.46,554.95,570.13,331.79,Mumbai Suburban,Mumbai Suburban,2025-12-16T05:47:00.000Z,unpaid,cash,,pending,PRICE_FAR_BELOW_MARKET|FINAL_BELOW_QUOTE
TXN_00329,LOT_00436,COL_0016,REC_007,motor_magnet|pcb|cable,36.66,7505.51,7433.84,7668.12,Mumbai Suburban,Mumbai Suburban,2026-04-22T02:10:00.000Z,unpaid,cash,,completed,
TXN_00330,LOT_00437,COL_0043,REC_002,battery|cable,71.11,14955.95,13717.38,13798.94,Pune,Pune,2026-04-06T04:22:00.000Z,paid,cash,2026-04-06T05:43:00.000Z,completed,
TXN_00331,LOT_00438,COL_0039,REC_010,battery,0.36,29.32,26.65,25.88,Thane,Thane,2026-07-20T12:44:00.000Z,unpaid,cash,,completed,
TXN_00332,LOT_00439,COL_0004,REC_004,pcb,0.49,1073.15,1107.59,1086.16,Pune,Pune,2026-03-22T11:40:00.000Z,paid,cash,2026-03-22T13:10:00.000Z,completed,
TXN_00333,LOT_00440,COL_0014,REC_005,pcb,0.33,448.23,497.87,494.09,Pune,Pune,2025-11-29T14:32:00.000Z,paid,cash,2025-11-29T18:01:00.000Z,completed,
TXN_00334,LOT_00441,COL_0007,REC_010,mixed_plastic,31.12,1017.62,979.27,999.2,Thane,Thane,2026-01-27T04:27:00.000Z,paid,cash,2026-01-27T05:30:00.000Z,completed,
TXN_00335,LOT_00442,COL_0024,REC_008,pcb|motor_magnet,10.71,1247.89,1226.88,1209.96,Mumbai Suburban,Mumbai Suburban,2026-04-17T18:28:00.000Z,unpaid,cash,,pending,
TXN_00336,LOT_00443,COL_0004,REC_001,mixed_plastic|pcb,19.39,838.06,806.46,801.62,Pune,Pune,2025-12-15T05:21:00.000Z,paid,cash,2025-12-15T09:08:00.000Z,completed,
TXN_00337,LOT_00444,COL_0013,REC_020,battery,0.13,24.72,21.99,22.33,Bengaluru Urban,Bengaluru Urban,2025-09-21T03:32:00.000Z,unpaid,upi,,pending,
TXN_00338,LOT_00445,COL_0053,REC_013,battery|cable,83.5,18697.77,17831.8,17596.21,Nashik,Nashik,2025-11-04T17:52:00.000Z,paid,cash,2025-11-04T19:04:00.000Z,completed,
TXN_00339,LOT_00447,COL_0052,REC_020,cable,33.6,7220.76,7248.37,7174.24,Bengaluru Urban,Bengaluru Urban,2025-12-30T03:21:00.000Z,paid,cash,2025-12-30T06:59:00.000Z,completed,
TXN_00340,LOT_00448,COL_0037,REC_003,motor_magnet,12.79,1719.74,1653.08,1647.77,Pune,Pune,2026-08-08T04:03:00.000Z,paid,cash,2026-08-08T07:12:00.000Z,completed,
TXN_00341,LOT_00449,COL_0051,REC_008,pcb,0.17,710.73,663.45,641.91,Mumbai Suburban,Mumbai Suburban,2026-05-05T08:19:00.000Z,unpaid,cash,,pending,
TXN_00342,LOT_00450,COL_0055,REC_008,pcb|cable,48.55,17587.72,16098.23,16106.39,Mumbai Suburban,Mumbai Suburban,2025-11-19T12:43:00.000Z,paid,cash,2025-11-19T15:04:00.000Z,completed,
TXN_00343,LOT_00451,COL_0056,REC_008,battery|pcb,0.46,257.88,232.58,229.86,Mumbai Suburban,Mumbai Suburban,2025-12-19T23:44:00.000Z,paid,cash,2025-12-20T01:33:00.000Z,completed,
TXN_00344,LOT_00453,COL_0020,REC_011,crt,5.44,366.59,374.95,386.46,Thane,Thane,2026-01-25T22:43:00.000Z,paid,cash,2026-01-26T02:31:00.000Z,completed,
TXN_00345,LOT_00454,COL_0045,REC_020,crt,148.02,1227.55,1313.04,1297.12,Bengaluru Urban,Bengaluru Urban,2025-12-27T05:56:00.000Z,unpaid,upi,,completed,
TXN_00346,LOT_00455,COL_0025,REC_002,battery,62.85,5923.3,6279.21,6411.82,Pune,Pune,2025-10-03T19:37:00.000Z,partial,cash,,completed,
TXN_00347,LOT_00456,COL_0023,REC_019,battery|lcd_panel,34.71,1544.2,1513.46,1479.28,New Delhi,New Delhi,2026-07-07T10:13:00.000Z,paid,cash,2026-07-07T10:45:00.000Z,completed,
TXN_00348,LOT_00457,COL_0038,REC_013,pcb,0.11,412.85,422.23,419.16,Nashik,Nashik,2026-01-21T12:26:00.000Z,paid,cash,2026-01-21T14:05:00.000Z,completed,
TXN_00349,LOT_00458,COL_0020,REC_010,cable,39.37,8311.01,8467.03,8138.1,Thane,Thane,2025-11-19T00:57:00.000Z,unpaid,cash,,completed,
TXN_00350,LOT_00459,COL_0042,REC_003,pcb|battery,39.95,4011.12,4057.16,4160.89,Pune,Pune,2026-02-02T10:28:00.000Z,paid,cash,2026-02-02T13:43:00.000Z,completed,
TXN_00351,LOT_00460,COL_0028,REC_006,lcd_panel,19.51,426.1,426.29,415.42,Mumbai Suburban,Mumbai Suburban,2025-10-22T15:01:00.000Z,paid,cash,2025-10-22T15:11:00.000Z,completed,
TXN_00352,LOT_00464,COL_0046,REC_005,pcb|mixed_plastic,8.85,479.93,499.71,500.7,Pune,Pune,2026-05-20T21:01:00.000Z,paid,cash,2026-05-20T23:41:00.000Z,completed,
TXN_00353,LOT_00465,COL_0049,REC_019,battery,46.84,5068.21,5202.34,5149.99,New Delhi,New Delhi,2025-12-10T03:27:00.000Z,paid,cash,2025-12-10T07:08:00.000Z,completed,
TXN_00354,LOT_00466,COL_0007,REC_010,cable,17.39,2447.12,2503.84,2450.19,Thane,Thane,2026-03-26T13:58:00.000Z,paid,cash,2026-03-26T16:16:00.000Z,completed,
TXN_00355,LOT_00468,COL_0039,REC_010,mixed_plastic,43.81,497,501.21,502.51,Thane,Thane,2026-04-27T17:10:00.000Z,paid,cash,2026-04-27T20:44:00.000Z,completed,DUPLICATE_PHOTO
TXN_00356,LOT_00472,COL_0059,REC_001,motor_magnet|pcb|cable|mixed_plastic,38.56,2138.73,2057.99,1999.54,Pune,Pune,2025-11-10T23:04:00.000Z,paid,cash,2025-11-11T01:13:00.000Z,completed,
TXN_00357,LOT_00473,COL_0014,REC_003,motor_magnet|cable,77.47,12213.7,12499.47,12814.57,Pune,Pune,2025-11-25T18:35:00.000Z,paid,upi,2025-11-25T22:06:00.000Z,completed,
TXN_00358,LOT_00474,COL_0009,REC_013,mixed_plastic|cable,43.32,13301.27,12190.65,12140.87,Nashik,Nashik,2026-03-05T05:54:00.000Z,partial,cash,,completed,
TXN_00359,LOT_00475,COL_0042,REC_003,pcb,5.65,838.47,820.28,436.5,Pune,Pune,2025-12-24T02:16:00.000Z,paid,upi,2025-12-24T04:39:00.000Z,completed,PRICE_FAR_BELOW_MARKET|FINAL_BELOW_QUOTE
TXN_00360,LOT_00476,COL_0028,REC_007,crt|motor_magnet|mixed_plastic,267.98,4510.81,4054.15,3997.92,Mumbai Suburban,Mumbai Suburban,2026-02-08T20:00:00.000Z,paid,cash,2026-02-08T23:41:00.000Z,completed,
TXN_00361,LOT_00478,COL_0051,REC_008,crt|cable|pcb,54.48,7447.32,7693.55,7709.58,Mumbai Suburban,Mumbai Suburban,2026-05-22T22:37:00.000Z,paid,cash,2026-05-23T01:25:00.000Z,completed,
TXN_00362,LOT_00480,COL_0017,REC_010,mixed_plastic|motor_magnet,42.04,2135.47,1970.95,1908.02,Thane,Thane,2025-09-16T01:58:00.000Z,paid,cash,2025-09-16T03:14:00.000Z,completed,
TXN_00363,LOT_00481,COL_0014,REC_002,mixed_plastic|cable,35.47,1980.59,1819.45,1782.8,Pune,Pune,2026-08-22T18:17:00.000Z,paid,cash,2026-08-22T19:13:00.000Z,completed,
TXN_00364,LOT_00483,COL_0022,REC_007,cable|motor_magnet,4.31,1723.65,1720.53,1715.88,Mumbai Suburban,Mumbai Suburban,2026-04-07T06:35:00.000Z,paid,bank_transfer,2026-04-07T08:46:00.000Z,completed,DUPLICATE_PHOTO
TXN_00365,LOT_00484,COL_0022,REC_008,pcb,0.26,338.74,319.4,322.42,Mumbai Suburban,Mumbai Suburban,2025-11-15T07:59:00.000Z,paid,cash,2025-11-15T09:02:00.000Z,completed,
TXN_00366,LOT_00486,COL_0018,REC_008,mixed_plastic|pcb,32.69,1344.03,1245.73,1276.61,Mumbai Suburban,Mumbai Suburban,2026-07-30T00:55:00.000Z,paid,cash,2026-07-30T02:36:00.000Z,completed,
TXN_00367,LOT_00488,COL_0045,REC_021,pcb|cable,67.11,26267.71,26417.45,26320.02,Bengaluru Urban,Bengaluru Urban,2026-04-03T17:14:00.000Z,unpaid,cash,,pending,DUPLICATE_PHOTO
TXN_00368,LOT_00490,COL_0020,REC_010,cable,1.73,189.68,170.64,171.27,Thane,Thane,2026-01-30T23:13:00.000Z,paid,cash,2026-01-31T01:13:00.000Z,completed,
TXN_00369,LOT_00491,COL_0035,REC_007,mixed_plastic|cable,79.03,6012.54,5477.22,5684.06,Mumbai Suburban,Mumbai Suburban,2025-09-29T13:35:00.000Z,paid,cash,2025-09-29T13:53:00.000Z,completed,
TXN_00370,LOT_00492,COL_0011,REC_014,mixed_plastic,35.61,277.4,276.84,274.89,Nagpur,Nagpur,2025-11-13T15:32:00.000Z,partial,cash,,completed,
TXN_00371,LOT_00493,COL_0009,REC_013,cable,4.93,544.01,508.03,511.28,Nashik,Nashik,2026-01-01T11:27:00.000Z,paid,upi,2026-01-01T13:27:00.000Z,completed,
TXN_00372,LOT_00494,COL_0046,REC_004,mixed_plastic|cable|battery,78.54,4095.24,3902.72,4053.04,Pune,Pune,2026-06-18T13:37:00.000Z,paid,cash,2026-06-18T15:12:00.000Z,completed,
TXN_00373,LOT_00495,COL_0052,REC_020,mixed_plastic|crt|cable,105.96,5078.32,4985.86,5002.44,Bengaluru Urban,Bengaluru Urban,2026-05-24T20:21:00.000Z,paid,upi,2026-05-24T23:13:00.000Z,completed,
TXN_00374,LOT_00496,COL_0038,REC_012,battery|cable,40.65,8057.4,7768.05,7860.07,Nashik,Nashik,2025-10-05T07:40:00.000Z,partial,cash,,completed,
TXN_00375,LOT_00497,COL_0056,REC_007,pcb|crt,2.15,629.06,646.3,634.18,Mumbai Suburban,Mumbai Suburban,2025-12-24T05:07:00.000Z,paid,cash,2025-12-24T05:10:00.000Z,completed,
TXN_00376,LOT_00499,COL_0037,REC_002,cable,30.52,11686.4,11612.14,11726.83,Pune,Pune,2025-12-11T10:04:00.000Z,paid,cash,2025-12-11T12:02:00.000Z,completed,
TXN_00377,LOT_00501,COL_0027,REC_013,cable|pcb,4.69,1137.77,1206.03,1201.67,Nashik,Nashik,2026-01-14T19:42:00.000Z,paid,cash,2026-01-14T21:26:00.000Z,completed,
TXN_00378,LOT_00502,COL_0018,REC_008,pcb|lcd_panel|crt,62.65,2500.28,2224.81,2274.38,Mumbai Suburban,Mumbai Suburban,2026-02-26T22:06:00.000Z,paid,cash,2026-02-26T23:08:00.000Z,completed,
TXN_00379,LOT_00503,COL_0054,REC_004,mixed_plastic,18.52,433.37,428.52,423.31,Pune,Pune,2026-03-12T04:44:00.000Z,paid,cash,2026-03-12T06:48:00.000Z,completed,
TXN_00380,LOT_00507,COL_0015,REC_016,pcb,13.89,1529.88,1543.07,1506.02,Chhatrapati Sambhajinagar,Chhatrapati Sambhajinagar,2026-07-13T16:00:00.000Z,paid,cash,2026-07-13T17:05:00.000Z,completed,
TXN_00381,LOT_00510,COL_0022,REC_007,mixed_plastic,3.69,97.45,94.98,93.86,Mumbai Suburban,Mumbai Suburban,2025-10-09T02:14:00.000Z,paid,upi,2025-10-09T04:31:00.000Z,completed,
TXN_00382,LOT_00511,COL_0043,REC_002,lcd_panel|cable,46.61,5024.12,4950.52,4993.84,Pune,Pune,2025-12-28T21:22:00.000Z,paid,cash,2025-12-29T01:11:00.000Z,completed,
TXN_00383,LOT_00512,COL_0060,REC_014,mixed_plastic,21.69,219.55,205.67,206.72,Nagpur,Nagpur,2026-06-23T10:58:00.000Z,paid,upi,2026-06-23T12:17:00.000Z,completed,
TXN_00384,LOT_00513,COL_0025,REC_001,cable|mixed_plastic|lcd_panel,122.47,8093.91,7940.69,7849.09,Pune,Pune,2026-04-02T18:52:00.000Z,paid,cash,2026-04-02T20:45:00.000Z,completed,WEIGHT_MISMATCH_AT_HANDOVER
TXN_00385,LOT_00514,COL_0016,REC_008,pcb|battery|cable,40.82,4423.14,4323.67,4404.73,Mumbai Suburban,Mumbai Suburban,2026-01-06T01:41:00.000Z,paid,cash,2026-01-06T04:45:00.000Z,completed,
TXN_00386,LOT_00515,COL_0022,REC_008,pcb|mixed_plastic,50.3,2323.29,2254.8,2276.65,Mumbai Suburban,Mumbai Suburban,2026-05-28T05:36:00.000Z,paid,cash,2026-05-28T08:05:00.000Z,completed,
TXN_00387,LOT_00516,COL_0051,REC_008,pcb,1.4,587.82,556.95,570.06,Mumbai Suburban,Mumbai Suburban,2025-12-21T21:50:00.000Z,paid,cash,2025-12-21T22:39:00.000Z,completed,
TXN_00388,LOT_00517,COL_0006,REC_008,cable|pcb,18.11,3890.04,4060.85,4038.07,Mumbai Suburban,Mumbai Suburban,2025-12-05T02:25:00.000Z,paid,cash,2025-12-05T03:21:00.000Z,completed,
TXN_00389,LOT_00518,COL_0046,REC_003,battery|mixed_plastic,18.89,246.03,264.93,260.24,Pune,Pune,2025-11-12T06:11:00.000Z,paid,bank_transfer,2025-11-12T08:22:00.000Z,completed,
TXN_00390,LOT_00519,COL_0015,REC_016,battery|cable|mixed_plastic,81.35,5208.9,4960.44,5017.74,Chhatrapati Sambhajinagar,Chhatrapati Sambhajinagar,2026-08-27T19:16:00.000Z,unpaid,cash,,completed,
TXN_00391,LOT_00521,COL_0031,REC_008,pcb,8.99,1313.08,1272.95,1289.2,Mumbai Suburban,Mumbai Suburban,2026-08-28T01:11:00.000Z,paid,upi,2026-08-28T05:08:00.000Z,completed,
TXN_00392,LOT_00523,COL_0060,REC_014,battery,12.29,989.96,896.83,883.89,Nagpur,Nagpur,2025-09-13T20:09:00.000Z,partial,cash,,completed,
TXN_00393,LOT_00524,COL_0034,REC_002,battery,0.11,17.49,16.7,17.01,Pune,Pune,2025-11-03T12:19:00.000Z,paid,cash,2025-11-03T14:15:00.000Z,completed,
TXN_00394,LOT_00526,COL_0008,REC_013,cable,16.88,2263.95,2387.01,2364.95,Nashik,Nashik,2025-11-26T13:02:00.000Z,paid,cash,2025-11-26T16:15:00.000Z,completed,
TXN_00395,LOT_00527,COL_0012,REC_002,cable|pcb,15.3,2614.24,2433.25,2447.21,Pune,Pune,2025-11-26T02:26:00.000Z,paid,cash,2025-11-26T06:03:00.000Z,completed,
TXN_00396,LOT_00528,COL_0023,REC_019,lcd_panel,41.06,3048.66,2888.05,2904.28,New Delhi,New Delhi,2026-01-15T10:31:00.000Z,paid,cash,2026-01-15T10:34:00.000Z,completed,
TXN_00397,LOT_00529,COL_0033,REC_010,battery|mixed_plastic|cable,32.12,4206.05,4019.18,3993.81,Thane,Thane,2026-04-21T19:02:00.000Z,paid,cash,2026-04-21T21:13:00.000Z,completed,
TXN_00398,LOT_00530,COL_0019,REC_011,pcb,0.04,50,44.32,45.45,Thane,Thane,2026-03-27T05:44:00.000Z,unpaid,cash,,completed,
TXN_00399,LOT_00531,COL_0034,REC_002,motor_magnet,19.16,1802.3,1698.76,1714.06,Pune,Pune,2026-06-14T12:29:00.000Z,unpaid,cash,,completed,
TXN_00400,LOT_00532,COL_0040,REC_007,crt,36,285.77,272.78,269.94,Mumbai Suburban,Mumbai Suburban,2025-09-26T07:16:00.000Z,paid,bank_transfer,2025-09-26T07:24:00.000Z,completed,
TXN_00401,LOT_00533,COL_0046,REC_002,motor_magnet,8.96,672.9,677.82,695.04,Pune,Pune,2025-11-29T15:22:00.000Z,paid,cash,2025-11-29T17:51:00.000Z,completed,
TXN_00402,LOT_00534,COL_0010,REC_003,crt|pcb,50.67,816.08,817.18,834.55,Pune,Pune,2026-07-09T15:59:00.000Z,paid,cash,2026-07-09T17:44:00.000Z,completed,
TXN_00403,LOT_00535,COL_0029,REC_008,crt|pcb|motor_magnet,120.53,1428.1,1363.92,971.46,Mumbai Suburban,Mumbai Suburban,2026-06-22T16:40:00.000Z,paid,cash,2026-06-22T17:47:00.000Z,completed,PRICE_BELOW_MARKET|FINAL_BELOW_QUOTE
TXN_00404,LOT_00536,COL_0010,REC_004,battery|pcb,12.55,1257.51,1208.43,1187.73,Pune,Pune,2026-06-28T19:06:00.000Z,paid,cash,2026-06-28T20:15:00.000Z,completed,
TXN_00405,LOT_00537,COL_0004,REC_002,pcb|cable,21.2,3026.61,2916.36,2917.46,Pune,Pune,2026-05-31T10:21:00.000Z,paid,cash,2026-05-31T14:18:00.000Z,completed,
TXN_00406,LOT_00538,COL_0011,REC_014,battery,57.6,3236.82,3153.03,3093.84,Nagpur,Nagpur,2026-04-21T17:38:00.000Z,paid,upi,2026-04-21T19:23:00.000Z,completed,
TXN_00407,LOT_00539,COL_0028,REC_008,motor_magnet|pcb|cable,54.85,10656.78,10338.41,10427.04,Mumbai Suburban,Mumbai Suburban,2026-01-29T16:00:00.000Z,paid,cash,2026-01-29T18:58:00.000Z,completed,
TXN_00408,LOT_00540,COL_0042,REC_003,motor_magnet,3.3,214.86,187.82,187.12,Pune,Pune,2026-04-02T19:20:00.000Z,unpaid,cash,,pending,
TXN_00409,LOT_00541,COL_0010,REC_003,lcd_panel,20.73,1940.95,2068.57,2065.1,Pune,Pune,2025-12-26T10:06:00.000Z,paid,cash,2025-12-26T12:37:00.000Z,completed,
TXN_00410,LOT_00543,COL_0027,REC_012,cable,43.02,6149.13,5911.95,5732.5,Nashik,Nashik,2026-03-26T02:02:00.000Z,unpaid,cash,,completed,
TXN_00411,LOT_00546,COL_0020,REC_011,motor_magnet|pcb,11.33,2966.36,2928.88,2858.85,Thane,Thane,2026-02-18T10:55:00.000Z,paid,cash,2026-02-18T11:25:00.000Z,completed,
TXN_00412,LOT_00547,COL_0052,REC_021,pcb,5.1,1354.17,1311.09,1364.37,Bengaluru Urban,Bengaluru Urban,2026-01-09T10:43:00.000Z,paid,upi,2026-01-09T12:04:00.000Z,completed,
TXN_00413,LOT_00549,COL_0040,REC_007,motor_magnet,1.83,253.51,249.98,251.94,Mumbai Suburban,Mumbai Suburban,2025-09-06T14:03:00.000Z,paid,cash,2025-09-06T15:40:00.000Z,completed,
TXN_00414,LOT_00550,COL_0019,REC_011,motor_magnet,19.23,3675.34,3367.25,3497.8,Thane,Thane,2025-12-10T18:22:00.000Z,partial,cash,,completed,
TXN_00415,LOT_00551,COL_0019,REC_010,pcb|lcd_panel,22.39,2528.74,2404.93,2441.66,Thane,Thane,2025-12-05T08:45:00.000Z,paid,cash,2025-12-05T10:12:00.000Z,completed,
TXN_00416,LOT_00552,COL_0033,REC_010,mixed_plastic,34.61,853.48,791.57,773.02,Thane,Thane,2025-09-12T17:44:00.000Z,paid,cash,2025-09-12T18:27:00.000Z,completed,
TXN_00417,LOT_00554,COL_0034,REC_003,mixed_plastic|battery|crt,77.15,3020.69,2838.65,2733.19,Pune,Pune,2025-10-13T17:42:00.000Z,paid,cash,2025-10-13T20:17:00.000Z,completed,
TXN_00418,LOT_00555,COL_0017,REC_010,pcb|motor_magnet|mixed_plastic,41.31,1250.38,1159.64,1188.29,Thane,Thane,2026-07-07T08:18:00.000Z,paid,cash,2026-07-07T11:50:00.000Z,completed,
TXN_00419,LOT_00556,COL_0005,REC_014,battery|mixed_plastic,135.1,7580.99,7108.3,7042.92,Nagpur,Nagpur,2026-04-04T09:12:00.000Z,unpaid,cash,,pending,
TXN_00420,LOT_00557,COL_0001,REC_013,pcb|mixed_plastic|battery,11.94,588.45,603.81,607.23,Nashik,Nashik,2026-02-12T13:57:00.000Z,paid,cash,2026-02-12T15:24:00.000Z,completed,
TXN_00421,LOT_00558,COL_0049,REC_019,lcd_panel|cable|pcb,49.84,5585.96,5415.95,5378.5,New Delhi,New Delhi,2026-02-09T01:36:00.000Z,paid,upi,2026-02-09T01:51:00.000Z,completed,
TXN_00422,LOT_00560,COL_0008,REC_012,mixed_plastic,3.92,41.63,43.03,43.04,Nashik,Nashik,2026-07-04T12:12:00.000Z,paid,bank_transfer,2026-07-04T13:32:00.000Z,completed,
TXN_00423,LOT_00562,COL_0004,REC_002,lcd_panel|pcb,16.35,2007.59,2020.27,2024.3,Pune,Pune,2026-05-30T14:01:00.000Z,paid,cash,2026-05-30T17:36:00.000Z,completed,
TXN_00424,LOT_00563,COL_0045,REC_021,pcb,0.12,188.31,183.47,180.42,Bengaluru Urban,Bengaluru Urban,2026-02-14T08:14:00.000Z,partial,cash,,completed,
TXN_00425,LOT_00564,COL_0038,REC_013,pcb,0.45,511.75,473.87,468.43,Nashik,Nashik,2025-10-16T03:56:00.000Z,paid,cash,2025-10-16T06:56:00.000Z,completed,
TXN_00426,LOT_00565,COL_0035,REC_008,pcb,0.32,511.53,490.12,477.78,Mumbai Suburban,Mumbai Suburban,2025-09-18T22:31:00.000Z,paid,cash,2025-09-18T22:53:00.000Z,completed,
TXN_00427,LOT_00567,COL_0003,REC_002,battery|mixed_plastic,47.11,1773.21,1699.98,1715.57,Pune,Pune,2026-06-14T01:53:00.000Z,paid,cash,2026-06-14T04:01:00.000Z,completed,
TXN_00428,LOT_00568,COL_0043,REC_003,cable|battery|pcb,54.38,6576.12,6621.41,6343.23,Pune,Pune,2026-02-23T07:54:00.000Z,unpaid,cash,,pending,
TXN_00429,LOT_00570,COL_0033,REC_010,mixed_plastic|cable,69.2,12031.21,11910.91,11519.13,Thane,Thane,2026-02-26T17:48:00.000Z,paid,cash,2026-02-26T21:32:00.000Z,completed,
TXN_00430,LOT_00571,COL_0039,REC_010,pcb|motor_magnet|crt,29.06,3971.53,3565.09,3502.31,Thane,Thane,2026-03-08T09:23:00.000Z,paid,cash,2026-03-08T11:53:00.000Z,completed,
TXN_00431,LOT_00573,COL_0013,REC_021,battery|mixed_plastic,61.19,5063.64,4482.09,4501.99,Bengaluru Urban,Bengaluru Urban,2026-03-04T09:21:00.000Z,partial,upi,,completed,WEIGHT_MISMATCH_AT_HANDOVER
TXN_00432,LOT_00574,COL_0019,REC_010,cable,65.54,12615.27,10958.25,10882.28,Thane,Thane,2026-01-09T12:34:00.000Z,paid,cash,2026-01-09T13:09:00.000Z,completed,
TXN_00433,LOT_00575,COL_0042,REC_003,lcd_panel,8.71,220.04,219.05,214.2,Pune,Pune,2026-04-21T08:16:00.000Z,paid,upi,2026-04-21T12:08:00.000Z,completed,
TXN_00434,LOT_00576,COL_0030,REC_012,mixed_plastic,24.19,295.4,279.62,288.39,Nashik,Nashik,2026-08-04T19:30:00.000Z,unpaid,cash,,pending,
TXN_00435,LOT_00577,COL_0027,REC_013,pcb,9.24,1155.09,1205.23,1236.97,Nashik,Nashik,2026-04-19T07:49:00.000Z,unpaid,cash,,pending,
TXN_00436,LOT_00578,COL_0050,REC_001,motor_magnet|cable,44.12,8723.98,9125.19,9079.51,Pune,Pune,2026-04-01T08:02:00.000Z,paid,cash,2026-04-01T09:45:00.000Z,completed,
TXN_00437,LOT_00579,COL_0020,REC_010,battery|cable,69.28,21816.53,23777.39,24757.25,Thane,Thane,2025-09-22T03:22:00.000Z,paid,cash,2025-09-22T07:05:00.000Z,completed,
TXN_00438,LOT_00580,COL_0046,REC_004,mixed_plastic|pcb,37.31,560.3,558.26,558.23,Pune,Pune,2025-11-07T05:13:00.000Z,paid,cash,2025-11-07T07:07:00.000Z,completed,
TXN_00439,LOT_00581,COL_0059,REC_004,motor_magnet|pcb,6.74,1062.23,1110.25,1082.07,Pune,Pune,2026-01-11T21:53:00.000Z,unpaid,cash,,completed,
TXN_00440,LOT_00582,COL_0044,REC_002,cable,3.61,210.34,195.68,192.09,Pune,Pune,2025-09-15T04:39:00.000Z,paid,cash,2025-09-15T07:20:00.000Z,completed,
TXN_00441,LOT_00583,COL_0019,REC_011,cable|pcb,29.21,5059.53,4947.57,4912.7,Thane,Thane,2026-06-18T03:35:00.000Z,paid,cash,2026-06-18T06:26:00.000Z,completed,
TXN_00442,LOT_00584,COL_0017,REC_011,pcb,0.04,60.8,57.18,57.23,Thane,Thane,2026-07-21T14:45:00.000Z,paid,cash,2026-07-21T16:59:00.000Z,completed,
TXN_00443,LOT_00585,COL_0031,REC_007,crt|motor_magnet|mixed_plastic,171.22,3160.81,2912.85,2935.07,Mumbai Suburban,Mumbai Suburban,2026-05-10T20:26:00.000Z,paid,cash,2026-05-10T21:45:00.000Z,completed,
TXN_00444,LOT_00586,COL_0038,REC_012,mixed_plastic,69.59,1319.52,1310.04,1290.55,Nashik,Nashik,2026-07-23T06:36:00.000Z,paid,upi,2026-07-23T07:41:00.000Z,completed,
TXN_00445,LOT_00587,COL_0055,REC_008,battery|pcb,1.69,560.69,480.14,489.01,Mumbai Suburban,Mumbai Suburban,2025-09-03T10:42:00.000Z,paid,cash,2025-09-03T13:44:00.000Z,completed,
TXN_00446,LOT_00590,COL_0053,REC_013,cable,20.39,5629.39,5372.7,5300.84,Nashik,Nashik,2025-12-31T22:10:00.000Z,paid,cash,2025-12-31T23:32:00.000Z,completed,
TXN_00447,LOT_00591,COL_0003,REC_003,mixed_plastic|pcb,45.86,1964.47,1767.85,1800.11,Pune,Pune,2026-03-01T21:13:00.000Z,paid,cash,2026-03-01T22:11:00.000Z,completed,
TXN_00448,LOT_00592,COL_0003,REC_004,cable,25.62,2162.26,1890.82,1839.83,Pune,Pune,2026-07-13T12:17:00.000Z,paid,cash,2026-07-13T15:10:00.000Z,completed,
TXN_00449,LOT_00593,COL_0029,REC_008,pcb,7.54,1892.9,1897.48,1860.1,Mumbai Suburban,Mumbai Suburban,2025-11-29T05:29:00.000Z,paid,cash,2025-11-29T06:17:00.000Z,completed,
TXN_00450,LOT_00594,COL_0040,REC_007,motor_magnet,4.17,1160.08,1086.92,1092.36,Mumbai Suburban,Mumbai Suburban,2026-07-08T06:38:00.000Z,paid,upi,2026-07-08T08:22:00.000Z,completed,
TXN_00451,LOT_00595,COL_0053,REC_013,cable,35.43,4784.11,4458.51,4349.59,Nashik,Nashik,2026-04-19T05:37:00.000Z,paid,upi,2026-04-19T09:23:00.000Z,completed,
TXN_00452,LOT_00596,COL_0044,REC_005,mixed_plastic|pcb,9.22,517.93,517.3,519.98,Pune,Pune,2026-02-02T22:28:00.000Z,paid,cash,2026-02-03T02:20:00.000Z,completed,
TXN_00453,LOT_00597,COL_0022,REC_008,crt|pcb,4.57,341.87,336.35,238.14,Mumbai Suburban,Mumbai Suburban,2026-03-04T23:35:00.000Z,partial,upi,,completed,PRICE_BELOW_MARKET|FINAL_BELOW_QUOTE
TXN_00454,LOT_00598,COL_0026,REC_019,cable|battery,62.55,10698.94,9678.61,5572.65,New Delhi,New Delhi,2026-05-28T23:47:00.000Z,paid,cash,2026-05-29T01:47:00.000Z,completed,PRICE_FAR_BELOW_MARKET|FINAL_BELOW_QUOTE
TXN_00455,LOT_00601,COL_0035,REC_007,crt|cable,163.77,1842.02,1928.29,1962.01,Mumbai Suburban,Mumbai Suburban,2025-10-25T09:34:00.000Z,paid,upi,2025-10-25T10:28:00.000Z,completed,
TXN_00456,LOT_00602,COL_0028,REC_006,lcd_panel|mixed_plastic,60.38,1337.75,1241.61,1200.06,Mumbai Suburban,Mumbai Suburban,2025-10-28T02:41:00.000Z,paid,cash,2025-10-28T04:02:00.000Z,completed,
TXN_00457,LOT_00603,COL_0003,REC_005,pcb,5.24,684.19,618.05,619.55,Pune,Pune,2025-09-23T00:47:00.000Z,paid,cash,2025-09-23T01:24:00.000Z,completed,
TXN_00458,LOT_00604,COL_0024,REC_007,motor_magnet|pcb|mixed_plastic,50.48,2991.08,2823.71,2798.99,Mumbai Suburban,Mumbai Suburban,2026-03-17T23:04:00.000Z,paid,cash,2026-03-18T02:42:00.000Z,completed,DUPLICATE_PHOTO
TXN_00459,LOT_00605,COL_0034,REC_005,motor_magnet|cable|battery,31.17,6609.99,6490.18,6392.27,Pune,Pune,2025-10-09T05:46:00.000Z,paid,cash,2025-10-09T08:26:00.000Z,completed,
TXN_00460,LOT_00606,COL_0001,REC_013,pcb|battery|cable,72.53,7194.45,6574.8,6666.6,Nashik,Nashik,2026-05-08T14:29:00.000Z,paid,cash,2026-05-08T16:30:00.000Z,completed,
TXN_00461,LOT_00607,COL_0010,REC_002,motor_magnet,1.87,134.41,137.21,137.49,Pune,Pune,2025-09-07T08:44:00.000Z,paid,cash,2025-09-07T11:17:00.000Z,completed,
TXN_00462,LOT_00608,COL_0037,REC_003,pcb|cable,29.7,5918.1,6338.98,6097.35,Pune,Pune,2026-02-19T02:16:00.000Z,paid,bank_transfer,2026-02-19T05:09:00.000Z,completed,
TXN_00463,LOT_00609,COL_0022,REC_008,pcb|cable,14.72,1674.19,1682.37,1650.21,Mumbai Suburban,Mumbai Suburban,2025-09-14T01:09:00.000Z,paid,cash,2025-09-14T04:38:00.000Z,completed,
TXN_00464,LOT_00610,COL_0041,REC_021,pcb,10.43,3491.01,3949.65,3934.85,Bengaluru Urban,Bengaluru Urban,2026-04-16T12:32:00.000Z,paid,cash,2026-04-16T13:51:00.000Z,completed,
TXN_00465,LOT_00611,COL_0019,REC_011,pcb|motor_magnet,23.86,3673.88,3913.05,3936.08,Thane,Thane,2026-01-29T19:58:00.000Z,paid,cash,2026-01-29T22:35:00.000Z,completed,
TXN_00466,LOT_00613,COL_0037,REC_004,cable|lcd_panel,44.35,13692.41,13927.7,14014.45,Pune,Pune,2025-11-07T23:24:00.000Z,paid,cash,2025-11-08T01:01:00.000Z,completed,
TXN_00467,LOT_00615,COL_0009,REC_013,motor_magnet,20.22,2415.89,2299.72,2291.32,Nashik,Nashik,2026-06-07T04:12:00.000Z,paid,upi,2026-06-07T07:25:00.000Z,completed,
TXN_00468,LOT_00616,COL_0004,REC_002,motor_magnet,16.95,1968.65,1958.02,2032.28,Pune,Pune,2026-03-12T06:26:00.000Z,paid,cash,2026-03-12T07:10:00.000Z,completed,
TXN_00469,LOT_00617,COL_0013,REC_021,cable,21.77,4678.45,4530.27,4468.19,Bengaluru Urban,Bengaluru Urban,2026-04-04T21:30:00.000Z,unpaid,cash,,completed,
TXN_00470,LOT_00618,COL_0036,REC_007,cable|battery|motor_magnet,45.26,9164.58,9050.02,9369.58,Mumbai Suburban,Mumbai Suburban,2026-04-27T17:48:00.000Z,partial,cash,,completed,
TXN_00471,LOT_00619,COL_0004,REC_004,crt,18.04,155.7,151.24,152.38,Pune,Pune,2026-07-07T06:24:00.000Z,paid,cash,2026-07-07T08:55:00.000Z,completed,
TXN_00472,LOT_00620,COL_0050,REC_001,cable,3.87,592.41,525.35,531.84,Pune,Pune,2026-01-13T12:55:00.000Z,paid,cash,2026-01-13T14:13:00.000Z,completed,
TXN_00473,LOT_00621,COL_0028,REC_007,pcb|cable|motor_magnet,55.89,18432.99,17876.44,18052.75,Mumbai Suburban,Mumbai Suburban,2026-02-26T12:11:00.000Z,paid,upi,2026-02-26T13:45:00.000Z,completed,
TXN_00474,LOT_00622,COL_0014,REC_004,cable,43.86,5631.19,5952.97,6046.94,Pune,Pune,2026-06-15T22:42:00.000Z,paid,cash,2026-06-16T00:56:00.000Z,completed,
TXN_00475,LOT_00625,COL_0054,REC_001,cable,13.26,1833.29,1922.64,1963.94,Pune,Pune,2025-12-18T05:42:00.000Z,paid,upi,2025-12-18T09:08:00.000Z,completed,
TXN_00476,LOT_00626,COL_0008,REC_012,mixed_plastic,2.07,40.16,39.41,38.59,Nashik,Nashik,2026-03-12T12:02:00.000Z,paid,cash,2026-03-12T13:36:00.000Z,completed,
TXN_00477,LOT_00627,COL_0044,REC_003,pcb,0.13,549.07,564.53,554.91,Pune,Pune,2026-08-15T04:35:00.000Z,paid,bank_transfer,2026-08-15T05:50:00.000Z,completed,
TXN_00478,LOT_00629,COL_0018,REC_007,motor_magnet|mixed_plastic,98.05,5862.52,5702.09,5872.95,Mumbai Suburban,Mumbai Suburban,2026-08-19T23:52:00.000Z,paid,upi,2026-08-20T02:15:00.000Z,completed,
TXN_00479,LOT_00630,COL_0017,REC_010,cable|motor_magnet,40.03,6311.4,6580.94,6562.63,Thane,Thane,2026-03-14T04:09:00.000Z,paid,cash,2026-03-14T07:32:00.000Z,completed,
TXN_00480,LOT_00631,COL_0026,REC_019,battery|cable,73.11,8829.8,9388.12,9215.41,New Delhi,New Delhi,2025-12-19T21:51:00.000Z,paid,cash,2025-12-20T01:05:00.000Z,completed,
TXN_00481,LOT_00632,COL_0029,REC_007,mixed_plastic,24.4,606.51,508.1,501.54,Mumbai Suburban,Mumbai Suburban,2026-02-19T06:56:00.000Z,unpaid,cash,,pending,
TXN_00482,LOT_00633,COL_0059,REC_004,pcb,0.25,1057.25,1017.59,1014.95,Pune,Pune,2026-01-03T05:14:00.000Z,paid,cash,2026-01-03T08:48:00.000Z,completed,
TXN_00483,LOT_00634,COL_0038,REC_013,cable,26.14,2881.91,2855.9,2875.2,Nashik,Nashik,2025-10-11T04:56:00.000Z,paid,cash,2025-10-11T07:47:00.000Z,completed,
TXN_00484,LOT_00636,COL_0021,REC_001,cable|pcb,21.27,3276.82,2919,2978.9,Pune,Pune,2025-11-20T06:17:00.000Z,paid,cash,2025-11-20T06:20:00.000Z,completed,
TXN_00485,LOT_00639,COL_0008,REC_013,battery|cable,18.04,1709.7,1573.94,1583.63,Nashik,Nashik,2025-12-16T16:35:00.000Z,paid,cash,2025-12-16T17:36:00.000Z,completed,
TXN_00486,LOT_00640,COL_0022,REC_008,pcb,2.55,256.92,255.24,254.72,Mumbai Suburban,Mumbai Suburban,2026-06-21T13:24:00.000Z,paid,cash,2026-06-21T16:43:00.000Z,completed,
TXN_00487,LOT_00641,COL_0020,REC_011,pcb,4.06,456.1,487.14,490.58,Thane,Thane,2026-04-01T17:20:00.000Z,unpaid,cash,,pending,
TXN_00488,LOT_00642,COL_0051,REC_007,crt|cable,4.68,298.21,266.67,271.77,Mumbai Suburban,Mumbai Suburban,2026-05-27T11:52:00.000Z,paid,upi,2026-05-27T15:20:00.000Z,completed,
TXN_00489,LOT_00643,COL_0014,REC_004,cable,18.01,1607.52,1705.95,1722.92,Pune,Pune,2026-07-24T14:48:00.000Z,paid,cash,2026-07-24T15:41:00.000Z,completed,
TXN_00490,LOT_00645,COL_0018,REC_008,cable|pcb|motor_magnet|mixed_plastic,62.95,7896.52,7729.38,7786.88,Mumbai Suburban,Mumbai Suburban,2026-01-24T22:09:00.000Z,paid,cash,2026-01-25T02:09:00.000Z,completed,
TXN_00491,LOT_00646,COL_0042,REC_004,cable|motor_magnet,21.07,2350.03,2227.64,2252.31,Pune,Pune,2026-03-07T09:58:00.000Z,unpaid,cash,,completed,
TXN_00492,LOT_00648,COL_0054,REC_001,mixed_plastic|pcb,41.19,3709.35,3526.63,3541.69,Pune,Pune,2026-04-25T19:00:00.000Z,paid,cash,2026-04-25T19:51:00.000Z,completed,
TXN_00493,LOT_00649,COL_0022,REC_008,pcb|cable,21.02,4437.86,4159.19,4162.71,Mumbai Suburban,Mumbai Suburban,2026-01-23T16:43:00.000Z,paid,cash,2026-01-23T17:21:00.000Z,completed,
TXN_00494,LOT_00650,COL_0015,REC_016,pcb,3.46,997.66,1004.16,981.78,Chhatrapati Sambhajinagar,Chhatrapati Sambhajinagar,2025-10-03T14:13:00.000Z,paid,cash,2025-10-03T17:14:00.000Z,completed,
TXN_00495,LOT_00651,COL_0059,REC_002,mixed_plastic|cable|motor_magnet|battery,67.45,6868.1,6325.67,6298.25,Pune,Pune,2026-07-30T06:01:00.000Z,unpaid,cash,,pending,
TXN_00496,LOT_00652,COL_0030,REC_012,cable,3.82,547.74,557.01,554.94,Nashik,Nashik,2026-07-14T02:58:00.000Z,paid,cash,2026-07-14T05:23:00.000Z,completed,
TXN_00497,LOT_00653,COL_0045,REC_020,cable,9.09,1962.16,1815.24,1815.35,Bengaluru Urban,Bengaluru Urban,2025-11-16T00:29:00.000Z,paid,cash,2025-11-16T04:19:00.000Z,completed,
TXN_00498,LOT_00654,COL_0059,REC_003,crt,107.32,728.77,671.93,684.24,Pune,Pune,2026-03-26T06:27:00.000Z,paid,upi,2026-03-26T09:04:00.000Z,completed,
TXN_00499,LOT_00657,COL_0034,REC_003,battery,73.3,6994.23,6769.55,6555.24,Pune,Pune,2026-01-05T11:07:00.000Z,paid,cash,2026-01-05T11:38:00.000Z,completed,
TXN_00500,LOT_00658,COL_0038,REC_013,pcb,3.39,364.24,400.36,404.04,Nashik,Nashik,2026-06-20T13:21:00.000Z,paid,cash,2026-06-20T15:11:00.000Z,completed,
TXN_00501,LOT_00661,COL_0053,REC_013,mixed_plastic|pcb,43.42,1130.06,1145.58,1169.07,Nashik,Nashik,2026-01-16T21:29:00.000Z,paid,cash,2026-01-17T00:34:00.000Z,completed,
TXN_00502,LOT_00664,COL_0032,REC_007,mixed_plastic|cable,32.95,4379.93,4168.73,4126.06,Mumbai Suburban,Mumbai Suburban,2026-07-11T19:43:00.000Z,paid,bank_transfer,2026-07-11T21:10:00.000Z,completed,
TXN_00503,LOT_00665,COL_0003,REC_002,mixed_plastic|cable,85.11,19830.15,19209.26,18307.48,Pune,Pune,2026-02-18T01:53:00.000Z,paid,cash,2026-02-18T04:45:00.000Z,completed,
TXN_00504,LOT_00666,COL_0052,REC_020,battery,56.41,6383.21,6169.33,6249.14,Bengaluru Urban,Bengaluru Urban,2025-12-11T06:27:00.000Z,unpaid,cash,,completed,
TXN_00505,LOT_00667,COL_0007,REC_010,battery|mixed_plastic,92,6600.25,6791.46,6660.19,Thane,Thane,2026-08-26T11:27:00.000Z,paid,cash,2026-08-26T15:21:00.000Z,completed,
TXN_00506,LOT_00668,COL_0040,REC_008,cable|pcb|mixed_plastic,61.19,4694.72,4707.5,4689.6,Mumbai Suburban,Mumbai Suburban,2026-05-07T07:52:00.000Z,unpaid,cash,,pending,
TXN_00507,LOT_00670,COL_0020,REC_010,motor_magnet|battery|mixed_plastic|cable,85.4,7219.66,6727.81,6548.55,Thane,Thane,2026-02-01T19:05:00.000Z,unpaid,cash,,pending,DUPLICATE_PHOTO
TXN_00508,LOT_00671,COL_0036,REC_006,crt|lcd_panel,352.81,4214.34,3905.82,3890.35,Mumbai Suburban,Mumbai Suburban,2026-08-03T04:23:00.000Z,paid,cash,2026-08-03T05:18:00.000Z,completed,
TXN_00509,LOT_00672,COL_0052,REC_020,pcb|lcd_panel|cable,72.39,2365.31,2371.56,2346.87,Bengaluru Urban,Bengaluru Urban,2026-04-22T06:01:00.000Z,paid,cash,2026-04-22T08:04:00.000Z,completed,
TXN_00510,LOT_00674,COL_0055,REC_007,mixed_plastic,38.35,1416.21,1235.75,1234.39,Mumbai Suburban,Mumbai Suburban,2026-03-11T10:12:00.000Z,paid,cash,2026-03-11T11:39:00.000Z,completed,
TXN_00511,LOT_00675,COL_0040,REC_008,motor_magnet|pcb|mixed_plastic,60,6166.85,5587.85,5503.45,Mumbai Suburban,Mumbai Suburban,2026-05-19T01:32:00.000Z,paid,upi,2026-05-19T05:03:00.000Z,completed,
TXN_00512,LOT_00676,COL_0010,REC_004,mixed_plastic,28.64,350.55,342.46,332.14,Pune,Pune,2025-11-19T06:04:00.000Z,paid,cash,2025-11-19T08:30:00.000Z,completed,
TXN_00513,LOT_00677,COL_0052,REC_020,cable|pcb|battery,49.66,8151.27,8136.18,7838.41,Bengaluru Urban,Bengaluru Urban,2026-07-20T18:01:00.000Z,paid,cash,2026-07-20T18:28:00.000Z,completed,
TXN_00514,LOT_00679,COL_0059,REC_002,battery,4.89,1036.58,1106.59,1098.98,Pune,Pune,2026-08-01T13:42:00.000Z,paid,cash,2026-08-01T15:42:00.000Z,completed,
TXN_00515,LOT_00683,COL_0029,REC_007,motor_magnet,22.89,3322.94,3185.17,3157.55,Mumbai Suburban,Mumbai Suburban,2026-04-05T09:08:00.000Z,paid,cash,2026-04-05T12:31:00.000Z,completed,
TXN_00516,LOT_00684,COL_0038,REC_013,pcb,5.16,1440.41,1357.62,1344.58,Nashik,Nashik,2026-05-22T22:03:00.000Z,paid,cash,2026-05-22T23:16:00.000Z,completed,
TXN_00517,LOT_00685,COL_0002,REC_006,lcd_panel,4.3,241.06,252.57,239.44,Mumbai Suburban,Mumbai Suburban,2025-11-07T14:06:00.000Z,partial,cash,,completed,
TXN_00518,LOT_00686,COL_0030,REC_012,cable|pcb,24.24,3120.57,3211.29,3193.54,Nashik,Nashik,2026-07-27T04:31:00.000Z,paid,cash,2026-07-27T06:11:00.000Z,completed,
TXN_00519,LOT_00688,COL_0035,REC_007,motor_magnet,70.94,11426.36,11830.73,11789.24,Mumbai Suburban,Mumbai Suburban,2025-09-27T13:26:00.000Z,unpaid,cash,,pending,
TXN_00520,LOT_00690,COL_0033,REC_011,pcb,11.22,1578.09,1436.41,1425.21,Thane,Thane,2026-04-06T17:03:00.000Z,paid,cash,2026-04-06T18:28:00.000Z,completed,
TXN_00521,LOT_00691,COL_0031,REC_008,pcb|cable,27.24,7154.33,6304.87,6330.93,Mumbai Suburban,Mumbai Suburban,2025-09-23T02:59:00.000Z,paid,upi,2025-09-23T04:01:00.000Z,completed,
TXN_00522,LOT_00692,COL_0017,REC_010,cable|motor_magnet,51.93,10191.75,11221.95,10905.81,Thane,Thane,2025-11-03T12:32:00.000Z,paid,cash,2025-11-03T12:40:00.000Z,completed,
TXN_00523,LOT_00693,COL_0028,REC_006,lcd_panel|battery,0.89,95.58,91.52,91.63,Mumbai Suburban,Mumbai Suburban,2026-07-26T04:04:00.000Z,paid,cash,2026-07-26T07:10:00.000Z,completed,
TXN_00524,LOT_00694,COL_0021,REC_005,pcb,10.02,2729.08,2777.37,2761.94,Pune,Pune,2026-08-27T03:19:00.000Z,paid,cash,2026-08-27T06:58:00.000Z,completed,
TXN_00525,LOT_00696,COL_0028,REC_006,lcd_panel|motor_magnet,10.97,1252.42,1309.15,1273.25,Mumbai Suburban,Mumbai Suburban,2026-04-24T17:28:00.000Z,paid,cash,2026-04-24T17:43:00.000Z,completed,
TXN_00526,LOT_00697,COL_0018,REC_008,motor_magnet|pcb,38.64,6607.65,6679.25,6511.88,Mumbai Suburban,Mumbai Suburban,2026-07-15T18:11:00.000Z,paid,cash,2026-07-15T20:41:00.000Z,completed,
TXN_00527,LOT_00698,COL_0021,REC_003,pcb|mixed_plastic,22.61,722.41,785.33,798.85,Pune,Pune,2026-07-17T06:16:00.000Z,paid,cash,2026-07-17T09:04:00.000Z,completed,
TXN_00528,LOT_00699,COL_0027,REC_012,cable,53.04,8076.18,7730.88,7685.09,Nashik,Nashik,2026-04-10T17:07:00.000Z,paid,cash,2026-04-10T19:42:00.000Z,completed,
TXN_00529,LOT_00700,COL_0022,REC_006,cable|lcd_panel|pcb,37.64,4565.43,4115.47,3973.38,Mumbai Suburban,Mumbai Suburban,2026-03-15T03:42:00.000Z,paid,cash,2026-03-15T04:24:00.000Z,completed,
TXN_00530,LOT_00701,COL_0023,REC_019,cable|pcb|lcd_panel,83.05,9791.63,8708.76,8718.84,New Delhi,New Delhi,2026-08-30T17:54:00.000Z,paid,cash,2026-08-30T20:50:00.000Z,completed,
TXN_00531,LOT_00702,COL_0049,REC_019,pcb|lcd_panel,4.91,415.7,399.58,405.33,New Delhi,New Delhi,2025-09-13T12:52:00.000Z,paid,cash,2025-09-13T14:44:00.000Z,completed,
TXN_00532,LOT_00704,COL_0007,REC_010,lcd_panel,9.14,766.79,775.69,801.01,Thane,Thane,2025-11-18T19:39:00.000Z,paid,cash,2025-11-18T21:08:00.000Z,completed,
TXN_00533,LOT_00706,COL_0055,REC_007,motor_magnet,10.67,1548.96,1446.98,1454.17,Mumbai Suburban,Mumbai Suburban,2026-04-22T02:49:00.000Z,paid,cash,2026-04-22T04:31:00.000Z,completed,
TXN_00534,LOT_00707,COL_0041,REC_021,cable,13.21,2837.49,2930.59,2939.28,Bengaluru Urban,Bengaluru Urban,2026-06-05T19:42:00.000Z,paid,cash,2026-06-05T20:52:00.000Z,completed,WEIGHT_MISMATCH_AT_HANDOVER
TXN_00535,LOT_00708,COL_0055,REC_008,pcb,6.57,2308.5,2281.27,2238.98,Mumbai Suburban,Mumbai Suburban,2026-05-31T00:39:00.000Z,partial,upi,,completed,
TXN_00536,LOT_00709,COL_0051,REC_007,cable|crt,38.84,1107.63,1180.77,1216.38,Mumbai Suburban,Mumbai Suburban,2025-11-04T11:48:00.000Z,partial,bank_transfer,,completed,
TXN_00537,LOT_00710,COL_0012,REC_003,cable|battery,35.63,6740.39,7091.32,7307.29,Pune,Pune,2026-05-06T03:18:00.000Z,paid,cash,2026-05-06T05:07:00.000Z,completed,
TXN_00538,LOT_00711,COL_0034,REC_003,pcb,6.32,676.97,604.17,598.66,Pune,Pune,2026-08-07T12:07:00.000Z,unpaid,cash,,completed,
TXN_00539,LOT_00712,COL_0009,REC_012,cable,43.97,7752.15,7214.21,7235.42,Nashik,Nashik,2026-07-25T10:29:00.000Z,paid,upi,2026-07-25T12:47:00.000Z,completed,
TXN_00540,LOT_00713,COL_0013,REC_021,pcb|motor_magnet|mixed_plastic,39.84,1380.13,1301.25,1297,Bengaluru Urban,Bengaluru Urban,2025-09-20T14:56:00.000Z,unpaid,cash,,pending,
TXN_00541,LOT_00714,COL_0020,REC_011,pcb,0.07,106.4,107.02,105.72,Thane,Thane,2026-07-10T20:18:00.000Z,paid,cash,2026-07-10T22:50:00.000Z,completed,
TXN_00542,LOT_00715,COL_0010,REC_005,battery,13.88,1137.88,1119.33,1138.04,Pune,Pune,2026-08-16T19:38:00.000Z,paid,cash,2026-08-16T22:35:00.000Z,completed,
TXN_00543,LOT_00716,COL_0022,REC_008,pcb,0.65,61.88,63.72,62.86,Mumbai Suburban,Mumbai Suburban,2026-03-15T07:18:00.000Z,paid,cash,2026-03-15T07:58:00.000Z,completed,
TXN_00544,LOT_00717,COL_0023,REC_019,mixed_plastic,2.04,27.61,24.79,24.31,New Delhi,New Delhi,2026-06-18T00:56:00.000Z,paid,upi,2026-06-18T04:16:00.000Z,completed,
TXN_00545,LOT_00719,COL_0003,REC_004,crt|lcd_panel|battery,91.22,1067.44,1033.68,1035.04,Pune,Pune,2026-06-25T20:20:00.000Z,paid,cash,2026-06-25T23:45:00.000Z,completed,
TXN_00546,LOT_00720,COL_0042,REC_003,mixed_plastic|battery,73.59,5854.64,5492.79,5584.93,Pune,Pune,2025-09-19T01:11:00.000Z,paid,upi,2025-09-19T01:20:00.000Z,completed,
TXN_00547,LOT_00721,COL_0024,REC_006,motor_magnet|lcd_panel,20.92,2101.12,1774.27,1741.23,Mumbai Suburban,Mumbai Suburban,2026-07-12T00:59:00.000Z,paid,cash,2026-07-12T03:55:00.000Z,completed,
TXN_00548,LOT_00724,COL_0038,REC_012,motor_magnet|battery|mixed_plastic,23.31,1261.07,1231.8,1218.09,Nashik,Nashik,2026-05-11T17:56:00.000Z,paid,upi,2026-05-11T20:24:00.000Z,completed,
TXN_00549,LOT_00725,COL_0003,REC_003,pcb,4.02,289.5,273.74,265.33,Pune,Pune,2025-11-27T00:19:00.000Z,paid,cash,2025-11-27T01:51:00.000Z,completed,
TXN_00550,LOT_00726,COL_0036,REC_008,battery|pcb,16.44,1782.21,1765.08,1755.53,Mumbai Suburban,Mumbai Suburban,2026-02-20T08:02:00.000Z,unpaid,cash,,completed,
TXN_00551,LOT_00727,COL_0027,REC_013,pcb,11.41,1609.34,1588.88,1634.02,Nashik,Nashik,2026-04-27T18:43:00.000Z,paid,cash,2026-04-27T21:33:00.000Z,completed,
TXN_00552,LOT_00729,COL_0052,REC_021,crt|mixed_plastic,12.34,356.06,361.27,381.22,Bengaluru Urban,Bengaluru Urban,2025-11-06T09:20:00.000Z,paid,cash,2025-11-06T12:15:00.000Z,completed,
TXN_00553,LOT_00730,COL_0024,REC_007,lcd_panel,21.51,604.86,631.91,641.55,Mumbai Suburban,Mumbai Suburban,2026-06-22T13:37:00.000Z,paid,cash,2026-06-22T15:33:00.000Z,completed,
TXN_00554,LOT_00731,COL_0041,REC_021,mixed_plastic|pcb,24.83,767.77,834.07,832.57,Bengaluru Urban,Bengaluru Urban,2025-09-12T17:24:00.000Z,paid,cash,2025-09-12T17:43:00.000Z,completed,
TXN_00555,LOT_00732,COL_0009,REC_012,battery|pcb,61.03,5485.69,5523.98,5668.34,Nashik,Nashik,2025-09-28T11:40:00.000Z,paid,cash,2025-09-28T15:26:00.000Z,completed,
TXN_00556,LOT_00733,COL_0041,REC_021,lcd_panel|mixed_plastic,12.35,359.11,365.01,373.02,Bengaluru Urban,Bengaluru Urban,2025-12-22T05:21:00.000Z,paid,cash,2025-12-22T05:52:00.000Z,completed,
TXN_00557,LOT_00734,COL_0059,REC_001,motor_magnet|lcd_panel,29.31,2524.27,2402.35,2363.39,Pune,Pune,2025-12-30T16:48:00.000Z,paid,cash,2025-12-30T17:59:00.000Z,completed,
TXN_00558,LOT_00739,COL_0027,REC_013,battery|pcb|mixed_plastic|motor_magnet,55.01,2185.13,2243.45,2274.87,Nashik,Nashik,2026-07-18T21:52:00.000Z,paid,cash,2026-07-18T22:16:00.000Z,completed,
TXN_00559,LOT_00740,COL_0033,REC_011,pcb,3.4,334.03,329.92,342.29,Thane,Thane,2026-08-03T22:11:00.000Z,unpaid,cash,,completed,
TXN_00560,LOT_00742,COL_0037,REC_002,cable|motor_magnet,17.02,2681.33,2747.99,2654.14,Pune,Pune,2026-02-06T15:48:00.000Z,paid,cash,2026-02-06T18:43:00.000Z,completed,
TXN_00561,LOT_00744,COL_0057,REC_014,pcb|motor_magnet|battery,28.33,1987.86,1989.49,1287.57,Nagpur,Nagpur,2026-07-22T02:00:00.000Z,unpaid,cash,,pending,PRICE_FAR_BELOW_MARKET|FINAL_BELOW_QUOTE
TXN_00562,LOT_00745,COL_0035,REC_008,pcb,0.18,608.01,598.41,605.29,Mumbai Suburban,Mumbai Suburban,2026-07-26T05:28:00.000Z,paid,upi,2026-07-26T05:38:00.000Z,completed,
TXN_00563,LOT_00747,COL_0031,REC_007,pcb|lcd_panel,38.84,1133.12,1121.9,1149,Mumbai Suburban,Mumbai Suburban,2025-09-05T15:01:00.000Z,paid,cash,2025-09-05T15:24:00.000Z,completed,
TXN_00564,LOT_00748,COL_0025,REC_001,motor_magnet,34.56,4944.15,4929.23,5116.83,Pune,Pune,2025-12-12T08:02:00.000Z,paid,upi,2025-12-12T10:07:00.000Z,completed,
TXN_00565,LOT_00749,COL_0021,REC_003,crt,114.97,838,833.91,839.47,Pune,Pune,2026-08-10T18:07:00.000Z,unpaid,cash,,pending,
TXN_00566,LOT_00750,COL_0052,REC_021,mixed_plastic|battery|motor_magnet|cable,79.38,6650.18,6990.3,6893.78,Bengaluru Urban,Bengaluru Urban,2026-07-24T02:11:00.000Z,paid,cash,2026-07-24T02:34:00.000Z,completed,
TXN_00567,LOT_00751,COL_0004,REC_002,cable,30.66,3430.27,3021.35,3076.75,Pune,Pune,2026-06-11T06:02:00.000Z,paid,cash,2026-06-11T07:31:00.000Z,completed,
TXN_00568,LOT_00752,COL_0011,REC_014,cable|motor_magnet|mixed_plastic|crt,108.91,4109.73,3852.11,3803.79,Nagpur,Nagpur,2025-09-05T15:03:00.000Z,partial,cash,,completed,
TXN_00569,LOT_00753,COL_0046,REC_003,cable|lcd_panel,42.64,4427.58,4201.86,4303.35,Pune,Pune,2026-04-30T14:11:00.000Z,paid,cash,2026-04-30T17:22:00.000Z,completed,
TXN_00570,LOT_00754,COL_0038,REC_013,motor_magnet|pcb,14.02,2512.07,2673.49,2677.13,Nashik,Nashik,2025-09-04T16:47:00.000Z,paid,cash,2025-09-04T19:30:00.000Z,completed,
TXN_00571,LOT_00755,COL_0036,REC_008,pcb,0.42,49.13,47.86,49.05,Mumbai Suburban,Mumbai Suburban,2026-07-07T17:37:00.000Z,paid,cash,2026-07-07T20:36:00.000Z,completed,
TXN_00572,LOT_00757,COL_0038,REC_013,motor_magnet,16.91,1669.07,1581.93,1556.6,Nashik,Nashik,2026-04-24T10:51:00.000Z,paid,cash,2026-04-24T13:22:00.000Z,completed,
TXN_00573,LOT_00759,COL_0008,REC_013,mixed_plastic|crt,39.8,1120.89,1003.28,963.29,Nashik,Nashik,2026-07-28T22:21:00.000Z,unpaid,cash,,completed,
TXN_00574,LOT_00760,COL_0010,REC_004,battery,35.05,2728.38,2445.83,2495.26,Pune,Pune,2026-03-04T04:21:00.000Z,unpaid,cash,,completed,
TXN_00575,LOT_00761,COL_0001,REC_013,motor_magnet,4.34,799.88,710.9,705.58,Nashik,Nashik,2026-02-26T15:32:00.000Z,paid,cash,2026-02-26T19:06:00.000Z,completed,
TXN_00576,LOT_00762,COL_0028,REC_007,mixed_plastic|battery,127.66,6252.08,6019.54,6071.27,Mumbai Suburban,Mumbai Suburban,2025-11-13T06:29:00.000Z,paid,cash,2025-11-13T09:46:00.000Z,completed,
TXN_00577,LOT_00764,COL_0027,REC_012,mixed_plastic,38.86,752.02,712.48,680.7,Nashik,Nashik,2026-08-02T00:31:00.000Z,unpaid,upi,,completed,
TXN_00578,LOT_00766,COL_0025,REC_003,cable|lcd_panel,74.5,13620.38,12975.84,13079.6,Pune,Pune,2025-12-21T11:40:00.000Z,paid,cash,2025-12-21T13:13:00.000Z,completed,
TXN_00579,LOT_00767,COL_0027,REC_013,battery,0.59,124.59,116.71,118.64,Nashik,Nashik,2026-04-04T22:48:00.000Z,paid,upi,2026-04-05T00:12:00.000Z,completed,
TXN_00580,LOT_00768,COL_0019,REC_011,lcd_panel,6.35,143.89,144.94,140.44,Thane,Thane,2026-08-30T00:56:00.000Z,unpaid,cash,,pending,DUPLICATE_PHOTO
TXN_00581,LOT_00769,COL_0016,REC_008,mixed_plastic|motor_magnet|pcb|cable,71.46,9434.28,9282.28,9104.23,Mumbai Suburban,Mumbai Suburban,2025-09-10T16:51:00.000Z,unpaid,upi,,pending,
TXN_00582,LOT_00771,COL_0024,REC_007,mixed_plastic,11.25,245.2,234.77,225.85,Mumbai Suburban,Mumbai Suburban,2026-02-02T19:37:00.000Z,paid,upi,2026-02-02T20:11:00.000Z,completed,
TXN_00583,LOT_00772,COL_0037,REC_005,pcb|motor_magnet,6.6,2388.19,2623.19,2594.3,Pune,Pune,2026-04-05T08:30:00.000Z,paid,cash,2026-04-05T10:17:00.000Z,completed,
TXN_00584,LOT_00775,COL_0010,REC_003,motor_magnet,2.91,98.34,106.28,112.48,Pune,Pune,2025-11-24T15:35:00.000Z,paid,cash,2025-11-24T16:33:00.000Z,completed,
TXN_00585,LOT_00776,COL_0019,REC_010,mixed_plastic|motor_magnet,24.75,1889.15,1796.92,1769.08,Thane,Thane,2026-02-25T08:00:00.000Z,paid,cash,2026-02-25T10:40:00.000Z,completed,
TXN_00586,LOT_00778,COL_0041,REC_020,lcd_panel|pcb,24.85,3697.66,3612.32,3534.35,Bengaluru Urban,Bengaluru Urban,2026-02-08T00:34:00.000Z,paid,cash,2026-02-08T02:16:00.000Z,completed,
TXN_00587,LOT_00779,COL_0053,REC_013,pcb,11.69,3411.94,3379.45,3374.81,Nashik,Nashik,2026-03-14T05:35:00.000Z,paid,cash,2026-03-14T08:35:00.000Z,completed,
TXN_00588,LOT_00780,COL_0036,REC_007,battery|mixed_plastic,10.49,684.04,671.35,664.61,Mumbai Suburban,Mumbai Suburban,2025-12-08T23:49:00.000Z,paid,cash,2025-12-09T00:03:00.000Z,completed,
TXN_00589,LOT_00781,COL_0033,REC_010,motor_magnet|cable,30.86,4887.48,5230.07,5030.43,Thane,Thane,2025-12-25T02:46:00.000Z,paid,cash,2025-12-25T03:55:00.000Z,completed,
TXN_00590,LOT_00782,COL_0013,REC_020,cable,43.38,7280.44,7379.41,7708.43,Bengaluru Urban,Bengaluru Urban,2025-12-18T17:25:00.000Z,paid,cash,2025-12-18T18:12:00.000Z,completed,
TXN_00591,LOT_00783,COL_0050,REC_003,cable|motor_magnet|crt,268.94,4902.91,4990.19,4855.62,Pune,Pune,2026-03-04T05:28:00.000Z,unpaid,cash,,pending,
TXN_00592,LOT_00784,COL_0030,REC_012,mixed_plastic,7.16,178.93,162.35,161.77,Nashik,Nashik,2026-04-19T08:36:00.000Z,paid,cash,2026-04-19T10:11:00.000Z,completed,
TXN_00593,LOT_00787,COL_0054,REC_002,motor_magnet|pcb,46.57,4840.66,5169.88,5073.5,Pune,Pune,2026-01-01T12:26:00.000Z,unpaid,cash,,completed,
TXN_00594,LOT_00788,COL_0006,REC_007,motor_magnet|cable,46.49,6850.17,6460.07,6478.96,Mumbai Suburban,Mumbai Suburban,2026-03-03T11:41:00.000Z,paid,bank_transfer,2026-03-03T15:41:00.000Z,completed,
TXN_00595,LOT_00789,COL_0041,REC_020,pcb|crt,123.97,1364.15,1281.69,1304.76,Bengaluru Urban,Bengaluru Urban,2025-11-08T23:36:00.000Z,paid,cash,2025-11-09T01:38:00.000Z,completed,
TXN_00596,LOT_00790,COL_0058,REC_019,mixed_plastic|motor_magnet|pcb,18.66,2247.39,1937.9,1873.69,New Delhi,New Delhi,2025-09-17T06:14:00.000Z,paid,cash,2025-09-17T08:31:00.000Z,completed,
TXN_00597,LOT_00792,COL_0003,REC_003,mixed_plastic|pcb,49.99,1296.88,1406.3,1412.31,Pune,Pune,2025-11-26T10:03:00.000Z,paid,cash,2025-11-26T10:36:00.000Z,completed,
TXN_00598,LOT_00793,COL_0041,REC_020,crt|battery|pcb,43.74,3282.48,3458.25,3503.16,Bengaluru Urban,Bengaluru Urban,2025-11-27T21:29:00.000Z,paid,cash,2025-11-28T00:01:00.000Z,completed,
TXN_00599,LOT_00794,COL_0032,REC_007,motor_magnet,3.16,245.43,248.62,253.97,Mumbai Suburban,Mumbai Suburban,2026-04-07T00:30:00.000Z,partial,cash,,completed,
TXN_00600,LOT_00796,COL_0044,REC_001,motor_magnet,5.47,603.87,641.25,621.68,Pune,Pune,2025-11-07T20:40:00.000Z,paid,cash,2025-11-07T21:35:00.000Z,completed,
TXN_00601,LOT_00797,COL_0005,REC_014,pcb|mixed_plastic,38.94,1041.55,936.55,930.51,Nagpur,Nagpur,2026-01-26T10:22:00.000Z,paid,cash,2026-01-26T12:44:00.000Z,completed,
TXN_00602,LOT_00799,COL_0032,REC_007,cable|crt,223.07,4984.27,5114.98,5058.36,Mumbai Suburban,Mumbai Suburban,2025-11-29T13:57:00.000Z,paid,upi,2025-11-29T17:31:00.000Z,completed,
TXN_00603,LOT_00800,COL_0035,REC_006,lcd_panel|cable,92.93,11826.39,9745.3,10189.7,Mumbai Suburban,Mumbai Suburban,2026-01-18T05:11:00.000Z,paid,cash,2026-01-18T07:20:00.000Z,completed,
TXN_00604,LOT_00802,COL_0003,REC_005,pcb|cable,1.96,326.85,346.58,341.09,Pune,Pune,2025-12-29T03:51:00.000Z,paid,cash,2025-12-29T07:17:00.000Z,completed,
TXN_00605,LOT_00804,COL_0001,REC_013,lcd_panel|mixed_plastic|cable,50.64,7904.42,7627.34,7488.61,Nashik,Nashik,2025-10-26T18:40:00.000Z,paid,cash,2025-10-26T19:49:00.000Z,completed,
TXN_00606,LOT_00805,COL_0042,REC_004,cable,32.7,4181.68,4090.09,3965.86,Pune,Pune,2026-04-23T01:16:00.000Z,unpaid,cash,,pending,
TXN_00607,LOT_00806,COL_0013,REC_020,lcd_panel,5.35,63.77,66.01,67.55,Bengaluru Urban,Bengaluru Urban,2026-02-10T05:11:00.000Z,paid,upi,2026-02-10T07:55:00.000Z,completed,
TXN_00608,LOT_00809,COL_0030,REC_013,pcb,0.18,659.05,632.38,363.26,Nashik,Nashik,2026-04-25T21:37:00.000Z,paid,cash,2026-04-26T00:57:00.000Z,completed,PRICE_FAR_BELOW_MARKET|FINAL_BELOW_QUOTE
TXN_00609,LOT_00811,COL_0004,REC_004,cable,29.28,2796.47,2800.17,2846.63,Pune,Pune,2026-02-07T12:49:00.000Z,paid,cash,2026-02-07T14:33:00.000Z,completed,
TXN_00610,LOT_00812,COL_0043,REC_005,battery|cable,43.26,4009.81,3640.09,3635.85,Pune,Pune,2026-05-20T23:11:00.000Z,paid,cash,2026-05-21T00:33:00.000Z,completed,DUPLICATE_PHOTO
TXN_00611,LOT_00813,COL_0009,REC_012,crt|lcd_panel,32.66,941.87,904.01,943.29,Nashik,Nashik,2026-04-09T22:53:00.000Z,unpaid,cash,,completed,
TXN_00612,LOT_00814,COL_0048,REC_010,mixed_plastic|pcb,28.68,541.5,620.25,626.42,Thane,Thane,2026-04-27T05:29:00.000Z,paid,cash,2026-04-27T08:34:00.000Z,completed,
TXN_00613,LOT_00815,COL_0002,REC_007,cable|crt|mixed_plastic,191.95,6781.52,6601.16,6523.61,Mumbai Suburban,Mumbai Suburban,2026-04-11T16:36:00.000Z,paid,cash,2026-04-11T18:35:00.000Z,completed,
TXN_00614,LOT_00816,COL_0009,REC_013,crt,16.73,108.74,120.16,118.69,Nashik,Nashik,2026-02-25T14:09:00.000Z,paid,cash,2026-02-25T15:34:00.000Z,completed,
TXN_00615,LOT_00817,COL_0033,REC_011,battery|pcb,23.45,2432.66,2195.69,2198.87,Thane,Thane,2026-06-19T11:02:00.000Z,unpaid,cash,,completed,
TXN_00616,LOT_00819,COL_0017,REC_010,pcb|cable,30.11,9398.15,9873.05,9957.7,Thane,Thane,2026-06-14T06:37:00.000Z,paid,cash,2026-06-14T07:44:00.000Z,completed,
TXN_00617,LOT_00820,COL_0023,REC_019,cable|pcb|motor_magnet|mixed_plastic,88.39,7700.23,7752.59,7621.81,New Delhi,New Delhi,2026-01-12T21:25:00.000Z,paid,cash,2026-01-13T00:30:00.000Z,completed,
TXN_00618,LOT_00821,COL_0056,REC_007,motor_magnet,10.62,1262.2,1206.14,1254.76,Mumbai Suburban,Mumbai Suburban,2026-03-09T23:12:00.000Z,paid,cash,2026-03-10T02:04:00.000Z,completed,
TXN_00619,LOT_00822,COL_0042,REC_005,battery|mixed_plastic,33.27,939.64,969.47,962.07,Pune,Pune,2025-10-25T09:34:00.000Z,unpaid,cash,,completed,
TXN_00620,LOT_00824,COL_0038,REC_013,cable,19.44,2638.46,2912.96,2918.22,Nashik,Nashik,2025-10-01T00:45:00.000Z,paid,cash,2025-10-01T03:31:00.000Z,completed,
TXN_00621,LOT_00826,COL_0006,REC_008,pcb|mixed_plastic,7.45,697.78,723.01,722.05,Mumbai Suburban,Mumbai Suburban,2026-01-01T13:24:00.000Z,unpaid,cash,,completed,
TXN_00622,LOT_00827,COL_0036,REC_007,mixed_plastic|cable,41.9,1789.67,1757.74,1801.17,Mumbai Suburban,Mumbai Suburban,2026-03-27T04:16:00.000Z,paid,cash,2026-03-27T08:08:00.000Z,completed,
TXN_00623,LOT_00828,COL_0012,REC_005,battery|crt,2.31,193.9,198.57,198.54,Pune,Pune,2025-10-18T12:41:00.000Z,paid,cash,2025-10-18T14:25:00.000Z,completed,
TXN_00624,LOT_00831,COL_0050,REC_003,mixed_plastic|motor_magnet,26.23,3622.67,3159.35,3179.14,Pune,Pune,2026-06-14T05:53:00.000Z,paid,cash,2026-06-14T08:16:00.000Z,completed,
TXN_00625,LOT_00832,COL_0047,REC_019,battery|motor_magnet,5.16,424.38,453.86,457.76,New Delhi,New Delhi,2025-10-23T07:51:00.000Z,paid,cash,2025-10-23T08:31:00.000Z,completed,
TXN_00626,LOT_00833,COL_0046,REC_004,mixed_plastic,3.33,62.91,62.8,64.98,Pune,Pune,2026-08-05T13:53:00.000Z,partial,cash,,completed,
TXN_00627,LOT_00834,COL_0003,REC_004,mixed_plastic,41.78,962.61,995.88,973.75,Pune,Pune,2026-06-11T20:10:00.000Z,paid,cash,2026-06-11T22:55:00.000Z,completed,
TXN_00628,LOT_00835,COL_0042,REC_001,pcb|cable,32.12,12802.17,13271.67,8979.98,Pune,Pune,2026-05-19T18:22:00.000Z,paid,cash,2026-05-19T22:21:00.000Z,completed,PRICE_BELOW_MARKET|FINAL_BELOW_QUOTE
TXN_00629,LOT_00836,COL_0042,REC_004,mixed_plastic|cable,46.38,4553.11,4825.9,5024.65,Pune,Pune,2025-09-24T20:53:00.000Z,paid,cash,2025-09-24T23:35:00.000Z,completed,
TXN_00630,LOT_00837,COL_0029,REC_007,mixed_plastic,20.77,773.11,724.01,725.59,Mumbai Suburban,Mumbai Suburban,2026-04-07T19:57:00.000Z,paid,cash,2026-04-07T20:27:00.000Z,completed,
TXN_00631,LOT_00839,COL_0046,REC_005,pcb,1.61,674.89,704.53,692.78,Pune,Pune,2025-11-19T00:09:00.000Z,paid,cash,2025-11-19T03:47:00.000Z,completed,
TXN_00632,LOT_00840,COL_0050,REC_001,pcb|cable,48.56,15818.04,13486.25,13711.51,Pune,Pune,2026-07-11T19:14:00.000Z,paid,cash,2026-07-11T22:43:00.000Z,completed,
TXN_00633,LOT_00841,COL_0056,REC_007,mixed_plastic|motor_magnet,35.48,573.83,536.15,538.85,Mumbai Suburban,Mumbai Suburban,2026-07-05T04:26:00.000Z,paid,upi,2026-07-05T08:05:00.000Z,completed,
TXN_00634,LOT_00842,COL_0039,REC_011,cable|pcb,48.01,8676.07,8506.61,8852.89,Thane,Thane,2026-08-17T21:29:00.000Z,paid,cash,2026-08-17T23:44:00.000Z,completed,
TXN_00635,LOT_00843,COL_0038,REC_013,pcb,0.2,753.32,721.73,729.9,Nashik,Nashik,2026-02-25T16:10:00.000Z,paid,cash,2026-02-25T19:59:00.000Z,completed,
TXN_00636,LOT_00844,COL_0032,REC_008,pcb|cable,1.33,654.41,645.31,644.54,Mumbai Suburban,Mumbai Suburban,2025-10-12T08:02:00.000Z,paid,cash,2025-10-12T10:03:00.000Z,completed,
TXN_00637,LOT_00845,COL_0019,REC_011,pcb,1.26,412.51,430.54,433.69,Thane,Thane,2026-07-11T14:16:00.000Z,unpaid,cash,,completed,
TXN_00638,LOT_00846,COL_0037,REC_002,cable,10.03,617.27,636.78,623.94,Pune,Pune,2025-12-08T11:37:00.000Z,paid,cash,2025-12-08T13:31:00.000Z,completed,WEIGHT_MISMATCH_AT_HANDOVER
TXN_00639,LOT_00848,COL_0055,REC_008,pcb,7.1,2509.92,2460.13,2474.66,Mumbai Suburban,Mumbai Suburban,2026-07-11T21:31:00.000Z,paid,cash,2026-07-11T23:14:00.000Z,completed,
TXN_00640,LOT_00849,COL_0012,REC_005,pcb,7.36,987.95,942.43,958.27,Pune,Pune,2026-05-01T10:06:00.000Z,paid,cash,2026-05-01T13:18:00.000Z,completed,
TXN_00641,LOT_00850,COL_0003,REC_003,mixed_plastic,42.12,442.2,474.87,456.72,Pune,Pune,2026-01-31T04:25:00.000Z,paid,upi,2026-01-31T07:50:00.000Z,completed,
TXN_00642,LOT_00851,COL_0037,REC_003,lcd_panel|motor_magnet,16.69,1081.87,1091.29,1085.27,Pune,Pune,2026-08-26T16:56:00.000Z,unpaid,cash,,pending,
TXN_00643,LOT_00852,COL_0048,REC_010,cable,20.55,3276.33,3378.11,3465.2,Thane,Thane,2025-09-05T10:34:00.000Z,paid,cash,2025-09-05T13:55:00.000Z,completed,
TXN_00644,LOT_00853,COL_0054,REC_003,mixed_plastic|crt|motor_magnet,27.9,1615.01,1610.75,1632.17,Pune,Pune,2025-10-07T15:23:00.000Z,paid,cash,2025-10-07T18:43:00.000Z,completed,
TXN_00645,LOT_00855,COL_0053,REC_013,battery|lcd_panel|motor_magnet,9.02,1417.45,1272.26,1280.58,Nashik,Nashik,2025-11-08T11:46:00.000Z,paid,cash,2025-11-08T13:29:00.000Z,completed,
TXN_00646,LOT_00856,COL_0014,REC_001,pcb,5.97,807.7,831.4,835.37,Pune,Pune,2025-12-22T08:51:00.000Z,paid,cash,2025-12-22T11:29:00.000Z,completed,
TXN_00647,LOT_00857,COL_0001,REC_012,mixed_plastic,16.97,401.51,428.05,292.39,Nashik,Nashik,2025-09-09T10:40:00.000Z,paid,cash,2025-09-09T11:37:00.000Z,completed,PRICE_BELOW_MARKET|FINAL_BELOW_QUOTE
TXN_00648,LOT_00858,COL_0024,REC_007,mixed_plastic|cable|motor_magnet,37.03,6809.97,6839.33,6873.67,Mumbai Suburban,Mumbai Suburban,2026-02-22T11:08:00.000Z,paid,cash,2026-02-22T11:39:00.000Z,completed,
TXN_00649,LOT_00859,COL_0030,REC_012,mixed_plastic,24.92,631.22,568.79,556.06,Nashik,Nashik,2026-04-02T21:24:00.000Z,paid,cash,2026-04-03T01:00:00.000Z,completed,
TXN_00650,LOT_00860,COL_0048,REC_011,lcd_panel,67.37,1557.03,1553.37,1508.28,Thane,Thane,2026-03-23T01:36:00.000Z,unpaid,cash,,pending,
TXN_00651,LOT_00862,COL_0037,REC_001,pcb|mixed_plastic|motor_magnet,38.97,1749.99,1850.75,1856.56,Pune,Pune,2026-02-15T16:21:00.000Z,paid,cash,2026-02-15T18:07:00.000Z,completed,
TXN_00652,LOT_00863,COL_0038,REC_012,mixed_plastic|motor_magnet,18.25,1125.81,1134.04,1121.11,Nashik,Nashik,2026-04-14T21:02:00.000Z,paid,upi,2026-04-14T22:35:00.000Z,completed,
TXN_00653,LOT_00865,COL_0059,REC_003,motor_magnet|battery,12.67,1709.21,1673.6,1730.97,Pune,Pune,2025-11-29T08:53:00.000Z,paid,cash,2025-11-29T10:22:00.000Z,completed,
TXN_00654,LOT_00866,COL_0004,REC_001,motor_magnet,1,58.5,52.84,51.5,Pune,Pune,2025-11-05T00:23:00.000Z,paid,cash,2025-11-05T03:45:00.000Z,completed,
TXN_00655,LOT_00867,COL_0006,REC_007,crt|cable,120.61,6983.59,6526.85,6368.25,Mumbai Suburban,Mumbai Suburban,2025-11-20T20:41:00.000Z,paid,cash,2025-11-20T22:58:00.000Z,completed,
TXN_00656,LOT_00870,COL_0004,REC_002,battery,0.04,7.31,7.56,7.65,Pune,Pune,2026-05-20T04:20:00.000Z,paid,cash,2026-05-20T04:22:00.000Z,completed,
TXN_00657,LOT_00871,COL_0039,REC_011,pcb,5.61,677.05,620.67,400.12,Thane,Thane,2025-10-10T01:53:00.000Z,unpaid,cash,,pending,PRICE_FAR_BELOW_MARKET|FINAL_BELOW_QUOTE
TXN_00658,LOT_00872,COL_0021,REC_002,lcd_panel|battery,57.59,4081.98,4038.19,4134.06,Pune,Pune,2026-07-21T13:59:00.000Z,paid,cash,2026-07-21T15:52:00.000Z,completed,DUPLICATE_PHOTO
TXN_00659,LOT_00873,COL_0042,REC_004,battery|pcb,28.81,4670.79,4512.25,4336.87,Pune,Pune,2026-02-16T23:07:00.000Z,paid,cash,2026-02-17T00:29:00.000Z,completed,
TXN_00660,LOT_00874,COL_0059,REC_005,battery|mixed_plastic,36,2204.26,2232.05,2330.61,Pune,Pune,2025-10-06T16:21:00.000Z,paid,cash,2025-10-06T17:37:00.000Z,completed,
TXN_00661,LOT_00875,COL_0036,REC_008,pcb,4.43,530.23,520.19,513.18,Mumbai Suburban,Mumbai Suburban,2026-01-07T00:32:00.000Z,paid,cash,2026-01-07T04:12:00.000Z,completed,DUPLICATE_PHOTO
TXN_00662,LOT_00876,COL_0041,REC_021,mixed_plastic,40.57,997.21,1010,1021.26,Bengaluru Urban,Bengaluru Urban,2026-05-26T05:00:00.000Z,paid,cash,2026-05-26T07:34:00.000Z,completed,
TXN_00663,LOT_00877,COL_0009,REC_013,motor_magnet,6.34,918.6,916.52,902.07,Nashik,Nashik,2026-02-07T13:18:00.000Z,unpaid,cash,,completed,
TXN_00664,LOT_00881,COL_0006,REC_007,motor_magnet|battery|mixed_plastic,11,247.63,259.8,270.83,Mumbai Suburban,Mumbai Suburban,2025-10-27T02:04:00.000Z,paid,cash,2025-10-27T02:17:00.000Z,completed,
TXN_00665,LOT_00884,COL_0016,REC_007,motor_magnet,3.38,252.18,269.6,263.46,Mumbai Suburban,Mumbai Suburban,2026-07-12T11:00:00.000Z,paid,cash,2026-07-12T11:32:00.000Z,completed,
TXN_00666,LOT_00886,COL_0003,REC_005,pcb|crt|cable,68.92,15490.89,15445.01,15639.8,Pune,Pune,2025-09-22T11:03:00.000Z,paid,cash,2025-09-22T12:53:00.000Z,completed,
TXN_00667,LOT_00889,COL_0020,REC_010,motor_magnet|cable,37.99,6287.19,6330.4,6456.39,Thane,Thane,2026-02-05T19:47:00.000Z,paid,cash,2026-02-05T21:46:00.000Z,completed,
TXN_00668,LOT_00891,COL_0018,REC_008,pcb,2.1,251.35,225.65,232.85,Mumbai Suburban,Mumbai Suburban,2025-12-13T00:33:00.000Z,paid,upi,2025-12-13T02:46:00.000Z,completed,
TXN_00669,LOT_00893,COL_0010,REC_005,pcb|mixed_plastic|battery|cable,38.31,2337.84,1885.77,1937.97,Pune,Pune,2026-03-12T10:36:00.000Z,paid,cash,2026-03-12T12:35:00.000Z,completed,
TXN_00670,LOT_00894,COL_0039,REC_011,crt,172.76,1240.01,1125.49,1159.03,Thane,Thane,2026-01-09T01:01:00.000Z,paid,cash,2026-01-09T01:32:00.000Z,completed,
TXN_00671,LOT_00902,COL_0019,REC_011,battery|pcb|cable,70.97,10644.44,11487.67,12052.27,Thane,Thane,2025-12-15T06:35:00.000Z,paid,cash,2025-12-15T08:36:00.000Z,completed,
TXN_00672,LOT_00903,COL_0022,REC_007,motor_magnet|pcb,43.25,6485.32,6251.23,6373.09,Mumbai Suburban,Mumbai Suburban,2026-08-05T22:13:00.000Z,paid,cash,2026-08-06T01:39:00.000Z,completed,
TXN_00673,LOT_00904,COL_0007,REC_010,motor_magnet|cable|mixed_plastic,35.89,5196.58,4627.65,4675.16,Thane,Thane,2026-02-08T19:53:00.000Z,paid,cash,2026-02-08T23:31:00.000Z,completed,
TXN_00674,LOT_00905,COL_0030,REC_012,battery|cable,67.87,7278.47,7613.46,7681.62,Nashik,Nashik,2026-07-26T01:18:00.000Z,paid,cash,2026-07-26T02:08:00.000Z,completed,
TXN_00675,LOT_00906,COL_0009,REC_013,motor_magnet,7.67,2126.53,1994.51,1993.44,Nashik,Nashik,2025-10-07T00:02:00.000Z,paid,cash,2025-10-07T01:55:00.000Z,completed,
TXN_00676,LOT_00907,COL_0048,REC_011,mixed_plastic,44.11,766.68,765.94,742.99,Thane,Thane,2026-02-27T08:10:00.000Z,paid,cash,2026-02-27T09:11:00.000Z,completed,
TXN_00677,LOT_00908,COL_0014,REC_005,cable|battery,50.17,5065.21,5209.54,5347.46,Pune,Pune,2026-05-27T16:12:00.000Z,paid,cash,2026-05-27T20:00:00.000Z,completed,DUPLICATE_PHOTO
TXN_00678,LOT_00909,COL_0048,REC_010,cable,31.97,4768.96,4700.42,4779.41,Thane,Thane,2026-03-27T04:27:00.000Z,paid,cash,2026-03-27T05:51:00.000Z,completed,
TXN_00679,LOT_00911,COL_0017,REC_010,mixed_plastic,59.59,1788.69,1801.48,1897.62,Thane,Thane,2026-06-08T06:51:00.000Z,paid,cash,2026-06-08T10:10:00.000Z,completed,
TXN_00680,LOT_00912,COL_0001,REC_013,pcb,0.2,206.66,196.39,195.52,Nashik,Nashik,2026-05-08T21:01:00.000Z,paid,cash,2026-05-08T22:09:00.000Z,completed,
TXN_00681,LOT_00913,COL_0046,REC_005,pcb,0.22,159.83,164.72,167.68,Pune,Pune,2026-04-30T09:22:00.000Z,paid,cash,2026-04-30T11:02:00.000Z,completed,
TXN_00682,LOT_00914,COL_0056,REC_007,mixed_plastic,37.73,602.91,563.75,560.21,Mumbai Suburban,Mumbai Suburban,2026-02-26T09:48:00.000Z,paid,cash,2026-02-26T12:26:00.000Z,completed,
TXN_00683,LOT_00916,COL_0059,REC_004,motor_magnet|cable|mixed_plastic,76.5,15565.59,15694.59,16349.9,Pune,Pune,2025-10-09T17:03:00.000Z,unpaid,cash,,completed,
TXN_00684,LOT_00918,COL_0051,REC_008,pcb|cable,36.06,5272.85,4800.07,5032.05,Mumbai Suburban,Mumbai Suburban,2026-03-29T08:24:00.000Z,paid,cash,2026-03-29T11:58:00.000Z,completed,
TXN_00685,LOT_00919,COL_0017,REC_011,motor_magnet,37.49,5917.05,5889.18,5910.39,Thane,Thane,2026-06-09T18:45:00.000Z,paid,cash,2026-06-09T19:31:00.000Z,completed,
TXN_00686,LOT_00920,COL_0014,REC_001,battery|pcb,86.67,7036.81,7142.18,7230.35,Pune,Pune,2025-10-02T01:06:00.000Z,paid,cash,2025-10-02T01:30:00.000Z,completed,
TXN_00687,LOT_00921,COL_0016,REC_007,lcd_panel,31.71,3340.01,3200.91,3193.94,Mumbai Suburban,Mumbai Suburban,2026-01-29T09:47:00.000Z,partial,cash,,completed,
TXN_00688,LOT_00922,COL_0006,REC_007,cable|mixed_plastic,76.96,7786.95,7548.72,7533.55,Mumbai Suburban,Mumbai Suburban,2026-07-02T14:01:00.000Z,paid,cash,2026-07-02T16:40:00.000Z,completed,
TXN_00689,LOT_00925,COL_0019,REC_011,lcd_panel|cable,30.82,964.04,944.07,550.59,Thane,Thane,2026-05-03T20:08:00.000Z,paid,cash,2026-05-03T20:23:00.000Z,completed,PRICE_FAR_BELOW_MARKET|FINAL_BELOW_QUOTE
TXN_00690,LOT_00927,COL_0033,REC_010,cable,44.04,9761.69,9189.26,9067.24,Thane,Thane,2025-09-15T18:36:00.000Z,paid,cash,2025-09-15T21:25:00.000Z,completed,
TXN_00691,LOT_00928,COL_0044,REC_001,cable|battery,46.34,5718.66,5016.84,4715.83,Pune,Pune,2025-10-18T03:33:00.000Z,unpaid,cash,,pending,
TXN_00692,LOT_00929,COL_0008,REC_012,cable|pcb,24.58,3932.24,4054.01,4056.2,Nashik,Nashik,2026-06-07T11:24:00.000Z,paid,cash,2026-06-07T13:59:00.000Z,completed,
TXN_00693,LOT_00930,COL_0045,REC_020,cable|mixed_plastic,46.91,6819.54,6625.95,6564.81,Bengaluru Urban,Bengaluru Urban,2026-07-14T04:54:00.000Z,paid,cash,2026-07-14T06:36:00.000Z,completed,
TXN_00694,LOT_00931,COL_0019,REC_010,cable,29.19,12139.83,11449.66,11233.46,Thane,Thane,2025-12-27T08:01:00.000Z,unpaid,cash,,pending,
TXN_00695,LOT_00932,COL_0039,REC_011,lcd_panel|pcb,13.45,2584.54,2450.34,2434.12,Thane,Thane,2026-06-19T15:05:00.000Z,paid,cash,2026-06-19T18:57:00.000Z,completed,
TXN_00696,LOT_00933,COL_0026,REC_019,battery|cable,26.39,3553.29,3412,3306.3,New Delhi,New Delhi,2026-04-18T20:46:00.000Z,unpaid,cash,,completed,
TXN_00697,LOT_00934,COL_0030,REC_013,lcd_panel,6.28,96.66,88.75,89.42,Nashik,Nashik,2026-07-04T18:28:00.000Z,paid,cash,2026-07-04T19:41:00.000Z,completed,
TXN_00698,LOT_00936,COL_0045,REC_020,cable,30.42,4922.43,4659.62,4655.93,Bengaluru Urban,Bengaluru Urban,2025-11-30T19:41:00.000Z,partial,cash,,completed,
TXN_00699,LOT_00937,COL_0025,REC_005,crt,4.12,307.02,331.31,336.24,Pune,Pune,2026-08-16T17:58:00.000Z,paid,cash,2026-08-16T21:52:00.000Z,completed,
TXN_00700,LOT_00941,COL_0030,REC_013,motor_magnet,6.14,1620.78,1651.13,1609.6,Nashik,Nashik,2026-05-04T03:26:00.000Z,paid,cash,2026-05-04T06:58:00.000Z,completed,
TXN_00701,LOT_00942,COL_0044,REC_002,pcb|cable|battery,21.16,8013.46,7132.58,7380.92,Pune,Pune,2025-10-22T07:30:00.000Z,paid,cash,2025-10-22T10:24:00.000Z,completed,
TXN_00702,LOT_00943,COL_0045,REC_021,cable,38.34,5163.14,5260.45,5264.02,Bengaluru Urban,Bengaluru Urban,2026-04-10T22:52:00.000Z,paid,upi,2026-04-11T02:12:00.000Z,completed,
TXN_00703,LOT_00946,COL_0017,REC_010,mixed_plastic|pcb,33.87,1137.42,1190.72,1168.31,Thane,Thane,2026-01-10T01:41:00.000Z,paid,cash,2026-01-10T02:54:00.000Z,completed,
TXN_00704,LOT_00947,COL_0011,REC_014,cable|pcb|battery,35.81,5872.62,6226.7,6234.44,Nagpur,Nagpur,2026-05-27T09:24:00.000Z,partial,cash,,completed,
TXN_00705,LOT_00949,COL_0012,REC_002,lcd_panel|battery|motor_magnet,21.53,2360.79,2156.2,2119.39,Pune,Pune,2026-06-07T21:23:00.000Z,paid,cash,2026-06-07T22:51:00.000Z,completed,
TXN_00706,LOT_00950,COL_0027,REC_012,crt|battery|lcd_panel,28.49,1639.02,1697.38,1673.02,Nashik,Nashik,2025-12-19T10:24:00.000Z,paid,cash,2025-12-19T11:46:00.000Z,completed,
TXN_00707,LOT_00951,COL_0011,REC_014,battery,119.2,7947.91,7766.42,7706.95,Nagpur,Nagpur,2026-03-14T05:01:00.000Z,paid,cash,2026-03-14T06:22:00.000Z,completed,
TXN_00708,LOT_00953,COL_0014,REC_005,mixed_plastic|cable|crt,67.94,3904.92,4027.57,3837.26,Pune,Pune,2025-10-23T17:56:00.000Z,paid,cash,2025-10-23T21:09:00.000Z,completed,
TXN_00709,LOT_00954,COL_0027,REC_012,pcb|battery|mixed_plastic,67.88,2364.72,2691.81,2688.99,Nashik,Nashik,2026-08-04T09:57:00.000Z,paid,bank_transfer,2026-08-04T11:18:00.000Z,completed,
TXN_00710,LOT_00956,COL_0027,REC_013,motor_magnet,3.34,211.15,194.65,192.4,Nashik,Nashik,2025-10-23T04:50:00.000Z,paid,cash,2025-10-23T08:37:00.000Z,completed,
TXN_00711,LOT_00957,COL_0052,REC_021,motor_magnet|pcb,45.16,3660.71,3986.49,4088.38,Bengaluru Urban,Bengaluru Urban,2025-10-05T02:05:00.000Z,paid,cash,2025-10-05T05:47:00.000Z,completed,
TXN_00712,LOT_00958,COL_0046,REC_002,crt|mixed_plastic|cable,54.18,7703.5,7562.15,7558.53,Pune,Pune,2026-03-19T01:40:00.000Z,paid,cash,2026-03-19T01:58:00.000Z,completed,
TXN_00713,LOT_00959,COL_0056,REC_007,crt|mixed_plastic,100.99,852.86,829.71,832.33,Mumbai Suburban,Mumbai Suburban,2026-08-22T00:02:00.000Z,partial,upi,,completed,
TXN_00714,LOT_00960,COL_0001,REC_013,mixed_plastic|pcb|crt,172.09,3894.28,4006.32,3861.74,Nashik,Nashik,2026-06-23T06:14:00.000Z,paid,upi,2026-06-23T09:05:00.000Z,completed,
TXN_00715,LOT_00961,COL_0054,REC_004,crt,88.27,730.98,652.03,649.47,Pune,Pune,2026-02-25T01:34:00.000Z,partial,cash,,completed,
TXN_00716,LOT_00962,COL_0037,REC_004,pcb|crt,136.94,1614.12,1727.6,1724.8,Pune,Pune,2026-05-04T06:33:00.000Z,paid,cash,2026-05-04T07:08:00.000Z,completed,
TXN_00717,LOT_00963,COL_0027,REC_012,battery,43.75,3438.26,3002.48,3021.13,Nashik,Nashik,2026-05-10T15:18:00.000Z,paid,bank_transfer,2026-05-10T15:30:00.000Z,completed,
TXN_00718,LOT_00964,COL_0028,REC_007,motor_magnet|cable,37.91,5656.7,5885.56,5781.74,Mumbai Suburban,Mumbai Suburban,2026-04-03T05:38:00.000Z,paid,cash,2026-04-03T07:28:00.000Z,completed,
TXN_00719,LOT_00966,COL_0006,REC_008,pcb,9.64,1439.64,1457.71,1499.34,Mumbai Suburban,Mumbai Suburban,2026-04-01T15:39:00.000Z,paid,cash,2026-04-01T16:26:00.000Z,completed,
TXN_00720,LOT_00967,COL_0022,REC_008,pcb,9.04,1461.6,1501.68,1487.63,Mumbai Suburban,Mumbai Suburban,2026-01-09T21:14:00.000Z,paid,cash,2026-01-10T01:00:00.000Z,completed,
TXN_00721,LOT_00968,COL_0042,REC_004,mixed_plastic,20.53,387.87,385.83,375.23,Pune,Pune,2026-06-10T11:01:00.000Z,paid,cash,2026-06-10T12:13:00.000Z,completed,
TXN_00722,LOT_00969,COL_0037,REC_001,pcb,7.97,732.14,707.68,703.49,Pune,Pune,2026-08-22T13:42:00.000Z,paid,cash,2026-08-22T15:41:00.000Z,completed,
TXN_00723,LOT_00970,COL_0036,REC_008,battery|pcb,9.37,1070.82,1100,1130.61,Mumbai Suburban,Mumbai Suburban,2026-04-25T23:31:00.000Z,paid,cash,2026-04-26T03:30:00.000Z,completed,
TXN_00724,LOT_00971,COL_0035,REC_007,mixed_plastic,22.14,772.46,744.61,728.27,Mumbai Suburban,Mumbai Suburban,2025-11-05T12:22:00.000Z,paid,cash,2025-11-05T13:06:00.000Z,completed,
TXN_00725,LOT_00972,COL_0029,REC_008,pcb,8.09,2345.11,2317.23,2395.76,Mumbai Suburban,Mumbai Suburban,2026-07-21T05:14:00.000Z,paid,cash,2026-07-21T08:46:00.000Z,completed,
TXN_00726,LOT_00974,COL_0032,REC_008,pcb,3.95,751.74,678.29,691.23,Mumbai Suburban,Mumbai Suburban,2025-09-23T15:45:00.000Z,paid,cash,2025-09-23T17:30:00.000Z,completed,
TXN_00727,LOT_00976,COL_0008,REC_013,pcb|cable,35.62,7471.99,6885.22,6736.6,Nashik,Nashik,2026-03-22T13:09:00.000Z,partial,cash,,completed,
TXN_00728,LOT_00977,COL_0015,REC_016,pcb,1.29,120.71,116.93,80.1,Chhatrapati Sambhajinagar,Chhatrapati Sambhajinagar,2026-02-23T20:56:00.000Z,paid,cash,2026-02-23T21:00:00.000Z,completed,PRICE_BELOW_MARKET|FINAL_BELOW_QUOTE
TXN_00729,LOT_00978,COL_0013,REC_020,lcd_panel|pcb,42.33,3901.21,3810.43,3783.12,Bengaluru Urban,Bengaluru Urban,2025-09-21T05:11:00.000Z,paid,cash,2025-09-21T08:26:00.000Z,completed,
TXN_00730,LOT_00979,COL_0010,REC_003,lcd_panel,42.27,704.22,619.07,626.09,Pune,Pune,2025-11-09T14:28:00.000Z,unpaid,bank_transfer,,pending,
TXN_00731,LOT_00981,COL_0035,REC_007,lcd_panel|motor_magnet,47.47,5055.89,4443.54,4452.85,Mumbai Suburban,Mumbai Suburban,2026-08-07T09:44:00.000Z,paid,cash,2026-08-07T13:34:00.000Z,completed,
TXN_00732,LOT_00982,COL_0044,REC_001,cable,18.09,2523.92,2405.33,2421.13,Pune,Pune,2025-10-15T00:58:00.000Z,paid,cash,2025-10-15T04:52:00.000Z,completed,
TXN_00733,LOT_00983,COL_0030,REC_012,battery|motor_magnet|pcb,19.65,2517.58,2657.29,2710.69,Nashik,Nashik,2026-06-04T21:13:00.000Z,paid,cash,2026-06-05T00:22:00.000Z,completed,
TXN_00734,LOT_00984,COL_0027,REC_013,battery|cable,97.17,14171.56,13237.86,12980.6,Nashik,Nashik,2025-11-17T17:33:00.000Z,paid,cash,2025-11-17T19:23:00.000Z,completed,
TXN_00735,LOT_00985,COL_0007,REC_010,lcd_panel|pcb,17.23,2927.73,3078.25,2989.29,Thane,Thane,2025-12-07T08:46:00.000Z,paid,cash,2025-12-07T09:26:00.000Z,completed,
TXN_00736,LOT_00987,COL_0022,REC_007,battery|crt|pcb,3,1103.54,971.41,985.39,Mumbai Suburban,Mumbai Suburban,2026-06-18T17:15:00.000Z,paid,cash,2026-06-18T19:50:00.000Z,completed,
TXN_00737,LOT_00988,COL_0001,REC_012,battery|cable|mixed_plastic,27.16,1964.88,1917.58,1960.74,Nashik,Nashik,2026-02-04T13:10:00.000Z,partial,cash,,completed,
TXN_00738,LOT_00989,COL_0059,REC_001,pcb|cable|lcd_panel,29,10618.87,10012.93,9722.18,Pune,Pune,2025-09-06T09:48:00.000Z,paid,upi,2025-09-06T13:47:00.000Z,completed,
TXN_00739,LOT_00990,COL_0059,REC_003,motor_magnet,0.88,227.54,223.19,223.83,Pune,Pune,2026-04-01T08:30:00.000Z,partial,cash,,completed,
TXN_00740,LOT_00993,COL_0002,REC_007,crt|pcb,189.49,2009.15,1867.64,1891.97,Mumbai Suburban,Mumbai Suburban,2026-03-31T13:53:00.000Z,paid,cash,2026-03-31T14:31:00.000Z,completed,
TXN_00741,LOT_00994,COL_0015,REC_016,crt,70.14,560.61,595.21,586.15,Chhatrapati Sambhajinagar,Chhatrapati Sambhajinagar,2026-05-03T16:11:00.000Z,partial,upi,,completed,
TXN_00742,LOT_00995,COL_0048,REC_011,pcb|cable|battery,81.03,10452.35,11168.41,11224.2,Thane,Thane,2026-04-17T23:13:00.000Z,paid,cash,2026-04-18T02:09:00.000Z,completed,
TXN_00743,LOT_00996,COL_0031,REC_008,pcb|mixed_plastic,31.76,859.46,822.84,817.01,Mumbai Suburban,Mumbai Suburban,2026-03-05T22:19:00.000Z,paid,cash,2026-03-05T22:52:00.000Z,completed,
TXN_00744,LOT_00997,COL_0040,REC_006,lcd_panel,58.87,1240.61,1271.05,1286.85,Mumbai Suburban,Mumbai Suburban,2025-09-28T00:58:00.000Z,paid,cash,2025-09-28T02:24:00.000Z,completed,
TXN_00745,LOT_01000,COL_0044,REC_001,cable|pcb,28.56,2857.06,2723.28,2710.81,Pune,Pune,2026-01-20T16:41:00.000Z,paid,upi,2026-01-20T20:28:00.000Z,completed,
TXN_00746,LOT_01001,COL_0020,REC_010,battery,10.95,1144.49,1210.53,1215.28,Thane,Thane,2025-11-21T01:58:00.000Z,paid,cash,2025-11-21T04:32:00.000Z,completed,
TXN_00747,LOT_01004,COL_0025,REC_002,cable|lcd_panel,11.86,1140.5,1175,1206.95,Pune,Pune,2025-12-22T21:11:00.000Z,paid,cash,2025-12-22T22:44:00.000Z,completed,
TXN_00748,LOT_01005,COL_0059,REC_001,battery|pcb,108.33,8487.91,9001.47,9415.87,Pune,Pune,2025-12-21T11:51:00.000Z,paid,cash,2025-12-21T13:53:00.000Z,completed,
TXN_00749,LOT_01006,COL_0044,REC_004,cable,1.87,703.49,743.26,751.79,Pune,Pune,2026-03-29T22:47:00.000Z,paid,cash,2026-03-30T02:18:00.000Z,completed,
TXN_00750,LOT_01008,COL_0060,REC_014,crt|motor_magnet|battery,72.98,2569.44,2562,2562.43,Nagpur,Nagpur,2026-08-07T23:42:00.000Z,partial,cash,,completed,
TXN_00751,LOT_01009,COL_0010,REC_003,crt|pcb,84.64,864.11,775.28,787.18,Pune,Pune,2026-03-29T20:27:00.000Z,unpaid,cash,,pending,
TXN_00752,LOT_01010,COL_0044,REC_001,motor_magnet|crt,180.82,3843.26,3907.05,3764.54,Pune,Pune,2026-04-18T22:45:00.000Z,unpaid,upi,,completed,
TXN_00753,LOT_01013,COL_0016,REC_007,crt,221.42,773.12,746.36,749.09,Mumbai Suburban,Mumbai Suburban,2026-07-22T18:16:00.000Z,paid,bank_transfer,2026-07-22T21:03:00.000Z,completed,
TXN_00754,LOT_01014,COL_0045,REC_021,mixed_plastic|pcb,39.18,869.8,782.68,584.65,Bengaluru Urban,Bengaluru Urban,2025-09-19T00:47:00.000Z,paid,cash,2025-09-19T01:33:00.000Z,completed,PRICE_BELOW_MARKET|FINAL_BELOW_QUOTE
TXN_00755,LOT_01015,COL_0048,REC_010,mixed_plastic,3.81,96.2,93.12,92.95,Thane,Thane,2026-05-07T19:03:00.000Z,unpaid,cash,,completed,
TXN_00756,LOT_01017,COL_0028,REC_008,cable|pcb,10.8,2236.6,2119.85,2153.09,Mumbai Suburban,Mumbai Suburban,2025-11-30T22:55:00.000Z,unpaid,cash,,completed,
TXN_00757,LOT_01019,COL_0043,REC_005,pcb,0.06,253.74,246.16,241.6,Pune,Pune,2026-01-21T09:38:00.000Z,paid,cash,2026-01-21T10:49:00.000Z,completed,
TXN_00758,LOT_01020,COL_0034,REC_003,pcb,4.59,386.17,421.13,418.84,Pune,Pune,2026-05-10T08:27:00.000Z,paid,cash,2026-05-10T10:51:00.000Z,completed,DUPLICATE_PHOTO
TXN_00759,LOT_01021,COL_0028,REC_007,mixed_plastic,17.39,462.23,464.44,484.5,Mumbai Suburban,Mumbai Suburban,2026-02-16T00:54:00.000Z,unpaid,cash,,completed,
TXN_00760,LOT_01022,COL_0003,REC_002,motor_magnet|battery,37.81,4448.85,4833,4647.02,Pune,Pune,2026-02-28T03:42:00.000Z,paid,cash,2026-02-28T05:12:00.000Z,completed,
TXN_00761,LOT_01023,COL_0033,REC_011,pcb,0.17,695.45,656.57,658.41,Thane,Thane,2025-09-29T18:26:00.000Z,paid,cash,2025-09-29T18:35:00.000Z,completed,
TXN_00762,LOT_01024,COL_0026,REC_019,pcb|mixed_plastic|cable,84.75,7240.17,7089.38,6872.57,New Delhi,New Delhi,2026-04-25T12:10:00.000Z,partial,cash,,completed,
TXN_00763,LOT_01025,COL_0028,REC_007,mixed_plastic|battery|pcb,22.96,1223.45,1289.69,1331.07,Mumbai Suburban,Mumbai Suburban,2025-09-15T13:28:00.000Z,paid,cash,2025-09-15T16:58:00.000Z,completed,
TXN_00764,LOT_01026,COL_0044,REC_005,cable|battery,29.74,2896.15,2769.83,2831.4,Pune,Pune,2026-04-12T08:42:00.000Z,paid,cash,2026-04-12T10:53:00.000Z,completed,
TXN_00765,LOT_01027,COL_0039,REC_011,pcb,0.1,184.45,164.29,161.22,Thane,Thane,2025-12-01T17:48:00.000Z,paid,cash,2025-12-01T21:38:00.000Z,completed,
TXN_00766,LOT_01028,COL_0042,REC_001,pcb|motor_magnet,0.86,1097.25,1113.46,1078.02,Pune,Pune,2026-02-28T14:29:00.000Z,unpaid,cash,,completed,
TXN_00767,LOT_01029,COL_0007,REC_010,cable,43.55,6129.66,5881.76,5875.37,Thane,Thane,2026-01-28T21:20:00.000Z,paid,cash,2026-01-29T00:43:00.000Z,completed,
TXN_00768,LOT_01030,COL_0037,REC_001,cable,38.32,5209.76,4972.52,4972,Pune,Pune,2025-09-14T04:27:00.000Z,unpaid,cash,,pending,
TXN_00769,LOT_01032,COL_0017,REC_011,mixed_plastic|pcb|cable,51.11,5189.25,4666.98,4584.35,Thane,Thane,2025-10-07T00:53:00.000Z,paid,cash,2025-10-07T01:57:00.000Z,completed,
TXN_00770,LOT_01034,COL_0019,REC_010,pcb|cable,20.08,8042.91,7988.57,7654.37,Thane,Thane,2026-08-21T17:01:00.000Z,paid,cash,2026-08-21T18:53:00.000Z,completed,
TXN_00771,LOT_01035,COL_0018,REC_007,motor_magnet,4.62,332.97,330.42,337.31,Mumbai Suburban,Mumbai Suburban,2025-12-10T20:29:00.000Z,paid,cash,2025-12-11T00:01:00.000Z,completed,
TXN_00772,LOT_01036,COL_0012,REC_003,battery,0.33,58.2,53,53.7,Pune,Pune,2026-07-15T10:10:00.000Z,partial,bank_transfer,,completed,
TXN_00773,LOT_01037,COL_0031,REC_007,lcd_panel|pcb,6.2,772.1,757.64,775.82,Mumbai Suburban,Mumbai Suburban,2026-06-15T09:55:00.000Z,paid,cash,2026-06-15T11:19:00.000Z,completed,
TXN_00774,LOT_01038,COL_0051,REC_008,pcb,1.46,409.87,438.06,446.46,Mumbai Suburban,Mumbai Suburban,2025-09-03T12:17:00.000Z,unpaid,cash,,completed,
TXN_00775,LOT_01039,COL_0036,REC_007,mixed_plastic|pcb,42.15,1694.66,1577.97,1552.82,Mumbai Suburban,Mumbai Suburban,2026-03-08T15:37:00.000Z,paid,cash,2026-03-08T18:05:00.000Z,completed,
TXN_00776,LOT_01040,COL_0033,REC_011,pcb,0.23,349.59,338.36,337.46,Thane,Thane,2026-07-17T10:10:00.000Z,partial,cash,,completed,
TXN_00777,LOT_01041,COL_0036,REC_008,pcb|cable,33.34,12969.54,13253.07,13555.39,Mumbai Suburban,Mumbai Suburban,2026-04-03T03:31:00.000Z,paid,upi,2026-04-03T05:46:00.000Z,completed,
TXN_00778,LOT_01042,COL_0051,REC_007,motor_magnet|battery|cable,49.92,4632.59,4606.15,4422.08,Mumbai Suburban,Mumbai Suburban,2026-04-06T16:41:00.000Z,unpaid,cash,,pending,DUPLICATE_PHOTO
TXN_00779,LOT_01044,COL_0025,REC_002,motor_magnet,6.39,900.48,813.95,826.19,Pune,Pune,2026-03-06T02:41:00.000Z,partial,cash,,completed,
TXN_00780,LOT_01046,COL_0020,REC_010,cable,43.07,6433.37,6021.68,5963.99,Thane,Thane,2026-02-25T13:00:00.000Z,paid,cash,2026-02-25T16:31:00.000Z,completed,
TXN_00781,LOT_01047,COL_0020,REC_010,motor_magnet|cable|crt,157.23,6058.5,5873.28,6048.87,Thane,Thane,2025-12-31T00:00:00.000Z,paid,cash,2025-12-31T01:44:00.000Z,completed,
TXN_00782,LOT_01048,COL_0002,REC_007,cable|lcd_panel|pcb,38.52,6630.42,5829.31,5765.72,Mumbai Suburban,Mumbai Suburban,2026-05-02T13:17:00.000Z,paid,bank_transfer,2026-05-02T13:55:00.000Z,completed,
TXN_00783,LOT_01049,COL_0040,REC_008,pcb,5.65,500.43,485.84,477.22,Mumbai Suburban,Mumbai Suburban,2026-03-23T12:40:00.000Z,paid,cash,2026-03-23T12:53:00.000Z,completed,
TXN_00784,LOT_01052,COL_0057,REC_014,battery|cable|mixed_plastic,48.43,5703.58,5882.83,4327.1,Nagpur,Nagpur,2025-12-25T18:03:00.000Z,paid,cash,2025-12-25T21:39:00.000Z,completed,PRICE_BELOW_MARKET|FINAL_BELOW_QUOTE
TXN_00785,LOT_01057,COL_0015,REC_016,pcb,9.37,2212.05,2067.13,2005.42,Chhatrapati Sambhajinagar,Chhatrapati Sambhajinagar,2025-09-07T16:30:00.000Z,paid,cash,2025-09-07T20:10:00.000Z,completed,
TXN_00786,LOT_01058,COL_0033,REC_010,pcb|cable|motor_magnet,9.58,763.63,772.62,787.18,Thane,Thane,2025-09-20T10:44:00.000Z,unpaid,cash,,pending,
TXN_00787,LOT_01059,COL_0022,REC_008,pcb,8.64,3125.43,2988.23,2890.94,Mumbai Suburban,Mumbai Suburban,2026-06-27T06:17:00.000Z,paid,cash,2026-06-27T08:15:00.000Z,completed,
TXN_00788,LOT_01060,COL_0054,REC_002,cable,33.29,4969.83,4847.87,4892.89,Pune,Pune,2026-07-31T23:34:00.000Z,paid,cash,2026-08-01T02:28:00.000Z,completed,
TXN_00789,LOT_01061,COL_0027,REC_013,lcd_panel,61.51,1191.71,1153.73,1120.81,Nashik,Nashik,2025-09-13T13:56:00.000Z,paid,cash,2025-09-13T15:39:00.000Z,completed,
TXN_00790,LOT_01063,COL_0016,REC_008,pcb,4.62,490.73,510.06,509.11,Mumbai Suburban,Mumbai Suburban,2025-10-01T02:35:00.000Z,unpaid,upi,,pending,
TXN_00791,LOT_01065,COL_0013,REC_020,mixed_plastic|cable,41.98,1801.51,1819.72,1802.98,Bengaluru Urban,Bengaluru Urban,2026-05-12T23:49:00.000Z,paid,cash,2026-05-13T01:58:00.000Z,completed,
TXN_00792,LOT_01067,COL_0035,REC_007,motor_magnet|battery|crt|cable,117.45,5273.73,4899.37,4898.29,Mumbai Suburban,Mumbai Suburban,2025-11-22T18:33:00.000Z,paid,cash,2025-11-22T21:26:00.000Z,completed,
TXN_00793,LOT_01068,COL_0018,REC_007,motor_magnet|lcd_panel,70.57,3742.97,3864.47,3880.62,Mumbai Suburban,Mumbai Suburban,2026-05-02T11:38:00.000Z,paid,cash,2026-05-02T12:28:00.000Z,completed,
TXN_00794,LOT_01069,COL_0027,REC_013,motor_magnet|pcb,1.91,549.01,567.65,559.97,Nashik,Nashik,2026-06-28T09:27:00.000Z,paid,upi,2026-06-28T12:05:00.000Z,completed,
TXN_00795,LOT_01070,COL_0008,REC_012,mixed_plastic,33.67,373.06,351.93,351.93,Nashik,Nashik,2026-01-15T12:45:00.000Z,paid,cash,2026-01-15T16:07:00.000Z,completed,
TXN_00796,LOT_01071,COL_0001,REC_013,motor_magnet|cable,60.72,10820.93,10047.59,10362.43,Nashik,Nashik,2026-05-30T06:57:00.000Z,unpaid,cash,,completed,
TXN_00797,LOT_01072,COL_0042,REC_004,cable,3.38,433.96,401.95,406.81,Pune,Pune,2026-07-01T04:54:00.000Z,unpaid,cash,,completed,
TXN_00798,LOT_01074,COL_0042,REC_001,motor_magnet,6.82,2000.71,2147.15,2170.15,Pune,Pune,2025-09-28T09:40:00.000Z,paid,cash,2025-09-28T10:56:00.000Z,completed,
TXN_00799,LOT_01075,COL_0050,REC_001,pcb,1.24,381.07,378.35,395.54,Pune,Pune,2025-09-11T02:29:00.000Z,paid,cash,2025-09-11T03:27:00.000Z,completed,
TXN_00800,LOT_01076,COL_0034,REC_003,mixed_plastic,32.41,530.88,529.76,544.12,Pune,Pune,2026-03-21T16:22:00.000Z,paid,upi,2026-03-21T17:49:00.000Z,completed,
TXN_00801,LOT_01077,COL_0055,REC_007,motor_magnet|mixed_plastic|cable,53.57,4196.72,4201.36,4125.6,Mumbai Suburban,Mumbai Suburban,2026-04-04T21:40:00.000Z,paid,cash,2026-04-04T23:35:00.000Z,completed,
TXN_00802,LOT_01078,COL_0025,REC_003,battery|cable,18.38,3450.01,3460.34,3410.33,Pune,Pune,2026-08-26T04:28:00.000Z,paid,cash,2026-08-26T05:42:00.000Z,completed,
TXN_00803,LOT_01079,COL_0027,REC_013,pcb,1.18,390.53,415,396.06,Nashik,Nashik,2026-02-16T08:06:00.000Z,paid,cash,2026-02-16T11:31:00.000Z,completed,
TXN_00804,LOT_01080,COL_0055,REC_006,motor_magnet|pcb|lcd_panel,23.09,4308.38,4174.62,4289.32,Mumbai Suburban,Mumbai Suburban,2025-09-13T18:01:00.000Z,paid,cash,2025-09-13T20:59:00.000Z,completed,
TXN_00805,LOT_01081,COL_0043,REC_002,cable,101.48,12397.79,12245.3,12286.78,Pune,Pune,2025-10-06T00:45:00.000Z,paid,cash,2025-10-06T01:26:00.000Z,completed,
TXN_00806,LOT_01083,COL_0053,REC_012,motor_magnet|mixed_plastic|cable,29.68,1747.77,1697.23,1678.46,Nashik,Nashik,2026-07-05T03:07:00.000Z,paid,cash,2026-07-05T04:11:00.000Z,completed,
TXN_00807,LOT_01084,COL_0027,REC_012,cable|crt,10.19,916.86,927.23,506.69,Nashik,Nashik,2026-05-14T23:27:00.000Z,paid,cash,2026-05-15T00:14:00.000Z,completed,PRICE_FAR_BELOW_MARKET|FINAL_BELOW_QUOTE
TXN_00808,LOT_01086,COL_0037,REC_004,cable,43.73,17363,18045.52,17841.6,Pune,Pune,2026-08-22T04:41:00.000Z,paid,cash,2026-08-22T06:08:00.000Z,completed,
TXN_00809,LOT_01088,COL_0027,REC_013,crt,146.05,747.52,714.32,726.17,Nashik,Nashik,2026-08-20T02:50:00.000Z,paid,cash,2026-08-20T04:10:00.000Z,completed,
TXN_00810,LOT_01089,COL_0022,REC_008,crt|pcb|motor_magnet,6.45,1571.54,1566.73,1600.83,Mumbai Suburban,Mumbai Suburban,2026-01-27T07:01:00.000Z,paid,upi,2026-01-27T10:59:00.000Z,completed,
TXN_00811,LOT_01090,COL_0029,REC_007,mixed_plastic|battery|cable,32.87,3498.93,3156.2,3145.24,Mumbai Suburban,Mumbai Suburban,2026-05-17T11:02:00.000Z,paid,cash,2026-05-17T13:29:00.000Z,completed,
TXN_00812,LOT_01091,COL_0041,REC_020,battery,0.69,149.12,158.12,161.09,Bengaluru Urban,Bengaluru Urban,2026-05-07T00:36:00.000Z,paid,cash,2026-05-07T03:49:00.000Z,completed,
TXN_00813,LOT_01092,COL_0025,REC_003,crt,11.56,76.69,74.48,52.01,Pune,Pune,2026-06-14T11:47:00.000Z,paid,cash,2026-06-14T15:29:00.000Z,completed,PRICE_BELOW_MARKET|FINAL_BELOW_QUOTE
TXN_00814,LOT_01093,COL_0030,REC_012,battery|cable,39.4,5300.62,5693.47,5506.05,Nashik,Nashik,2025-12-11T11:33:00.000Z,partial,cash,,completed,
TXN_00815,LOT_01094,COL_0055,REC_007,cable|crt,92.23,3206.51,3014.44,3035.72,Mumbai Suburban,Mumbai Suburban,2026-04-17T19:07:00.000Z,paid,upi,2026-04-17T20:02:00.000Z,completed,
TXN_00816,LOT_01096,COL_0009,REC_013,battery,33.8,1296.96,1168.64,864.57,Nashik,Nashik,2026-02-12T14:04:00.000Z,paid,cash,2026-02-12T16:12:00.000Z,completed,PRICE_BELOW_MARKET|FINAL_BELOW_QUOTE
TXN_00817,LOT_01097,COL_0002,REC_007,cable|motor_magnet,25.91,11766.63,11478.27,11555.36,Mumbai Suburban,Mumbai Suburban,2025-11-21T06:32:00.000Z,paid,cash,2025-11-21T08:49:00.000Z,completed,
TXN_00818,LOT_01098,COL_0009,REC_013,pcb|cable,9.41,2119.47,2131.2,2156.59,Nashik,Nashik,2025-10-27T08:41:00.000Z,paid,cash,2025-10-27T09:36:00.000Z,completed,
TXN_00819,LOT_01100,COL_0027,REC_013,pcb|battery,0.58,768.69,835.36,829.2,Nashik,Nashik,2026-03-11T22:01:00.000Z,paid,cash,2026-03-11T23:07:00.000Z,completed,
TXN_00820,LOT_01102,COL_0045,REC_021,motor_magnet|mixed_plastic,42,1753.18,1829.17,1892.88,Bengaluru Urban,Bengaluru Urban,2026-04-23T19:28:00.000Z,paid,cash,2026-04-23T21:07:00.000Z,completed,
TXN_00821,LOT_01103,COL_0024,REC_007,lcd_panel,35.18,731.74,787.56,788.37,Mumbai Suburban,Mumbai Suburban,2025-10-22T08:09:00.000Z,unpaid,bank_transfer,,completed,
TXN_00822,LOT_01104,COL_0001,REC_012,mixed_plastic|crt,25.85,597.91,584.94,589.77,Nashik,Nashik,2025-09-23T20:12:00.000Z,paid,bank_transfer,2025-09-23T20:49:00.000Z,completed,
TXN_00823,LOT_01105,COL_0019,REC_011,pcb|mixed_plastic|battery,47.28,3591.34,3459.16,3430.69,Thane,Thane,2026-08-21T03:16:00.000Z,paid,cash,2026-08-21T06:47:00.000Z,completed,DUPLICATE_PHOTO
TXN_00824,LOT_01106,COL_0020,REC_011,motor_magnet,5.82,1184.48,1181.49,1181.9,Thane,Thane,2025-11-14T15:50:00.000Z,paid,cash,2025-11-14T19:50:00.000Z,completed,
TXN_00825,LOT_01108,COL_0049,REC_019,cable|mixed_plastic|pcb,84.56,12307.55,12429.88,12267.39,New Delhi,New Delhi,2026-03-04T12:48:00.000Z,paid,cash,2026-03-04T13:37:00.000Z,completed,
TXN_00826,LOT_01109,COL_0012,REC_004,pcb,12.52,1846.16,1940.66,1883.26,Pune,Pune,2026-06-03T00:17:00.000Z,paid,cash,2026-06-03T04:10:00.000Z,completed,
TXN_00827,LOT_01113,COL_0025,REC_005,pcb|battery|mixed_plastic,41.02,792.77,738.8,744.91,Pune,Pune,2026-06-10T11:52:00.000Z,paid,cash,2026-06-10T15:39:00.000Z,completed,
TXN_00828,LOT_01115,COL_0056,REC_007,motor_magnet|battery|crt,24.28,2304.81,2309.52,2286.99,Mumbai Suburban,Mumbai Suburban,2025-12-12T04:32:00.000Z,paid,cash,2025-12-12T05:09:00.000Z,completed,
TXN_00829,LOT_01116,COL_0050,REC_004,pcb,4.17,291.29,301.02,299.33,Pune,Pune,2026-08-19T08:12:00.000Z,partial,cash,,completed,
TXN_00830,LOT_01117,COL_0001,REC_013,crt|cable,102.43,16045.48,17176.83,17462,Nashik,Nashik,2026-06-07T11:06:00.000Z,paid,cash,2026-06-07T12:35:00.000Z,completed,
TXN_00831,LOT_01119,COL_0053,REC_013,pcb,6.6,711.99,720.77,729.69,Nashik,Nashik,2026-03-17T02:05:00.000Z,paid,cash,2026-03-17T04:27:00.000Z,completed,
TXN_00832,LOT_01120,COL_0034,REC_001,cable|battery|pcb,65.06,12525,12715.47,12820.41,Pune,Pune,2026-01-16T20:58:00.000Z,paid,upi,2026-01-16T22:07:00.000Z,completed,
TXN_00833,LOT_01121,COL_0016,REC_008,cable|pcb,15.66,3441.47,3481.22,3440.4,Mumbai Suburban,Mumbai Suburban,2026-06-10T11:23:00.000Z,paid,cash,2026-06-10T12:12:00.000Z,completed,
TXN_00834,LOT_01122,COL_0049,REC_019,cable|battery,17.11,8134.39,8953.09,9058.33,New Delhi,New Delhi,2026-04-19T15:44:00.000Z,paid,cash,2026-04-19T17:26:00.000Z,completed,
TXN_00835,LOT_01123,COL_0003,REC_001,cable,22.18,2335.11,2387.57,2343.04,Pune,Pune,2026-06-21T23:16:00.000Z,paid,cash,2026-06-22T01:51:00.000Z,completed,
TXN_00836,LOT_01124,COL_0026,REC_019,battery,4.11,463.67,470.49,474.5,New Delhi,New Delhi,2026-04-15T23:59:00.000Z,paid,cash,2026-04-16T03:31:00.000Z,completed,
TXN_00837,LOT_01125,COL_0025,REC_002,cable,5.29,683.31,694.01,688.46,Pune,Pune,2025-12-04T01:44:00.000Z,unpaid,cash,,pending,
TXN_00838,LOT_01126,COL_0028,REC_007,mixed_plastic,33.2,1160.26,1283.84,1308.54,Mumbai Suburban,Mumbai Suburban,2026-08-31T01:36:00.000Z,paid,cash,2026-08-31T04:30:00.000Z,completed,
TXN_00839,LOT_01127,COL_0052,REC_021,lcd_panel|pcb,4.2,281.85,286.54,287,Bengaluru Urban,Bengaluru Urban,2025-12-31T21:40:00.000Z,paid,cash,2025-12-31T23:55:00.000Z,completed,
TXN_00840,LOT_01128,COL_0017,REC_011,cable|motor_magnet,56.04,19784.79,20729.05,20665.01,Thane,Thane,2026-05-15T14:58:00.000Z,unpaid,cash,,pending,
TXN_00841,LOT_01129,COL_0007,REC_011,motor_magnet|battery,8.99,1210.94,1243.12,1211.45,Thane,Thane,2025-10-20T14:38:00.000Z,paid,cash,2025-10-20T15:30:00.000Z,completed,
TXN_00842,LOT_01130,COL_0033,REC_011,pcb,0.06,245.93,234.32,241.82,Thane,Thane,2025-11-30T18:02:00.000Z,paid,cash,2025-11-30T18:52:00.000Z,completed,
TXN_00843,LOT_01131,COL_0052,REC_021,pcb|cable,32.08,6229.93,6157.19,6085.61,Bengaluru Urban,Bengaluru Urban,2025-11-28T13:58:00.000Z,paid,cash,2025-11-28T16:32:00.000Z,completed,
TXN_00844,LOT_01132,COL_0052,REC_020,mixed_plastic|cable,29.72,1419.66,1393.44,1366.63,Bengaluru Urban,Bengaluru Urban,2026-07-04T21:32:00.000Z,paid,cash,2026-07-04T22:31:00.000Z,completed,
TXN_00845,LOT_01133,COL_0010,REC_002,crt|motor_magnet|mixed_plastic,17.82,955.9,983.11,968.83,Pune,Pune,2026-01-23T01:00:00.000Z,paid,cash,2026-01-23T02:45:00.000Z,completed,WEIGHT_MISMATCH_AT_HANDOVER
TXN_00846,LOT_01134,COL_0058,REC_019,mixed_plastic,21.87,888.8,891.59,904.81,New Delhi,New Delhi,2026-06-06T16:48:00.000Z,unpaid,cash,,pending,
TXN_00847,LOT_01135,COL_0050,REC_002,cable,68.43,10538.9,10621.69,10929.57,Pune,Pune,2026-03-21T03:50:00.000Z,paid,cash,2026-03-21T04:53:00.000Z,completed,
TXN_00848,LOT_01139,COL_0022,REC_007,crt,172.38,1342.29,1322.12,1318.9,Mumbai Suburban,Mumbai Suburban,2025-11-21T13:53:00.000Z,paid,cash,2025-11-21T14:40:00.000Z,completed,
TXN_00849,LOT_01140,COL_0010,REC_004,cable,11.13,1171.31,1004.29,1016.76,Pune,Pune,2026-01-11T09:25:00.000Z,unpaid,cash,,pending,
TXN_00850,LOT_01141,COL_0048,REC_011,pcb,0.25,167.54,155.07,153.94,Thane,Thane,2025-11-01T14:18:00.000Z,unpaid,cash,,pending,
TXN_00851,LOT_01142,COL_0013,REC_020,cable|crt,76.47,8168.25,7571.17,7578.89,Bengaluru Urban,Bengaluru Urban,2026-08-19T20:43:00.000Z,unpaid,cash,,completed,
TXN_00852,LOT_01146,COL_0059,REC_003,pcb,4.03,413.48,413.93,410.6,Pune,Pune,2026-05-05T18:59:00.000Z,paid,cash,2026-05-05T20:02:00.000Z,completed,
TXN_00853,LOT_01148,COL_0027,REC_013,motor_magnet|pcb,1.03,154.04,174.48,177.1,Nashik,Nashik,2026-04-01T04:50:00.000Z,paid,cash,2026-04-01T05:43:00.000Z,completed,
TXN_00854,LOT_01149,COL_0044,REC_003,pcb|mixed_plastic,30.96,1070.75,1031.49,1021.6,Pune,Pune,2026-04-25T09:21:00.000Z,paid,cash,2026-04-25T12:05:00.000Z,completed,
TXN_00855,LOT_01150,COL_0045,REC_021,mixed_plastic,24.3,461.69,457.87,465.06,Bengaluru Urban,Bengaluru Urban,2026-08-16T08:13:00.000Z,paid,cash,2026-08-16T09:58:00.000Z,completed,
TXN_00856,LOT_01151,COL_0014,REC_004,pcb,2.41,202.72,189.26,189.58,Pune,Pune,2026-06-26T17:01:00.000Z,paid,cash,2026-06-26T17:33:00.000Z,completed,WEIGHT_MISMATCH_AT_HANDOVER
TXN_00857,LOT_01153,COL_0033,REC_010,motor_magnet|cable,18.64,3335.88,3141.89,3115.21,Thane,Thane,2026-01-14T13:52:00.000Z,paid,cash,2026-01-14T14:04:00.000Z,completed,
TXN_00858,LOT_01155,COL_0003,REC_005,crt,94.54,630.85,594.75,593.29,Pune,Pune,2026-06-15T00:47:00.000Z,paid,cash,2026-06-15T04:26:00.000Z,completed,
TXN_00859,LOT_01156,COL_0039,REC_011,mixed_plastic|pcb,17.03,1249.77,1164.55,1159.58,Thane,Thane,2026-04-02T07:17:00.000Z,paid,cash,2026-04-02T07:51:00.000Z,completed,
TXN_00860,LOT_01157,COL_0011,REC_014,battery,4.09,872.32,922.92,944.57,Nagpur,Nagpur,2026-06-05T19:33:00.000Z,paid,upi,2026-06-05T21:46:00.000Z,completed,
TXN_00861,LOT_01158,COL_0028,REC_008,pcb,4.31,653.87,624.28,621.6,Mumbai Suburban,Mumbai Suburban,2025-11-29T16:36:00.000Z,paid,cash,2025-11-29T17:51:00.000Z,completed,
TXN_00862,LOT_01160,COL_0040,REC_008,pcb|cable,36.2,13551.75,13420.36,13198.96,Mumbai Suburban,Mumbai Suburban,2026-08-21T18:07:00.000Z,paid,cash,2026-08-21T20:17:00.000Z,completed,
TXN_00863,LOT_01162,COL_0033,REC_010,battery|motor_magnet|mixed_plastic,93.35,10462.79,9379.42,9280.1,Thane,Thane,2026-05-25T05:45:00.000Z,paid,cash,2026-05-25T07:55:00.000Z,completed,
TXN_00864,LOT_01163,COL_0045,REC_021,pcb|crt,54.23,1017.08,935.11,904.45,Bengaluru Urban,Bengaluru Urban,2025-12-10T10:41:00.000Z,paid,cash,2025-12-10T12:07:00.000Z,completed,
TXN_00865,LOT_01165,COL_0042,REC_005,pcb|cable,29.62,5945.8,5470.29,5599.36,Pune,Pune,2025-09-19T12:09:00.000Z,paid,cash,2025-09-19T15:24:00.000Z,completed,
TXN_00866,LOT_01166,COL_0009,REC_013,pcb|mixed_plastic,27.29,1364.32,1427.17,1435.47,Nashik,Nashik,2025-12-28T10:48:00.000Z,paid,cash,2025-12-28T13:35:00.000Z,completed,
TXN_00867,LOT_01167,COL_0025,REC_002,cable,25.56,4789.69,4650.66,4619.42,Pune,Pune,2025-12-22T21:24:00.000Z,unpaid,cash,,pending,
TXN_00868,LOT_01168,COL_0052,REC_020,lcd_panel|crt,22.85,651.1,630.52,637.56,Bengaluru Urban,Bengaluru Urban,2026-04-01T22:10:00.000Z,partial,cash,,completed,
TXN_00869,LOT_01169,COL_0002,REC_007,mixed_plastic|battery|cable|crt,70.05,2668.74,2645.84,2714.61,Mumbai Suburban,Mumbai Suburban,2026-04-14T04:15:00.000Z,paid,cash,2026-04-14T07:28:00.000Z,completed,
TXN_00870,LOT_01170,COL_0016,REC_007,mixed_plastic,28.68,1000.65,1079.69,1101.16,Mumbai Suburban,Mumbai Suburban,2026-08-27T21:58:00.000Z,paid,cash,2026-08-28T01:47:00.000Z,completed,
TXN_00871,LOT_01171,COL_0012,REC_004,motor_magnet|cable,10.99,1554.72,1510.07,1485.58,Pune,Pune,2026-05-17T06:18:00.000Z,paid,cash,2026-05-17T07:41:00.000Z,completed,
TXN_00872,LOT_01172,COL_0009,REC_013,motor_magnet,36.54,4171.9,4219.76,4354.35,Nashik,Nashik,2025-12-05T10:04:00.000Z,paid,cash,2025-12-05T12:39:00.000Z,completed,
TXN_00873,LOT_01174,COL_0026,REC_019,mixed_plastic,18.87,387.98,396.36,406.36,New Delhi,New Delhi,2026-04-20T09:32:00.000Z,partial,cash,,completed,
TXN_00874,LOT_01176,COL_0019,REC_011,pcb|lcd_panel|motor_magnet,22.68,1043.22,1040.38,1025.54,Thane,Thane,2025-10-19T21:19:00.000Z,paid,cash,2025-10-19T22:45:00.000Z,completed,
TXN_00875,LOT_01177,COL_0046,REC_005,pcb,0.25,821.97,769.42,764.3,Pune,Pune,2025-09-11T20:10:00.000Z,paid,cash,2025-09-11T23:27:00.000Z,completed,WEIGHT_MISMATCH_AT_HANDOVER
TXN_00876,LOT_01181,COL_0014,REC_005,pcb,1.45,478.16,413.54,409.32,Pune,Pune,2026-01-03T13:00:00.000Z,paid,cash,2026-01-03T15:15:00.000Z,completed,
TXN_00877,LOT_01182,COL_0034,REC_004,pcb|cable|crt,175.71,3802.12,4163.11,4186.36,Pune,Pune,2025-11-16T22:51:00.000Z,paid,cash,2025-11-17T02:06:00.000Z,completed,
TXN_00878,LOT_01183,COL_0058,REC_019,battery,12.32,1531.5,1514.5,1538.15,New Delhi,New Delhi,2025-11-07T23:29:00.000Z,paid,cash,2025-11-08T01:34:00.000Z,completed,
TXN_00879,LOT_01185,COL_0020,REC_010,cable|motor_magnet,84.72,24975.67,24672.8,25266.53,Thane,Thane,2026-08-15T08:37:00.000Z,paid,cash,2026-08-15T09:27:00.000Z,completed,
TXN_00880,LOT_01186,COL_0016,REC_008,pcb,5.52,1623.35,1462.8,876.2,Mumbai Suburban,Mumbai Suburban,2025-11-20T11:46:00.000Z,paid,cash,2025-11-20T12:59:00.000Z,completed,PRICE_FAR_BELOW_MARKET|FINAL_BELOW_QUOTE
TXN_00881,LOT_01187,COL_0025,REC_002,lcd_panel|motor_magnet,45.05,500.43,508.49,494.43,Pune,Pune,2026-01-08T10:31:00.000Z,paid,cash,2026-01-08T12:28:00.000Z,completed,
TXN_00882,LOT_01188,COL_0036,REC_007,crt,151.57,1401.54,1418.57,1446.55,Mumbai Suburban,Mumbai Suburban,2026-01-10T00:50:00.000Z,partial,cash,,completed,
TXN_00883,LOT_01189,COL_0055,REC_006,lcd_panel,44.29,2821.42,2825.23,2816.27,Mumbai Suburban,Mumbai Suburban,2026-08-17T17:03:00.000Z,partial,cash,,completed,
TXN_00884,LOT_01192,COL_0043,REC_001,pcb,5.96,1957.86,1846.62,1854.33,Pune,Pune,2026-07-09T05:20:00.000Z,paid,cash,2026-07-09T07:49:00.000Z,completed,
TXN_00885,LOT_01193,COL_0039,REC_011,pcb,4.29,398.78,361.48,353.51,Thane,Thane,2026-05-31T23:20:00.000Z,paid,cash,2026-06-01T02:33:00.000Z,completed,
TXN_00886,LOT_01194,COL_0004,REC_002,motor_magnet|cable,6.37,1269.61,1263.89,1266.09,Pune,Pune,2026-01-24T00:24:00.000Z,paid,cash,2026-01-24T02:47:00.000Z,completed,DUPLICATE_PHOTO
TXN_00887,LOT_01195,COL_0019,REC_011,motor_magnet,7.61,1311.48,1384.32,1389.62,Thane,Thane,2026-08-15T18:00:00.000Z,paid,cash,2026-08-15T21:29:00.000Z,completed,
TXN_00888,LOT_01196,COL_0011,REC_014,mixed_plastic|cable,64.52,3572.32,3518.98,3507.77,Nagpur,Nagpur,2026-04-07T22:02:00.000Z,unpaid,upi,,pending,
TXN_00889,LOT_01197,COL_0053,REC_013,pcb,0.02,73.23,65.8,65.95,Nashik,Nashik,2026-03-16T08:24:00.000Z,paid,upi,2026-03-16T11:16:00.000Z,completed,
TXN_00890,LOT_01199,COL_0033,REC_010,cable|battery,29.48,3106.51,2881.48,2901.68,Thane,Thane,2026-04-19T18:07:00.000Z,paid,cash,2026-04-19T18:31:00.000Z,completed,
TXN_00891,LOT_01200,COL_0018,REC_007,motor_magnet|mixed_plastic,41.08,2434.58,2311.16,2267.5,Mumbai Suburban,Mumbai Suburban,2026-03-03T03:24:00.000Z,paid,cash,2026-03-03T05:27:00.000Z,completed,
TXN_00892,LOT_01201,COL_0014,REC_005,pcb,7.15,860.84,921.58,942.96,Pune,Pune,2026-07-01T07:27:00.000Z,unpaid,cash,,completed,
TXN_00893,LOT_01202,COL_0040,REC_008,pcb|crt,156.88,1389.17,1523.27,1519.51,Mumbai Suburban,Mumbai Suburban,2025-09-12T14:07:00.000Z,paid,cash,2025-09-12T15:57:00.000Z,completed,
TXN_00894,LOT_01203,COL_0030,REC_013,pcb,7.14,1647.83,1464.81,1441.33,Nashik,Nashik,2025-12-12T05:45:00.000Z,partial,cash,,completed,
TXN_00895,LOT_01204,COL_0038,REC_012,battery,0.75,90.24,87.51,88.67,Nashik,Nashik,2026-08-19T00:21:00.000Z,paid,cash,2026-08-19T03:26:00.000Z,completed,
TXN_00896,LOT_01205,COL_0054,REC_003,crt,5.76,423.42,443.64,440.57,Pune,Pune,2026-03-06T20:36:00.000Z,paid,upi,2026-03-07T00:05:00.000Z,completed,
TXN_00897,LOT_01207,COL_0031,REC_008,cable|pcb,23.37,3928.55,3757.85,3715.89,Mumbai Suburban,Mumbai Suburban,2026-01-18T13:20:00.000Z,paid,cash,2026-01-18T15:24:00.000Z,completed,
TXN_00898,LOT_01208,COL_0011,REC_014,cable|mixed_plastic,32.61,5034.82,4643.6,4637.99,Nagpur,Nagpur,2026-02-07T05:20:00.000Z,unpaid,cash,,completed,
TXN_00899,LOT_01210,COL_0010,REC_002,cable,31.44,4234.78,4113.32,4210.48,Pune,Pune,2026-02-06T12:12:00.000Z,paid,cash,2026-02-06T12:16:00.000Z,completed,
TXN_00900,LOT_01211,COL_0024,REC_007,cable|pcb|mixed_plastic,55.57,4201.42,3698.08,3719.79,Mumbai Suburban,Mumbai Suburban,2026-01-14T21:58:00.000Z,paid,cash,2026-01-14T23:22:00.000Z,completed,
TXN_00901,LOT_01212,COL_0038,REC_013,cable,13.88,5094.92,4569.01,4533.51,Nashik,Nashik,2026-07-16T06:04:00.000Z,paid,cash,2026-07-16T09:35:00.000Z,completed,
TXN_00902,LOT_01216,COL_0051,REC_008,crt|motor_magnet|pcb,143.11,2946.92,2683.75,2625.47,Mumbai Suburban,Mumbai Suburban,2026-02-28T12:21:00.000Z,paid,cash,2026-02-28T16:02:00.000Z,completed,
TXN_00903,LOT_01217,COL_0051,REC_008,pcb,4.09,615.46,637.27,643.96,Mumbai Suburban,Mumbai Suburban,2026-07-02T21:16:00.000Z,paid,cash,2026-07-02T21:47:00.000Z,completed,
TXN_00904,LOT_01218,COL_0056,REC_007,mixed_plastic|battery,59.43,3097.43,3388.47,3364.29,Mumbai Suburban,Mumbai Suburban,2026-08-21T20:50:00.000Z,paid,cash,2026-08-22T00:44:00.000Z,completed,
TXN_00905,LOT_01219,COL_0035,REC_008,pcb,0.23,380.19,395.08,402.19,Mumbai Suburban,Mumbai Suburban,2026-08-17T13:42:00.000Z,paid,cash,2026-08-17T16:26:00.000Z,completed,
TXN_00906,LOT_01220,COL_0022,REC_007,motor_magnet,15.19,2618.75,2352.76,2370.85,Mumbai Suburban,Mumbai Suburban,2026-08-24T14:36:00.000Z,unpaid,cash,,pending,
TXN_00907,LOT_01221,COL_0026,REC_019,lcd_panel|cable,28.33,2545.15,2446.59,2476.82,New Delhi,New Delhi,2025-09-30T02:36:00.000Z,paid,cash,2025-09-30T04:04:00.000Z,completed,
TXN_00908,LOT_01224,COL_0043,REC_001,battery|pcb,8.98,1407.04,1376.24,1363.08,Pune,Pune,2025-09-09T23:41:00.000Z,paid,cash,2025-09-10T02:13:00.000Z,completed,
TXN_00909,LOT_01225,COL_0050,REC_005,crt|cable,157.94,5455.77,5287.71,5205.85,Pune,Pune,2025-09-10T02:09:00.000Z,paid,cash,2025-09-10T04:44:00.000Z,completed,
TXN_00910,LOT_01226,COL_0058,REC_019,cable|battery,45.11,8592.59,8249.94,7979.46,New Delhi,New Delhi,2025-10-29T15:00:00.000Z,paid,cash,2025-10-29T15:01:00.000Z,completed,
TXN_00911,LOT_01227,COL_0006,REC_007,battery|motor_magnet,13.45,2049.51,1814.23,1801.24,Mumbai Suburban,Mumbai Suburban,2025-09-29T01:09:00.000Z,paid,bank_transfer,2025-09-29T04:01:00.000Z,completed,
TXN_00912,LOT_01229,COL_0032,REC_007,mixed_plastic,37.67,787.99,688.63,693.47,Mumbai Suburban,Mumbai Suburban,2026-08-26T21:57:00.000Z,paid,cash,2026-08-27T00:04:00.000Z,completed,
TXN_00913,LOT_01230,COL_0050,REC_004,crt,67.61,424.79,434.34,432.56,Pune,Pune,2026-01-12T10:45:00.000Z,paid,cash,2026-01-12T12:07:00.000Z,completed,
TXN_00914,LOT_01231,COL_0028,REC_008,mixed_plastic|pcb|battery,65.2,4339.92,4042.02,4165.53,Mumbai Suburban,Mumbai Suburban,2026-07-05T09:30:00.000Z,partial,upi,,completed,
TXN_00915,LOT_01234,COL_0031,REC_007,mixed_plastic,24.7,237.58,219.12,219.8,Mumbai Suburban,Mumbai Suburban,2026-02-11T23:57:00.000Z,unpaid,cash,,pending,
TXN_00916,LOT_01235,COL_0040,REC_008,pcb,0.07,120.46,130.28,132.36,Mumbai Suburban,Mumbai Suburban,2026-06-19T16:47:00.000Z,unpaid,cash,,completed,
TXN_00917,LOT_01236,COL_0042,REC_005,cable|pcb|mixed_plastic,56.43,3991.95,3906.43,3901.06,Pune,Pune,2025-12-21T01:35:00.000Z,paid,cash,2025-12-21T04:54:00.000Z,completed,
TXN_00918,LOT_01242,COL_0042,REC_003,pcb|crt,39.32,726.08,711.8,685.15,Pune,Pune,2026-05-12T10:18:00.000Z,paid,cash,2026-05-12T11:57:00.000Z,completed,
TXN_00919,LOT_01243,COL_0024,REC_007,cable|motor_magnet|crt|mixed_plastic,85.8,19736.04,18287.86,18715.35,Mumbai Suburban,Mumbai Suburban,2026-06-30T06:57:00.000Z,paid,cash,2026-06-30T07:10:00.000Z,completed,
TXN_00920,LOT_01244,COL_0044,REC_002,cable,42.66,7688.21,7411.28,7442.29,Pune,Pune,2025-09-16T08:00:00.000Z,partial,cash,,completed,
TXN_00921,LOT_01245,COL_0014,REC_003,cable|mixed_plastic|battery,48.43,4279.23,4144.73,4186.66,Pune,Pune,2026-01-05T00:28:00.000Z,paid,cash,2026-01-05T04:18:00.000Z,completed,
TXN_00922,LOT_01246,COL_0054,REC_002,cable,52.14,6829.65,7053.07,7106.69,Pune,Pune,2026-03-17T02:42:00.000Z,paid,cash,2026-03-17T06:22:00.000Z,completed,
TXN_00923,LOT_01247,COL_0004,REC_001,motor_magnet|lcd_panel|cable,133.12,11036.46,11650.14,11558.02,Pune,Pune,2026-01-11T22:19:00.000Z,unpaid,cash,,completed,
TXN_00924,LOT_01250,COL_0017,REC_011,mixed_plastic|pcb|cable,86.56,11334.43,11517.93,11563.64,Thane,Thane,2026-06-23T23:26:00.000Z,paid,cash,2026-06-24T02:22:00.000Z,completed,
TXN_00925,LOT_01251,COL_0051,REC_008,cable|battery|pcb,95.04,26102.44,26313.51,26379.13,Mumbai Suburban,Mumbai Suburban,2026-02-15T02:03:00.000Z,paid,cash,2026-02-15T05:02:00.000Z,completed,
TXN_00926,LOT_01252,COL_0032,REC_008,pcb,7.65,2687.98,2733.09,2764.19,Mumbai Suburban,Mumbai Suburban,2026-05-05T12:54:00.000Z,unpaid,upi,,pending,
TXN_00927,LOT_01253,COL_0017,REC_010,battery,24.36,2477.45,2404.94,2397.21,Thane,Thane,2026-07-22T17:36:00.000Z,paid,cash,2026-07-22T18:32:00.000Z,completed,
TXN_00928,LOT_01254,COL_0029,REC_008,pcb,7.79,1436.04,1330.8,1334.44,Mumbai Suburban,Mumbai Suburban,2026-07-06T19:31:00.000Z,paid,cash,2026-07-06T22:13:00.000Z,completed,
TXN_00929,LOT_01255,COL_0038,REC_013,pcb|cable,13.39,2636.12,2813.1,2867.16,Nashik,Nashik,2025-10-23T17:12:00.000Z,paid,cash,2025-10-23T19:24:00.000Z,completed,
TXN_00930,LOT_01256,COL_0007,REC_010,cable|mixed_plastic|pcb,10.11,717.27,611.06,609.37,Thane,Thane,2025-12-19T22:27:00.000Z,paid,cash,2025-12-19T23:37:00.000Z,completed,
TXN_00931,LOT_01257,COL_0035,REC_007,motor_magnet,3.81,625.56,623.9,623.65,Mumbai Suburban,Mumbai Suburban,2026-07-31T14:03:00.000Z,paid,upi,2026-07-31T16:53:00.000Z,completed,
TXN_00932,LOT_01258,COL_0040,REC_007,crt|cable,187.53,15046.42,15776.93,16243.19,Mumbai Suburban,Mumbai Suburban,2026-06-13T21:59:00.000Z,paid,cash,2026-06-14T00:31:00.000Z,completed,
TXN_00933,LOT_01259,COL_0053,REC_013,cable|crt|mixed_plastic,60,7403.11,7573.83,7980.9,Nashik,Nashik,2025-09-23T15:46:00.000Z,partial,cash,,completed,
TXN_00934,LOT_01260,COL_0054,REC_001,cable|motor_magnet,33.38,6491.87,6202.25,6017.42,Pune,Pune,2025-11-07T13:46:00.000Z,paid,cash,2025-11-07T15:37:00.000Z,completed,
TXN_00935,LOT_01261,COL_0016,REC_007,mixed_plastic|battery,63.85,4608.12,4863.75,4789.01,Mumbai Suburban,Mumbai Suburban,2026-05-17T01:24:00.000Z,paid,cash,2026-05-17T02:32:00.000Z,completed,
TXN_00936,LOT_01262,COL_0018,REC_007,mixed_plastic,27.02,665.21,661.16,667.63,Mumbai Suburban,Mumbai Suburban,2026-05-17T11:09:00.000Z,paid,cash,2026-05-17T14:06:00.000Z,completed,
TXN_00937,LOT_01263,COL_0044,REC_002,motor_magnet|pcb,6.83,2058.49,1892.76,1948.12,Pune,Pune,2026-01-30T17:26:00.000Z,paid,cash,2026-01-30T20:45:00.000Z,completed,
TXN_00938,LOT_01264,COL_0029,REC_007,motor_magnet|cable|crt,176.92,6081.6,6346,6362.65,Mumbai Suburban,Mumbai Suburban,2025-12-03T04:42:00.000Z,paid,upi,2025-12-03T06:12:00.000Z,completed,
TXN_00939,LOT_01265,COL_0042,REC_003,mixed_plastic|pcb,43.04,847.37,878.25,892.14,Pune,Pune,2026-08-01T20:05:00.000Z,paid,cash,2026-08-01T23:55:00.000Z,completed,
TXN_00940,LOT_01267,COL_0027,REC_013,pcb|cable,17.69,2447.22,2573.39,2418.99,Nashik,Nashik,2025-09-19T09:05:00.000Z,paid,cash,2025-09-19T11:11:00.000Z,completed,WEIGHT_MISMATCH_AT_HANDOVER
TXN_00941,LOT_01268,COL_0041,REC_020,cable|mixed_plastic,41.57,3124.84,3235.62,3104.94,Bengaluru Urban,Bengaluru Urban,2025-11-17T07:17:00.000Z,paid,cash,2025-11-17T07:45:00.000Z,completed,
TXN_00942,LOT_01269,COL_0059,REC_003,mixed_plastic,29.51,1039.87,1039.41,1012.49,Pune,Pune,2025-12-17T06:01:00.000Z,paid,cash,2025-12-17T09:11:00.000Z,completed,
TXN_00943,LOT_01270,COL_0046,REC_003,motor_magnet,3.04,849.35,889.86,851.65,Pune,Pune,2025-09-17T17:05:00.000Z,paid,cash,2025-09-17T20:49:00.000Z,completed,
TXN_00944,LOT_01271,COL_0059,REC_002,pcb|battery|cable,20.57,3965.86,3434.72,3542.58,Pune,Pune,2026-06-03T09:35:00.000Z,paid,cash,2026-06-03T12:32:00.000Z,completed,
TXN_00945,LOT_01272,COL_0040,REC_007,motor_magnet,31.34,4110.27,4052.6,4218.07,Mumbai Suburban,Mumbai Suburban,2025-09-29T16:22:00.000Z,partial,cash,,completed,
TXN_00946,LOT_01273,COL_0007,REC_010,motor_magnet|pcb|cable,36.51,9388.23,9369.18,8963.34,Thane,Thane,2026-01-19T00:28:00.000Z,paid,cash,2026-01-19T02:23:00.000Z,completed,
TXN_00947,LOT_01274,COL_0017,REC_010,lcd_panel|crt,21.79,748.96,679.58,675.16,Thane,Thane,2025-12-25T21:49:00.000Z,partial,cash,,completed,
TXN_00948,LOT_01275,COL_0049,REC_019,crt|battery,78.89,8254.62,7728.28,7804.32,New Delhi,New Delhi,2026-01-18T22:30:00.000Z,paid,cash,2026-01-18T23:32:00.000Z,completed,
TXN_00949,LOT_01277,COL_0025,REC_002,cable,32.98,4483.07,4519.99,4494.48,Pune,Pune,2025-11-16T16:05:00.000Z,paid,cash,2025-11-16T16:51:00.000Z,completed,
TXN_00950,LOT_01278,COL_0032,REC_007,mixed_plastic,36.66,957.19,798.69,787.4,Mumbai Suburban,Mumbai Suburban,2026-06-22T07:19:00.000Z,paid,cash,2026-06-22T10:19:00.000Z,completed,
TXN_00951,LOT_01279,COL_0058,REC_019,motor_magnet|lcd_panel|pcb,20.86,1019.79,1041.97,1052.29,New Delhi,New Delhi,2026-06-03T23:21:00.000Z,paid,cash,2026-06-04T02:47:00.000Z,completed,
TXN_00952,LOT_01281,COL_0021,REC_003,pcb,0.38,1419.95,1375.33,1374,Pune,Pune,2026-08-27T02:53:00.000Z,paid,cash,2026-08-27T02:55:00.000Z,completed,
TXN_00953,LOT_01282,COL_0040,REC_008,pcb,3.47,903.37,872.93,866.76,Mumbai Suburban,Mumbai Suburban,2025-11-08T09:35:00.000Z,paid,cash,2025-11-08T10:34:00.000Z,completed,DUPLICATE_PHOTO
TXN_00954,LOT_01283,COL_0054,REC_005,battery,0.1,17.64,18.04,18.04,Pune,Pune,2026-07-07T05:59:00.000Z,paid,cash,2026-07-07T08:07:00.000Z,completed,
TXN_00955,LOT_01284,COL_0012,REC_003,pcb,4.6,608.23,657.52,684.17,Pune,Pune,2026-05-04T00:45:00.000Z,paid,cash,2026-05-04T04:13:00.000Z,completed,
TXN_00956,LOT_01285,COL_0039,REC_010,cable,17.78,2659.35,2668.2,2710.37,Thane,Thane,2026-01-08T15:43:00.000Z,paid,cash,2026-01-08T16:47:00.000Z,completed,
TXN_00957,LOT_01287,COL_0010,REC_001,battery|mixed_plastic|pcb,38.34,2313.95,2238.58,2249.38,Pune,Pune,2026-06-17T22:16:00.000Z,paid,upi,2026-06-18T00:51:00.000Z,completed,
TXN_00958,LOT_01288,COL_0049,REC_019,mixed_plastic|cable,38.25,6985.56,7066.86,7284.79,New Delhi,New Delhi,2025-11-29T13:42:00.000Z,paid,cash,2025-11-29T15:56:00.000Z,completed,
TXN_00959,LOT_01290,COL_0018,REC_006,mixed_plastic|lcd_panel|cable|battery,63.32,5516.47,4790.7,4610.71,Mumbai Suburban,Mumbai Suburban,2026-08-17T07:03:00.000Z,paid,cash,2026-08-17T11:03:00.000Z,completed,
TXN_00960,LOT_01291,COL_0039,REC_011,pcb,0.18,734.98,635.14,638.89,Thane,Thane,2026-06-26T09:48:00.000Z,paid,cash,2026-06-26T10:09:00.000Z,completed,
TXN_00961,LOT_01292,COL_0014,REC_002,mixed_plastic|cable,35.07,3759.36,4075.91,3851.48,Pune,Pune,2026-08-16T11:08:00.000Z,paid,cash,2026-08-16T15:03:00.000Z,completed,
TXN_00962,LOT_01293,COL_0038,REC_013,pcb|lcd_panel,42.43,3845.56,3539.42,3701.77,Nashik,Nashik,2026-06-08T10:42:00.000Z,paid,cash,2026-06-08T12:53:00.000Z,completed,
TXN_00963,LOT_01294,COL_0021,REC_005,crt,45.51,412.39,431.63,433.35,Pune,Pune,2026-08-15T15:33:00.000Z,unpaid,cash,,completed,
TXN_00964,LOT_01295,COL_0012,REC_002,cable,29.74,4033.59,4036.33,4043.36,Pune,Pune,2025-12-09T13:29:00.000Z,paid,cash,2025-12-09T16:16:00.000Z,completed,
TXN_00965,LOT_01297,COL_0039,REC_011,pcb,0.11,450,485.18,488.52,Thane,Thane,2025-10-30T21:15:00.000Z,paid,cash,2025-10-31T01:14:00.000Z,completed,
TXN_00966,LOT_01298,COL_0029,REC_008,cable|motor_magnet|pcb,45.66,17754.44,17453.06,17288.19,Mumbai Suburban,Mumbai Suburban,2025-09-07T16:50:00.000Z,paid,cash,2025-09-07T18:32:00.000Z,completed,
TXN_00967,LOT_01299,COL_0024,REC_008,pcb,0.05,65.2,71.58,72.47,Mumbai Suburban,Mumbai Suburban,2025-12-08T14:49:00.000Z,paid,upi,2025-12-08T16:21:00.000Z,completed,
TXN_00968,LOT_01300,COL_0046,REC_002,cable,10.48,4150.08,3701.6,3846.84,Pune,Pune,2026-03-26T17:43:00.000Z,paid,cash,2026-03-26T18:00:00.000Z,completed,
TXN_00969,LOT_01301,COL_0004,REC_005,cable|battery,81.36,16167.95,17080.86,17345.72,Pune,Pune,2026-07-26T23:47:00.000Z,paid,cash,2026-07-27T01:18:00.000Z,completed,
TXN_00970,LOT_01302,COL_0038,REC_013,cable|motor_magnet,43.86,7995.45,7377.05,7470.78,Nashik,Nashik,2026-01-02T16:23:00.000Z,paid,upi,2026-01-02T16:58:00.000Z,completed,
TXN_00971,LOT_01303,COL_0024,REC_008,pcb,10.39,1067.23,1104.22,1080.4,Mumbai Suburban,Mumbai Suburban,2026-08-08T02:25:00.000Z,paid,upi,2026-08-08T03:37:00.000Z,completed,
TXN_00972,LOT_01305,COL_0057,REC_014,pcb|battery,19.63,1677.64,1591.8,1612.88,Nagpur,Nagpur,2026-07-30T20:40:00.000Z,paid,cash,2026-07-30T20:51:00.000Z,completed,
TXN_00973,LOT_01306,COL_0033,REC_010,battery,58.29,6056.31,5617.45,5560.56,Thane,Thane,2026-05-26T17:15:00.000Z,paid,cash,2026-05-26T19:44:00.000Z,completed,
TXN_00974,LOT_01307,COL_0008,REC_013,cable,39.25,3467.5,3258.04,3304.76,Nashik,Nashik,2025-09-09T15:55:00.000Z,partial,cash,,completed,
TXN_00975,LOT_01309,COL_0054,REC_005,pcb,0.25,1045.61,979.38,956.28,Pune,Pune,2026-06-12T17:11:00.000Z,unpaid,cash,,completed,
TXN_00976,LOT_01310,COL_0048,REC_011,mixed_plastic,28.48,717.98,698.11,705.14,Thane,Thane,2026-04-09T20:54:00.000Z,paid,cash,2026-04-09T21:28:00.000Z,completed,
TXN_00977,LOT_01311,COL_0004,REC_005,battery|pcb,0.94,133.91,140.33,144.96,Pune,Pune,2025-12-05T15:33:00.000Z,paid,cash,2025-12-05T15:54:00.000Z,completed,
TXN_00978,LOT_01312,COL_0054,REC_005,pcb,4.5,462.96,438.82,439.2,Pune,Pune,2026-01-01T11:59:00.000Z,paid,cash,2026-01-01T12:00:00.000Z,completed,
TXN_00979,LOT_01313,COL_0025,REC_004,cable,92.03,27726.68,28889.99,28955.8,Pune,Pune,2026-03-28T09:11:00.000Z,paid,cash,2026-03-28T12:18:00.000Z,completed,
TXN_00980,LOT_01314,COL_0034,REC_003,pcb,8.97,1155.78,980.64,995.59,Pune,Pune,2025-12-28T04:39:00.000Z,paid,upi,2025-12-28T07:24:00.000Z,completed,
TXN_00981,LOT_01315,COL_0044,REC_004,battery,38.45,3837.41,3940.33,3815.24,Pune,Pune,2025-10-11T03:16:00.000Z,paid,cash,2025-10-11T06:57:00.000Z,completed,
TXN_00982,LOT_01316,COL_0001,REC_012,cable|motor_magnet,25.84,7304.87,7215.07,7184.67,Nashik,Nashik,2026-03-27T23:38:00.000Z,paid,upi,2026-03-28T02:30:00.000Z,completed,
TXN_00983,LOT_01317,COL_0027,REC_012,mixed_plastic|pcb,69.94,1549,1420.03,1419.97,Nashik,Nashik,2026-05-03T04:41:00.000Z,paid,cash,2026-05-03T07:25:00.000Z,completed,
TXN_00984,LOT_01318,COL_0048,REC_010,mixed_plastic,3.8,95.8,86.45,84.24,Thane,Thane,2026-03-25T06:16:00.000Z,paid,cash,2026-03-25T09:21:00.000Z,completed,
TXN_00985,LOT_01319,COL_0024,REC_007,mixed_plastic|cable,34.7,3764.22,3708.74,3752.26,Mumbai Suburban,Mumbai Suburban,2025-09-21T05:23:00.000Z,paid,upi,2025-09-21T09:16:00.000Z,completed,
TXN_00986,LOT_01320,COL_0047,REC_019,mixed_plastic,41.01,433.47,421.22,415.59,New Delhi,New Delhi,2025-12-20T14:18:00.000Z,paid,cash,2025-12-20T16:56:00.000Z,completed,
TXN_00987,LOT_01325,COL_0060,REC_014,mixed_plastic,27.42,611.74,576.71,560.96,Nagpur,Nagpur,2025-12-07T18:22:00.000Z,paid,cash,2025-12-07T22:00:00.000Z,completed,
TXN_00988,LOT_01326,COL_0013,REC_020,cable|pcb|mixed_plastic,38.36,3401.5,3616.11,3563.9,Bengaluru Urban,Bengaluru Urban,2026-06-25T09:58:00.000Z,unpaid,upi,,completed,
TXN_00989,LOT_01329,COL_0039,REC_010,motor_magnet|battery|cable,39.23,4026.04,4010.96,4100.07,Thane,Thane,2025-10-23T05:24:00.000Z,paid,cash,2025-10-23T06:00:00.000Z,completed,
TXN_00990,LOT_01330,COL_0036,REC_007,mixed_plastic,8.6,250.42,211.76,220.32,Mumbai Suburban,Mumbai Suburban,2026-02-13T09:52:00.000Z,paid,bank_transfer,2026-02-13T10:20:00.000Z,completed,
TXN_00991,LOT_01331,COL_0015,REC_016,lcd_panel|motor_magnet|battery,68.31,1243.2,1234.83,1234.41,Chhatrapati Sambhajinagar,Chhatrapati Sambhajinagar,2026-04-25T11:41:00.000Z,partial,cash,,completed,
TXN_00992,LOT_01333,COL_0054,REC_002,battery,37.31,3566.84,3184.1,3132.76,Pune,Pune,2026-01-31T12:19:00.000Z,paid,cash,2026-01-31T12:56:00.000Z,completed,
TXN_00993,LOT_01335,COL_0014,REC_005,cable|mixed_plastic|pcb,87.06,10774.54,9601.49,9772.54,Pune,Pune,2025-11-08T14:10:00.000Z,paid,cash,2025-11-08T15:50:00.000Z,completed,
TXN_00994,LOT_01336,COL_0034,REC_002,cable,9.37,994.69,1114.93,1100.21,Pune,Pune,2025-11-04T00:54:00.000Z,paid,cash,2025-11-04T04:34:00.000Z,completed,
TXN_00995,LOT_01337,COL_0050,REC_003,motor_magnet,2.38,698.2,721.52,712.67,Pune,Pune,2025-09-09T20:14:00.000Z,paid,cash,2025-09-09T23:18:00.000Z,completed,
TXN_00996,LOT_01338,COL_0050,REC_003,lcd_panel,4.59,218.67,211.44,209.8,Pune,Pune,2026-08-28T19:36:00.000Z,paid,bank_transfer,2026-08-28T20:09:00.000Z,completed,
TXN_00997,LOT_01339,COL_0041,REC_020,cable,17.25,7362.99,6748.38,6974.37,Bengaluru Urban,Bengaluru Urban,2026-07-20T22:40:00.000Z,paid,cash,2026-07-20T23:06:00.000Z,completed,
TXN_00998,LOT_01340,COL_0031,REC_008,crt|mixed_plastic|pcb,205.45,2502.14,2387.63,2366.57,Mumbai Suburban,Mumbai Suburban,2025-11-10T07:17:00.000Z,paid,cash,2025-11-10T10:39:00.000Z,completed,
TXN_00999,LOT_01341,COL_0035,REC_007,crt,1.14,87.44,92.22,92.51,Mumbai Suburban,Mumbai Suburban,2025-12-13T02:53:00.000Z,paid,cash,2025-12-13T04:56:00.000Z,completed,
TXN_01000,LOT_01342,COL_0060,REC_014,pcb|mixed_plastic|battery,52.15,3200.84,2784.03,2710.89,Nagpur,Nagpur,2025-09-29T08:05:00.000Z,paid,cash,2025-09-29T09:20:00.000Z,completed,
TXN_01001,LOT_01345,COL_0020,REC_011,pcb,0.19,553.75,489.19,488.23,Thane,Thane,2026-01-29T09:27:00.000Z,paid,cash,2026-01-29T12:12:00.000Z,completed,
TXN_01002,LOT_01346,COL_0006,REC_008,cable|pcb,20.74,4847.3,4823.04,4966.09,Mumbai Suburban,Mumbai Suburban,2026-02-08T07:36:00.000Z,paid,cash,2026-02-08T08:09:00.000Z,completed,
TXN_01003,LOT_01348,COL_0018,REC_007,mixed_plastic|cable|motor_magnet,74.03,7677.87,7398.4,7409.23,Mumbai Suburban,Mumbai Suburban,2026-01-12T21:07:00.000Z,unpaid,cash,,completed,
TXN_01004,LOT_01349,COL_0055,REC_007,mixed_plastic,43.55,1532.96,1450.95,1460.42,Mumbai Suburban,Mumbai Suburban,2025-09-29T16:04:00.000Z,paid,upi,2025-09-29T17:17:00.000Z,completed,
TXN_01005,LOT_01350,COL_0020,REC_010,cable,18.19,6203.33,6424.17,6409.08,Thane,Thane,2025-12-04T16:27:00.000Z,paid,cash,2025-12-04T17:23:00.000Z,completed,
TXN_01006,LOT_01351,COL_0004,REC_002,battery|motor_magnet,107.6,10577.5,9628,9940.47,Pune,Pune,2025-12-13T18:43:00.000Z,paid,cash,2025-12-13T20:40:00.000Z,completed,
TXN_01007,LOT_01352,COL_0023,REC_019,mixed_plastic|crt|cable,46.63,11329.42,10794.43,10260.85,New Delhi,New Delhi,2025-09-28T12:51:00.000Z,paid,cash,2025-09-28T15:28:00.000Z,completed,
TXN_01008,LOT_01353,COL_0059,REC_001,cable,34.04,4876.64,4608.65,4463.22,Pune,Pune,2026-02-10T13:02:00.000Z,unpaid,cash,,completed,
TXN_01009,LOT_01354,COL_0017,REC_011,pcb,0.21,314.32,327.63,323.34,Thane,Thane,2025-11-11T10:56:00.000Z,paid,cash,2025-11-11T13:07:00.000Z,completed,
TXN_01010,LOT_01355,COL_0014,REC_005,pcb,6.46,1059.96,953.14,955.73,Pune,Pune,2026-03-27T21:06:00.000Z,paid,cash,2026-03-27T22:23:00.000Z,completed,
TXN_01011,LOT_01356,COL_0041,REC_021,cable|battery,52.28,6353.53,6153.29,6253.74,Bengaluru Urban,Bengaluru Urban,2026-03-28T06:55:00.000Z,paid,upi,2026-03-28T09:29:00.000Z,completed,
TXN_01012,LOT_01358,COL_0053,REC_013,mixed_plastic|crt,43.05,1209.97,1100.13,1091.22,Nashik,Nashik,2025-10-02T06:40:00.000Z,partial,cash,,completed,
TXN_01013,LOT_01359,COL_0041,REC_021,mixed_plastic,15.3,487.61,479.33,478.53,Bengaluru Urban,Bengaluru Urban,2026-04-28T02:22:00.000Z,paid,upi,2026-04-28T02:55:00.000Z,completed,
TXN_01014,LOT_01361,COL_0004,REC_001,mixed_plastic|cable,44.03,1880.67,1898.14,1895.83,Pune,Pune,2025-09-27T10:48:00.000Z,paid,cash,2025-09-27T13:46:00.000Z,completed,
TXN_01015,LOT_01362,COL_0026,REC_019,mixed_plastic,10.97,291.69,278.69,285.02,New Delhi,New Delhi,2026-06-13T17:32:00.000Z,partial,cash,,completed,
TXN_01016,LOT_01363,COL_0041,REC_020,pcb|mixed_plastic|cable,53.97,2669.15,2680.81,2698.2,Bengaluru Urban,Bengaluru Urban,2025-12-29T19:50:00.000Z,paid,cash,2025-12-29T23:45:00.000Z,completed,
TXN_01017,LOT_01365,COL_0055,REC_007,crt|battery|pcb|mixed_plastic,113.67,3901.19,4341.2,4460.54,Mumbai Suburban,Mumbai Suburban,2025-09-24T10:28:00.000Z,unpaid,bank_transfer,,pending,
TXN_01018,LOT_01368,COL_0037,REC_001,cable|pcb,30.76,7232.39,7492.55,7595.25,Pune,Pune,2026-03-02T05:08:00.000Z,paid,cash,2026-03-02T06:17:00.000Z,completed,
TXN_01019,LOT_01372,COL_0043,REC_004,crt|cable|motor_magnet,38.83,6014.09,6600.97,6609.52,Pune,Pune,2025-12-22T22:53:00.000Z,unpaid,cash,,pending,
TXN_01020,LOT_01373,COL_0043,REC_005,pcb,3.43,430.54,398.26,387.88,Pune,Pune,2026-03-18T21:35:00.000Z,paid,cash,2026-03-19T00:44:00.000Z,completed,
TXN_01021,LOT_01375,COL_0003,REC_002,pcb|motor_magnet,31.25,4879.46,4885.78,4775.02,Pune,Pune,2026-07-03T00:53:00.000Z,paid,cash,2026-07-03T01:58:00.000Z,completed,
TXN_01022,LOT_01376,COL_0002,REC_008,motor_magnet|battery|cable|pcb,69.73,9759.57,10520.8,10233.27,Mumbai Suburban,Mumbai Suburban,2026-07-05T19:44:00.000Z,paid,cash,2026-07-05T22:28:00.000Z,completed,
TXN_01023,LOT_01377,COL_0015,REC_016,battery|cable|pcb,13.4,1733.8,1545.93,1488.95,Chhatrapati Sambhajinagar,Chhatrapati Sambhajinagar,2026-08-04T11:49:00.000Z,paid,upi,2026-08-04T12:57:00.000Z,completed,
TXN_01024,LOT_01378,COL_0033,REC_011,mixed_plastic|pcb,37.4,603.62,589.01,589.42,Thane,Thane,2026-05-14T15:01:00.000Z,paid,cash,2026-05-14T16:32:00.000Z,completed,
TXN_01025,LOT_01379,COL_0015,REC_016,pcb,0.14,488.2,426.82,426.7,Chhatrapati Sambhajinagar,Chhatrapati Sambhajinagar,2026-04-11T01:01:00.000Z,paid,cash,2026-04-11T02:32:00.000Z,completed,
TXN_01026,LOT_01380,COL_0039,REC_011,cable|pcb,17.66,2914.03,2848.76,2852.25,Thane,Thane,2026-01-12T04:42:00.000Z,paid,cash,2026-01-12T06:32:00.000Z,completed,
TXN_01027,LOT_01381,COL_0034,REC_001,cable,1.22,67.24,69.22,68.77,Pune,Pune,2026-05-24T20:16:00.000Z,paid,upi,2026-05-24T20:31:00.000Z,completed,
TXN_01028,LOT_01382,COL_0043,REC_005,pcb|mixed_plastic,37.11,535.56,494.22,488.61,Pune,Pune,2025-10-11T19:36:00.000Z,paid,cash,2025-10-11T22:11:00.000Z,completed,
TXN_01029,LOT_01383,COL_0012,REC_003,battery|mixed_plastic,3.64,110.22,107.45,107.92,Pune,Pune,2026-05-25T14:13:00.000Z,partial,cash,,completed,
TXN_01030,LOT_01384,COL_0042,REC_001,motor_magnet|cable|battery|mixed_plastic,76.58,5652.61,5303.38,5454.04,Pune,Pune,2026-01-20T20:39:00.000Z,paid,cash,2026-01-20T21:51:00.000Z,completed,
TXN_01031,LOT_01387,COL_0003,REC_001,pcb,7.92,2119.77,2019.87,2015.55,Pune,Pune,2026-05-21T17:24:00.000Z,paid,cash,2026-05-21T20:10:00.000Z,completed,
TXN_01032,LOT_01388,COL_0021,REC_003,crt,56.68,461.21,453.7,455.45,Pune,Pune,2026-01-11T03:25:00.000Z,paid,cash,2026-01-11T04:52:00.000Z,completed,
TXN_01033,LOT_01389,COL_0036,REC_008,pcb|cable,15.25,8056.08,7261.62,7508.26,Mumbai Suburban,Mumbai Suburban,2026-02-28T23:02:00.000Z,paid,cash,2026-02-28T23:35:00.000Z,completed,
TXN_01034,LOT_01392,COL_0020,REC_010,cable|pcb,16.76,2876.7,2714.86,2726.28,Thane,Thane,2026-03-10T11:56:00.000Z,paid,cash,2026-03-10T13:29:00.000Z,completed,
TXN_01035,LOT_01393,COL_0047,REC_019,battery,2.91,737.66,729.66,390.43,New Delhi,New Delhi,2026-02-05T02:41:00.000Z,paid,cash,2026-02-05T02:57:00.000Z,completed,PRICE_FAR_BELOW_MARKET|FINAL_BELOW_QUOTE
TXN_01036,LOT_01394,COL_0039,REC_011,pcb,3.48,1165.45,1103.26,1100.57,Thane,Thane,2026-05-25T00:16:00.000Z,paid,cash,2026-05-25T00:45:00.000Z,completed,
TXN_01037,LOT_01395,COL_0025,REC_001,cable,20,6568.04,5979.12,3909.35,Pune,Pune,2025-09-17T22:29:00.000Z,paid,cash,2025-09-18T00:31:00.000Z,completed,PRICE_FAR_BELOW_MARKET|FINAL_BELOW_QUOTE
TXN_01038,LOT_01396,COL_0013,REC_020,cable,10.63,1632.66,1605.29,1631.16,Bengaluru Urban,Bengaluru Urban,2026-01-31T21:42:00.000Z,paid,cash,2026-01-31T23:03:00.000Z,completed,
TXN_01039,LOT_01397,COL_0040,REC_007,mixed_plastic|battery,25.3,790.88,754.99,770.49,Mumbai Suburban,Mumbai Suburban,2025-10-13T05:28:00.000Z,unpaid,cash,,completed,
TXN_01040,LOT_01398,COL_0041,REC_021,cable|motor_magnet,11.62,1001.3,984.74,989.56,Bengaluru Urban,Bengaluru Urban,2026-07-31T22:53:00.000Z,paid,cash,2026-08-01T01:12:00.000Z,completed,
TXN_01041,LOT_01399,COL_0060,REC_014,mixed_plastic,24.23,259.86,236.72,236.14,Nagpur,Nagpur,2025-10-30T02:56:00.000Z,unpaid,upi,,pending,
TXN_01042,LOT_01400,COL_0010,REC_005,lcd_panel|pcb,10.44,2651.29,2648.76,2661.04,Pune,Pune,2025-10-11T09:18:00.000Z,paid,cash,2025-10-11T10:13:00.000Z,completed,DUPLICATE_PHOTO
